filename, bad bean, good bean
09f44886-0cae-43b1-97fe-d8055d8d3616_45_jpg.rf.f33d7678dec1542eb897e5cdd4c7fb12.jpg, 0, 1
2eae8682-54b6-40b7-9684-d956300a4077_jpg.rf.f3261b76bf4900e46592ede73cfbcba9.jpg, 0, 1
69fc95bf-f644-4c92-8057-f05146da07f7_jpg.rf.f2bd7805b4f5bc8af3efd045530da1f4.jpg, 0, 1
868aed84-639d-46d3-9f59-3d71ba702ea0_270_jpg.rf.f34495a3836abec76b983fcd0c099918.jpg, 1, 0
1b05898a-3be4-4b9e-b4a0-6d23dfdaabf0_270_jpg.rf.f2ef832fd154345dea88a81f6db2d3ba.jpg, 0, 1
79eb3e80-65d5-431c-b388-ea52ce593c7d_90_jpg.rf.f2c7c77fc246cd47cd248ec9b11ddaeb.jpg, 1, 0
6fb259e3-002e-473c-a2bc-4a9f48c1ebe7_45_jpg.rf.f2cedcae5f8c44dd55d063eaea6e5030.jpg, 1, 0
de7c5c69-6255-4087-9565-1732a07c986d_135_jpg.rf.f343030c0ffa0ee11ec1346d87ab88be.jpg, 1, 0
91fd5e6d-6fa7-45ec-b8dd-a390713a150f_180_jpg.rf.f2e5cf88c3c590d6bb410dfbfd6bc396.jpg, 0, 1
3fa757aa-5f48-4acc-b2d9-edf0d584d79a_135_jpg.rf.f326a86a8627282872c45ac98a7fe364.jpg, 0, 1
8a28aff5-8859-462a-bccf-e8d61dde3eff_45_jpg.rf.f2bf45848bee17376622dbb66aaf251a.jpg, 1, 0
2da43d43-ad7b-435c-920d-0fbfebb88959_90_jpg.rf.f3192e55a9369483653031fd430b1fc1.jpg, 1, 0
9ef0276c-3a70-4027-8d1d-2503df2e9f56_225_jpg.rf.f2d48b276406bf5a1bc69d6ae38f52eb.jpg, 0, 1
WIN_20221229_22_06_29_Pro_jpg.rf.f311cd6fa19bb4871dbae96eba8217f1.jpg, 1, 0
207aff1c-09cf-47d1-ae76-474c6c31b0e4_225_jpg.rf.f308ff049be9aae74b54e28bd516f11b.jpg, 0, 1
52c230c2-20b1-4769-978c-d0a859364b3e_225_jpg.rf.f2c46a4f2e345fe10842295c107259b1.jpg, 0, 1
1513532a-b352-4b17-b681-b02f3127b483_225_jpg.rf.f2e4361a021c1fd0a43cde023e170bae.jpg, 0, 1
9765b374-f3eb-4a26-903c-90d85bc9fe0a_270_jpg.rf.f33cf5ecd8ab9a3af8cbdf4bab4c8dd0.jpg, 0, 1
5d06dc79-9d5c-46d0-a720-e4898e65949c_180_jpg.rf.f2c4ea40d08cd7c921d726d09988d99f.jpg, 1, 0
b361e99e-9c59-43b5-92f6-80ad77c3287f_45_jpg.rf.f2baca657c2855e815b6eddf6f3d23d8.jpg, 1, 0
b84b2bd1-353d-4da0-80e6-da6df7b611b8_90_jpg.rf.f34c0ad0f580265997869d89aa5fa4f1.jpg, 0, 1
61bd5e75-cfb1-47e8-b4be-24447913359a_jpg.rf.f3426967d8c2687e7f5d73b4813da773.jpg, 0, 1
WIN_20221229_23_00_26_Pro_jpg.rf.f35364ee15234fd8f0b017ef1df12465.jpg, 1, 0
01c27009-f681-4495-8d82-599547aba120_270_jpg.rf.f3483af3b72b344ddbe64709faeebf9b.jpg, 1, 0
82743c35-e968-47ee-93f6-95270352fe13_45_jpg.rf.f364a9b58766ec65544cfa76e6ddd9de.jpg, 1, 0
7089d907-9aaf-459e-ae22-53962285fbc8_jpg.rf.f32180080beea12a42689701163e5f7e.jpg, 0, 1
16179c8f-5a02-46d2-bcf1-145bf553fc58_90_jpg.rf.f343f91b09f11e03891cf8be1889405e.jpg, 0, 1
cce642b7-d4aa-4dc6-951b-e1b655f68334_270_jpg.rf.f305d8e4fdba66b3c59b25400b973c6c.jpg, 1, 0
ac755961-63a0-4e01-b87e-eacd0b5d7899_180_jpg.rf.f367c90b385b163d67cdcf6a5bc4554c.jpg, 0, 1
9ec72020-824e-4c15-b633-cba42d080364_270_jpg.rf.f3713f317473a1ab2d7342cee702b97f.jpg, 1, 0
56863d51-82dd-432b-808a-bb09a5e65be6_135_jpg.rf.f373c782c1b4f5c965baa725936665f2.jpg, 0, 1
d6ed6d4c-2acb-4507-bc4c-70480968eacb_270_jpg.rf.f3730de43df98063a98db5f22763a613.jpg, 0, 1
06b95f3f-e2f5-4f58-95b1-6f9024e8e5d7_45_jpg.rf.f38541805e3502d77139092274b8a407.jpg, 0, 1
66ffa488-289b-4188-afe1-7764a1a1bb1a_135_jpg.rf.f3945ca0e3a412b31ad207d267d117ba.jpg, 0, 1
8dfde29c-73a0-4bd6-a788-0a31baf572a0_180_jpg.rf.f395ecdc373f4dfb2281d7362068ee72.jpg, 0, 1
70be0397-922c-4185-bb84-728b59ab25f8_180_jpg.rf.f3a7705f9e2fbb9a4476d46e0b5da3f3.jpg, 0, 1
93a64c9f-678d-4302-94ea-5758bbf7451c_180_jpg.rf.f3a9dc1d0d6981ca1dd36664857ba896.jpg, 0, 1
WIN_20221229_22_28_38_Pro_jpg.rf.f3ac48597db41df53b1950bb3ad15427.jpg, 1, 0
57ab1fc0-e755-40c3-82cb-cce0684f11f4_45_jpg.rf.f3b861c5cbc444f19733ffa4a67426d9.jpg, 0, 1
4737a7d7-5d10-4912-b3e7-c8254a88af02_45_jpg.rf.f3c0ca8a878b613ce8b9778cb50d6deb.jpg, 0, 1
a4b1b05e-8f9a-4f68-98fe-52dd9e2a9663_225_jpg.rf.f3ced2ddd49802a728dc8527a9e4b94a.jpg, 1, 0
6cdbe5d2-04bc-4a25-b1a0-be0a00a136ae_jpg.rf.f3f179e5d7aab68a72168ff30011b7b3.jpg, 0, 1
75a3c3df-b678-4a55-aa92-02be5879a4cd_135_jpg.rf.f3c08657ec53e5493471703c591bfef1.jpg, 0, 1
76a872d2-5c22-4f33-82b4-18c0f78e1a1b_180_jpg.rf.f3d9f8f9569cfe7b96e6f0a588df72c3.jpg, 0, 1
WIN_20221229_22_47_19_Pro_jpg.rf.f3cd0c8989ea7365ece318f61b589084.jpg, 1, 0
2c59ee70-dc1c-4de3-83ab-aa36a5fb92c9_45_jpg.rf.f3f4407f3872ea1458c81a7cf7b81a9d.jpg, 0, 1
0dab9689-2c2d-4dc6-bb71-db1b6d82cb17_225_jpg.rf.f40baf577b0b5f84444858c69a49e41c.jpg, 0, 1
d2936fba-871f-4fbe-97da-b6e6e347e889_45_jpg.rf.f40a67b2e8ffffe90f308b27f02e5e88.jpg, 1, 0
56863d51-82dd-432b-808a-bb09a5e65be6_135_jpg.rf.f40abe16f6f21de7e57996bb832452ab.jpg, 0, 1
b84b2bd1-353d-4da0-80e6-da6df7b611b8_180_jpg.rf.f417f0389b6a4756853442f905cb5245.jpg, 0, 1
69dc5c1e-a7ad-49aa-ba21-235545c312c6_45_jpg.rf.f41a0406a5bdee81582e069e6fb6ca61.jpg, 0, 1
11037d07-18b3-4fc4-8025-f06dcbc0500d_45_jpg.rf.f40c0259e87e99a3ba346cd71c3149b3.jpg, 1, 0
WIN_20221229_22_15_03_Pro_jpg.rf.f4281baf46627ca26336a65d488ed9ee.jpg, 1, 0
WIN_20221229_22_27_45_Pro_jpg.rf.f42da6f4e2826001204a7e5ae6c0ba3d.jpg, 1, 0
11037d07-18b3-4fc4-8025-f06dcbc0500d_270_jpg.rf.f425adf471b113712a054203ea84cbb9.jpg, 1, 0
217ac982-fddf-49ae-a311-27cf800d10f0_45_jpg.rf.f41948db32c381e8a3ed4bd5af16cfa1.jpg, 0, 1
7a6523d6-ef65-4cca-8160-946936395ede_270_jpg.rf.f43b682b0ad00b3332ff72fc25249584.jpg, 0, 1
1b05898a-3be4-4b9e-b4a0-6d23dfdaabf0_jpg.rf.f42f15be3a57a64c06a901e30b055c2f.jpg, 0, 1
96f68346-9256-416a-a050-9ec4b750ccc6_180_jpg.rf.f439a1716d051ccd2e96ede383ff8eb2.jpg, 0, 1
33e3e3fe-8e37-4b4a-aa04-ad3864731632_jpg.rf.f43fb16c440f1bcb96ffc069ccddbde4.jpg, 0, 1
4fac26f2-1588-4362-9e73-ffe2e8791cbb_270_jpg.rf.f436ccf58546e0cbaa99b787fb1a20a1.jpg, 1, 0
f206736f-e48f-4e12-b367-144752c744e6_45_jpg.rf.f4595ad6d0422ef9ffc12e3563c34d1f.jpg, 1, 0
6fb259e3-002e-473c-a2bc-4a9f48c1ebe7_45_jpg.rf.f450919f49cf34a2a9e0f60be0daec9d.jpg, 1, 0
1ab90226-8889-4bcd-ad0c-ea01fedaaffd_90_jpg.rf.f459f3d2cea30b23431e386f1b6ba963.jpg, 1, 0
92787dc3-1720-41c4-8acc-5c7f3fda0fa5_270_jpg.rf.f45b013e259987e46deca2e61e4f28bf.jpg, 1, 0
09e044e6-a2b6-4827-9853-beb7d392347f_270_jpg.rf.f45d963d2149c08941fa2b3bce00f554.jpg, 0, 1
WIN_20221229_22_11_22_Pro_jpg.rf.f46d7ccb3bd3e0b24cd61af3594b024c.jpg, 1, 0
WIN_20221229_22_16_31_Pro_jpg.rf.f46bc7b1380fb6d122770eb9fc4785ed.jpg, 1, 0
9fc543ac-91f3-43f6-8df6-28bb9709a3e6_45_jpg.rf.f4803a2ac61e02cd9823122945e7cbce.jpg, 0, 1
WIN_20221229_23_30_00_Pro_jpg.rf.f4860c037b096db93ae3af1836b33aa7.jpg, 0, 1
4de4ad31-de11-418b-a60d-a7192ea0c98a_270_jpg.rf.f481354a21115f15be7389262cd721d0.jpg, 1, 0
8d331829-b225-451b-8aaa-89058c62faf5_90_jpg.rf.f489dd899408455f340e3de181af9e0a.jpg, 0, 1
256d7e4e-e47b-466f-adb1-051bda40d918_180_jpg.rf.f48b4efd2a71e54806af8c54c53a8440.jpg, 0, 1
9cb97279-36f3-438c-97d5-91da39c4e13a_180_jpg.rf.f49c60985f76493de3cfc207edd2f66c.jpg, 0, 1
39c71820-6b5b-499e-b2c6-a957f48c62fa_90_jpg.rf.f4a97367508596c12b5d2c9e1a701435.jpg, 0, 1
4dcbce83-654c-4125-9939-c4398187533a_180_jpg.rf.f4a58ca021494532fc7fb7802b876d5d.jpg, 1, 0
2b3fa5f4-98bb-4565-b461-8ebc3db528ca_180_jpg.rf.f4afbc4ca81caac7b282b52a36bbfe8c.jpg, 1, 0
2c59ee70-dc1c-4de3-83ab-aa36a5fb92c9_180_jpg.rf.f4c8da5859285b96888baec6b48a720c.jpg, 0, 1
d141258d-4b06-4d47-9e08-82edbd725dd1_270_jpg.rf.f4c48ad2e802b000810def9fed346d24.jpg, 0, 1
9fc543ac-91f3-43f6-8df6-28bb9709a3e6_180_jpg.rf.f4cd24ddeec171b9a6e19a40b52bdbe1.jpg, 0, 1
8a28aff5-8859-462a-bccf-e8d61dde3eff_135_jpg.rf.f4d27892a7ee81972e907b0e0d0fdaa7.jpg, 1, 0
WIN_20221229_23_27_32_Pro_jpg.rf.f4cd414b9c107eacd04d1488c78b360e.jpg, 0, 1
WIN_20221229_23_05_50_Pro_jpg.rf.f4bbf314acd76c9ac4a6958c5cbaa68e.jpg, 1, 0
6fb259e3-002e-473c-a2bc-4a9f48c1ebe7_135_jpg.rf.f4dc471a04fbad0684863ae30d6fd13b.jpg, 1, 0
91b94861-b751-4b86-b7a3-f6b2e3dbbd89_180_jpg.rf.f4dd57cd4247ff8866ca98a47f4fee1a.jpg, 0, 1
9ef0276c-3a70-4027-8d1d-2503df2e9f56_270_jpg.rf.f4e753e08b8f574b1e77b4883c3fd2df.jpg, 0, 1
120bdf6d-39ea-4df8-b8a7-1a4362423b28_jpg.rf.f4e9710b36c04fd6f6491d3897296869.jpg, 0, 1
09e044e6-a2b6-4827-9853-beb7d392347f_45_jpg.rf.f4e9a1c0b55a1893acbce4beacf8d11f.jpg, 0, 1
96f68346-9256-416a-a050-9ec4b750ccc6_225_jpg.rf.f4ded86640c9f580a49a234acc362d35.jpg, 0, 1
82743c35-e968-47ee-93f6-95270352fe13_270_jpg.rf.f4eaa24833c821460f99ee8583c208d9.jpg, 1, 0
2b560df3-ff42-4546-a0bd-11ff2ca590e2_225_jpg.rf.f4f891cbf259b451d11333641dfc86e5.jpg, 1, 0
41cfc0a3-c4ad-4285-9951-7a37d79f1c17_45_jpg.rf.f4ef419b843c08f5ac01b27cb37fa45d.jpg, 0, 1
7089d907-9aaf-459e-ae22-53962285fbc8_225_jpg.rf.f5046c3f1208e5bde1cc22201c81d338.jpg, 0, 1
9fc543ac-91f3-43f6-8df6-28bb9709a3e6_90_jpg.rf.f50b98f8b6ad5086bef765909803f5d8.jpg, 0, 1
7a6523d6-ef65-4cca-8160-946936395ede_180_jpg.rf.f4e9a77abcb49e0e9c996172b5b0092c.jpg, 0, 1
51ba5ef7-fd64-4d52-9c3f-9d70e0ff040f_270_jpg.rf.f503fad005a4ecbbcdf58a82c35e800e.jpg, 0, 1
2b560df3-ff42-4546-a0bd-11ff2ca590e2_135_jpg.rf.f510d2a8c9bf4b7ce9d238329a7541dc.jpg, 1, 0
b4b3a28f-aee8-402c-856a-b09db5dbeb4a_90_jpg.rf.f5124da5f719c2f7f37acd431e3874f1.jpg, 1, 0
91c2e56d-2549-4574-9414-86aa17e84ef4_180_jpg.rf.f520940181b0afdf00d9a80e686d6894.jpg, 0, 1
WIN_20221229_23_07_36_Pro_jpg.rf.f522b28def703e723eedc03bbe6955c1.jpg, 1, 0
9eaca121-9239-49f4-9d05-34ef9f10bcaa_jpg.rf.f520ce1176d948ee46c67ad3c401de7a.jpg, 0, 1
96383b0f-647d-4d8b-aae4-c525fb9365d6_45_jpg.rf.f522fe2d5219a729c7c1977eedbaa476.jpg, 0, 1
a1690e8a-68f2-42fa-b0a0-6c59cc895c84_45_jpg.rf.f52c4215d1b81c0f1a3f124864bbc6f0.jpg, 0, 1
00a9637f-e5c9-4522-8d19-d6b3e8bae3f3_270_jpg.rf.f534fdf4f6aa9463f10bddb1ebf3eaa7.jpg, 0, 1
00a9637f-e5c9-4522-8d19-d6b3e8bae3f3_180_jpg.rf.f53da7593e5bbe44fa12cd3192be621e.jpg, 0, 1
0d2a4a7e-7b37-49eb-9ad6-8faaf457ad82_45_jpg.rf.f54d467afefb808173eddaa78394dc40.jpg, 0, 1
0c4d65e5-1985-47b2-8252-616ed898bd7c_270_jpg.rf.f546e665a16a92a3a81653150fbc9732.jpg, 0, 1
84f05969-c971-4d44-8df4-3a80a71a545d_45_jpg.rf.f54d9b49fb05e618a3bff6c552ddd0d2.jpg, 0, 1
b361e99e-9c59-43b5-92f6-80ad77c3287f_jpg.rf.f54fa7ecf973dd74b14cca3b7faa81f7.jpg, 1, 0
WIN_20221229_22_00_37_Pro_jpg.rf.f583128f18f941d24b4e20b27db7cf55.jpg, 1, 0
52e703e1-69d2-44c7-a214-269fa0e09054_225_jpg.rf.f570b32a7b49a7ad32fa3f28b82d4e05.jpg, 0, 1
84f05969-c971-4d44-8df4-3a80a71a545d_180_jpg.rf.f58cb640d0f54e38d7f8a0a4ea605a7f.jpg, 0, 1
56863d51-82dd-432b-808a-bb09a5e65be6_135_jpg.rf.f583b79b671a10ba0c1d6dfd48ed583e.jpg, 0, 1
92a893f4-8dd5-4f4a-9864-08811d4ed00a_135_jpg.rf.f59239baa381e3b8e8cf108a410bc2cb.jpg, 0, 1
811f5cf3-9a05-4b39-b1b3-174f31f7cec6_270_jpg.rf.f5859ae24317b9c8950efcd4bbaaed0b.jpg, 0, 1
91c2e56d-2549-4574-9414-86aa17e84ef4_180_jpg.rf.f59616438c17c9c540573160b6615507.jpg, 0, 1
811f5cf3-9a05-4b39-b1b3-174f31f7cec6_135_jpg.rf.f58808e18a62e5f621ce424cd12cc0c3.jpg, 0, 1
01c27009-f681-4495-8d82-599547aba120_270_jpg.rf.f5992bc08df4c8fb5739b0a30cf89535.jpg, 1, 0
6b316208-fce5-4562-a45b-736f29a3a697_90_jpg.rf.f5af02466d4d718ae5dbbfef33a3cab2.jpg, 1, 0
6e3c83a7-c5c6-46b5-8562-ffa8d99f4bb2_jpg.rf.f5bc107642f26fea8caaadfeb955b68a.jpg, 0, 1
81d526fb-cb95-4b9d-a013-dad7b3f083b3_225_jpg.rf.f5b5c1ca780988471af08053a551ddb4.jpg, 0, 1
6e3c83a7-c5c6-46b5-8562-ffa8d99f4bb2_90_jpg.rf.f5c7ba42c8ed2883f8be86dcd26677f3.jpg, 0, 1
92810cd4-1652-4556-bc0b-b2e953449143_45_jpg.rf.f5ca8d0e3a5f15b9f68216e9bb20ef46.jpg, 0, 1
afd44643-9287-4080-934f-7a13c66d9bfd_180_jpg.rf.f5c223d2010be350c992aa4a62a53d05.jpg, 0, 1
69c9cfea-cfbd-4dfe-a8a2-2ed31daafd85_180_jpg.rf.f5d628685e285051ad6358e00e643cb1.jpg, 0, 1
0327f441-9a02-40a9-b280-251440ad4cec_135_jpg.rf.f5e5c1b9fc9e709f9002b0d0fd8535b7.jpg, 0, 1
WIN_20221229_22_29_47_Pro_jpg.rf.f5bf2c9ddea77e5b24cb0ce5b6513673.jpg, 1, 0
WIN_20221229_22_11_22_Pro_jpg.rf.f5e51f9d760be044857e1afb0afbd1a6.jpg, 1, 0
96d467c2-fa44-474b-9e64-88f1f265aeaf_135_jpg.rf.f5ec1c480a0e545204a5b163aef664fb.jpg, 0, 1
f206736f-e48f-4e12-b367-144752c744e6_180_jpg.rf.f5d74d4df7f6236562b9633b294f6d45.jpg, 1, 0
WIN_20221229_23_31_53_Pro_jpg.rf.f5f93934817411edbe8433c03d1c8aed.jpg, 0, 1
00800bbf-203e-48bd-b64c-f14ef2579c8a_jpg.rf.f5f7bbba1143de1c7549a6ca206cdb3f.jpg, 0, 1
1af687ed-553d-491e-a213-8ddfbfea61ec_jpg.rf.f5fe660095445df24efccc65b2c96ba4.jpg, 1, 0
69c9cfea-cfbd-4dfe-a8a2-2ed31daafd85_135_jpg.rf.f603f4512b6f5ebe2ba7a31a3cdfb72c.jpg, 0, 1
5a3117dc-7932-4c34-ae3f-e5867c98ee0a_90_jpg.rf.f6081662dc6f7b9345450bb4135041ed.jpg, 0, 1
1ab90226-8889-4bcd-ad0c-ea01fedaaffd_90_jpg.rf.f60ae567e786c19b79ec4e91c913ff13.jpg, 1, 0
79eb3e80-65d5-431c-b388-ea52ce593c7d_180_jpg.rf.f60a4c99fb32ed6e2b1543bfb3681f96.jpg, 1, 0
WIN_20221229_23_34_04_Pro_jpg.rf.f60c547ab939b4f0f521f0ca7023f397.jpg, 0, 1
79eb3e80-65d5-431c-b388-ea52ce593c7d_180_jpg.rf.f60aef2d3d7760b4d085542fd2ef1e30.jpg, 1, 0
84f05969-c971-4d44-8df4-3a80a71a545d_45_jpg.rf.f61fa10a452e59442c7e5f1337b7494a.jpg, 0, 1
afd3edfe-e4fe-4715-8429-5af060c5f0d9_225_jpg.rf.f61097e4d35d365cff29db6255ce6e6a.jpg, 0, 1
0c04b448-fe60-4b89-bf5a-b18fe90a5870_270_jpg.rf.f634abac9a948773d0e422f4197ead97.jpg, 0, 1
87e64a68-c898-4474-bd57-1e570902862f_45_jpg.rf.f63cad80031ef3d7ab2fbb6a736e8157.jpg, 0, 1
cce642b7-d4aa-4dc6-951b-e1b655f68334_jpg.rf.f63e47589f6f2a44d1a30bb57ef21df8.jpg, 1, 0
9fc543ac-91f3-43f6-8df6-28bb9709a3e6_270_jpg.rf.f6400e98a80f7bccdbd7a4e0c01f22fe.jpg, 0, 1
0b521929-1734-47b8-86c9-093445af0697_180_jpg.rf.f6401a7286c5804c840392be975b8283.jpg, 0, 1
868aed84-639d-46d3-9f59-3d71ba702ea0_270_jpg.rf.f641cd393c25ce7bc7ddbef91c2d890e.jpg, 1, 0
WIN_20221229_22_03_41_Pro_jpg.rf.f658f3a54bd3ea3f5087dc16e3b61834.jpg, 1, 0
ccd5cdb4-3df2-4b3b-833b-3bdc7d43ee4d_135_jpg.rf.f6565634c0e3f380ebc1c97aedf6c27c.jpg, 0, 1
2b3fa5f4-98bb-4565-b461-8ebc3db528ca_135_jpg.rf.f65d401ed39719bd369c233531fa3717.jpg, 1, 0
76a872d2-5c22-4f33-82b4-18c0f78e1a1b_270_jpg.rf.f65d8a34b6bba0c7d32f052f64fc3a4e.jpg, 0, 1
41ab7cda-4c88-47b8-98da-0c6ee6e07325_225_jpg.rf.f66a7247cfe22d7a01600ce3b1a8d380.jpg, 0, 1
01c27009-f681-4495-8d82-599547aba120_45_jpg.rf.f666f6751c05c368ec12213a276adc2a.jpg, 1, 0
WIN_20221229_23_32_15_Pro_jpg.rf.f66eb6feaf841ec2515acaca1439180d.jpg, 0, 1
afd44643-9287-4080-934f-7a13c66d9bfd_225_jpg.rf.f693b4b82d1a0b0f02e44ac0df2fd0e1.jpg, 0, 1
69dc5c1e-a7ad-49aa-ba21-235545c312c6_90_jpg.rf.f691a80285b8501be7bda6d646484deb.jpg, 0, 1
ba25564d-c23a-450d-b0af-a191ed900fb1_90_jpg.rf.f6949fc17d9e41d8374eb59cf00b7e7f.jpg, 1, 0
1f4613ea-1b60-4092-876c-1a474a8c51b9_90_jpg.rf.f6993d84e41c2b7198d283688461fa3c.jpg, 1, 0
6b30113e-141c-4956-964b-7b64918f694b_135_jpg.rf.f6accb59e173d7f58ee7797adbd066d3.jpg, 1, 0
1f4613ea-1b60-4092-876c-1a474a8c51b9_90_jpg.rf.f6a59f667156d345f81b8473543ef875.jpg, 1, 0
6f8a29a3-8b83-47d6-8a5b-7baf97fd4469_180_jpg.rf.f6a51c019eae770544dbb9d7d6588672.jpg, 0, 1
61bd5e75-cfb1-47e8-b4be-24447913359a_jpg.rf.f6b4984153e03d8b434b641b06b1099f.jpg, 0, 1
d2936fba-871f-4fbe-97da-b6e6e347e889_225_jpg.rf.f6c87171095a7a1217e58cc9c5db8dc4.jpg, 1, 0
a1690e8a-68f2-42fa-b0a0-6c59cc895c84_90_jpg.rf.f6c50e5b39ac53a89ba2928507ef0cc1.jpg, 0, 1
9765b374-f3eb-4a26-903c-90d85bc9fe0a_270_jpg.rf.f6c550f40b7f75e978302f37016b2423.jpg, 0, 1
9cb97279-36f3-438c-97d5-91da39c4e13a_45_jpg.rf.f6ca06877e2a1a18af947797b1026b1d.jpg, 0, 1
764af58e-c590-444a-aefd-b4bc11f74c40_jpg.rf.f6d0bb7cf6adfe7e83c5923dd0eef280.jpg, 1, 0
WIN_20221229_22_56_26_Pro_jpg.rf.f6d64d854d83c6a9998f2902df961588.jpg, 1, 0
4737a7d7-5d10-4912-b3e7-c8254a88af02_225_jpg.rf.f6d328bc7004de3d65f72f5ae2bf0daf.jpg, 0, 1
8ddce3ce-bc64-4942-93aa-940868007f64_180_jpg.rf.f6d8084391f5068093fd20595b8273e8.jpg, 0, 1
d6ed6d4c-2acb-4507-bc4c-70480968eacb_jpg.rf.f6e32f3f8a67421f822cb5d9ef601b99.jpg, 0, 1
0c4d65e5-1985-47b2-8252-616ed898bd7c_135_jpg.rf.f6dd582f6f7b86e62a7a98952330efd1.jpg, 0, 1
2b3fa5f4-98bb-4565-b461-8ebc3db528ca_jpg.rf.f6f95ca89056d50d265234caf7e37424.jpg, 1, 0
d2936fba-871f-4fbe-97da-b6e6e347e889_225_jpg.rf.f6f4bef02e2e0ae8b66b420124280cc1.jpg, 1, 0
7ebb4762-7de4-4754-8cd2-2d4f743f512c_90_jpg.rf.f6ea334454e8721587967921391f2d60.jpg, 0, 1
72ab964e-0b95-46ec-a135-1890eb300c53_180_jpg.rf.f6f8a8d8ef73f7dbbaebb6da59c3d521.jpg, 0, 1
6f8a29a3-8b83-47d6-8a5b-7baf97fd4469_135_jpg.rf.f700394138d69e657920e063e7a5efe9.jpg, 0, 1
611513d3-0fb7-4068-8cd8-68a9bdb056c4_jpg.rf.f70f96f1646e7da200c3f0c6d139d26e.jpg, 1, 0
600d2167-2072-4825-9516-6c13af9fc382_jpg.rf.f70a99d785cf63bc7e39fc13334d1c1e.jpg, 0, 1
24a200ea-e903-4bcd-aee1-fb26e7bfd757_135_jpg.rf.f7033c14a33abdb1a0c9aa67da8f9104.jpg, 0, 1
WIN_20221229_22_32_08_Pro_jpg.rf.f70de7da26a54aa769182855c5809979.jpg, 1, 0
a1690e8a-68f2-42fa-b0a0-6c59cc895c84_225_jpg.rf.f722b213f7e00cd0003307431728622e.jpg, 0, 1
72a2b8f8-c7ca-4222-b2a1-9b82ac7990f4_90_jpg.rf.f7210f9389a33bc5ae61ca674e2e17ce.jpg, 0, 1
4d510781-6fad-4149-909f-5b3615711984_jpg.rf.f71dce2cc55e451a0df4233e5537f4c7.jpg, 1, 0
d6ed6d4c-2acb-4507-bc4c-70480968eacb_270_jpg.rf.f7231ff8f904f9b59f3d6d4168f313f9.jpg, 0, 1
6b316208-fce5-4562-a45b-736f29a3a697_180_jpg.rf.f733fd159cdafb8d2e066910697f690a.jpg, 1, 0
01aff576-d811-4858-bc7b-e66af9db530f_90_jpg.rf.f724a4121160132856735567a8350bbe.jpg, 1, 0
33e3e3fe-8e37-4b4a-aa04-ad3864731632_90_jpg.rf.f73414fd5c68ed7a8fb6439e8fb8b9ae.jpg, 0, 1
6bb51206-67ec-431b-8484-93739b1fddad_45_jpg.rf.f7311795dd2b209143fe995359e8ce28.jpg, 1, 0
3c5c4ffd-e4d4-45b7-a07c-64e2f6788de2_90_jpg.rf.f73b59f03fdbeb65abed239dd0182170.jpg, 1, 0
WIN_20221229_23_33_42_Pro_jpg.rf.f73e0f3b1fa73b41197a769cad031d49.jpg, 0, 1
0d2a4a7e-7b37-49eb-9ad6-8faaf457ad82_270_jpg.rf.f73dc1ca0b866ad7fd529c9e5c15d732.jpg, 0, 1
233af445-c0e5-4bb1-ad5f-743becd76cab_45_jpg.rf.f7415fe3a25876cbdd4b01d69f02faf4.jpg, 0, 1
4dbf4259-4cc3-4ff3-8768-970703c6c8f9_225_jpg.rf.f75641c4cdb1af963e93a50a70f0f408.jpg, 0, 1
ccd5cdb4-3df2-4b3b-833b-3bdc7d43ee4d_270_jpg.rf.f744a6dc12616367d5aac4ba4ace89e7.jpg, 0, 1
0df87bae-ddf0-49e3-97af-b371d8544547_225_jpg.rf.f74cee455acf4bfbed13413097f56082.jpg, 0, 1
9cc65155-05ca-40b0-b813-2892c3ff04a4_135_jpg.rf.f7574cb7f6b21282297dd6f482aded44.jpg, 0, 1
82dbf814-a3a3-4cba-9277-08c10de5c8a4_135_jpg.rf.f76f0ffbd0a45df9266829b9b5aef877.jpg, 0, 1
ac755961-63a0-4e01-b87e-eacd0b5d7899_135_jpg.rf.f771a827a7e53a67f437b1cf39e3bc6f.jpg, 0, 1
8c678484-e530-433f-9265-cadfa51b5d6a_135_jpg.rf.f77a5fc31ffbfdb9d8c0eeab71cdeb2d.jpg, 0, 1
9a5fc62c-6820-4cb6-ba66-1063e612d144_135_jpg.rf.f783aae93fd7bde0a0f1ec989f45bd91.jpg, 0, 1
220fcc53-6ef7-45d1-8122-fa1c19ca9ec5_45_jpg.rf.f78dba2e725119a58d677d13641927a1.jpg, 0, 1
9ec72020-824e-4c15-b633-cba42d080364_270_jpg.rf.f799930cb31d39aa1692044d9a657897.jpg, 1, 0
7089d907-9aaf-459e-ae22-53962285fbc8_135_jpg.rf.f78d7b3ec02ad541d287c5a30affdc13.jpg, 0, 1
WIN_20221229_23_24_05_Pro_jpg.rf.f79753cb843ed154ccb7c2ea62a2f1ea.jpg, 0, 1
87e64a68-c898-4474-bd57-1e570902862f_45_jpg.rf.f7a327ffc05b5970413ef638532c74dc.jpg, 0, 1
2eae8682-54b6-40b7-9684-d956300a4077_225_jpg.rf.f7a6b6be1a1430d3714584826ecf397b.jpg, 0, 1
81d526fb-cb95-4b9d-a013-dad7b3f083b3_270_jpg.rf.f7aba4b97f2a766d4f15ab55c6742f01.jpg, 0, 1
82dbf814-a3a3-4cba-9277-08c10de5c8a4_45_jpg.rf.f7a4a2fcbd0c6dd1e065404203fc24d8.jpg, 0, 1
0fbac742-48ee-4857-ab82-3318c8fbdcb8_225_jpg.rf.f7afdabe417003ae9713f230eea3f4f2.jpg, 0, 1
6bb51206-67ec-431b-8484-93739b1fddad_270_jpg.rf.f7b872f262d0b92f4bb4abe929c7acd6.jpg, 1, 0
611513d3-0fb7-4068-8cd8-68a9bdb056c4_225_jpg.rf.f7bfa2ad86fdc05894f306261f956738.jpg, 1, 0
WIN_20221229_22_38_47_Pro_jpg.rf.f7d3452556e7ec1404df8cf909b20c0e.jpg, 1, 0
WIN_20221229_23_32_55_Pro_jpg.rf.f7dbff656095d06b37043776af5c4067.jpg, 0, 1
01b9d47e-ecba-48fd-a83f-ece6e05995fc_270_jpg.rf.f7e829b1bb2630c5ed546c2076fc9b54.jpg, 1, 0
WIN_20221229_23_24_00_Pro_jpg.rf.f7d6a4f57678cfe53beb66b91892d207.jpg, 0, 1
687de30d-714c-4d10-9b23-998af950a13a_90_jpg.rf.f7ebf33ea4e5c40db63ff2af4bacdb6a.jpg, 1, 0
207aff1c-09cf-47d1-ae76-474c6c31b0e4_180_jpg.rf.f7bf85cb06c58e63682aa89c919bc0d2.jpg, 0, 1
09e044e6-a2b6-4827-9853-beb7d392347f_225_jpg.rf.f7f0321d07f1ee3cc1b8ac12bf5e67f1.jpg, 0, 1
WIN_20221229_23_32_23_Pro_jpg.rf.f7f5af47f27bc40504b47ef820dd158c.jpg, 0, 1
7d0322d1-3583-4a2b-ad25-e76d31603cee_45_jpg.rf.f7e9aee743d7c9196fdcaf54677eb8b5.jpg, 0, 1
1513532a-b352-4b17-b681-b02f3127b483_180_jpg.rf.f7f992b17882cc9c915fde70a77147d7.jpg, 0, 1
40cbb123-b3d1-4546-aa26-2fdd1090b075_135_jpg.rf.f7f9c2133d2e312549d16969969ef6ff.jpg, 0, 1
0dc01fa2-4d5e-46ae-ad61-19485b378972_135_jpg.rf.f801bf2ee82d6f3d3487b360a40dda30.jpg, 0, 1
24522061-cd21-4507-92da-432712838d1d_225_jpg.rf.f801ed50dc03add5e11fc4e4edb87f3c.jpg, 0, 1
WIN_20221229_22_41_15_Pro_jpg.rf.f80df2cd3f7c28acd8755566b03be94f.jpg, 1, 0
936d35a1-f617-4a9b-99c6-32cfd8284d34_180_jpg.rf.f80efc5e4a1830e9814bb35145aaad3a.jpg, 0, 1
0aa414bb-510b-40c9-85e1-f7a7163b3e2c_225_jpg.rf.f83517b6eb4817d5bc74662d29fee104.jpg, 0, 1
4d510781-6fad-4149-909f-5b3615711984_225_jpg.rf.f8136a4e02570c93db7a5f694f848d52.jpg, 1, 0
a4b1b05e-8f9a-4f68-98fe-52dd9e2a9663_45_jpg.rf.f837dbec2b444534ebaa0a44d4f4b3bd.jpg, 1, 0
44c7fb6b-7175-4aa3-98c2-9bc78d8a6f92_135_jpg.rf.f84201e1ed7b3bfbc7833195d45229ba.jpg, 0, 1
0df87bae-ddf0-49e3-97af-b371d8544547_90_jpg.rf.f83ac5d3247da19bdfdc84c0dfc6da52.jpg, 0, 1
57ab1fc0-e755-40c3-82cb-cce0684f11f4_90_jpg.rf.f843553f382483df2529350600317e7f.jpg, 0, 1
70be0397-922c-4185-bb84-728b59ab25f8_45_jpg.rf.f8435842779a11fd56044ed9e4e1c1e9.jpg, 0, 1
WIN_20221229_23_31_36_Pro_jpg.rf.f85a6d1c7d4458380ad4fd258ccee34d.jpg, 0, 1
76d57cee-bb5c-4631-b737-fe16b92c2a28_225_jpg.rf.f86478276f97d13fe713f1f53a792f0e.jpg, 0, 1
06b95f3f-e2f5-4f58-95b1-6f9024e8e5d7_45_jpg.rf.f865d5cbb2055dcf1766ed3e587e0f41.jpg, 0, 1
642d6f5f-fa24-4c18-b7b2-6b24334629a3_45_jpg.rf.f87ab162659e11252ad6fda7099e94e9.jpg, 0, 1
687de30d-714c-4d10-9b23-998af950a13a_180_jpg.rf.f8668003a8f7cc30a985fe7e867ce4c4.jpg, 1, 0
24a200ea-e903-4bcd-aee1-fb26e7bfd757_225_jpg.rf.f86df62949378b1df57f9660ec8d5f91.jpg, 0, 1
b84b2bd1-353d-4da0-80e6-da6df7b611b8_jpg.rf.f86f7e517b2792d99aa71304f5c095d7.jpg, 0, 1
2abea0f5-7c2a-4519-88c1-d33080ac7db2_jpg.rf.f88077e4155c6f3c4b3daa3f0dae6f7c.jpg, 1, 0
1acf8679-d50f-446c-b806-def7d073e244_jpg.rf.f89e5ac0f7f0902065ffca3f7e3119cf.jpg, 1, 0
4de4ad31-de11-418b-a60d-a7192ea0c98a_270_jpg.rf.f89e5470deef24b53f01cb81eb44bfa5.jpg, 1, 0
256d7e4e-e47b-466f-adb1-051bda40d918_180_jpg.rf.f8a5ed5871b487c896391f931323cc41.jpg, 0, 1
76d57cee-bb5c-4631-b737-fe16b92c2a28_45_jpg.rf.f8add839a313dd43f5aa6cdb70b1259f.jpg, 0, 1
66ba2553-31f1-473c-9602-d2df0c1bb3f0_jpg.rf.f8c3ceb6f81a8be555e0e6283bcf92e7.jpg, 0, 1
52c230c2-20b1-4769-978c-d0a859364b3e_180_jpg.rf.f8be977083e27c068fd94f7a3424a113.jpg, 0, 1
91c2e56d-2549-4574-9414-86aa17e84ef4_45_jpg.rf.f8bd8ece351b2e3a6f2ec0576b59ac33.jpg, 0, 1
24522061-cd21-4507-92da-432712838d1d_270_jpg.rf.f8c7fc5da25862421b420bfbccb23c7d.jpg, 0, 1
92787dc3-1720-41c4-8acc-5c7f3fda0fa5_45_jpg.rf.f8f37a4ec640fea44a30326c828d33a5.jpg, 1, 0
805c86e2-7416-44fc-b8aa-f663db39cf8a_jpg.rf.f8fcaa6e0d996a6bc5fe58558d6bfdd3.jpg, 0, 1
91e77c81-f2eb-4358-81d6-eea2509ae443_jpg.rf.f8f0430fdd6fb1833b544f175e7a8cfd.jpg, 0, 1
859bbe6e-7f46-4b86-acd1-86fea679de36_180_jpg.rf.f90058c3a5e4c3d885c0b3446841dcb4.jpg, 0, 1
WIN_20221229_22_19_45_Pro_jpg.rf.f9033f5f4382e00c82e38542959359fd.jpg, 1, 0
92810cd4-1652-4556-bc0b-b2e953449143_jpg.rf.f903f6d68669af9803c55fa097b69487.jpg, 0, 1
805c86e2-7416-44fc-b8aa-f663db39cf8a_180_jpg.rf.f90c6442b376d6a192f880e489ce59a0.jpg, 0, 1
WIN_20221229_23_30_35_Pro_jpg.rf.f9143d97bab474f3b85446b454f63d58.jpg, 0, 1
WIN_20221229_23_31_03_Pro_jpg.rf.f9268e36f4898cedd05e0b777bc179f1.jpg, 0, 1
4461774a-c193-43e6-9849-19c25ad533fb_180_jpg.rf.f9190ad9c96e31c994abfac1c6040a8c.jpg, 1, 0
afd44643-9287-4080-934f-7a13c66d9bfd_270_jpg.rf.f95dbcf75aeb4e5e4bfce666909fe44b.jpg, 0, 1
WIN_20221229_23_00_12_Pro_jpg.rf.f9663e019cf2c1a77a067396e9a2ea23.jpg, 1, 0
228a8b47-9459-4326-898b-1c5953d755b4_135_jpg.rf.f96922ee2cb318f41bc6a806ba81bce3.jpg, 0, 1
93bde728-be7b-4af0-a18e-67f00d6fdcac_270_jpg.rf.f96d6a857bd08d4491e69e005ed693bb.jpg, 0, 1
afd3edfe-e4fe-4715-8429-5af060c5f0d9_270_jpg.rf.f977003a08e277f02b548fe9ba176ff0.jpg, 0, 1
69ab59e3-c1ad-4509-a8b8-bd8e4fac2ae6_225_jpg.rf.f98dca189523a93c6d180f42d51bbd7a.jpg, 0, 1
06b95f3f-e2f5-4f58-95b1-6f9024e8e5d7_180_jpg.rf.f995ff38d780846fa546fc53043977ac.jpg, 0, 1
4ded4873-2bd7-4d9b-80ae-7a8967c128ce_135_jpg.rf.f9956d7eb1f2ab2a868e353b8ca91d71.jpg, 1, 0
0fbac742-48ee-4857-ab82-3318c8fbdcb8_45_jpg.rf.f99f443cff13a017bdbcd5e7e9526f81.jpg, 0, 1
4ded4873-2bd7-4d9b-80ae-7a8967c128ce_225_jpg.rf.f9b7a157e13ae0949482b7a910f3deeb.jpg, 1, 0
53f913e3-941b-4772-8446-2bad471e22b0_jpg.rf.f99f5afa0816142dce94b1bae3ae0aa2.jpg, 0, 1
bd17953c-5cc6-4fc5-8ade-fd7ece53be19_90_jpg.rf.f9a3639350f7622482cfced06f49b7d9.jpg, 0, 1
73cca509-de66-4cbc-9421-8fcb263fefcc_225_jpg.rf.f9bdb1540a0ef88a26f569aaa5a76c6a.jpg, 0, 1
8efe1e18-4032-4f20-996f-60a19c62f547_135_jpg.rf.f9c04cc4af53011637f371a2d464533b.jpg, 0, 1
84f05969-c971-4d44-8df4-3a80a71a545d_jpg.rf.f9c1cce71c447f7b318c5be9f401bc0e.jpg, 0, 1
6cdbe5d2-04bc-4a25-b1a0-be0a00a136ae_45_jpg.rf.f9c85ccbc5c5b66666147f4a7a5621b3.jpg, 0, 1
9cc65155-05ca-40b0-b813-2892c3ff04a4_135_jpg.rf.f9de89f18c0cefff8f32ffd74f8622a4.jpg, 0, 1
bd17953c-5cc6-4fc5-8ade-fd7ece53be19_90_jpg.rf.f9e113b4673fee56de3f6c0664700275.jpg, 0, 1
a36b24dc-58f1-4270-b642-3bb7ec46de0f_90_jpg.rf.f9efa3f454e1464cdbbe003b2da0b8c6.jpg, 1, 0
217fef04-2462-4dca-a170-f780b700b17e_jpg.rf.f9f58100ba1d7bccb631be975effc434.jpg, 0, 1
39c71820-6b5b-499e-b2c6-a957f48c62fa_180_jpg.rf.f9d25246b28161d98c3956e772181353.jpg, 0, 1
WIN_20221229_23_24_05_Pro_jpg.rf.f9fbdcb01a05585705ac02ad04e5ac95.jpg, 0, 1
2b3fa5f4-98bb-4565-b461-8ebc3db528ca_135_jpg.rf.f9fe2c82287e181a399fcf28a8635ae0.jpg, 1, 0
79eb3e80-65d5-431c-b388-ea52ce593c7d_45_jpg.rf.fa069d1ac21f9e166ead15a99866b4d6.jpg, 1, 0
d6faa4f5-e419-4c2d-b0be-316f48d5464a_135_jpg.rf.fa277f03a744333980993f0d3f1c3b24.jpg, 0, 1
6343bade-4271-437b-84ea-e9756e715080_270_jpg.rf.fa2af875d48f2195c98248a5add899bb.jpg, 0, 1
92810cd4-1652-4556-bc0b-b2e953449143_180_jpg.rf.fa3138a12ff5673735c30e56bd6f8938.jpg, 0, 1
91e77c81-f2eb-4358-81d6-eea2509ae443_270_jpg.rf.fa30699a9bc5411955285219e1375267.jpg, 0, 1
9a5fc62c-6820-4cb6-ba66-1063e612d144_225_jpg.rf.fa33b0c78628851c5878a005e60e2e8b.jpg, 0, 1
79eb3e80-65d5-431c-b388-ea52ce593c7d_225_jpg.rf.fa46f1f1af6529cd91d5d3904f04bd40.jpg, 1, 0
7a6523d6-ef65-4cca-8160-946936395ede_270_jpg.rf.fa3a7f78c4966cb3795c040041dd6c57.jpg, 0, 1
898d6980-0ea3-4451-82f1-3bdabc8c6d9d_180_jpg.rf.fa684accef1ea84638d3ed8f65413bda.jpg, 0, 1
WIN_20221229_22_42_54_Pro_jpg.rf.fa4c800214bf40c97a01d5a7a4fd3b29.jpg, 1, 0
7a6523d6-ef65-4cca-8160-946936395ede_270_jpg.rf.fa6d751b07ac1c141c7f3a13c538697a.jpg, 0, 1
97e4c08e-3475-4d77-8b54-a2231e38f6a2_135_jpg.rf.fa73114eb336479c0ca8b3956e5c043f.jpg, 0, 1
79eb3e80-65d5-431c-b388-ea52ce593c7d_180_jpg.rf.fa7308109c939d5ade3ddd4bbbf7baf4.jpg, 1, 0
5aa96b87-9a19-4beb-971d-21bde07a9a0b_225_jpg.rf.fa7ecd340d388875f3d5be9688d28420.jpg, 1, 0
9ef0276c-3a70-4027-8d1d-2503df2e9f56_jpg.rf.fa96a932e3b960cd6af10e5df9eb50ef.jpg, 0, 1
33e3e3fe-8e37-4b4a-aa04-ad3864731632_jpg.rf.fa896ed6d27264e957dae42209fc7d63.jpg, 0, 1
98cb62e4-f491-47c7-b871-9d1aeeac307e_45_jpg.rf.fa991a366b4a43634db0e5a80b68027c.jpg, 0, 1
01c27009-f681-4495-8d82-599547aba120_jpg.rf.fa9ac5a5816992c3095edc0af91ff950.jpg, 1, 0
81d526fb-cb95-4b9d-a013-dad7b3f083b3_135_jpg.rf.fa9b9df2861eda3293d7b894e6d708d1.jpg, 0, 1
90dec1cd-f163-48fd-bcc4-58066e5acb09_90_jpg.rf.fa9e64c6ee20b158fa3ea8c9462edf7f.jpg, 0, 1
2da43d43-ad7b-435c-920d-0fbfebb88959_270_jpg.rf.faa95bab39fd493120e43634fa08c214.jpg, 1, 0
223d92bc-5ef8-450a-86d6-ab5d6e8c5b3e_270_jpg.rf.faa42d5cc581c96eb1f3c1242b938bb1.jpg, 0, 1
4f08fc98-7d4d-43f7-921d-b2ccf8ca726d_270_jpg.rf.fab0230837dd4a58c87d7df9bd454e82.jpg, 1, 0
33dd040e-50b6-44e7-afc7-230da49bcf12_135_jpg.rf.faaa5d7f9f2ff484b4aded79c3a00960.jpg, 0, 1
bd17953c-5cc6-4fc5-8ade-fd7ece53be19_45_jpg.rf.fabf18eb4a87d58408fd03f300887792.jpg, 0, 1
9eaca121-9239-49f4-9d05-34ef9f10bcaa_135_jpg.rf.fac5217ca9fb44693c4290b8ca2eb3ca.jpg, 0, 1
f206736f-e48f-4e12-b367-144752c744e6_90_jpg.rf.fae044b190514abd88d750f6075fab48.jpg, 1, 0
2da43d43-ad7b-435c-920d-0fbfebb88959_270_jpg.rf.fad85b93274c10afa6995664f35ad1ae.jpg, 1, 0
1d4ead22-cc06-4fa2-9784-d9257f24ef86_135_jpg.rf.fae0e69478571766e9a8577c19144a61.jpg, 0, 1
75fea9b7-7c08-4ea2-bb8d-50096fdf774b_225_jpg.rf.fae5f9045cd88652e4b69adc10105463.jpg, 0, 1
WIN_20221229_23_30_00_Pro_jpg.rf.faf54cc78bc501d0261207ae09cecce9.jpg, 0, 1
93bde728-be7b-4af0-a18e-67f00d6fdcac_jpg.rf.fad5b21eb4aa206810b9bd51d46403ac.jpg, 0, 1
df1a716e-d93a-4e13-8144-399bae44a249_180_jpg.rf.faeb1589d482d9176799a15531d55a88.jpg, 1, 0
WIN_20221229_22_55_27_Pro_jpg.rf.fb049d83605ca120083cbd9f892f5d86.jpg, 1, 0
93bde728-be7b-4af0-a18e-67f00d6fdcac_225_jpg.rf.fb0bb75feca92ba99d4ea1127e631117.jpg, 0, 1
3bde05ec-782e-445d-a221-38a8ecbc5dab_270_jpg.rf.fb0e441eb18a5c183680d92c63dc84df.jpg, 0, 1
40cbb123-b3d1-4546-aa26-2fdd1090b075_270_jpg.rf.fb322cccec99d64f9f8fa62a47e3a117.jpg, 0, 1
d65589fa-33dc-4e7f-9d37-a8763424d061_45_jpg.rf.fb3b15bd6e7cc6ef8fc6306f5b90a760.jpg, 1, 0
936d35a1-f617-4a9b-99c6-32cfd8284d34_jpg.rf.fb46351820297dcdc207a818bc7f3610.jpg, 0, 1
2bf615ea-7241-4861-82d7-bb74c8b5dfba_225_jpg.rf.fb22ad0eaff9690f56b89b65342c61bf.jpg, 0, 1
93bde728-be7b-4af0-a18e-67f00d6fdcac_90_jpg.rf.fb5c28f46c4d01de25d2770eff85f900.jpg, 0, 1
0c279d03-a83d-4404-b852-2b90d79e1ed3_225_jpg.rf.fb1a539cf7f5c8b37d133317bfd66d5f.jpg, 0, 1
72a2b8f8-c7ca-4222-b2a1-9b82ac7990f4_225_jpg.rf.fb177a4ed85754fd064c91877a95e5c5.jpg, 0, 1
4fac26f2-1588-4362-9e73-ffe2e8791cbb_225_jpg.rf.fb5f2bd8cfceb2de8f1359ce30ad3f6e.jpg, 1, 0
15f5d196-2633-4a7b-9102-b33c659c6024_45_jpg.rf.fb49ac01d050234db90aeea69808cf4b.jpg, 0, 1
01b9d47e-ecba-48fd-a83f-ece6e05995fc_270_jpg.rf.fb6cb0126e6e3c70b578ecc5c1734a0c.jpg, 1, 0
90dec1cd-f163-48fd-bcc4-58066e5acb09_225_jpg.rf.fb73e5cd049a5642bfae2adb35f160c3.jpg, 0, 1
b4b3a28f-aee8-402c-856a-b09db5dbeb4a_180_jpg.rf.fb8fa441a1dd0f41c854864b4ed7fcb6.jpg, 1, 0
4737a7d7-5d10-4912-b3e7-c8254a88af02_45_jpg.rf.fb8652e4521ea0c3a731ae7ae22c2c10.jpg, 0, 1
226b7023-757d-4c11-9b59-a0e8f02e5274_jpg.rf.fb9ee8ea9529a25473ccaedce066f777.jpg, 0, 1
215be899-dd62-42e0-b42e-8331622f5b9a_270_jpg.rf.fba6e659d3d499ebdf3272b0c0eca995.jpg, 0, 1
15fd3442-e84f-4c27-952b-ec415fe777d6_225_jpg.rf.fba6a1e84bdac51121fd0263e1c6ad37.jpg, 0, 1
4f280435-14a2-4194-9f75-2e7ea72b39ba_90_jpg.rf.fba472654776115dee0481a2d6ac71a2.jpg, 1, 0
233af445-c0e5-4bb1-ad5f-743becd76cab_135_jpg.rf.fba2d110b20d83295b3a786c3a29ae3b.jpg, 0, 1
708fb576-4b86-4d50-a652-cc0d64f5407a_135_jpg.rf.fbae08ab98772307c53d6c05c2f08ad8.jpg, 0, 1
WIN_20221229_22_59_01_Pro_jpg.rf.fbb0bb6a71a1aa1383339541c7d23ce6.jpg, 1, 0
WIN_20221229_22_45_08_Pro_jpg.rf.fbbbb89279a7c09ee6eb6a33754bb3b5.jpg, 1, 0
06b95f3f-e2f5-4f58-95b1-6f9024e8e5d7_180_jpg.rf.fbe6da64a9a990adbccf89b454de136e.jpg, 0, 1
d02674ec-4a90-43c1-9aba-1cf70300a55a_135_jpg.rf.fba979e8a2d3821f8144f253a5530c98.jpg, 1, 0
27f3e57e-469f-4627-8144-2ce3e9d048b7_135_jpg.rf.fbc42a1af4fd1d212c8eee203ed851fc.jpg, 0, 1
6b30113e-141c-4956-964b-7b64918f694b_270_jpg.rf.fbe8dc5eb4662262b398062aef52c058.jpg, 1, 0
5d5357ec-e4b0-4f32-a45c-2dca5338324d_45_jpg.rf.fbf2742f70183a275f66156ecf6a4d6b.jpg, 0, 1
WIN_20221229_23_27_32_Pro_jpg.rf.fbf7d71940a7abb6100fe97d964aeb1d.jpg, 0, 1
40cbb123-b3d1-4546-aa26-2fdd1090b075_135_jpg.rf.fc04ec1f5a5e3c1363305362333efca1.jpg, 0, 1
ba25564d-c23a-450d-b0af-a191ed900fb1_135_jpg.rf.fc044b3ce75ddb6506d2c3429444a9ff.jpg, 1, 0
8c678484-e530-433f-9265-cadfa51b5d6a_135_jpg.rf.fbfe0845f0f0d6fa025baef15ee08ca7.jpg, 0, 1
680cc473-598d-49e7-847e-6b8c099e14fc_90_jpg.rf.fc1d88e31ba2b6bf66385d4d8341873e.jpg, 0, 1
90dec1cd-f163-48fd-bcc4-58066e5acb09_90_jpg.rf.fc10006d1aa2f06a71ee63cca3286600.jpg, 0, 1
52c230c2-20b1-4769-978c-d0a859364b3e_225_jpg.rf.fc137f2c4ecb6184f6130234e0782ba5.jpg, 0, 1
87cc591e-7e25-4d08-a519-6b5ec6d98cfa_90_jpg.rf.fc1c409e902ecd59c69bdb949400f247.jpg, 0, 1
b361e99e-9c59-43b5-92f6-80ad77c3287f_90_jpg.rf.fc254ab39c6a392e233fd3555f8f3e29.jpg, 1, 0
2b3fa5f4-98bb-4565-b461-8ebc3db528ca_jpg.rf.fc38aa11f5c1787a94e80bc3b871f476.jpg, 1, 0
91e77c81-f2eb-4358-81d6-eea2509ae443_180_jpg.rf.fc32c64b320018db6df48a6df34eba4e.jpg, 0, 1
79eb3e80-65d5-431c-b388-ea52ce593c7d_135_jpg.rf.fc3892bf62092098476cc1078e5b702c.jpg, 1, 0
207aff1c-09cf-47d1-ae76-474c6c31b0e4_45_jpg.rf.fc5c007a4efbbb276528bd752606b7be.jpg, 0, 1
15f5d196-2633-4a7b-9102-b33c659c6024_180_jpg.rf.fc7106d044a894eae004f6ccecdef041.jpg, 0, 1
81d526fb-cb95-4b9d-a013-dad7b3f083b3_270_jpg.rf.fc6bd3180c460434a74cdd376f593b71.jpg, 0, 1
9dbe8a30-979a-4722-a1a9-712f4ecbb2a6_90_jpg.rf.fc6057dc36f2143ab5dd7044d1ff5b83.jpg, 0, 1
66ffa488-289b-4188-afe1-7764a1a1bb1a_jpg.rf.fc74ae546dda7d2b40c818c94fa12aec.jpg, 0, 1
WIN_20221229_23_05_09_Pro_jpg.rf.fc8bd46965d3be294fdbd04d9d05f58a.jpg, 1, 0
91c2e56d-2549-4574-9414-86aa17e84ef4_90_jpg.rf.fc89cf89f975c8c2675dd75c42c9a001.jpg, 0, 1
WIN_20221229_23_32_23_Pro_jpg.rf.fc7d615e5c073f384d4d2c377eda9104.jpg, 0, 1
df1a716e-d93a-4e13-8144-399bae44a249_45_jpg.rf.fcb4a71e6b22352800833950f3b5f24e.jpg, 1, 0
345b8a93-c7d2-4b34-9e0c-90f2561ada84_180_jpg.rf.fc99aa24918970a8415bafb996eb9240.jpg, 0, 1
WIN_20221229_22_04_44_Pro_jpg.rf.fcb8414f6d677fabb8fde60b8ef22fb9.jpg, 1, 0
69c9cfea-cfbd-4dfe-a8a2-2ed31daafd85_225_jpg.rf.fcc21107540b011b47eceb7f03b3600e.jpg, 0, 1
06b95f3f-e2f5-4f58-95b1-6f9024e8e5d7_225_jpg.rf.fcb884cd5d17d3b3d069d06511d024d2.jpg, 0, 1
05693239-35bd-4086-b8c3-e7b6aa763b4f_jpg.rf.fc98e21fcf4382c11f32c8a8fd466cf6.jpg, 0, 1
8a28aff5-8859-462a-bccf-e8d61dde3eff_225_jpg.rf.fcc24b26e2d2a924c6b6c497f214c903.jpg, 1, 0
75a3c3df-b678-4a55-aa92-02be5879a4cd_135_jpg.rf.fc994a3e64ee08ed6a2bcc73c4169d76.jpg, 0, 1
WIN_20221229_23_02_29_Pro_jpg.rf.fcc301cb34aa030be9f628f17c552554.jpg, 1, 0
2a99660b-f767-40aa-937f-c4cd68d2ceac_180_jpg.rf.fcc50344a6f54005797f89cd045e7abf.jpg, 0, 1
6b30113e-141c-4956-964b-7b64918f694b_225_jpg.rf.fccdc5902d6304c4bbb85fc5d1687d06.jpg, 1, 0
22ada72b-340c-4d68-9534-2729e3347cab_225_jpg.rf.fcd28a908680c38ba992a5e7eae22002.jpg, 0, 1
41ab7cda-4c88-47b8-98da-0c6ee6e07325_225_jpg.rf.fcdfa3b5729eaa56d6eb01d3087b364c.jpg, 0, 1
488a316b-07fc-410e-a5fd-84f831acc653_180_jpg.rf.fcd7bfbc0c193c01d946435e54d5f2b7.jpg, 0, 1
52c230c2-20b1-4769-978c-d0a859364b3e_45_jpg.rf.fce1e38f8c4515b76baee7fbb4abaf9e.jpg, 0, 1
680cc473-598d-49e7-847e-6b8c099e14fc_225_jpg.rf.fce1cdb236c8e80aeb87fa3f2dda4836.jpg, 0, 1
a8ba45d9-69a1-4fc4-a6c3-74c50107e59c_45_jpg.rf.fce3d5e15171361f44dcec422af78b52.jpg, 0, 1
2eae8682-54b6-40b7-9684-d956300a4077_45_jpg.rf.fcf89937cdc9e98cfc4503db9f0fbb91.jpg, 0, 1
52eb9c86-9714-4fb7-bc45-cbbe25a2b444_45_jpg.rf.fce7d33cf1c82dbef850997bbf439c59.jpg, 0, 1
76d57cee-bb5c-4631-b737-fe16b92c2a28_270_jpg.rf.fcf3f1d11bced33d3d83ce08f3795dba.jpg, 0, 1
7ebb4762-7de4-4754-8cd2-2d4f743f512c_180_jpg.rf.fd082b68de55ba9332fbb9b5d5310cb2.jpg, 0, 1
56863d51-82dd-432b-808a-bb09a5e65be6_45_jpg.rf.fd0ce0fc41e19d248b188da8969e7eaf.jpg, 0, 1
75fea9b7-7c08-4ea2-bb8d-50096fdf774b_180_jpg.rf.fd1bc41adcb56c0ba96067c662ab85b0.jpg, 0, 1
217ac982-fddf-49ae-a311-27cf800d10f0_45_jpg.rf.fd217285beb9ad5cb3185c50c43f8ceb.jpg, 0, 1
7d0322d1-3583-4a2b-ad25-e76d31603cee_90_jpg.rf.fd0014d30af3de92f8abc0f0cfc22b77.jpg, 0, 1
WIN_20221229_22_26_35_Pro_jpg.rf.fd2bc41455385b217d09ce40d19a94fb.jpg, 1, 0
84f05969-c971-4d44-8df4-3a80a71a545d_135_jpg.rf.fd2c55a0125b5d078978176636c2d93d.jpg, 0, 1
72a2b8f8-c7ca-4222-b2a1-9b82ac7990f4_45_jpg.rf.fd2bbe8cd811211bc40e8962a8ce084a.jpg, 0, 1
6181c79d-f063-4fa4-be90-ae376d6b3bdc_jpg.rf.fd2d1a54811f901448a3ddb4cf8324f9.jpg, 1, 0
0c4d65e5-1985-47b2-8252-616ed898bd7c_135_jpg.rf.fd30599070382a863d717327173a91e3.jpg, 0, 1
9ec72020-824e-4c15-b633-cba42d080364_225_jpg.rf.fd3fab5bfa2915f52d0e083ac815b64c.jpg, 1, 0
WIN_20221229_23_20_56_Pro_jpg.rf.fd3570c70275a019835fe800a11aeff3.jpg, 0, 1
5522f66d-ad72-48d5-9767-5e7b23f6a206_jpg.rf.fd4369343dc1804744ab831bbc6e2b88.jpg, 1, 0
WIN_20221229_22_04_44_Pro_jpg.rf.fd4f52c6f9e22cb7f5522241fe66a0dc.jpg, 1, 0
41ab7cda-4c88-47b8-98da-0c6ee6e07325_135_jpg.rf.fd53193af6da9d2944920b00ed48fef5.jpg, 0, 1
24522061-cd21-4507-92da-432712838d1d_135_jpg.rf.fd45ec6197c0fa38dc5fa41dec8ead69.jpg, 0, 1
859bbe6e-7f46-4b86-acd1-86fea679de36_180_jpg.rf.fd63154a6f050591871a216cce6f5249.jpg, 0, 1
224748bb-08de-4a59-98e5-2bbef0629846_270_jpg.rf.fd6392d7701b2d18af33cfe3b3431cc2.jpg, 1, 0
WIN_20221229_22_35_31_Pro_jpg.rf.fd676d53f37997b2199c33543e758c19.jpg, 1, 0
75a3c3df-b678-4a55-aa92-02be5879a4cd_135_jpg.rf.fd687c25a6e495ac1b8184926c094db3.jpg, 0, 1
WIN_20221229_23_13_20_Pro_jpg.rf.fd765e0d7200d8338e8453a4c970f0f3.jpg, 1, 0
7a6523d6-ef65-4cca-8160-946936395ede_135_jpg.rf.fd6d34d79d7c5bef7c62e659facec3b5.jpg, 0, 1
3fa757aa-5f48-4acc-b2d9-edf0d584d79a_135_jpg.rf.fd746c64a445699b01d136a424a76b52.jpg, 0, 1
75fea9b7-7c08-4ea2-bb8d-50096fdf774b_jpg.rf.fd7b066cf3d26ac4413a3ad4bea01239.jpg, 0, 1
WIN_20221229_23_22_26_Pro_jpg.rf.fd7da5162a8b81dc94214a23a7b694f5.jpg, 0, 1
3bde05ec-782e-445d-a221-38a8ecbc5dab_135_jpg.rf.fd8308520af7ab7f220405dc97373380.jpg, 0, 1
b4b3a28f-aee8-402c-856a-b09db5dbeb4a_45_jpg.rf.fd8032571c7a49df9f85478288bc359a.jpg, 1, 0
66ba2553-31f1-473c-9602-d2df0c1bb3f0_jpg.rf.fd81fbbe5a24fbf75160b5e611768a36.jpg, 0, 1
9a5fc62c-6820-4cb6-ba66-1063e612d144_225_jpg.rf.fd8bd6d30bc659a9e68642733b80ad0e.jpg, 0, 1
9dbe8a30-979a-4722-a1a9-712f4ecbb2a6_270_jpg.rf.fd91d966af6dbdd38bbcb6328fb7a38d.jpg, 0, 1
9a5fc62c-6820-4cb6-ba66-1063e612d144_135_jpg.rf.fd8b91cb671b82a03becc1d41c7a14da.jpg, 0, 1
80de665e-2077-4a83-9a40-20d2bcaeac43_90_jpg.rf.fd9319293b3e0c7727d2ae9b7a94ab62.jpg, 0, 1
75f27827-8267-4ad8-8c7f-938a7c0c0a72_180_jpg.rf.fd93ec048f1f85a07e5d863462559251.jpg, 0, 1
0dc01fa2-4d5e-46ae-ad61-19485b378972_jpg.rf.fda042053d6780733e64ba7847e77b40.jpg, 0, 1
878a59f0-76a6-4a7c-8e4a-45283cfb4465_180_jpg.rf.fd94188765d7a269ff1e8fa4ccb5c2e6.jpg, 0, 1
1acf8679-d50f-446c-b806-def7d073e244_jpg.rf.fda39a672f5916c50679c826577005e8.jpg, 1, 0
488a316b-07fc-410e-a5fd-84f831acc653_45_jpg.rf.fda8fa5753834b2c4eed8c7d38eb3043.jpg, 0, 1
27f3e57e-469f-4627-8144-2ce3e9d048b7_225_jpg.rf.fda7d450d30aa7975da8899da2febbc9.jpg, 0, 1
76d57cee-bb5c-4631-b737-fe16b92c2a28_180_jpg.rf.fdb691bfc6c1fbf6d4571fc5f6a7faa6.jpg, 0, 1
WIN_20221229_23_32_04_Pro_jpg.rf.fdb486683f5f274a707770acb96c7462.jpg, 0, 1
7e2e4fb2-dc94-46c6-a203-0db83ca84e81_180_jpg.rf.fdb806625619fb3b4974e4af4cc88d35.jpg, 0, 1
488a316b-07fc-410e-a5fd-84f831acc653_135_jpg.rf.fdc30bb67050727a5d4807729c35cd10.jpg, 0, 1
611513d3-0fb7-4068-8cd8-68a9bdb056c4_225_jpg.rf.fdc9eb5daa246d77634e126197b3832e.jpg, 1, 0
57ab1fc0-e755-40c3-82cb-cce0684f11f4_225_jpg.rf.fdc60ed0e1d4f15e2aec5e1f426a26fb.jpg, 0, 1
WIN_20221229_22_47_19_Pro_jpg.rf.fdb907afb622f91eed4b07f29ac78b8f.jpg, 1, 0
91b94861-b751-4b86-b7a3-f6b2e3dbbd89_180_jpg.rf.fdd39922c4411c162a53f935cd5036c8.jpg, 0, 1
9fc543ac-91f3-43f6-8df6-28bb9709a3e6_90_jpg.rf.fdeb040e56d7669f63ce83f0ca1ba311.jpg, 0, 1
9eaca121-9239-49f4-9d05-34ef9f10bcaa_90_jpg.rf.fde5109d4f286233001518f3f93370b0.jpg, 0, 1
WIN_20221229_23_08_22_Pro_jpg.rf.fdf098d44b05a47423d08c462e01c625.jpg, 1, 0
76d57cee-bb5c-4631-b737-fe16b92c2a28_jpg.rf.fdf760d60ba9261b95729adf55751f6a.jpg, 0, 1
5d5357ec-e4b0-4f32-a45c-2dca5338324d_135_jpg.rf.fe0096c5e02f8fb2373ff5f14b061f27.jpg, 0, 1
1b05898a-3be4-4b9e-b4a0-6d23dfdaabf0_45_jpg.rf.fdfdfb77d8125249c801c3975bb00e3b.jpg, 0, 1
665aeca5-e68c-49d3-ad8d-5755fad74dcf_270_jpg.rf.fe0103d76b1ee5d25b0c7346621e291e.jpg, 0, 1
868aed84-639d-46d3-9f59-3d71ba702ea0_jpg.rf.fe0193e7a9fa405507067bcd1081ab6a.jpg, 1, 0
79eb3e80-65d5-431c-b388-ea52ce593c7d_225_jpg.rf.fe0372c6afb93e5853f5b29e39e7e48c.jpg, 1, 0
a70cfd80-0fa8-48c8-ab56-7f7cc8b0bb9b_225_jpg.rf.fe153d5b64be9ab21b932eb48d0cbfae.jpg, 0, 1
0c4d65e5-1985-47b2-8252-616ed898bd7c_90_jpg.rf.fe10447915062186f216d414521de0a0.jpg, 0, 1
84f05969-c971-4d44-8df4-3a80a71a545d_270_jpg.rf.fe21cada7cdda284e87270b35e374d09.jpg, 0, 1
ccd5cdb4-3df2-4b3b-833b-3bdc7d43ee4d_45_jpg.rf.fe274c355b3ec476e0e360edfeac8118.jpg, 0, 1
15f5d196-2633-4a7b-9102-b33c659c6024_jpg.rf.fe2cb31375b6e8126f7245ca5a62d967.jpg, 0, 1
66ffa488-289b-4188-afe1-7764a1a1bb1a_45_jpg.rf.fe3e4b20195be9484dfb77aa6a1c8bbb.jpg, 0, 1
7ebb4762-7de4-4754-8cd2-2d4f743f512c_135_jpg.rf.fe304420e4d585e31e27388a7b1b5f01.jpg, 0, 1
c01c35d2-7769-4a57-abff-c52f7def3900_270_jpg.rf.fe4b084422fbef4daad61a1749836cf4.jpg, 1, 0
b84b2bd1-353d-4da0-80e6-da6df7b611b8_225_jpg.rf.fe4c3d39ab3472fb206710abae4d8562.jpg, 0, 1
4fac26f2-1588-4362-9e73-ffe2e8791cbb_270_jpg.rf.fe5f269e46db497463642f502580c29b.jpg, 1, 0
5d5357ec-e4b0-4f32-a45c-2dca5338324d_180_jpg.rf.fe659b91e0ec7f640dfd054972e8e9bf.jpg, 0, 1
9aa3d151-a2d6-4d13-ad4f-f133f4552c4f_135_jpg.rf.fe6ce6a182a459b1ec4e99e50248a870.jpg, 0, 1
0b521929-1734-47b8-86c9-093445af0697_135_jpg.rf.fe68af78f53384e879484525193a1146.jpg, 0, 1
fbe4f519-6225-4168-bcf9-4ccc4d0d82bf_225_jpg.rf.fe82643cd62f95c89dcacf4c99f29c51.jpg, 1, 0
73cca509-de66-4cbc-9421-8fcb263fefcc_180_jpg.rf.fe75d3f2e5915f4a73e2a301e4d6aa51.jpg, 0, 1
11037d07-18b3-4fc4-8025-f06dcbc0500d_45_jpg.rf.fe818882ff8609679e8a29a3d25c5bda.jpg, 1, 0
53f913e3-941b-4772-8446-2bad471e22b0_45_jpg.rf.fe707cd2232b2d664fbb8c819b504bcd.jpg, 0, 1
93bde728-be7b-4af0-a18e-67f00d6fdcac_180_jpg.rf.fe87c3d7d0cc826e0368c7573f2a2760.jpg, 0, 1
dc2bb2f5-03e1-46c1-9886-bda5f5bee11b_180_jpg.rf.fe8ddeef532fcedfced96e74e0eb21fd.jpg, 0, 1
d2936fba-871f-4fbe-97da-b6e6e347e889_270_jpg.rf.fe830e42ae1794caf953aba247991712.jpg, 1, 0
233af445-c0e5-4bb1-ad5f-743becd76cab_90_jpg.rf.fe863774d23e4fde5e2b3a48968fb3e9.jpg, 0, 1
5522f66d-ad72-48d5-9767-5e7b23f6a206_90_jpg.rf.fea9eee5944002471d8a1e0df1cf7bb4.jpg, 1, 0
a36b24dc-58f1-4270-b642-3bb7ec46de0f_90_jpg.rf.feb20b5dbf25aba0c0d2bc24edfb3b6c.jpg, 1, 0
76a872d2-5c22-4f33-82b4-18c0f78e1a1b_45_jpg.rf.feb314fdb1f5aadfdb2f5321bc0e7a9a.jpg, 0, 1
41cfc0a3-c4ad-4285-9951-7a37d79f1c17_90_jpg.rf.feba322abcaabbac60a46b8308fca2ae.jpg, 0, 1
0df87bae-ddf0-49e3-97af-b371d8544547_180_jpg.rf.febbe1966d3a7b720956200f51fb7479.jpg, 0, 1
859bbe6e-7f46-4b86-acd1-86fea679de36_270_jpg.rf.fec3bce78c9f7ab7f5b82148090a04c7.jpg, 0, 1
8ddce3ce-bc64-4942-93aa-940868007f64_jpg.rf.fec3d2126b4fdbee8257d927012279c3.jpg, 0, 1
92a893f4-8dd5-4f4a-9864-08811d4ed00a_jpg.rf.fec93fbb4fc39cc85894086cda93483c.jpg, 0, 1
75a3c3df-b678-4a55-aa92-02be5879a4cd_135_jpg.rf.fecc9666088e38440eeaba66f9c0d6df.jpg, 0, 1
6f8a29a3-8b83-47d6-8a5b-7baf97fd4469_135_jpg.rf.fed91161329e469541aac23eaf30ae0a.jpg, 0, 1
687de30d-714c-4d10-9b23-998af950a13a_225_jpg.rf.fedf045c7143d1291f600861673c073b.jpg, 1, 0
WIN_20221229_22_00_50_Pro_jpg.rf.fedd85a78cf36ab2a316093a22871a95.jpg, 1, 0
WIN_20221229_22_50_46_Pro_jpg.rf.fee03e3b98bfe7d75f6969a360f3b979.jpg, 1, 0
91c2e56d-2549-4574-9414-86aa17e84ef4_jpg.rf.fef5eeff22d2f41ff2bfeb34bab96d27.jpg, 0, 1
d65589fa-33dc-4e7f-9d37-a8763424d061_225_jpg.rf.ff02bfa43bbfe1e3658bdf12669ba520.jpg, 1, 0
507e6cd8-2041-47e5-b174-28a6d9328985_180_jpg.rf.ff08ea8e6e9ceb9eb4ea13746f32847a.jpg, 0, 1
8efe1e18-4032-4f20-996f-60a19c62f547_180_jpg.rf.ff0ce18aab53430c923577285488fec5.jpg, 0, 1
33e3e3fe-8e37-4b4a-aa04-ad3864731632_270_jpg.rf.ff0abf5ba450f035da22f4d674a373ba.jpg, 0, 1
d4ea5845-ed1c-4bcd-b615-557884bb64c2_45_jpg.rf.ff0e1bde4460140617d5edaea15d0cc0.jpg, 1, 0
87cc591e-7e25-4d08-a519-6b5ec6d98cfa_180_jpg.rf.ff0e5b0135156044853bf291245a45b5.jpg, 0, 1
8c678484-e530-433f-9265-cadfa51b5d6a_45_jpg.rf.ff16034dc39c11dbbc20744ecd034ade.jpg, 0, 1
93bde728-be7b-4af0-a18e-67f00d6fdcac_135_jpg.rf.ff293e62d61b66cd53b37b28537837db.jpg, 0, 1
507e6cd8-2041-47e5-b174-28a6d9328985_270_jpg.rf.ff2ae31705027b66342f092d5b75a0b3.jpg, 0, 1
1ab90226-8889-4bcd-ad0c-ea01fedaaffd_135_jpg.rf.ff3aaf2073b32b5021d9651070bd0949.jpg, 1, 0
3c966d73-e030-422f-8e66-a2bfb35337dc_270_jpg.rf.ff3adb52a91adab71aeef5da43a9c5dc.jpg, 0, 1
75fea9b7-7c08-4ea2-bb8d-50096fdf774b_180_jpg.rf.ff3076257b5e70f04ecd3333b8e09c8e.jpg, 0, 1
79eb3e80-65d5-431c-b388-ea52ce593c7d_135_jpg.rf.ff49a8148c213707683448a63e1073ca.jpg, 1, 0
80c4e3b8-9502-4216-aad1-1b5f6f3d6b72_135_jpg.rf.ff6faabc17bbe6c5f8443262e9be0d5d.jpg, 0, 1
WIN_20221229_22_05_15_Pro_jpg.rf.ff5c5141b97bc84044f795ecf0183505.jpg, 1, 0
8d331829-b225-451b-8aaa-89058c62faf5_225_jpg.rf.ff4d271be0bb1aa9f1d58068bdd97875.jpg, 0, 1
5522f66d-ad72-48d5-9767-5e7b23f6a206_180_jpg.rf.ff76a2d4908ab83e6663d03e286c7de0.jpg, 1, 0
WIN_20221229_22_36_08_Pro_jpg.rf.ff9002716c4355d7019826f895d3291d.jpg, 1, 0
488a316b-07fc-410e-a5fd-84f831acc653_90_jpg.rf.ffa89abe8c4800229196b8cb5ba2cb30.jpg, 0, 1
a36b24dc-58f1-4270-b642-3bb7ec46de0f_90_jpg.rf.ffbb32b4ce79130455160d5430d43755.jpg, 1, 0
345b8a93-c7d2-4b34-9e0c-90f2561ada84_180_jpg.rf.ffc557e15138785b9e27ce60a1c0c38a.jpg, 0, 1
87cc591e-7e25-4d08-a519-6b5ec6d98cfa_180_jpg.rf.ffbc5c5148b4adde691c16ac853a70eb.jpg, 0, 1
72a2b8f8-c7ca-4222-b2a1-9b82ac7990f4_270_jpg.rf.ffc97a71bf4095ef7f150dd1fc03d341.jpg, 0, 1
WIN_20221229_22_07_08_Pro_jpg.rf.ffd860647841f0bf449289246b70f692.jpg, 1, 0
WIN_20221229_23_27_48_Pro_jpg.rf.ffe02a14eb03b90d787a098242aea6fb.jpg, 0, 1
cfed691e-4738-45c4-a2bd-65fc9d5c2da8_45_jpg.rf.ffdeeece94fb69ee1fa50d68fcf97fba.jpg, 1, 0
878a59f0-76a6-4a7c-8e4a-45283cfb4465_180_jpg.rf.ffe3b3b6da4f6a5b0e004c9ec08f1233.jpg, 0, 1
76a872d2-5c22-4f33-82b4-18c0f78e1a1b_135_jpg.rf.ffef51cfa4e539406c7d8ab394958883.jpg, 0, 1
76a872d2-5c22-4f33-82b4-18c0f78e1a1b_45_jpg.rf.fff1232fadcbff6d2ef42b9fad8bc4f0.jpg, 0, 1
81d526fb-cb95-4b9d-a013-dad7b3f083b3_180_jpg.rf.fffe22793a3fe6ef94521df1c6d9e166.jpg, 0, 1
805c86e2-7416-44fc-b8aa-f663db39cf8a_180_jpg.rf.0001447460dc48977e0d6d5a1d8531b2.jpg, 0, 1
a4b1b05e-8f9a-4f68-98fe-52dd9e2a9663_135_jpg.rf.000dee6e55b0de1eb774c7868b7b34fc.jpg, 1, 0
de7c5c69-6255-4087-9565-1732a07c986d_135_jpg.rf.00112f9194d24547bc1c6f77e2f66a3f.jpg, 1, 0
8d331829-b225-451b-8aaa-89058c62faf5_jpg.rf.001611e3bdb8000f69bc0f9e78d7a92b.jpg, 0, 1
WIN_20221229_22_03_51_Pro_jpg.rf.001711d713c398ed38c67fdc13e785a7.jpg, 1, 0
WIN_20221229_22_25_58_Pro_jpg.rf.00243fe8f2a585ad19e61d06675935f9.jpg, 1, 0
25365714-d0ec-4a39-aba3-ea056e686ce9_jpg.rf.00250c8797d2d9c5690082215a19dc4e.jpg, 0, 1
1af687ed-553d-491e-a213-8ddfbfea61ec_180_jpg.rf.00259f3c0aa5141d6bb236a788426884.jpg, 1, 0
WIN_20221229_23_02_14_Pro_jpg.rf.0030c0a54bf2cae8e655c7ceca0bdb44.jpg, 1, 0
611513d3-0fb7-4068-8cd8-68a9bdb056c4_135_jpg.rf.00334916a289dce7b9852e6f5cd96e76.jpg, 1, 0
9aa3d151-a2d6-4d13-ad4f-f133f4552c4f_135_jpg.rf.005591efcb968fec9f8a0f2ea8c25bb1.jpg, 0, 1
2bf615ea-7241-4861-82d7-bb74c8b5dfba_90_jpg.rf.005cc700104ed16ab244ba6353ef2013.jpg, 0, 1
7d0322d1-3583-4a2b-ad25-e76d31603cee_180_jpg.rf.00571e4faa7a5878c9ae05f02a1ed2e7.jpg, 0, 1
2d6fa448-2f18-4db5-a942-7097acff076a_225_jpg.rf.0066f2962416e1e5ff6b6799e4f24407.jpg, 1, 0
dc2d0160-f922-429c-8c3c-5a6f0f68c023_225_jpg.rf.0056fe1ecabca698e75779b62bcff94f.jpg, 0, 1
90dec1cd-f163-48fd-bcc4-58066e5acb09_90_jpg.rf.006c50f14f74d1c973eafc47cec8e6c1.jpg, 0, 1
1ab90226-8889-4bcd-ad0c-ea01fedaaffd_45_jpg.rf.006c8a792479d4883fdff9d56a34c247.jpg, 1, 0
25365714-d0ec-4a39-aba3-ea056e686ce9_270_jpg.rf.005e4c89ea1a15df5fef75b0e156c54c.jpg, 0, 1
3fa757aa-5f48-4acc-b2d9-edf0d584d79a_135_jpg.rf.00839a5cb4b73fc88e0f7509415bb686.jpg, 0, 1
6f8a29a3-8b83-47d6-8a5b-7baf97fd4469_135_jpg.rf.007de7bbacf071c87d2681c159c12993.jpg, 0, 1
665aeca5-e68c-49d3-ad8d-5755fad74dcf_270_jpg.rf.00903328a889b8a33747ada2a2f3d6b5.jpg, 0, 1
afd44643-9287-4080-934f-7a13c66d9bfd_180_jpg.rf.00949e6543a733c40f9691a3cf1e0580.jpg, 0, 1
687de30d-714c-4d10-9b23-998af950a13a_135_jpg.rf.0097b5d378de7c6c5a7dba47661060e5.jpg, 1, 0
488a316b-07fc-410e-a5fd-84f831acc653_225_jpg.rf.009810d82f45b31ea307efae7c787202.jpg, 0, 1
16117db8-0d07-4950-b684-370b7d0813ec_135_jpg.rf.009726c5afc8232356b9abf19bacf53c.jpg, 0, 1
84f05969-c971-4d44-8df4-3a80a71a545d_135_jpg.rf.00bd890d5ab518bff18fc959bf6246f3.jpg, 0, 1
WIN_20221229_22_45_36_Pro_jpg.rf.00c8180d26d44540526e0ba3e119b02f.jpg, 1, 0
0df87bae-ddf0-49e3-97af-b371d8544547_270_jpg.rf.00d886c2ee59241965a334c0c4bb4993.jpg, 0, 1
8a28aff5-8859-462a-bccf-e8d61dde3eff_225_jpg.rf.00da61a3bb241dcdea3459af1a651b09.jpg, 1, 0
9fc543ac-91f3-43f6-8df6-28bb9709a3e6_270_jpg.rf.00dcd56b530da57a93ca490e67bbd0f3.jpg, 0, 1
WIN_20221229_22_30_35_Pro_jpg.rf.00cfbdb4cdf8e6bb335dffaeab2f630c.jpg, 1, 0
09f44886-0cae-43b1-97fe-d8055d8d3616_180_jpg.rf.00ea4c07a9c781e89b6c0fdc6e18984b.jpg, 0, 1
c6d5a9cd-56bd-4e1a-9ca8-c3562c8140f8_jpg.rf.00e0ee3a1cbdb4ac9c215dac541ae99b.jpg, 0, 1
503a19e2-d693-4ab0-aae9-9181b1789a94_135_jpg.rf.00f3500db8d25e3ee7aae9eae53d2cd4.jpg, 0, 1
WIN_20221229_22_28_38_Pro_jpg.rf.00ffb310ec64929ab3ccd232cf31e47d.jpg, 1, 0
69ab59e3-c1ad-4509-a8b8-bd8e4fac2ae6_180_jpg.rf.00f8afb5562b0b9b41265574ddafc961.jpg, 0, 1
ccd5cdb4-3df2-4b3b-833b-3bdc7d43ee4d_jpg.rf.00f6e3910507a7a71c3e9ca033c806b1.jpg, 0, 1
6e3c83a7-c5c6-46b5-8562-ffa8d99f4bb2_jpg.rf.0105f2cb9bedf2ae8024bd1d8cb386ed.jpg, 0, 1
WIN_20221229_22_06_29_Pro_jpg.rf.0109394b6d14a410e6baa64cd6a58e3e.jpg, 1, 0
73cca509-de66-4cbc-9421-8fcb263fefcc_225_jpg.rf.010ce8d96e37aad9a9bebe96cf02c653.jpg, 0, 1
69fc95bf-f644-4c92-8057-f05146da07f7_270_jpg.rf.011967aba60625884af92bf711751dfc.jpg, 0, 1
085c4ff0-ec11-44e6-b865-d4a8e163bcee_135_jpg.rf.0123ec9af2eb1d630ed974c4eb2b50be.jpg, 0, 1
a70cfd80-0fa8-48c8-ab56-7f7cc8b0bb9b_180_jpg.rf.011b44d4e38d10272c59f2feb60501b4.jpg, 0, 1
92787dc3-1720-41c4-8acc-5c7f3fda0fa5_225_jpg.rf.012b8a9cfc958146ebc83493ab73b0f4.jpg, 1, 0
ba25564d-c23a-450d-b0af-a191ed900fb1_jpg.rf.01308250ca0b4f9ce522dadc947679da.jpg, 1, 0
WIN_20221229_22_08_50_Pro_jpg.rf.014a2b7f8c166797dff5d23665786729.jpg, 1, 0
75fea9b7-7c08-4ea2-bb8d-50096fdf774b_jpg.rf.014ac650f282733cf8b8f75edcc06dac.jpg, 0, 1
80de665e-2077-4a83-9a40-20d2bcaeac43_jpg.rf.013ca168e1c4ece40eb47a60e90b2946.jpg, 0, 1
7a6523d6-ef65-4cca-8160-946936395ede_270_jpg.rf.014bf7cc48f122cc1fb4054f5522a3df.jpg, 0, 1
44c7fb6b-7175-4aa3-98c2-9bc78d8a6f92_135_jpg.rf.014ea75f2fa59da44024412782d117cf.jpg, 0, 1
2b560df3-ff42-4546-a0bd-11ff2ca590e2_135_jpg.rf.015232cc6ad5d1934deba8fa484235e9.jpg, 1, 0
217ac982-fddf-49ae-a311-27cf800d10f0_90_jpg.rf.015d35dceb837a8ea5c69dcd95e809eb.jpg, 0, 1
70f70f97-4a9e-4d42-a08b-3b7d1b9abef8_180_jpg.rf.015632f06f67a4935df524b82dc7b641.jpg, 0, 1
5a3117dc-7932-4c34-ae3f-e5867c98ee0a_180_jpg.rf.015eff496ac1c8b35b6fd0d6d33e35c3.jpg, 0, 1
ae88b11a-3c51-46c9-a74f-4f141d73ed73_135_jpg.rf.0171d61221cc4e3a3f288edce2733b8e.jpg, 0, 1
WIN_20221229_23_35_35_Pro_jpg.rf.0169db6f631bff6b6f11c38dc1050500.jpg, 0, 1
217fef04-2462-4dca-a170-f780b700b17e_135_jpg.rf.01675e5e9f5ae9651b1b9d32928281e0.jpg, 0, 1
WIN_20221229_22_59_27_Pro_jpg.rf.017bee01df675700edd7c7dcf5d65eb5.jpg, 1, 0
01c27009-f681-4495-8d82-599547aba120_135_jpg.rf.01853908670a19989448f35026363b7f.jpg, 1, 0
WIN_20221229_23_20_56_Pro_jpg.rf.018b0348324b8533e37374338dae70fe.jpg, 0, 1
96f68346-9256-416a-a050-9ec4b750ccc6_45_jpg.rf.017fd920ea3dc9927f33cafe7c11ce53.jpg, 0, 1
4737a7d7-5d10-4912-b3e7-c8254a88af02_90_jpg.rf.018e0f5b67cdc89cd181485439f7588e.jpg, 0, 1
WIN_20221229_22_48_59_Pro_jpg.rf.0195a77065f2fd64c55a5a52fee69da2.jpg, 1, 0
4de4ad31-de11-418b-a60d-a7192ea0c98a_225_jpg.rf.01a2913837aec538620812f3b3c7401d.jpg, 1, 0
27f3e57e-469f-4627-8144-2ce3e9d048b7_270_jpg.rf.01a05704336005f8078b304f9d8fb698.jpg, 0, 1
811f5cf3-9a05-4b39-b1b3-174f31f7cec6_90_jpg.rf.01a34e0e894cbe638a17ac63fce4fe5e.jpg, 0, 1
0b521929-1734-47b8-86c9-093445af0697_225_jpg.rf.01aaf65ac21482196751b7221bf9db1c.jpg, 0, 1
WIN_20221229_22_18_40_Pro_jpg.rf.01b5e2bfba63b4cc458a0542ade3a3a9.jpg, 1, 0
33e3e3fe-8e37-4b4a-aa04-ad3864731632_180_jpg.rf.01b588d8ebdd71f3aab5568953aecfce.jpg, 0, 1
706a501b-940f-4252-89a9-1afae476d3b1_90_jpg.rf.01be8294321e3e3c094b8dc557cc2852.jpg, 0, 1
WIN_20221229_23_32_04_Pro_jpg.rf.01d120977d7949ca93ab8d86e4a5793d.jpg, 0, 1
5064456d-d977-4c88-a2f7-613db1f3f19b_jpg.rf.01d2c2327e2b59924b9e34b316f1a7b6.jpg, 0, 1
WIN_20221229_22_09_56_Pro_jpg.rf.01daec596132bfe70f0f832695c10167.jpg, 1, 0
df1a716e-d93a-4e13-8144-399bae44a249_135_jpg.rf.01e42eca0e44777a9f0edd7b7f8f3d1d.jpg, 1, 0
108ca99a-5abc-4dca-8e9e-ad3551748f1a_45_jpg.rf.01e2a57400e1f0db3ef0dc7d11095d71.jpg, 0, 1
80de665e-2077-4a83-9a40-20d2bcaeac43_jpg.rf.01ea1f84f58c667617adefdfb3cd5fc6.jpg, 0, 1
611513d3-0fb7-4068-8cd8-68a9bdb056c4_90_jpg.rf.01b7650d6ba06980df578ece48b3f9c2.jpg, 1, 0
488a316b-07fc-410e-a5fd-84f831acc653_90_jpg.rf.01eed8a0a55dee8c43a19cf1d3c07a8f.jpg, 0, 1
8efe1e18-4032-4f20-996f-60a19c62f547_225_jpg.rf.01f66aa11e83e564528748fe9690a177.jpg, 0, 1
96f68346-9256-416a-a050-9ec4b750ccc6_270_jpg.rf.01f57c831223de06a4e552f9f0144af5.jpg, 0, 1
108ca99a-5abc-4dca-8e9e-ad3551748f1a_135_jpg.rf.01f8a4480a480f177d6497cad71b60b3.jpg, 0, 1
9ef0276c-3a70-4027-8d1d-2503df2e9f56_225_jpg.rf.01f4e0f303989ce51eb42a7d3c323aa8.jpg, 0, 1
16179c8f-5a02-46d2-bcf1-145bf553fc58_90_jpg.rf.01fa962357fbae4c4898b74502b6c856.jpg, 0, 1
WIN_20221229_23_36_07_Pro_jpg.rf.0207b35cc8d51bb932a5ea1fca0da18e.jpg, 0, 1
507e6cd8-2041-47e5-b174-28a6d9328985_135_jpg.rf.02058264bdfdbe06243773cb130ac505.jpg, 0, 1
0dab9689-2c2d-4dc6-bb71-db1b6d82cb17_135_jpg.rf.020cae0081635481832d85e73f93cf77.jpg, 0, 1
96f68346-9256-416a-a050-9ec4b750ccc6_270_jpg.rf.020a6c7b7f13756189180865bb3d795a.jpg, 0, 1
87e64a68-c898-4474-bd57-1e570902862f_jpg.rf.021a2109a60fd836b9280b359cca10b8.jpg, 0, 1
ac755961-63a0-4e01-b87e-eacd0b5d7899_225_jpg.rf.021adc9f561c598c970e7f5241cccddc.jpg, 0, 1
b4b3a28f-aee8-402c-856a-b09db5dbeb4a_180_jpg.rf.0220ef1660d033f853331d8f41cd8da7.jpg, 1, 0
a57c3779-84b6-494f-a396-47718417b914_180_jpg.rf.0223434aa6754e26a1299130c971f75d.jpg, 0, 1
92810cd4-1652-4556-bc0b-b2e953449143_135_jpg.rf.0221fda4b1502531070ddb46dac81725.jpg, 0, 1
70be0397-922c-4185-bb84-728b59ab25f8_90_jpg.rf.022cdd0e08a3ae5336eb680bff70a83a.jpg, 0, 1
108ca99a-5abc-4dca-8e9e-ad3551748f1a_270_jpg.rf.0234a0eec293fa7a74b42f772245d11d.jpg, 0, 1
0fbac742-48ee-4857-ab82-3318c8fbdcb8_270_jpg.rf.0225aaa6c8e8036c32af29a90cebaf22.jpg, 0, 1
c6d5a9cd-56bd-4e1a-9ca8-c3562c8140f8_135_jpg.rf.0238aa20ff467885c30580f5da91d87d.jpg, 0, 1
WIN_20221229_22_31_40_Pro_jpg.rf.0239345e679fc772017b22d950fe85fb.jpg, 1, 0
8a28aff5-8859-462a-bccf-e8d61dde3eff_135_jpg.rf.0252037eafe1d0d7fea7fb3ff74b0b6f.jpg, 1, 0
8ddce3ce-bc64-4942-93aa-940868007f64_135_jpg.rf.0252bf80f61de60426d07ee9baee4130.jpg, 0, 1
09f44886-0cae-43b1-97fe-d8055d8d3616_270_jpg.rf.0236cd69caa9701ea4b517f58d4d737f.jpg, 0, 1
76a872d2-5c22-4f33-82b4-18c0f78e1a1b_270_jpg.rf.024a87894bbded6e64c1e1c6cca91361.jpg, 0, 1
00a9637f-e5c9-4522-8d19-d6b3e8bae3f3_180_jpg.rf.0269a58c4b98c10d1ce16d69fd7deb5a.jpg, 0, 1
WIN_20221229_22_40_53_Pro_jpg.rf.0270a01dab4f893f0ec846ed7499adec.jpg, 1, 0
93bde728-be7b-4af0-a18e-67f00d6fdcac_135_jpg.rf.0273dea56d65fac031125f5b7b3ecbe6.jpg, 0, 1
2d398321-1a08-4aec-98b9-eb3301da9d79_180_jpg.rf.0270fe7e6302560c478a6684f4d72245.jpg, 0, 1
75a3c3df-b678-4a55-aa92-02be5879a4cd_225_jpg.rf.02755b0864c6439f6cfedf9ec36d19e1.jpg, 0, 1
2abea0f5-7c2a-4519-88c1-d33080ac7db2_180_jpg.rf.028de8927f40d83af2fa99a790073173.jpg, 1, 0
76d57cee-bb5c-4631-b737-fe16b92c2a28_90_jpg.rf.0279375f7a3fb7a153bfdfdae6ac66ca.jpg, 0, 1
WIN_20221229_22_04_44_Pro_jpg.rf.028e09c7a423c0ebe4bafea3c8d4386c.jpg, 1, 0
61e87bb2-b69a-4d10-afa1-6c1a3d0291df_270_jpg.rf.0284b7ccf3214d0f7db6e72f85eae1c3.jpg, 1, 0
217fef04-2462-4dca-a170-f780b700b17e_270_jpg.rf.028e2ed7e207630ef837fdfdfe3d9492.jpg, 0, 1
WIN_20221229_23_26_54_Pro_jpg.rf.0296f69eaffc5d4abc98c95c91fb8211.jpg, 0, 1
69ab59e3-c1ad-4509-a8b8-bd8e4fac2ae6_90_jpg.rf.0293e09f168be9d1b9a95198d032c241.jpg, 0, 1
ef757b72-613c-4d8f-b8e0-a3564581cb0f_jpg.rf.02a29bb763f679cb0f668c515b9f01b9.jpg, 1, 0
80c4e3b8-9502-4216-aad1-1b5f6f3d6b72_180_jpg.rf.02ac033d5f8a8c209763eebb4b5247a1.jpg, 0, 1
61e87bb2-b69a-4d10-afa1-6c1a3d0291df_90_jpg.rf.02ac3753d348a3e4968efe0012fa4570.jpg, 1, 0
8e753e61-dd28-45b8-aa64-e6c1e71bd812_270_jpg.rf.029a23c88817d91442d593f9d80db59a.jpg, 0, 1
adcb9cef-245f-4674-bd16-4c8ad789d0a8_90_jpg.rf.02af3a23b95fba8de96c5608fe11e5af.jpg, 0, 1
1af687ed-553d-491e-a213-8ddfbfea61ec_jpg.rf.02ba722c2ab4d3916cdca2330a27d827.jpg, 1, 0
92fe0088-90bc-4eaa-8567-a9b3ad0645e8_90_jpg.rf.02be7d4f766cae3f88675ff6cc2cb0c6.jpg, 0, 1
499ce0e3-7fe4-4fd4-bd8a-5aa00aab3f43_135_jpg.rf.02c520262949fd27b50e11ed551554e0.jpg, 0, 1
81d526fb-cb95-4b9d-a013-dad7b3f083b3_270_jpg.rf.02cb85c8265987b76b1c17546cc7fc2f.jpg, 0, 1
09f44886-0cae-43b1-97fe-d8055d8d3616_jpg.rf.02d88a4042b3c34bf401d0941c4cb46f.jpg, 0, 1
d65589fa-33dc-4e7f-9d37-a8763424d061_180_jpg.rf.02d43f26e9bcd5df2d86398491812320.jpg, 1, 0
57ab1fc0-e755-40c3-82cb-cce0684f11f4_225_jpg.rf.02da722592b3fbf65f68506c6a087347.jpg, 0, 1
15fd3442-e84f-4c27-952b-ec415fe777d6_jpg.rf.02e3a2f676b5c883e0a45d7a449b64cd.jpg, 0, 1
8e753e61-dd28-45b8-aa64-e6c1e71bd812_jpg.rf.02e1272c25d037ea70e6b2ad9b81cae9.jpg, 0, 1
507e6cd8-2041-47e5-b174-28a6d9328985_jpg.rf.02e49ce0c1e97e35daab3686fa40d554.jpg, 0, 1
226b7023-757d-4c11-9b59-a0e8f02e5274_90_jpg.rf.02ea321ddf190608c89e0b3e5443bdf9.jpg, 0, 1
5aa96b87-9a19-4beb-971d-21bde07a9a0b_225_jpg.rf.02f9d7abe8f1554f88ec6628df59dbca.jpg, 1, 0
3fa757aa-5f48-4acc-b2d9-edf0d584d79a_180_jpg.rf.0308ab083831e0f12a2d4ea7a00a0b09.jpg, 0, 1
c6d5a9cd-56bd-4e1a-9ca8-c3562c8140f8_270_jpg.rf.030ddfa028e470b461f04df1ecad03cd.jpg, 0, 1
24a200ea-e903-4bcd-aee1-fb26e7bfd757_jpg.rf.0313c5ec3619d64219dfe68ede0b202d.jpg, 0, 1
5c99f964-3704-402c-aa2d-42bd2fbacf4f_45_jpg.rf.0318d12db61cdda2e25fc8c2a0eb7b3a.jpg, 0, 1
220fcc53-6ef7-45d1-8122-fa1c19ca9ec5_45_jpg.rf.0315d4a656f30b5ac3fe10956682340e.jpg, 0, 1
0d2a4a7e-7b37-49eb-9ad6-8faaf457ad82_jpg.rf.03197b4ca641ed21c532a6810019c02f.jpg, 0, 1
2d398321-1a08-4aec-98b9-eb3301da9d79_270_jpg.rf.0324bf22e22b8e03c8667d366227136e.jpg, 0, 1
642d6f5f-fa24-4c18-b7b2-6b24334629a3_90_jpg.rf.0345747e93bedb9f1250c30a607e189a.jpg, 0, 1
40cbb123-b3d1-4546-aa26-2fdd1090b075_jpg.rf.03449e1a7ac49b9a6e51315cd2cf133a.jpg, 0, 1
600d2167-2072-4825-9516-6c13af9fc382_180_jpg.rf.032fc18aeb36a27b301c5d82cf4c9196.jpg, 0, 1
f206736f-e48f-4e12-b367-144752c744e6_225_jpg.rf.034dd31802f3640553ce22dac38cfb76.jpg, 1, 0
6e3c83a7-c5c6-46b5-8562-ffa8d99f4bb2_jpg.rf.03554bf7ad44ab2345cbba85cc42c3ab.jpg, 0, 1
80de665e-2077-4a83-9a40-20d2bcaeac43_45_jpg.rf.0356d080cad07bdf2844fe22dab0a638.jpg, 0, 1
d4ea5845-ed1c-4bcd-b615-557884bb64c2_225_jpg.rf.0353f3533428e8fda1c7d8e570e559b8.jpg, 1, 0
708fb576-4b86-4d50-a652-cc0d64f5407a_180_jpg.rf.035a02685ef2e79637dfb3e6b0c1ba0e.jpg, 0, 1
ba23ca74-9f22-43fe-8e97-1aaac5891d8d_jpg.rf.0317e6f4680e1693e2e8a5d1cb4223b4.jpg, 0, 1
5a3117dc-7932-4c34-ae3f-e5867c98ee0a_jpg.rf.035d9cafa2868e39f70fe70d66b482d0.jpg, 0, 1
c01c35d2-7769-4a57-abff-c52f7def3900_45_jpg.rf.036d14460585117d4ac6e4e35ef8ae37.jpg, 1, 0
0df87bae-ddf0-49e3-97af-b371d8544547_45_jpg.rf.03613b64aa6c3fbd72346b7dd3eebf2c.jpg, 0, 1
a57c3779-84b6-494f-a396-47718417b914_135_jpg.rf.0383e75fa48687dd28262d6c853e11c2.jpg, 0, 1
4dcbce83-654c-4125-9939-c4398187533a_180_jpg.rf.038c88213e6979bb7337756eb35671be.jpg, 1, 0
0c4d65e5-1985-47b2-8252-616ed898bd7c_225_jpg.rf.0393a5931201b50d45371a1d88c2127c.jpg, 0, 1
811f5cf3-9a05-4b39-b1b3-174f31f7cec6_180_jpg.rf.0377b6049146c8189ec8fb6483d2708b.jpg, 0, 1
91b94861-b751-4b86-b7a3-f6b2e3dbbd89_90_jpg.rf.0395f22b357d4c3960f94a7da426c4c4.jpg, 0, 1
39c71820-6b5b-499e-b2c6-a957f48c62fa_180_jpg.rf.039d938a3cdd0dd0c060ec5524c5e052.jpg, 0, 1
4dcbce83-654c-4125-9939-c4398187533a_jpg.rf.03b7446e03b03ccfdf0a89202d74dee4.jpg, 1, 0
80c4e3b8-9502-4216-aad1-1b5f6f3d6b72_270_jpg.rf.03782f0aae08932c808c6633f0f10928.jpg, 0, 1
dc2bb2f5-03e1-46c1-9886-bda5f5bee11b_270_jpg.rf.039c4d615a095b21f6fc328c35c32661.jpg, 0, 1
d141258d-4b06-4d47-9e08-82edbd725dd1_180_jpg.rf.03be46a4ea9ea588834d0973fbb21418.jpg, 0, 1
1f4613ea-1b60-4092-876c-1a474a8c51b9_225_jpg.rf.03c525a3eb615683ef35882ae7c150e9.jpg, 1, 0
61bd5e75-cfb1-47e8-b4be-24447913359a_90_jpg.rf.03c81c3141f090f5180a27b6f1739768.jpg, 0, 1
898d6980-0ea3-4451-82f1-3bdabc8c6d9d_jpg.rf.03be302a8cdd7e66adb62f46f3dc7c5f.jpg, 0, 1
91e77c81-f2eb-4358-81d6-eea2509ae443_135_jpg.rf.03c93e6dc3b21b5cd2e2dac6e399fdee.jpg, 0, 1
53f913e3-941b-4772-8446-2bad471e22b0_135_jpg.rf.03d139b30b2a8e06bf42cc3f7d962006.jpg, 0, 1
2b3fa5f4-98bb-4565-b461-8ebc3db528ca_180_jpg.rf.03cea8381759c4cce3cc8bebb1c518b0.jpg, 1, 0
15f5d196-2633-4a7b-9102-b33c659c6024_45_jpg.rf.03d2ebd7ba02a5d987199c497dfdd559.jpg, 0, 1
811f5cf3-9a05-4b39-b1b3-174f31f7cec6_135_jpg.rf.03d3406e868b41ca448055572f95c305.jpg, 0, 1
41cfc0a3-c4ad-4285-9951-7a37d79f1c17_270_jpg.rf.03d435a763c3b57521c0c4baa084102c.jpg, 0, 1
11037d07-18b3-4fc4-8025-f06dcbc0500d_270_jpg.rf.03ead62c7cf5cd67394917ffa34c4a7a.jpg, 1, 0
WIN_20221229_22_40_07_Pro_jpg.rf.03f2192b7da9697d12ad5c4e866e424d.jpg, 1, 0
9aa3d151-a2d6-4d13-ad4f-f133f4552c4f_270_jpg.rf.03f0582e9508fc7aa7ed73fb44ea1766.jpg, 0, 1
a936c90a-8f24-4289-b10b-4830ac9f3019_270_jpg.rf.03f2bdc498d79be75286e9bb7a14cf31.jpg, 0, 1
92810cd4-1652-4556-bc0b-b2e953449143_90_jpg.rf.03fbe1348c1480461f3a7b72543ec0de.jpg, 0, 1
87595b49-d19a-4221-8418-57ee268de2d5_270_jpg.rf.041241ffd2aa5343dea89a50acb864b0.jpg, 0, 1
2b3fa5f4-98bb-4565-b461-8ebc3db528ca_45_jpg.rf.0426d84483d561e3c1b308fd5198b252.jpg, 1, 0
01aff576-d811-4858-bc7b-e66af9db530f_225_jpg.rf.041e3d434937618f81be375326113efa.jpg, 1, 0
488cb81f-a17e-44b8-bd1b-0e709bee4a92_135_jpg.rf.043206c3306e5a8a7821cf246f21272b.jpg, 0, 1
7a6523d6-ef65-4cca-8160-946936395ede_135_jpg.rf.0428a6896659e1807dc7ffca64031ee5.jpg, 0, 1
0c04b448-fe60-4b89-bf5a-b18fe90a5870_225_jpg.rf.043728669e221185ac5cd33522e27dd2.jpg, 0, 1
76d57cee-bb5c-4631-b737-fe16b92c2a28_90_jpg.rf.0436f43e1357efba722166acaa12ec57.jpg, 0, 1
80c4e3b8-9502-4216-aad1-1b5f6f3d6b72_180_jpg.rf.04398dc823dd3c38c66b212e4fa6d9d2.jpg, 0, 1
01c27009-f681-4495-8d82-599547aba120_225_jpg.rf.043a50447797c37c1cbc899f89af7920.jpg, 1, 0
4461774a-c193-43e6-9849-19c25ad533fb_90_jpg.rf.0447f772709b92fc4abd408da13c258a.jpg, 1, 0
92a893f4-8dd5-4f4a-9864-08811d4ed00a_180_jpg.rf.043b30cb3bb6a6409324a460896c9762.jpg, 0, 1
WIN_20221229_22_28_19_Pro_jpg.rf.04497587255fce02c4d52efcfaeba059.jpg, 1, 0
60f07eaa-f4a0-4939-9882-acce7b2ee256_180_jpg.rf.04545e337e66a135b8db6d85c4e11804.jpg, 0, 1
217ac982-fddf-49ae-a311-27cf800d10f0_270_jpg.rf.04573b25d1ead0ed82484c1e8e4d8e51.jpg, 0, 1
afd3edfe-e4fe-4715-8429-5af060c5f0d9_225_jpg.rf.045b67ce58e1733d4eed3173aeb598ab.jpg, 0, 1
2b3fa5f4-98bb-4565-b461-8ebc3db528ca_45_jpg.rf.0466e23396c132c57f2e151de362f3b0.jpg, 1, 0
5a3117dc-7932-4c34-ae3f-e5867c98ee0a_90_jpg.rf.0468f57a5b7d10050af63f7db0aafbf5.jpg, 0, 1
WIN_20221229_22_23_45_Pro_jpg.rf.0462457e2ccbe6b654371ded144aa431.jpg, 1, 0
0c4d65e5-1985-47b2-8252-616ed898bd7c_180_jpg.rf.04714577f3cf5cadf739d34d90ea03b9.jpg, 0, 1
90ecbd63-5a3d-4c6b-bd34-594c7c6a2d40_45_jpg.rf.047180bb1de8eba0e85cc0fc34f49071.jpg, 0, 1
5d5357ec-e4b0-4f32-a45c-2dca5338324d_90_jpg.rf.047553c35e97327182450fa0d7c31b18.jpg, 0, 1
70be0397-922c-4185-bb84-728b59ab25f8_180_jpg.rf.047a432991c3c1ee381d93d3344f334d.jpg, 0, 1
2a99660b-f767-40aa-937f-c4cd68d2ceac_jpg.rf.047d797a024ca04653b20c38af6028bd.jpg, 0, 1
a36b24dc-58f1-4270-b642-3bb7ec46de0f_225_jpg.rf.048849e0834e075de83170bc96a56b85.jpg, 1, 0
dc2bb2f5-03e1-46c1-9886-bda5f5bee11b_45_jpg.rf.049a2aea05a9c1fffafb89528c21b10c.jpg, 0, 1
5064456d-d977-4c88-a2f7-613db1f3f19b_90_jpg.rf.049caeb865ebaf8f08126cf9636fc450.jpg, 0, 1
11037d07-18b3-4fc4-8025-f06dcbc0500d_90_jpg.rf.04a00ea77001d220b5cc2c4c1bcc3e0f.jpg, 1, 0
87e64a68-c898-4474-bd57-1e570902862f_135_jpg.rf.049acae3680ca70b6c6ad5eb80d7c7ca.jpg, 0, 1
afd3edfe-e4fe-4715-8429-5af060c5f0d9_jpg.rf.04ab4439f87de54a0b6c3d47a29dd355.jpg, 0, 1
53f913e3-941b-4772-8446-2bad471e22b0_180_jpg.rf.04b6ba0d6ff37625ab7147e13ea61302.jpg, 0, 1
66ba2553-31f1-473c-9602-d2df0c1bb3f0_225_jpg.rf.04c0e79b7e941f21428c0df8bf8be10f.jpg, 0, 1
WIN_20221229_23_00_26_Pro_jpg.rf.04c09ec491f120ea0920ec33ca8d0cad.jpg, 1, 0
a70cfd80-0fa8-48c8-ab56-7f7cc8b0bb9b_135_jpg.rf.04c45b3291db431a1fd352e176d073f7.jpg, 0, 1
69ab59e3-c1ad-4509-a8b8-bd8e4fac2ae6_180_jpg.rf.04d1c3527eaadcc336ef81fe37cb784e.jpg, 0, 1
06b95f3f-e2f5-4f58-95b1-6f9024e8e5d7_jpg.rf.04d151ee48ab23731b32ee104e73e627.jpg, 0, 1
97e4c08e-3475-4d77-8b54-a2231e38f6a2_135_jpg.rf.04d4e2bff0aeecfbcecc83bc86134de6.jpg, 0, 1
5671fc02-681e-4da8-826f-c1a0b2dc5870_180_jpg.rf.04e5db8e764ab54921287591b6e1978b.jpg, 0, 1
91fd5e6d-6fa7-45ec-b8dd-a390713a150f_135_jpg.rf.04e16e5a3ef0db4a2fa627b673e38a96.jpg, 0, 1
8d331829-b225-451b-8aaa-89058c62faf5_45_jpg.rf.04cca3af5863828c7372c021ac0abd05.jpg, 0, 1
8d331829-b225-451b-8aaa-89058c62faf5_180_jpg.rf.04ea9a87b416d52c6fd69937e1efbad0.jpg, 0, 1
84f05969-c971-4d44-8df4-3a80a71a545d_180_jpg.rf.04ebf484dd8fe4434b36306b592acd11.jpg, 0, 1
7089d907-9aaf-459e-ae22-53962285fbc8_270_jpg.rf.04ded24bf94c99f78dd7fb874f9e69c7.jpg, 0, 1
226b7023-757d-4c11-9b59-a0e8f02e5274_270_jpg.rf.04eee6f5e7cd41823386f38d2fc28bb1.jpg, 0, 1
859bbe6e-7f46-4b86-acd1-86fea679de36_90_jpg.rf.04efbeab46e747c72dc8cd1aa141f7fd.jpg, 0, 1
60f07eaa-f4a0-4939-9882-acce7b2ee256_45_jpg.rf.04f903e190683d16ddf26e37c99c6145.jpg, 0, 1
4737a7d7-5d10-4912-b3e7-c8254a88af02_225_jpg.rf.05093ef3d1712b9e2b1c324045a7d87c.jpg, 0, 1
fbe4f519-6225-4168-bcf9-4ccc4d0d82bf_225_jpg.rf.0503caa305a48e8b9161071ef0625d84.jpg, 1, 0
5522f66d-ad72-48d5-9767-5e7b23f6a206_jpg.rf.0515bb245266ce94453efeb14cd02fbe.jpg, 1, 0
120bdf6d-39ea-4df8-b8a7-1a4362423b28_jpg.rf.052d947bf016569845cc7dd985fc48d8.jpg, 0, 1
5c99f964-3704-402c-aa2d-42bd2fbacf4f_270_jpg.rf.0546a3f3939fb106d2fcffd1c9afabf2.jpg, 0, 1
WIN_20221229_23_30_09_Pro_jpg.rf.051ff589ee3753655ac32877091fdf3c.jpg, 0, 1
a968e0be-061b-40ae-801e-5e286dcbb663_270_jpg.rf.05588aef8be8f9463d2b6bc00f6ac4c9.jpg, 0, 1
4de4ad31-de11-418b-a60d-a7192ea0c98a_45_jpg.rf.053c200c2ad425dd033cf1aacbf174cc.jpg, 1, 0
WIN_20221229_22_03_41_Pro_jpg.rf.055aed0e3c363f6b89ebb4c308157ab2.jpg, 1, 0
53f913e3-941b-4772-8446-2bad471e22b0_jpg.rf.057f33b24e629853fb93ebcc1e440b1c.jpg, 0, 1
a936c90a-8f24-4289-b10b-4830ac9f3019_jpg.rf.05760acb781a6ff29a37a92198594e75.jpg, 0, 1
WIN_20221229_22_08_20_Pro_jpg.rf.055aab39c0dc12717abad240184d7a23.jpg, 1, 0
6181c79d-f063-4fa4-be90-ae376d6b3bdc_225_jpg.rf.0584d4841a6d5dfbaac6f58f90be4641.jpg, 1, 0
5d06dc79-9d5c-46d0-a720-e4898e65949c_180_jpg.rf.058604bad1ea22cfc90c924df8bc5145.jpg, 1, 0
WIN_20221229_22_06_00_Pro_jpg.rf.0588974aff4544a4bdef114a0a00ec9b.jpg, 1, 0
92810cd4-1652-4556-bc0b-b2e953449143_90_jpg.rf.058e80be1dac9b9e909354f4aed45f44.jpg, 0, 1
WIN_20221229_23_08_22_Pro_jpg.rf.058ffcc68cebb00c50ae332124677800.jpg, 1, 0
92787dc3-1720-41c4-8acc-5c7f3fda0fa5_225_jpg.rf.05902a3a02d804a15744541b35fca888.jpg, 1, 0
75a3c3df-b678-4a55-aa92-02be5879a4cd_225_jpg.rf.0595bfd97175b6899750b4311beb16dd.jpg, 0, 1
7e2e4fb2-dc94-46c6-a203-0db83ca84e81_45_jpg.rf.0598f9a40e4a7fb3f8dbc21393103ff2.jpg, 0, 1
1acf8679-d50f-446c-b806-def7d073e244_135_jpg.rf.059da364ad20af3645803f3d0d71712d.jpg, 1, 0
2a99660b-f767-40aa-937f-c4cd68d2ceac_180_jpg.rf.059e68f8816bd564e75ee062a44c1030.jpg, 0, 1
69ab59e3-c1ad-4509-a8b8-bd8e4fac2ae6_270_jpg.rf.0592b024efca61031e4b4f9f543f2a2c.jpg, 0, 1
57ab1fc0-e755-40c3-82cb-cce0684f11f4_225_jpg.rf.05c964e0a176fbdd184f6efcd67ca9af.jpg, 0, 1
01aff576-d811-4858-bc7b-e66af9db530f_135_jpg.rf.05c1e183d339e10c235a0f077b8e46ba.jpg, 1, 0
WIN_20221229_22_50_13_Pro_jpg.rf.05a33e98d8f15cdbd7ef0c671b645cb4.jpg, 1, 0
764af58e-c590-444a-aefd-b4bc11f74c40_225_jpg.rf.05cfdc149f4b13f04d8f6c9719b22461.jpg, 1, 0
5d5357ec-e4b0-4f32-a45c-2dca5338324d_180_jpg.rf.05d2a032676009cbe95f71ba35a8b87c.jpg, 0, 1
91b94861-b751-4b86-b7a3-f6b2e3dbbd89_135_jpg.rf.05df1805ec8df55688be0547f9c4087d.jpg, 0, 1
805c86e2-7416-44fc-b8aa-f663db39cf8a_90_jpg.rf.05df86986b2fef94020c4be5ef058235.jpg, 0, 1
d141258d-4b06-4d47-9e08-82edbd725dd1_270_jpg.rf.05e515de2270d43128601386cca2c814.jpg, 0, 1
1d4ead22-cc06-4fa2-9784-d9257f24ef86_90_jpg.rf.05e5d822690bb2a2dac85e4e4eca50a6.jpg, 0, 1
8e753e61-dd28-45b8-aa64-e6c1e71bd812_jpg.rf.05fc8b7bebcb8deb5f1d7a38031d6cbe.jpg, 0, 1
1b05898a-3be4-4b9e-b4a0-6d23dfdaabf0_45_jpg.rf.0603f05d8da37e3fe461904cae554db7.jpg, 0, 1
80de665e-2077-4a83-9a40-20d2bcaeac43_180_jpg.rf.05fcc0adf248c3b09d95e8422a4172a0.jpg, 0, 1
600d2167-2072-4825-9516-6c13af9fc382_225_jpg.rf.060924cbc2f6051f13adf66f1f813337.jpg, 0, 1
217ac982-fddf-49ae-a311-27cf800d10f0_45_jpg.rf.0616fc91f42ffafc035b7b88f68a0635.jpg, 0, 1
69fc95bf-f644-4c92-8057-f05146da07f7_90_jpg.rf.0615ce0bc684ea4f8fa634d9bf87a369.jpg, 0, 1
82743c35-e968-47ee-93f6-95270352fe13_90_jpg.rf.0622b04db339b716510009c6e0c27b81.jpg, 1, 0
708fb576-4b86-4d50-a652-cc0d64f5407a_270_jpg.rf.0624ad305787ef63ced690038c3912d7.jpg, 0, 1
15f5d196-2633-4a7b-9102-b33c659c6024_270_jpg.rf.062bd11cc58e5060aaba6b511f3bd069.jpg, 0, 1
WIN_20221229_22_34_44_Pro_jpg.rf.06289a46979007ecfc9eb3f07329d661.jpg, 1, 0
09f44886-0cae-43b1-97fe-d8055d8d3616_225_jpg.rf.063154ba6c5b6b59fe64e232be30a1ed.jpg, 0, 1
9fc543ac-91f3-43f6-8df6-28bb9709a3e6_270_jpg.rf.0624deb288da211bdd093df860e73020.jpg, 0, 1
87ad76a7-bd79-4c43-86bb-4db4498e10f1_225_jpg.rf.063ae572303b41ae5bb51bfafd68ce42.jpg, 0, 1
87595b49-d19a-4221-8418-57ee268de2d5_jpg.rf.063558965d2cfbb205e82c968f7d19ad.jpg, 0, 1
WIN_20221229_22_50_46_Pro_jpg.rf.063b05caef56aaded88ebbbaa67457d1.jpg, 1, 0
108ca99a-5abc-4dca-8e9e-ad3551748f1a_225_jpg.rf.06485851ad539b65aa8813b012420247.jpg, 0, 1
488a316b-07fc-410e-a5fd-84f831acc653_90_jpg.rf.0651bd0282bb987a592e5b2e908a61fc.jpg, 0, 1
223d92bc-5ef8-450a-86d6-ab5d6e8c5b3e_225_jpg.rf.0660e2f3f714fa3904fdfd761a8e0f94.jpg, 0, 1
0b521929-1734-47b8-86c9-093445af0697_135_jpg.rf.064c5f4938735d02e2a86813357354cf.jpg, 0, 1
9a5fc62c-6820-4cb6-ba66-1063e612d144_225_jpg.rf.0656b889bd3e76aa42f553d7b7faf095.jpg, 0, 1
7e2e4fb2-dc94-46c6-a203-0db83ca84e81_135_jpg.rf.0663a56909d996f1215a43737dc4a32a.jpg, 0, 1
WIN_20221229_22_40_53_Pro_jpg.rf.06673526cadfc28fd28c0316f3720c5f.jpg, 1, 0
40cbb123-b3d1-4546-aa26-2fdd1090b075_135_jpg.rf.06623083a766c718d7e56cbd94c7a16e.jpg, 0, 1
2be59dd5-7793-413c-96cb-c40098eba6f6_180_jpg.rf.06743bfc93d498bd412df7096ad18773.jpg, 0, 1
2a99660b-f767-40aa-937f-c4cd68d2ceac_90_jpg.rf.066b853bd1ad75e3490be2012874155d.jpg, 0, 1
4fac26f2-1588-4362-9e73-ffe2e8791cbb_90_jpg.rf.067bcff860ffc4b85dc69d0399683b5e.jpg, 1, 0
a4b1b05e-8f9a-4f68-98fe-52dd9e2a9663_270_jpg.rf.067e57b005ac101d8c1c619c499c7f98.jpg, 1, 0
0d2a4a7e-7b37-49eb-9ad6-8faaf457ad82_jpg.rf.068058d6dd511eba7686728544ff67f0.jpg, 0, 1
WIN_20221229_23_24_31_Pro_jpg.rf.068651ba455b40e771df536ebdc5910f.jpg, 0, 1
5aa96b87-9a19-4beb-971d-21bde07a9a0b_225_jpg.rf.06830a2ab1a75482a5edfbb74e5bb5cf.jpg, 1, 0
84c8c90b-b9c3-4290-bdff-f1946a11050a_45_jpg.rf.068cfb4c838ed632946cdfc53a1c54d9.jpg, 0, 1
1af687ed-553d-491e-a213-8ddfbfea61ec_270_jpg.rf.068ae369ce55f001631f4d60d96a55ee.jpg, 1, 0
de7c5c69-6255-4087-9565-1732a07c986d_225_jpg.rf.068fd58a57a3e2d2668df81e3d325567.jpg, 1, 0
92787dc3-1720-41c4-8acc-5c7f3fda0fa5_225_jpg.rf.069403512b13965fb74ee21c0f037cb2.jpg, 1, 0
WIN_20221229_23_03_07_Pro_jpg.rf.0690b6eb8525a7833c745fdc89e99689.jpg, 1, 0
5d105570-fd52-46cd-a90a-9dfa42ef878a_225_jpg.rf.069a14a55193f0d08fc22c766b954679.jpg, 0, 1
33e3e3fe-8e37-4b4a-aa04-ad3864731632_90_jpg.rf.06af8dd279de2d26366cc39073e57c5b.jpg, 0, 1
2abea0f5-7c2a-4519-88c1-d33080ac7db2_180_jpg.rf.06af441680b91c2102bbda4ffb3e0e45.jpg, 1, 0
73cca509-de66-4cbc-9421-8fcb263fefcc_180_jpg.rf.06cd17143067c88a3b39a3d2c1a9ef98.jpg, 0, 1
8bfe69f8-33fd-4fea-8a42-c821ffd94be0_180_jpg.rf.06ba26e2ad0e1b24305ebaa2af51adb3.jpg, 1, 0
6b30113e-141c-4956-964b-7b64918f694b_135_jpg.rf.06da69cc0b3342fea4adcb50f60c633f.jpg, 1, 0
6cdbe5d2-04bc-4a25-b1a0-be0a00a136ae_45_jpg.rf.06df62290f013d7e01fd013c3c860373.jpg, 0, 1
2c59ee70-dc1c-4de3-83ab-aa36a5fb92c9_270_jpg.rf.06e2257576f7a852176d8769db56171a.jpg, 0, 1
41ab7cda-4c88-47b8-98da-0c6ee6e07325_180_jpg.rf.06f84950c6f5a6e2947f3ec7fc45ebd0.jpg, 0, 1
15f5d196-2633-4a7b-9102-b33c659c6024_270_jpg.rf.06fccbf280ce664e76c4971ed40b9352.jpg, 0, 1
WIN_20221229_22_28_19_Pro_jpg.rf.06fc8917e94e781ba1c1f084b138a78f.jpg, 1, 0
dc2bb2f5-03e1-46c1-9886-bda5f5bee11b_270_jpg.rf.06fa2f65ef2ced550b1845c91c282aaa.jpg, 0, 1
5d105570-fd52-46cd-a90a-9dfa42ef878a_225_jpg.rf.07023a51cfba8cd2ee74b8381a287e0b.jpg, 0, 1
665aeca5-e68c-49d3-ad8d-5755fad74dcf_180_jpg.rf.0703caa7ef04a13f7b81a206a923328a.jpg, 0, 1
4dbf4259-4cc3-4ff3-8768-970703c6c8f9_135_jpg.rf.07044889ea6b07c0e9ea065e87d266ff.jpg, 0, 1
217fef04-2462-4dca-a170-f780b700b17e_135_jpg.rf.0711f567e201a93211288249dc0215bc.jpg, 0, 1
81d526fb-cb95-4b9d-a013-dad7b3f083b3_270_jpg.rf.0712fe3c5ebed04cd62a8789adbc28c7.jpg, 0, 1
52eb9c86-9714-4fb7-bc45-cbbe25a2b444_270_jpg.rf.0715706f763edb71f88f2cfd26f012a6.jpg, 0, 1
96383b0f-647d-4d8b-aae4-c525fb9365d6_180_jpg.rf.07160ed6bf1e27e9af0795c9c6ec38f4.jpg, 0, 1
7a6523d6-ef65-4cca-8160-946936395ede_jpg.rf.0717c8faa80bd543d59b8298787b1339.jpg, 0, 1
00137db3-94aa-4aa5-aa3b-e3e09d6a5ef5_135_jpg.rf.0718703d32a59fb25f56a74718963e6c.jpg, 0, 1
24522061-cd21-4507-92da-432712838d1d_225_jpg.rf.072452f4c579dff3df91be9f1fbf2ecb.jpg, 0, 1
2a99660b-f767-40aa-937f-c4cd68d2ceac_180_jpg.rf.072eedebb87bdab947d8590e32da531b.jpg, 0, 1
9dd803f6-3218-4e96-ad6e-55b3d36e8470_135_jpg.rf.072d5234a9feadbc88028662c9a7c8c3.jpg, 0, 1
fbe4f519-6225-4168-bcf9-4ccc4d0d82bf_45_jpg.rf.0730355a50d1caf48b13c7577ed31fac.jpg, 1, 0
WIN_20221229_22_23_15_Pro_jpg.rf.07353b33b1678e5edaf7291e95dcc47a.jpg, 1, 0
afd3edfe-e4fe-4715-8429-5af060c5f0d9_135_jpg.rf.073f30de2f4b6511a3270e8ef403a343.jpg, 0, 1
5d06dc79-9d5c-46d0-a720-e4898e65949c_270_jpg.rf.073e1a2164e6f43fede3eebaeee29db3.jpg, 1, 0
24522061-cd21-4507-92da-432712838d1d_135_jpg.rf.0740456c6899c443bc405402a7b2bc27.jpg, 0, 1
8a28aff5-8859-462a-bccf-e8d61dde3eff_jpg.rf.074bf6a09b03d3712f279370b0d4374f.jpg, 1, 0
256d7e4e-e47b-466f-adb1-051bda40d918_270_jpg.rf.07633da1356f707138d6995b12f9466b.jpg, 0, 1
1af687ed-553d-491e-a213-8ddfbfea61ec_180_jpg.rf.075a936fb7d219ae4336924d9e1a5121.jpg, 1, 0
8efe1e18-4032-4f20-996f-60a19c62f547_225_jpg.rf.076304018bd841970d581c43fad2ada0.jpg, 0, 1
0fbac742-48ee-4857-ab82-3318c8fbdcb8_jpg.rf.0771b8bd0c195153ccc9145305568d41.jpg, 0, 1
5c99f964-3704-402c-aa2d-42bd2fbacf4f_90_jpg.rf.076ec25ed18d68b903466ff6ae179925.jpg, 0, 1
6b30113e-141c-4956-964b-7b64918f694b_225_jpg.rf.077cf9f5efd3fcdbde3410c0c7ca1135.jpg, 1, 0
WIN_20221229_23_01_58_Pro_jpg.rf.0786204af67ead8ef4f724d4fca0d98b.jpg, 1, 0
2be59dd5-7793-413c-96cb-c40098eba6f6_90_jpg.rf.078b16b5de385e854c867c71ab119af5.jpg, 0, 1
56863d51-82dd-432b-808a-bb09a5e65be6_jpg.rf.07994889385ea52d764534cfaa40b69b.jpg, 0, 1
2da43d43-ad7b-435c-920d-0fbfebb88959_225_jpg.rf.078d6717b2e48ea3c96e54c92b8ed96f.jpg, 1, 0
503a19e2-d693-4ab0-aae9-9181b1789a94_45_jpg.rf.07a5bb8c2ee0d48a38867ed31f5ea70d.jpg, 0, 1
01aff576-d811-4858-bc7b-e66af9db530f_180_jpg.rf.07a7af849d5283465c30e61c72739857.jpg, 1, 0
76d57cee-bb5c-4631-b737-fe16b92c2a28_270_jpg.rf.07bc0f59832bdb6db9d69f088830b73d.jpg, 0, 1
16179c8f-5a02-46d2-bcf1-145bf553fc58_45_jpg.rf.07b396782352f8e08f1630e8fb793237.jpg, 0, 1
94a26150-c197-425f-961b-0a4ae35825cf_jpg.rf.07bdf7eaf5d09c669f61b09ce31485cb.jpg, 0, 1
9ef0276c-3a70-4027-8d1d-2503df2e9f56_270_jpg.rf.07c456e7cb51bea890eae4f9ba78296f.jpg, 0, 1
52e703e1-69d2-44c7-a214-269fa0e09054_45_jpg.rf.07cb3723c0d430bd5a339c5a59092a6a.jpg, 0, 1
2b3fa5f4-98bb-4565-b461-8ebc3db528ca_jpg.rf.07cc197cddf885ccd667165682c0eda1.jpg, 1, 0
9ec72020-824e-4c15-b633-cba42d080364_45_jpg.rf.07d28498bc67167086c087ade5d59dc8.jpg, 1, 0
5c99f964-3704-402c-aa2d-42bd2fbacf4f_135_jpg.rf.07deae71e8ff12639191da5d92efefe2.jpg, 0, 1
0b521929-1734-47b8-86c9-093445af0697_180_jpg.rf.07e03f5ea681d88a78453abd47220c5b.jpg, 0, 1
6fb259e3-002e-473c-a2bc-4a9f48c1ebe7_135_jpg.rf.07ebec90733e9ee71a6d2ffdf3c3f54b.jpg, 1, 0
15fd3442-e84f-4c27-952b-ec415fe777d6_45_jpg.rf.080d074ba4e86099c5271fa7200945ab.jpg, 0, 1
0c4d65e5-1985-47b2-8252-616ed898bd7c_90_jpg.rf.07fb8c00f8e8b9cecb6b2d0bef2684a7.jpg, 0, 1
70be0397-922c-4185-bb84-728b59ab25f8_90_jpg.rf.0806a28d208fec047d1a8827cbb4b0f9.jpg, 0, 1
66ffa488-289b-4188-afe1-7764a1a1bb1a_270_jpg.rf.07ea14265960c051deef43b6f2967edc.jpg, 0, 1
66ba2553-31f1-473c-9602-d2df0c1bb3f0_jpg.rf.08190ff7e27aa3108a266d9e924a588f.jpg, 0, 1
8d331829-b225-451b-8aaa-89058c62faf5_270_jpg.rf.081bd73373bbaab198ac83fdee0f3bd7.jpg, 0, 1
4eddf419-3396-43d2-8b40-3ccecf2a2620_180_jpg.rf.081d3b43fe96276f3f28bccf167dc5f3.jpg, 1, 0
2b560df3-ff42-4546-a0bd-11ff2ca590e2_jpg.rf.08271a35ec7feb6c2f4e46d2c24cf59f.jpg, 1, 0
WIN_20221229_23_24_31_Pro_jpg.rf.082caa086b1be3ad48f48a01bd00a2e1.jpg, 0, 1
936d35a1-f617-4a9b-99c6-32cfd8284d34_225_jpg.rf.083d71466a42b3a5a2b60dbd028b0490.jpg, 0, 1
52e703e1-69d2-44c7-a214-269fa0e09054_jpg.rf.083f409fc82ac3b96ddc4dcb58f0a5de.jpg, 0, 1
2eae8682-54b6-40b7-9684-d956300a4077_90_jpg.rf.085f807d4a71dd2e58079ac301438337.jpg, 0, 1
WIN_20221229_23_09_14_Pro_jpg.rf.0856de2171504fdf8f1221ff5385d06f.jpg, 1, 0
15fd3442-e84f-4c27-952b-ec415fe777d6_45_jpg.rf.0860db595cbb91b97de617d7eac3f1f4.jpg, 0, 1
0df87bae-ddf0-49e3-97af-b371d8544547_45_jpg.rf.0869425874e324fa535deef2662ec749.jpg, 0, 1
06b95f3f-e2f5-4f58-95b1-6f9024e8e5d7_270_jpg.rf.086ae273cd2f24432ec701277b09f410.jpg, 0, 1
3bde05ec-782e-445d-a221-38a8ecbc5dab_jpg.rf.086cf9cf78a34f725d6cf9381799d6f5.jpg, 0, 1
56863d51-82dd-432b-808a-bb09a5e65be6_jpg.rf.088bdc623792a029b35717b1c634a56f.jpg, 0, 1
5671fc02-681e-4da8-826f-c1a0b2dc5870_270_jpg.rf.088ae4081a505ea4a4a1e4e1689b04b0.jpg, 0, 1
96f68346-9256-416a-a050-9ec4b750ccc6_45_jpg.rf.08908b33b06209f7db2f37ede7a1338d.jpg, 0, 1
94a26150-c197-425f-961b-0a4ae35825cf_180_jpg.rf.0895002fef1040bb49f7f5c0c1365831.jpg, 0, 1
75fea9b7-7c08-4ea2-bb8d-50096fdf774b_90_jpg.rf.0895f5395b99035f3be4fa3b1589bbec.jpg, 0, 1
1513532a-b352-4b17-b681-b02f3127b483_jpg.rf.0899846fe2ad15d4431419b3f77d1da6.jpg, 0, 1
d141258d-4b06-4d47-9e08-82edbd725dd1_270_jpg.rf.089ce114d640359b896430dc2d08f793.jpg, 0, 1
5522f66d-ad72-48d5-9767-5e7b23f6a206_270_jpg.rf.089de5c989b9d5e2daaab174cb5e8030.jpg, 1, 0
7089d907-9aaf-459e-ae22-53962285fbc8_225_jpg.rf.08a0343955fdb6dedfaa7bdb7ecb0b1d.jpg, 0, 1
24522061-cd21-4507-92da-432712838d1d_225_jpg.rf.08a309e8b7f5479f48077e55ece1b046.jpg, 0, 1
6b316208-fce5-4562-a45b-736f29a3a697_jpg.rf.08a589857074ebb6df66bacdab531e8c.jpg, 1, 0
4ded4873-2bd7-4d9b-80ae-7a8967c128ce_180_jpg.rf.08a5be2d6326c930ed07b972beab6a1f.jpg, 1, 0
2a99660b-f767-40aa-937f-c4cd68d2ceac_225_jpg.rf.08a9d113a7d8ac5b5ece5da9dd249d2c.jpg, 0, 1
5d06dc79-9d5c-46d0-a720-e4898e65949c_jpg.rf.08afc13b8a3b3b19ff4773cb429f7739.jpg, 1, 0
41cfc0a3-c4ad-4285-9951-7a37d79f1c17_90_jpg.rf.08b07612a1de1ef944e57b6421c63cf5.jpg, 0, 1
503a19e2-d693-4ab0-aae9-9181b1789a94_180_jpg.rf.08b567a54ca3db60601647f2269972ea.jpg, 0, 1
4eddf419-3396-43d2-8b40-3ccecf2a2620_180_jpg.rf.08c37bf15bd50955a05e0dac3cf6eff7.jpg, 1, 0
687de30d-714c-4d10-9b23-998af950a13a_jpg.rf.08caa223da67ce4086d093b86e8d1f72.jpg, 1, 0
2b3fa5f4-98bb-4565-b461-8ebc3db528ca_jpg.rf.08cdb1baf8d53a709b4b0b3be4b2cc03.jpg, 1, 0
69c9cfea-cfbd-4dfe-a8a2-2ed31daafd85_225_jpg.rf.08d0957cf534bd74f4d80d82ec8a043a.jpg, 0, 1
4f280435-14a2-4194-9f75-2e7ea72b39ba_180_jpg.rf.08d2d8f1e6a904a0a0f4275895d88d05.jpg, 1, 0
4eddf419-3396-43d2-8b40-3ccecf2a2620_jpg.rf.08dddedfd9b1fbee4365150f5750115e.jpg, 1, 0
92fe0088-90bc-4eaa-8567-a9b3ad0645e8_45_jpg.rf.08bccc4ad9ad47bd0f2b7b2e54b28054.jpg, 0, 1
2d398321-1a08-4aec-98b9-eb3301da9d79_45_jpg.rf.08df86951f62559d61925b7198a3860f.jpg, 0, 1
936d35a1-f617-4a9b-99c6-32cfd8284d34_45_jpg.rf.0905a0a0c0f44024827227893f092905.jpg, 0, 1
345b8a93-c7d2-4b34-9e0c-90f2561ada84_135_jpg.rf.0910970033229e8180c90c752594eaed.jpg, 0, 1
afd3edfe-e4fe-4715-8429-5af060c5f0d9_270_jpg.rf.08fd6bb96cd16b79de30a457a887e4e5.jpg, 0, 1
39c71820-6b5b-499e-b2c6-a957f48c62fa_45_jpg.rf.09181cadafdae21e0b97f20e5f6d3825.jpg, 0, 1
4737a7d7-5d10-4912-b3e7-c8254a88af02_270_jpg.rf.091a968c5df9be389249b938677c491a.jpg, 0, 1
4fac26f2-1588-4362-9e73-ffe2e8791cbb_45_jpg.rf.0920eb8b7c900738808aaa9afe3b94cf.jpg, 1, 0
014bcc0a-10c7-41eb-80eb-e2f62bb652b3_225_jpg.rf.092ba975d866a15f4cd69cc8fc1b4503.jpg, 0, 1
52eb9c86-9714-4fb7-bc45-cbbe25a2b444_90_jpg.rf.092bab1bf0f5654030291e63aa9d8a65.jpg, 0, 1
014bcc0a-10c7-41eb-80eb-e2f62bb652b3_270_jpg.rf.0951dd60cd7bbc1e5b4f6ab19f9601c9.jpg, 0, 1
6181c79d-f063-4fa4-be90-ae376d6b3bdc_270_jpg.rf.095642b73276c158751434da4c3cc092.jpg, 1, 0
1ab90226-8889-4bcd-ad0c-ea01fedaaffd_180_jpg.rf.094c5eee109adc9f404cd7963bf0f05e.jpg, 1, 0
868aed84-639d-46d3-9f59-3d71ba702ea0_135_jpg.rf.09767245f7d262d8698f273e9ba5d1a4.jpg, 1, 0
91e77c81-f2eb-4358-81d6-eea2509ae443_45_jpg.rf.095f79356f0accf1c3308d070e45fc5b.jpg, 0, 1
75fea9b7-7c08-4ea2-bb8d-50096fdf774b_180_jpg.rf.0980f25fb21fbbd7b9eb615720b89223.jpg, 0, 1
52fd332d-b13d-4675-8292-bfb533d39432_90_jpg.rf.097ef1685cf13013e1ed9a6fe68cbfdb.jpg, 0, 1
503a19e2-d693-4ab0-aae9-9181b1789a94_180_jpg.rf.0981159acf6a4dfc7e7774abd33159a4.jpg, 0, 1
d4ea5845-ed1c-4bcd-b615-557884bb64c2_180_jpg.rf.09847f164d22de5d05965ef29e342f45.jpg, 1, 0
82743c35-e968-47ee-93f6-95270352fe13_225_jpg.rf.0989dfa00548734745fe5e91607106e4.jpg, 1, 0
00137db3-94aa-4aa5-aa3b-e3e09d6a5ef5_90_jpg.rf.09868366f4b5fc794b68cf629deb2f83.jpg, 0, 1
a936c90a-8f24-4289-b10b-4830ac9f3019_225_jpg.rf.0990cc8fe8b857f3969212bd6f1a27fc.jpg, 0, 1
dc2bb2f5-03e1-46c1-9886-bda5f5bee11b_270_jpg.rf.099b37f960a4bc0393cebda1f0e29226.jpg, 0, 1
d141258d-4b06-4d47-9e08-82edbd725dd1_180_jpg.rf.09915af00e6f549ad1ac0c4dc0b52619.jpg, 0, 1
ef757b72-613c-4d8f-b8e0-a3564581cb0f_jpg.rf.0994cb190ebbf728d1e4ae4f17063a48.jpg, 1, 0
9ec72020-824e-4c15-b633-cba42d080364_90_jpg.rf.09a150264c6954ced4e7c3f257256ebf.jpg, 1, 0
WIN_20221229_22_34_44_Pro_jpg.rf.09a56610abe068d0735fc5935ca569e9.jpg, 1, 0
680cc473-598d-49e7-847e-6b8c099e14fc_jpg.rf.09a75e0fca0c08a6add8080d18657563.jpg, 0, 1
507e6cd8-2041-47e5-b174-28a6d9328985_225_jpg.rf.09b0155eb0ef49d9e569c601923f3106.jpg, 0, 1
82dbf814-a3a3-4cba-9277-08c10de5c8a4_45_jpg.rf.09b995b4c7f498d41a5f40416db5abfe.jpg, 0, 1
d141258d-4b06-4d47-9e08-82edbd725dd1_180_jpg.rf.09cc179b5e2d7d55ae7cdcabeabb1445.jpg, 0, 1
2b3188c7-77de-4b98-aaa5-012b0941ca45_90_jpg.rf.09d29b43b92d0bcc900123c9b191deb0.jpg, 0, 1
61e87bb2-b69a-4d10-afa1-6c1a3d0291df_135_jpg.rf.09ba01ec4cf94619f5b1fe9fb9f4be8d.jpg, 1, 0
2d398321-1a08-4aec-98b9-eb3301da9d79_135_jpg.rf.09ddb3b950db3203d28f37f42eec4b29.jpg, 0, 1
4eddf419-3396-43d2-8b40-3ccecf2a2620_180_jpg.rf.09e67895f147f764bf1d042ff3fc4488.jpg, 1, 0
39c71820-6b5b-499e-b2c6-a957f48c62fa_45_jpg.rf.09e62c3716cbe716eaeeeb71d8eec945.jpg, 0, 1
01aff576-d811-4858-bc7b-e66af9db530f_jpg.rf.09f3dd48b3acb8f6bed7124f75f9c6e8.jpg, 1, 0
859bbe6e-7f46-4b86-acd1-86fea679de36_225_jpg.rf.09f7b9c1186c24abed141e2240da1bf7.jpg, 0, 1
8efe1e18-4032-4f20-996f-60a19c62f547_225_jpg.rf.0a0f1506ccda9188e4f7d68508363466.jpg, 0, 1
WIN_20221229_23_30_35_Pro_jpg.rf.0a08107d71b809c8e4dfe509b7014c3d.jpg, 0, 1
220fcc53-6ef7-45d1-8122-fa1c19ca9ec5_jpg.rf.0a205a0e4f980e9850b0af66587558c0.jpg, 0, 1
936d35a1-f617-4a9b-99c6-32cfd8284d34_45_jpg.rf.0a245ca3129bae45974c3963e5eb61fe.jpg, 0, 1
WIN_20221229_23_30_48_Pro_jpg.rf.0a2a91b81077cb0262f8ace0708d1f3e.jpg, 0, 1
41ab7cda-4c88-47b8-98da-0c6ee6e07325_45_jpg.rf.0a2bfd90a12a342b9e8299d05039a4ac.jpg, 0, 1
868aed84-639d-46d3-9f59-3d71ba702ea0_90_jpg.rf.0a3e98292ab81ff58251beeb646468cf.jpg, 1, 0
6181c79d-f063-4fa4-be90-ae376d6b3bdc_45_jpg.rf.0a4f8e4ad3d3bae873107714a51a45d2.jpg, 1, 0
7089d907-9aaf-459e-ae22-53962285fbc8_225_jpg.rf.0a588a422cdd963f76f814c517502b35.jpg, 0, 1
c6d5a9cd-56bd-4e1a-9ca8-c3562c8140f8_225_jpg.rf.0a503d9bb43909a9f50c23720d0a88d5.jpg, 0, 1
217ac982-fddf-49ae-a311-27cf800d10f0_180_jpg.rf.0a65bf7bf838c9d8827b14ac6690289f.jpg, 0, 1
228a8b47-9459-4326-898b-1c5953d755b4_270_jpg.rf.0a5f70d47b698e2bf7522b81faf0469b.jpg, 0, 1
5064456d-d977-4c88-a2f7-613db1f3f19b_180_jpg.rf.0a8208581156f148e72c853e57ebecd5.jpg, 0, 1
2da43d43-ad7b-435c-920d-0fbfebb88959_135_jpg.rf.0a825ea1a94733e54dcc65239a6a57c1.jpg, 1, 0
00a9637f-e5c9-4522-8d19-d6b3e8bae3f3_225_jpg.rf.0a83a66d39f1b59ed7a1aa6ec07d1f2b.jpg, 0, 1
503a19e2-d693-4ab0-aae9-9181b1789a94_135_jpg.rf.0a8d7003f9050b49d0f3ff51773bbe2b.jpg, 0, 1
96f68346-9256-416a-a050-9ec4b750ccc6_90_jpg.rf.0a85447e8c33d58e4ab92fc71672c59d.jpg, 0, 1
805c86e2-7416-44fc-b8aa-f663db39cf8a_180_jpg.rf.0a85e8185fc168634f55e2297288577f.jpg, 0, 1
01c27009-f681-4495-8d82-599547aba120_180_jpg.rf.0a8e1ab3bdab1758ef38ebdec28ad531.jpg, 1, 0
680cc473-598d-49e7-847e-6b8c099e14fc_45_jpg.rf.0a8f90f8d8249dd30d8504ff0fbdfdb2.jpg, 0, 1
8dfde29c-73a0-4bd6-a788-0a31baf572a0_180_jpg.rf.0a9b96da0702fe3381bf6c38661a5d8a.jpg, 0, 1
665aeca5-e68c-49d3-ad8d-5755fad74dcf_45_jpg.rf.0aa3b7312218cb9f3192a3cd253a6c76.jpg, 0, 1
b4b3a28f-aee8-402c-856a-b09db5dbeb4a_180_jpg.rf.0aa2e6a89899ae05ca808f9ac40d5570.jpg, 1, 0
81d526fb-cb95-4b9d-a013-dad7b3f083b3_270_jpg.rf.0ad0ee876e966dcbd1016f04c6d4ddb2.jpg, 0, 1
24522061-cd21-4507-92da-432712838d1d_45_jpg.rf.0adeb24e03eafb72518e3e519594eae7.jpg, 0, 1
a8ba45d9-69a1-4fc4-a6c3-74c50107e59c_225_jpg.rf.0ad1c909933bd88a6b73512e29ef6f79.jpg, 0, 1
00800bbf-203e-48bd-b64c-f14ef2579c8a_jpg.rf.0ae7ea865ae864d44b5e8fbda49a5252.jpg, 0, 1
0c4d65e5-1985-47b2-8252-616ed898bd7c_270_jpg.rf.0aea2f3e4798661e4aa9c9eaca6d761b.jpg, 0, 1
d02674ec-4a90-43c1-9aba-1cf70300a55a_90_jpg.rf.0aefd37d6b259ca1fa4e7dfadcbf0b0a.jpg, 1, 0
WIN_20221229_23_30_59_Pro_jpg.rf.0aed3b58da49ceb6db8ec16d6a0efeea.jpg, 0, 1
40cbb123-b3d1-4546-aa26-2fdd1090b075_225_jpg.rf.0afa96a9957afb4130b59cffc90c12db.jpg, 0, 1
WIN_20221229_22_45_36_Pro_jpg.rf.0afac45f77cbb5dc963b6d4c54300d24.jpg, 1, 0
WIN_20221229_22_30_35_Pro_jpg.rf.0b09847b1bb98a1817d3096b60f15468.jpg, 1, 0
WIN_20221229_22_00_50_Pro_jpg.rf.0b099d772cacc0edf77288feb6539068.jpg, 1, 0
9eaca121-9239-49f4-9d05-34ef9f10bcaa_135_jpg.rf.0afbaab01bff7687f47f94948efdf7e7.jpg, 0, 1
WIN_20221229_22_57_29_Pro_jpg.rf.0b149ae8ac232f3f266f93c2f790ffa5.jpg, 1, 0
WIN_20221229_22_23_45_Pro_jpg.rf.0b188f443d13cef68d0ea317056e61df.jpg, 1, 0
2a99660b-f767-40aa-937f-c4cd68d2ceac_jpg.rf.0b2bfb3c059e0da741d7b2d9ddaf4d2d.jpg, 0, 1
WIN_20221229_23_02_14_Pro_jpg.rf.0b24c7f72264dd1e26b7a563f64d17d6.jpg, 1, 0
24522061-cd21-4507-92da-432712838d1d_180_jpg.rf.0b30f6a6de404d0e9c8a16cf4c06651d.jpg, 0, 1
0aa414bb-510b-40c9-85e1-f7a7163b3e2c_225_jpg.rf.0b3129ae075e6bf855b8477027fcbc92.jpg, 0, 1
9ef0276c-3a70-4027-8d1d-2503df2e9f56_45_jpg.rf.0b34bbbc995d406256eda24c1f7b6423.jpg, 0, 1
96383b0f-647d-4d8b-aae4-c525fb9365d6_45_jpg.rf.0b4aac48b50179c4e1495f999200b7cd.jpg, 0, 1
WIN_20221229_23_31_09_Pro_jpg.rf.0b4f17a5c165af9d055d6675926d0b81.jpg, 0, 1
75a3c3df-b678-4a55-aa92-02be5879a4cd_90_jpg.rf.0b5794dac123dd189f9d19fad3626c11.jpg, 0, 1
0c4d65e5-1985-47b2-8252-616ed898bd7c_90_jpg.rf.0b53cb7cbc2671d2f1509e27f0a280ba.jpg, 0, 1
WIN_20221229_22_56_04_Pro_jpg.rf.0b60568e0317f7650b9db38f504cb6eb.jpg, 1, 0
52c230c2-20b1-4769-978c-d0a859364b3e_270_jpg.rf.0b67d47c3df94c45fa5096e44b801d52.jpg, 0, 1
60f07eaa-f4a0-4939-9882-acce7b2ee256_jpg.rf.0b83a663795acaf0f7918b5f6ab33512.jpg, 0, 1
bd17953c-5cc6-4fc5-8ade-fd7ece53be19_45_jpg.rf.0b6a1ee7a13273157079325e7ceda3c1.jpg, 0, 1
dc2d0160-f922-429c-8c3c-5a6f0f68c023_45_jpg.rf.0b844ed0e02dc6e2f1c7bd4274ae64e9.jpg, 0, 1
fbe4f519-6225-4168-bcf9-4ccc4d0d82bf_135_jpg.rf.0b7057dad6acbe9679b02bc8fba212f2.jpg, 1, 0
2b3fa5f4-98bb-4565-b461-8ebc3db528ca_225_jpg.rf.0b928c66a467fa70cc30d106c9f84512.jpg, 1, 0
220fcc53-6ef7-45d1-8122-fa1c19ca9ec5_225_jpg.rf.0b8e1f1e2888d993eb28d67957b98d88.jpg, 0, 1
706a501b-940f-4252-89a9-1afae476d3b1_jpg.rf.0b9cf6d7b802bfe7fa7e4db9d97b9b63.jpg, 0, 1
06b95f3f-e2f5-4f58-95b1-6f9024e8e5d7_jpg.rf.0ba4b257c0a50e9df1afb7160684a940.jpg, 0, 1
9fc543ac-91f3-43f6-8df6-28bb9709a3e6_90_jpg.rf.0ba66d496c59749516f38512c2ad9076.jpg, 0, 1
79eb3e80-65d5-431c-b388-ea52ce593c7d_270_jpg.rf.0bacdacdd8bffb6242411a532202d53f.jpg, 1, 0
0c279d03-a83d-4404-b852-2b90d79e1ed3_45_jpg.rf.0ba9a8fa6d88413247c697cec99e72d0.jpg, 0, 1
57ab1fc0-e755-40c3-82cb-cce0684f11f4_45_jpg.rf.0bae8d3814a6525f08e47c16d3280189.jpg, 0, 1
80de665e-2077-4a83-9a40-20d2bcaeac43_180_jpg.rf.0bc0498140be6f5382949f024bdb371f.jpg, 0, 1
611513d3-0fb7-4068-8cd8-68a9bdb056c4_135_jpg.rf.0bcbc64b1268be5e01fca4cd75e9c1d6.jpg, 1, 0
92fe0088-90bc-4eaa-8567-a9b3ad0645e8_180_jpg.rf.0bb43d455a2697af16661fc0edfa2b5a.jpg, 0, 1
WIN_20221229_22_32_28_Pro_jpg.rf.0bf7292c6160fa5c972cedd4ac6768de.jpg, 1, 0
6cdbe5d2-04bc-4a25-b1a0-be0a00a136ae_jpg.rf.0bcda15b3ccce4f304834dfa256d2951.jpg, 0, 1
b84b2bd1-353d-4da0-80e6-da6df7b611b8_225_jpg.rf.0bd5a346c10f742064887f79f7351a5b.jpg, 0, 1
2bf615ea-7241-4861-82d7-bb74c8b5dfba_90_jpg.rf.0bfb2a9a78a53876ca4e72d1527523a8.jpg, 0, 1
WIN_20221229_22_39_39_Pro_jpg.rf.0be8f44e34a4e2e52bd503f2ae041f5d.jpg, 1, 0
9cb97279-36f3-438c-97d5-91da39c4e13a_90_jpg.rf.0bfea0ac16ca0e2aafa681f5f497efd1.jpg, 0, 1
WIN_20221229_23_03_07_Pro_jpg.rf.0c08ef87a8f14913c13f236ebf01d897.jpg, 1, 0
c01c35d2-7769-4a57-abff-c52f7def3900_270_jpg.rf.0bfd612aed9137ae28b72ec5799df8f2.jpg, 1, 0
256d7e4e-e47b-466f-adb1-051bda40d918_180_jpg.rf.0c1428f0bc4541183e94595c37866ef9.jpg, 0, 1
87e64a68-c898-4474-bd57-1e570902862f_135_jpg.rf.0c1f54bc6a55619606023169197471a4.jpg, 0, 1
589950d7-088b-4c4b-abc1-9b824671ec8f_135_jpg.rf.0c1fd51534bcb5a55a7a4997082cc329.jpg, 1, 0
87cc591e-7e25-4d08-a519-6b5ec6d98cfa_225_jpg.rf.0c2507d949529b354bd9059f7c1e4f3b.jpg, 0, 1
06b95f3f-e2f5-4f58-95b1-6f9024e8e5d7_jpg.rf.0c2936b843ac0b84c58da09aa4b1ddc1.jpg, 0, 1
9ef0276c-3a70-4027-8d1d-2503df2e9f56_90_jpg.rf.0c346ea7c3fd49db657c16a47521a65d.jpg, 0, 1
87e64a68-c898-4474-bd57-1e570902862f_jpg.rf.0c370966db21159a89a176275a6d274c.jpg, 0, 1
3fa757aa-5f48-4acc-b2d9-edf0d584d79a_45_jpg.rf.0c3a72b780f3a3d4e789994036a1aa99.jpg, 0, 1
600d2167-2072-4825-9516-6c13af9fc382_135_jpg.rf.0c3c0f4e34cca1567c2cc35e6820e083.jpg, 0, 1
WIN_20221229_22_54_21_Pro_jpg.rf.0c418f2015a2776dac0ce796ccf7ff76.jpg, 1, 0
8e753e61-dd28-45b8-aa64-e6c1e71bd812_225_jpg.rf.0c3e03dbf2b6b461296cac30666ee7f5.jpg, 0, 1
52fd332d-b13d-4675-8292-bfb533d39432_45_jpg.rf.0c40985270a43ee761db9e051f87a511.jpg, 0, 1
217fef04-2462-4dca-a170-f780b700b17e_180_jpg.rf.0c44a20f1f72d11787fe802820e8418e.jpg, 0, 1
805c86e2-7416-44fc-b8aa-f663db39cf8a_45_jpg.rf.0c4a70aaa2c2d226d0f4208092b13753.jpg, 0, 1
0c04b448-fe60-4b89-bf5a-b18fe90a5870_90_jpg.rf.0c4934c4309cecd23a5df00b60447623.jpg, 0, 1
adcb9cef-245f-4674-bd16-4c8ad789d0a8_90_jpg.rf.0c6724bda1e18636cac62bce87d69335.jpg, 0, 1
345b8a93-c7d2-4b34-9e0c-90f2561ada84_45_jpg.rf.0c6cc7f25a37431bb7f96c40b901dc24.jpg, 0, 1
81d526fb-cb95-4b9d-a013-dad7b3f083b3_225_jpg.rf.0c74d643e54cb8ab25a9d5f0978ee074.jpg, 0, 1
df1a716e-d93a-4e13-8144-399bae44a249_225_jpg.rf.0c84b97f8811fc9b2ea35cb3ccaf86ed.jpg, 1, 0
84f05969-c971-4d44-8df4-3a80a71a545d_135_jpg.rf.0c8a84a66e6b95d5314fca4d15551680.jpg, 0, 1
2d6fa448-2f18-4db5-a942-7097acff076a_225_jpg.rf.0c929014c44bb97ebcf8e381e78f6d67.jpg, 1, 0
9fc543ac-91f3-43f6-8df6-28bb9709a3e6_45_jpg.rf.0c722a393f73e76c0a188bf294d82758.jpg, 0, 1
5d5357ec-e4b0-4f32-a45c-2dca5338324d_jpg.rf.0c8fcc543fa97f00a07694b3fb093f4d.jpg, 0, 1
27f3e57e-469f-4627-8144-2ce3e9d048b7_270_jpg.rf.0caafb1ffd287614ca931fa621b97309.jpg, 0, 1
ac755961-63a0-4e01-b87e-eacd0b5d7899_jpg.rf.0cbf34162901c6a72ecf98ac84ca19cb.jpg, 0, 1
108ca99a-5abc-4dca-8e9e-ad3551748f1a_270_jpg.rf.0cbfc79b1e6abb0027dcd9f71f846d00.jpg, 0, 1
WIN_20221229_22_23_15_Pro_jpg.rf.0c9ecb6299ab2d1552eb135d5118c022.jpg, 1, 0
01b9d47e-ecba-48fd-a83f-ece6e05995fc_225_jpg.rf.0cc034ce3164721325be17e443a01113.jpg, 1, 0
WIN_20221229_23_00_48_Pro_jpg.rf.0cdc05a963b64a0d3d0f2787fca2c889.jpg, 1, 0
2da43d43-ad7b-435c-920d-0fbfebb88959_135_jpg.rf.0cee8067980a74bc05cf115b9cfe447c.jpg, 1, 0
WIN_20221229_23_11_02_Pro_jpg.rf.0d1429c1a47b98e2de221d9968b0bd3b.jpg, 1, 0
687d8151-bfed-420b-9a07-5213500e2964_jpg.rf.0d125dafe57120a270309dfba0bf0fbc.jpg, 0, 1
4461774a-c193-43e6-9849-19c25ad533fb_90_jpg.rf.0d19933a657b3eb2850c69a31b43be48.jpg, 1, 0
665aeca5-e68c-49d3-ad8d-5755fad74dcf_270_jpg.rf.0d1a1822510202d899a96403f2bdaaa6.jpg, 0, 1
WIN_20221229_23_31_43_Pro_jpg.rf.0d1bcfb558835f44da0666b762b9dbea.jpg, 0, 1
16179c8f-5a02-46d2-bcf1-145bf553fc58_135_jpg.rf.0d1bb3b5248497b460b852f884473a4c.jpg, 0, 1
0c04b448-fe60-4b89-bf5a-b18fe90a5870_180_jpg.rf.0d3b6d80032cae3ea93fcd022cd653d0.jpg, 0, 1
ac755961-63a0-4e01-b87e-eacd0b5d7899_45_jpg.rf.0d1bebe5c05c7ce8c387298743024993.jpg, 0, 1
66ffa488-289b-4188-afe1-7764a1a1bb1a_jpg.rf.0d22d8557f8c702fe83c9ca0417f30fd.jpg, 0, 1
6bb51206-67ec-431b-8484-93739b1fddad_180_jpg.rf.0d46e80a695de9c45504a99a025d7067.jpg, 1, 0
WIN_20221229_23_21_27_Pro_jpg.rf.0d478a9b531c30f675872300c813b5bc.jpg, 0, 1
6f8a29a3-8b83-47d6-8a5b-7baf97fd4469_45_jpg.rf.0d31994d2d9a0e4c09d0083b83b00a6f.jpg, 0, 1
7d0322d1-3583-4a2b-ad25-e76d31603cee_45_jpg.rf.0d57501621cf0d250bce738cc3ae7817.jpg, 0, 1
96f68346-9256-416a-a050-9ec4b750ccc6_90_jpg.rf.0d48c8a0062f526eba4c681efa6ea9a2.jpg, 0, 1
39c71820-6b5b-499e-b2c6-a957f48c62fa_270_jpg.rf.0d6843aff4d691be4dc2595161684b63.jpg, 0, 1
9a5fc62c-6820-4cb6-ba66-1063e612d144_45_jpg.rf.0d7c0bb542c2977395260f8577d89087.jpg, 0, 1
a4b1b05e-8f9a-4f68-98fe-52dd9e2a9663_jpg.rf.0d864cf68b8130a5db1edf8dc8f657dc.jpg, 1, 0
WIN_20221229_23_02_35_Pro_jpg.rf.0d6cc089c8beae9bc969702a5829c716.jpg, 1, 0
2c59ee70-dc1c-4de3-83ab-aa36a5fb92c9_135_jpg.rf.0d5b54f98955ff7a285c2f751298b349.jpg, 0, 1
611513d3-0fb7-4068-8cd8-68a9bdb056c4_180_jpg.rf.0d8f812590ac2556ae151ef95ab62552.jpg, 1, 0
66ffa488-289b-4188-afe1-7764a1a1bb1a_jpg.rf.0d8d0d9faefa9b10f9f53f1681559552.jpg, 0, 1
b84b2bd1-353d-4da0-80e6-da6df7b611b8_225_jpg.rf.0d961a91b65b26249d146e9a43dbb917.jpg, 0, 1
91b94861-b751-4b86-b7a3-f6b2e3dbbd89_90_jpg.rf.0d984501db170fdf7c870b0aeccd317e.jpg, 0, 1
69ab59e3-c1ad-4509-a8b8-bd8e4fac2ae6_225_jpg.rf.0d9ddad2a30594f12bd3f223ce587316.jpg, 0, 1
11037d07-18b3-4fc4-8025-f06dcbc0500d_270_jpg.rf.0daeda8ebe9623a9949df03eece74bee.jpg, 1, 0
256d7e4e-e47b-466f-adb1-051bda40d918_180_jpg.rf.0dae15af6819862f51da699427bde0cd.jpg, 0, 1
5064456d-d977-4c88-a2f7-613db1f3f19b_270_jpg.rf.0db606f5ca3d71adb6200460f87f38d0.jpg, 0, 1
01c27009-f681-4495-8d82-599547aba120_90_jpg.rf.0dbcf10f0b897cf635ef216c63da7381.jpg, 1, 0
WIN_20221229_22_23_45_Pro_jpg.rf.0dc42c5d9fbb2f04f0b7290fa42c9bd2.jpg, 1, 0
WIN_20221229_22_57_01_Pro_jpg.rf.0dc1a6eda04df35b9212d1e03a9765bf.jpg, 1, 0
70be0397-922c-4185-bb84-728b59ab25f8_90_jpg.rf.0dc5f4d9c6ee66fa75e104392ad470fb.jpg, 0, 1
4fac26f2-1588-4362-9e73-ffe2e8791cbb_135_jpg.rf.0dc7de473e6c9ef4e25723855b06435e.jpg, 1, 0
805c86e2-7416-44fc-b8aa-f663db39cf8a_90_jpg.rf.0dc954f40d66d37f5b2d7c3d775afa82.jpg, 0, 1
WIN_20221229_23_01_58_Pro_jpg.rf.0de03a772b6704e6883d73eca013384c.jpg, 1, 0
5d105570-fd52-46cd-a90a-9dfa42ef878a_jpg.rf.0ded244232dbd4c2606656977b42f447.jpg, 0, 1
8bfe69f8-33fd-4fea-8a42-c821ffd94be0_45_jpg.rf.0de2e5b8222fc157e6ce4bda3123d700.jpg, 1, 0
22ada72b-340c-4d68-9534-2729e3347cab_270_jpg.rf.0df14ebe19ab3b557d258dada02b8965.jpg, 0, 1
25365714-d0ec-4a39-aba3-ea056e686ce9_180_jpg.rf.0df4a9fd39b2288011c18a6b00ac6886.jpg, 0, 1
611513d3-0fb7-4068-8cd8-68a9bdb056c4_225_jpg.rf.0df54d0001d334da0640643ded1dfe9b.jpg, 1, 0
WIN_20221229_22_07_46_Pro_jpg.rf.0e0553e12fb371f452c31feaca65b82f.jpg, 1, 0
05693239-35bd-4086-b8c3-e7b6aa763b4f_135_jpg.rf.0dfd72a36bd67740690b1372586cc58c.jpg, 0, 1
WIN_20221229_23_32_28_Pro_jpg.rf.0e05caf93ed6b6e708ed0204a6ad4c40.jpg, 0, 1
79eb3e80-65d5-431c-b388-ea52ce593c7d_270_jpg.rf.0e14ed5746c9b6a6f0cc304d1143c3e6.jpg, 1, 0
bd17953c-5cc6-4fc5-8ade-fd7ece53be19_135_jpg.rf.0dfde50bc071892c4fe7e3983bde0de9.jpg, 0, 1
WIN_20221229_23_33_19_Pro_jpg.rf.0e0629810cc3750288454e074fac7280.jpg, 0, 1
215be899-dd62-42e0-b42e-8331622f5b9a_225_jpg.rf.0e07801b85d889e9260a0ce0560ce912.jpg, 0, 1
2da43d43-ad7b-435c-920d-0fbfebb88959_180_jpg.rf.0e16547ba4bbf3a84319ce849e655ca3.jpg, 1, 0
WIN_20221229_22_33_47_Pro_jpg.rf.0e2b05af5b19c291e4bc9fbbb912133e.jpg, 1, 0
WIN_20221229_22_02_04_Pro_jpg.rf.0e2789a0d80cd9ea8738708ca345a3a0.jpg, 1, 0
91e77c81-f2eb-4358-81d6-eea2509ae443_270_jpg.rf.0e2b246985712664f5dad61e84c39c9c.jpg, 0, 1
90dec1cd-f163-48fd-bcc4-58066e5acb09_180_jpg.rf.0e2da38e7bb8e61e2a0f5e770c436784.jpg, 0, 1
220fcc53-6ef7-45d1-8122-fa1c19ca9ec5_270_jpg.rf.0e2eaef78f735cc16e676bb8a183280f.jpg, 0, 1
c01c35d2-7769-4a57-abff-c52f7def3900_135_jpg.rf.0e352b26aa21fb8ce24b716fda82dabb.jpg, 1, 0
a57c3779-84b6-494f-a396-47718417b914_jpg.rf.0e3783f1eb0441c8c85b2e8ab2e2ff5a.jpg, 0, 1
b4b3a28f-aee8-402c-856a-b09db5dbeb4a_270_jpg.rf.0e42916e19946906a8c4dac258c94d1a.jpg, 1, 0
97e4c08e-3475-4d77-8b54-a2231e38f6a2_jpg.rf.0e497de62537523997cc81dd8c801f1d.jpg, 0, 1
215be899-dd62-42e0-b42e-8331622f5b9a_225_jpg.rf.0e4e60cfdc1770f034e8ae6ea0476036.jpg, 0, 1
75a3c3df-b678-4a55-aa92-02be5879a4cd_180_jpg.rf.0e4bac5f43c6eb140cd6187b51a467b4.jpg, 0, 1
878a59f0-76a6-4a7c-8e4a-45283cfb4465_180_jpg.rf.0e5368868ab35848fdc69de4c0b3df27.jpg, 0, 1
503a19e2-d693-4ab0-aae9-9181b1789a94_270_jpg.rf.0e551edadba3a39367e36cd81274a488.jpg, 0, 1
fbe4f519-6225-4168-bcf9-4ccc4d0d82bf_45_jpg.rf.0e61061f6c2040e57d7f53cf9c66f91c.jpg, 1, 0
57ab1fc0-e755-40c3-82cb-cce0684f11f4_225_jpg.rf.0e568d5590b89baa0afdd9d13f198807.jpg, 0, 1
1b05898a-3be4-4b9e-b4a0-6d23dfdaabf0_jpg.rf.0e681780848f845fd291ed4ebced1e5e.jpg, 0, 1
a968e0be-061b-40ae-801e-5e286dcbb663_135_jpg.rf.0e6d7719711275fdaf88157abbfff1e5.jpg, 0, 1
8e753e61-dd28-45b8-aa64-e6c1e71bd812_90_jpg.rf.0e7db6812fcd58fb22a8fdbd3f29de6c.jpg, 0, 1
503a19e2-d693-4ab0-aae9-9181b1789a94_180_jpg.rf.0e732f3f1faa1fef8646cf524ba35259.jpg, 0, 1
bd17953c-5cc6-4fc5-8ade-fd7ece53be19_45_jpg.rf.0e827301a4a37ca376952e2484bc50dc.jpg, 0, 1
51ba5ef7-fd64-4d52-9c3f-9d70e0ff040f_180_jpg.rf.0e848f86bb89d8fb2ef9f1a6d8fb7ad9.jpg, 0, 1
256d7e4e-e47b-466f-adb1-051bda40d918_180_jpg.rf.0e85c684e02fbb49b6e7f3772a9a3256.jpg, 0, 1
8140aed5-a61c-4048-81dc-c9e2149f60b2_90_jpg.rf.0e8de6c6156d17d76d241fea96aef7d9.jpg, 0, 1
706a501b-940f-4252-89a9-1afae476d3b1_180_jpg.rf.0e909c8a04c92bff151592141a9296b4.jpg, 0, 1
69c9cfea-cfbd-4dfe-a8a2-2ed31daafd85_225_jpg.rf.0ea6935e953efb9ba7b5a61f16dc776e.jpg, 0, 1
90dec1cd-f163-48fd-bcc4-58066e5acb09_45_jpg.rf.0ea90a96f2a3e46326d20a13aba9ca64.jpg, 0, 1
6cdbe5d2-04bc-4a25-b1a0-be0a00a136ae_225_jpg.rf.0eb17bdfd07d31277783f06a663fb40f.jpg, 0, 1
WIN_20221229_22_19_45_Pro_jpg.rf.0e87a4b6bf41af1c4992bfd1548a1a39.jpg, 1, 0
5d5357ec-e4b0-4f32-a45c-2dca5338324d_45_jpg.rf.0ec027a48e11cc31198ae393d30a2189.jpg, 0, 1
6b30113e-141c-4956-964b-7b64918f694b_180_jpg.rf.0eb73acb8247c47738c909dc5c75030d.jpg, 1, 0
52e703e1-69d2-44c7-a214-269fa0e09054_45_jpg.rf.0ec2497c40c2e0e1aabb1a297b7be3eb.jpg, 0, 1
0d2a4a7e-7b37-49eb-9ad6-8faaf457ad82_90_jpg.rf.0ed03be6d7d1945db5d463ea3fb28bc1.jpg, 0, 1
82dbf814-a3a3-4cba-9277-08c10de5c8a4_180_jpg.rf.0ee334d0d420f2f1e6bf0121291f8c0c.jpg, 0, 1
WIN_20221229_23_32_23_Pro_jpg.rf.0edf15d375dfe3bdb18841c4a09eff2d.jpg, 0, 1
82743c35-e968-47ee-93f6-95270352fe13_270_jpg.rf.0eea52305eacda4be70fddb6f9a40a56.jpg, 1, 0
72a74631-171a-4cf4-b978-58f358afa95c_180_jpg.rf.0ef19f0455fa6a88221c08df7155886d.jpg, 0, 1
df1a716e-d93a-4e13-8144-399bae44a249_90_jpg.rf.0ef6af0d02b9b6a08fe5c10179f5f1bd.jpg, 1, 0
6b30113e-141c-4956-964b-7b64918f694b_135_jpg.rf.0f0b75cc27dbee361c058803122a585a.jpg, 1, 0
764af58e-c590-444a-aefd-b4bc11f74c40_45_jpg.rf.0f00abe5704f5d59b99b5767e344da6c.jpg, 1, 0
df1a716e-d93a-4e13-8144-399bae44a249_jpg.rf.0f20606a3c9d6cc1374e8dbea65df719.jpg, 1, 0
00137db3-94aa-4aa5-aa3b-e3e09d6a5ef5_90_jpg.rf.0f219c26f7a8e562a781453f20a91fa1.jpg, 0, 1
507e6cd8-2041-47e5-b174-28a6d9328985_jpg.rf.0f2257a492e10328a2e3807390430499.jpg, 0, 1
665aeca5-e68c-49d3-ad8d-5755fad74dcf_180_jpg.rf.0f1198040b6ef3d1193e2ae487c3668a.jpg, 0, 1
8ddce3ce-bc64-4942-93aa-940868007f64_135_jpg.rf.0f296db0bff1dc30be3dc6290c5f4e89.jpg, 0, 1
WIN_20221229_23_23_43_Pro_jpg.rf.0f30754b4ef539469643f603391a8168.jpg, 0, 1
ccd5cdb4-3df2-4b3b-833b-3bdc7d43ee4d_225_jpg.rf.0f31d12fab530e39fb9ff7900c7b3f4f.jpg, 0, 1
0c4d65e5-1985-47b2-8252-616ed898bd7c_135_jpg.rf.0f330a2338e5d7e75d27c305aa21c83d.jpg, 0, 1
41ab7cda-4c88-47b8-98da-0c6ee6e07325_180_jpg.rf.0f34276f831efa662aaec41eaf911653.jpg, 0, 1
0aa414bb-510b-40c9-85e1-f7a7163b3e2c_180_jpg.rf.0f361af25cfdefb2ea38db577885a96d.jpg, 0, 1
41ab7cda-4c88-47b8-98da-0c6ee6e07325_135_jpg.rf.0f4593f364d8b458d887ebf2d400d852.jpg, 0, 1
72a74631-171a-4cf4-b978-58f358afa95c_90_jpg.rf.0f5693ef53653fcf90f17e1fca6b4004.jpg, 0, 1
8140aed5-a61c-4048-81dc-c9e2149f60b2_45_jpg.rf.0f5a1ec124bdd1797d0d803b0d30b7df.jpg, 0, 1
61bd5e75-cfb1-47e8-b4be-24447913359a_jpg.rf.0f5f4d8268b549b8494c86b69b1ccfca.jpg, 0, 1
217ac982-fddf-49ae-a311-27cf800d10f0_90_jpg.rf.0f5891a50a61e97e80436efa19dc7a44.jpg, 0, 1
878a59f0-76a6-4a7c-8e4a-45283cfb4465_270_jpg.rf.0f63778b52c4799507700e6f65c3db31.jpg, 0, 1
0dab9689-2c2d-4dc6-bb71-db1b6d82cb17_135_jpg.rf.0f7ae326e264e5f5fc48275e9f1d6b8c.jpg, 0, 1
05693239-35bd-4086-b8c3-e7b6aa763b4f_180_jpg.rf.0f5a25c17b4f16b923696810e97e703b.jpg, 0, 1
70be0397-922c-4185-bb84-728b59ab25f8_jpg.rf.0f664f5b929d4aa9b42ef8f640c85b1a.jpg, 0, 1
9fc543ac-91f3-43f6-8df6-28bb9709a3e6_45_jpg.rf.0f69e0f9187844af4b94854d2cf3d804.jpg, 0, 1
de7c5c69-6255-4087-9565-1732a07c986d_135_jpg.rf.0f7ca6f9c9676d1faf26b4e92d4a8cd4.jpg, 1, 0
WIN_20221229_23_30_35_Pro_jpg.rf.0f87e57ef4dc6c6f38515d4079b30c3b.jpg, 0, 1
a1690e8a-68f2-42fa-b0a0-6c59cc895c84_180_jpg.rf.0f7f39531fdb46c28061eaed00067658.jpg, 0, 1
69c9cfea-cfbd-4dfe-a8a2-2ed31daafd85_270_jpg.rf.0f87df23c08d6f9adec80cdf4f65f5f7.jpg, 0, 1
4dbf4259-4cc3-4ff3-8768-970703c6c8f9_225_jpg.rf.0f8a16a9dbb502024362f28c5474e16d.jpg, 0, 1
92810cd4-1652-4556-bc0b-b2e953449143_45_jpg.rf.0f99ced61c9a63b2871c53c63a73bcc1.jpg, 0, 1
2abea0f5-7c2a-4519-88c1-d33080ac7db2_270_jpg.rf.0f8d6e43615c94b2cc2260184eb4defa.jpg, 1, 0
96d467c2-fa44-474b-9e64-88f1f265aeaf_135_jpg.rf.0fa1ba51b1dadb1683a3b99370f0f593.jpg, 0, 1
66ba2553-31f1-473c-9602-d2df0c1bb3f0_jpg.rf.0f92bedb7b479e557e6f963d02623355.jpg, 0, 1
3bde05ec-782e-445d-a221-38a8ecbc5dab_jpg.rf.0fad4dc789e763a0e4b9c32793c7e400.jpg, 0, 1
WIN_20221229_23_07_10_Pro_jpg.rf.0fb27d816f06a753c975adb6292f94c0.jpg, 1, 0
92787dc3-1720-41c4-8acc-5c7f3fda0fa5_45_jpg.rf.0fc4688efed4b3afd66a2ef61febec29.jpg, 1, 0
680cc473-598d-49e7-847e-6b8c099e14fc_135_jpg.rf.0fe2c74211e73b3310b240da33a7516e.jpg, 0, 1
72a74631-171a-4cf4-b978-58f358afa95c_135_jpg.rf.0fde0be09232bdc64f0acec6923dee6d.jpg, 0, 1
1ab90226-8889-4bcd-ad0c-ea01fedaaffd_180_jpg.rf.0fd2969577fd6443b388135f0f3621af.jpg, 1, 0
01aff576-d811-4858-bc7b-e66af9db530f_90_jpg.rf.0fafe77ec9c4e7f0c78f4124994b3a46.jpg, 1, 0
108ca99a-5abc-4dca-8e9e-ad3551748f1a_jpg.rf.0fe7b6e5ea1cc749ac8f1982bd70ca66.jpg, 0, 1
72a2b8f8-c7ca-4222-b2a1-9b82ac7990f4_135_jpg.rf.0fe745bfc6a1b815b1d7bc956c727e90.jpg, 0, 1
15f5d196-2633-4a7b-9102-b33c659c6024_270_jpg.rf.0ff29be7d2513c735d5f4ec4fc623d9b.jpg, 0, 1
d4ea5845-ed1c-4bcd-b615-557884bb64c2_90_jpg.rf.0feef2f5530560d39034b92980cab16d.jpg, 1, 0
1d4ead22-cc06-4fa2-9784-d9257f24ef86_135_jpg.rf.0ff8d7fe9c1f863468fda6d7bcf58a32.jpg, 0, 1
a70cfd80-0fa8-48c8-ab56-7f7cc8b0bb9b_180_jpg.rf.0ffaa0a88ea2b26a6ae87502eb397db3.jpg, 0, 1
4737a7d7-5d10-4912-b3e7-c8254a88af02_225_jpg.rf.0ff934c6d24af5cfe1307dcf7a575f55.jpg, 0, 1
0fbac742-48ee-4857-ab82-3318c8fbdcb8_180_jpg.rf.0ffe4f1655886d05a2f66e88745c0dd0.jpg, 0, 1
WIN_20221229_22_03_10_Pro_jpg.rf.1010b556ce2f34fc93ea0f20f4de5dea.jpg, 1, 0
303bf4f0-4e58-4f52-83e1-73f1a7ceabc5_225_jpg.rf.10026f42dd4553b24c890b9c8e2b741a.jpg, 0, 1
69fc95bf-f644-4c92-8057-f05146da07f7_jpg.rf.1003e793899317d0388b78733f1fdf79.jpg, 0, 1
afd44643-9287-4080-934f-7a13c66d9bfd_180_jpg.rf.101f369da7f7e443d869b19eebb6319b.jpg, 0, 1
cfed691e-4738-45c4-a2bd-65fc9d5c2da8_45_jpg.rf.102f8516a807c714e88586df0a2efb7c.jpg, 1, 0
9a5fc62c-6820-4cb6-ba66-1063e612d144_45_jpg.rf.1037c09e97ae7b40f14b6cd4824d4849.jpg, 0, 1
27f3e57e-469f-4627-8144-2ce3e9d048b7_jpg.rf.1034f1f805a3fcf3870239c7e8aa16e1.jpg, 0, 1
WIN_20221229_22_38_47_Pro_jpg.rf.1045db642776ffe407ad5e3af2bb1aa2.jpg, 1, 0
7d0322d1-3583-4a2b-ad25-e76d31603cee_jpg.rf.104fcfc6b5f58e92411310cc39630e58.jpg, 0, 1
8a28aff5-8859-462a-bccf-e8d61dde3eff_135_jpg.rf.104871f865804a020f1c8cb6cf6aee50.jpg, 1, 0
706a501b-940f-4252-89a9-1afae476d3b1_225_jpg.rf.105695a79ea2137703349f9a92343144.jpg, 0, 1
81d526fb-cb95-4b9d-a013-dad7b3f083b3_135_jpg.rf.1063352e2cf9ec81850afe8a2a773832.jpg, 0, 1
ae88b11a-3c51-46c9-a74f-4f141d73ed73_jpg.rf.1064ca0be4612eb723bd97ab24e68058.jpg, 0, 1
8a28aff5-8859-462a-bccf-e8d61dde3eff_jpg.rf.1067984fdf45dc072f7f4ea06d7687ba.jpg, 1, 0
87cc591e-7e25-4d08-a519-6b5ec6d98cfa_180_jpg.rf.1065bd7c6364c3bc76cbd016d54754d7.jpg, 0, 1
WIN_20221229_23_32_51_Pro_jpg.rf.1069cc6ec279db180efa5d4d10719a68.jpg, 0, 1
0516cd97-ef6c-4542-a884-e01aaa597ac3_135_jpg.rf.1095de9e336b4f3dea4144d6e9664a95.jpg, 0, 1
70be0397-922c-4185-bb84-728b59ab25f8_135_jpg.rf.1081d17e7fffd2414dd38224bee0713a.jpg, 0, 1
a1690e8a-68f2-42fa-b0a0-6c59cc895c84_90_jpg.rf.1061f47ac21ad3f4b8ac55ef2bab0479.jpg, 0, 1
91b94861-b751-4b86-b7a3-f6b2e3dbbd89_jpg.rf.10a378ae723fc98025e0b8e5a31910b6.jpg, 0, 1
a36b24dc-58f1-4270-b642-3bb7ec46de0f_135_jpg.rf.1095251c9e999300e4db12648f1ca956.jpg, 1, 0
3c5c4ffd-e4d4-45b7-a07c-64e2f6788de2_270_jpg.rf.10a4c09ab8207346966621e273c6c934.jpg, 1, 0
1f4613ea-1b60-4092-876c-1a474a8c51b9_45_jpg.rf.10b8f741a0a51fde56b6456f54fae298.jpg, 1, 0
2abea0f5-7c2a-4519-88c1-d33080ac7db2_90_jpg.rf.10b717e00476e2fb81f5724815569188.jpg, 1, 0
0dab9689-2c2d-4dc6-bb71-db1b6d82cb17_45_jpg.rf.10d8d8d095a72e11155b73fb434f1e9e.jpg, 0, 1
WIN_20221229_23_26_54_Pro_jpg.rf.10bc009c1ad2fbd6cde3d01cd8eb12ec.jpg, 0, 1
9765b374-f3eb-4a26-903c-90d85bc9fe0a_180_jpg.rf.10d43afba3c7bc25d03159c5c84a9e1a.jpg, 0, 1
256d7e4e-e47b-466f-adb1-051bda40d918_225_jpg.rf.10cceb9b037c63b5a6d27c256f8bf227.jpg, 0, 1
WIN_20221229_22_58_13_Pro_jpg.rf.10e33842bb7994b503de15248a40f440.jpg, 1, 0
014bcc0a-10c7-41eb-80eb-e2f62bb652b3_jpg.rf.10db94dd25f8f9715ba90a2ff8d774f4.jpg, 0, 1
WIN_20221229_22_24_41_Pro_jpg.rf.10da56ccad02767bc52f371cd0207818.jpg, 1, 0
11037d07-18b3-4fc4-8025-f06dcbc0500d_270_jpg.rf.10dc16875d82a5e360e06a854475f9d6.jpg, 1, 0
00800bbf-203e-48bd-b64c-f14ef2579c8a_180_jpg.rf.10f0f9922d1da83fafd1f35e3a843652.jpg, 0, 1
b84b2bd1-353d-4da0-80e6-da6df7b611b8_225_jpg.rf.10f649b7ec8e9b49491f9dca5c84e31d.jpg, 0, 1
75fea9b7-7c08-4ea2-bb8d-50096fdf774b_135_jpg.rf.10f13f97da5d476f376487ba036d40e0.jpg, 0, 1
a1690e8a-68f2-42fa-b0a0-6c59cc895c84_jpg.rf.10f1eab5d1205e114cd72df97720de54.jpg, 0, 1
WIN_20221229_23_30_29_Pro_jpg.rf.10f98c8ffc4c22712b857c259774a8f1.jpg, 0, 1
8e753e61-dd28-45b8-aa64-e6c1e71bd812_45_jpg.rf.11033bc4f499a7d151d0f2e16e15d87e.jpg, 0, 1
d2936fba-871f-4fbe-97da-b6e6e347e889_135_jpg.rf.11045574a8a68c4eaece2517a5c7aebc.jpg, 1, 0
507e6cd8-2041-47e5-b174-28a6d9328985_180_jpg.rf.11046bd12e2c23e7c9a21e65deff8d64.jpg, 0, 1
92009a81-ec1a-4dc0-99aa-c0898383287c_225_jpg.rf.1104a2ce8d0ed1e8cc944db63888a902.jpg, 0, 1
15fd3442-e84f-4c27-952b-ec415fe777d6_135_jpg.rf.1121691c6b09a97f6d3ecc9b02781edf.jpg, 0, 1
fbe4f519-6225-4168-bcf9-4ccc4d0d82bf_180_jpg.rf.1113067be35a83e552152721d2602f81.jpg, 1, 0
507e6cd8-2041-47e5-b174-28a6d9328985_jpg.rf.11279f0d5608c46bb2a43a2a16a1e165.jpg, 0, 1
5522f66d-ad72-48d5-9767-5e7b23f6a206_180_jpg.rf.1111a29eda9cea25233283622c25e046.jpg, 1, 0
7a6523d6-ef65-4cca-8160-946936395ede_135_jpg.rf.112f8b4c3f0744df9e1ff76081f6f0eb.jpg, 0, 1
859bbe6e-7f46-4b86-acd1-86fea679de36_135_jpg.rf.112c4f82ce1ea87d7712ebe8f1f8c929.jpg, 0, 1
936d35a1-f617-4a9b-99c6-32cfd8284d34_225_jpg.rf.113b9331fb133d7dcf4aebdd84b590d3.jpg, 0, 1
a4b1b05e-8f9a-4f68-98fe-52dd9e2a9663_jpg.rf.1142ee66c748fd7ba033729ea5861a6f.jpg, 1, 0
f206736f-e48f-4e12-b367-144752c744e6_135_jpg.rf.114509c452136c379282b24fb1e0d432.jpg, 1, 0
6b316208-fce5-4562-a45b-736f29a3a697_45_jpg.rf.114c4cc2e960254401d85daba29f9360.jpg, 1, 0
120bdf6d-39ea-4df8-b8a7-1a4362423b28_45_jpg.rf.1153056daa1631104c0c7023df8a36b5.jpg, 0, 1
d4ea5845-ed1c-4bcd-b615-557884bb64c2_90_jpg.rf.11698015774dabc3119e11b114572519.jpg, 1, 0
87ad76a7-bd79-4c43-86bb-4db4498e10f1_90_jpg.rf.116f85762a3bf69763a02eb940021a16.jpg, 0, 1
WIN_20221229_23_33_10_Pro_jpg.rf.116c8413f2a6b26c867197241c094a80.jpg, 0, 1
0c04b448-fe60-4b89-bf5a-b18fe90a5870_90_jpg.rf.117107e9339e7d555cf6ee67dabbe343.jpg, 0, 1
66ffa488-289b-4188-afe1-7764a1a1bb1a_jpg.rf.11742e8079d983b377244bcdbd9518ba.jpg, 0, 1
8e753e61-dd28-45b8-aa64-e6c1e71bd812_225_jpg.rf.1174ef352c6c34105b0ae8279843c4a9.jpg, 0, 1
345b8a93-c7d2-4b34-9e0c-90f2561ada84_135_jpg.rf.118156c6151865c16b8a1e900a8ce5df.jpg, 0, 1
WIN_20221229_22_08_50_Pro_jpg.rf.118a4ad489894592cd8c4aabe4e31774.jpg, 1, 0
WIN_20221229_21_59_55_Pro_jpg.rf.118b796e2c70c686bc2dcb42a5887d78.jpg, 1, 0
92fe0088-90bc-4eaa-8567-a9b3ad0645e8_45_jpg.rf.1195dd5dd3faf44e5afca0da51be1d62.jpg, 0, 1
8efe1e18-4032-4f20-996f-60a19c62f547_135_jpg.rf.11aa40c2242b0c4dfe3d5703a895bd48.jpg, 0, 1
adcb9cef-245f-4674-bd16-4c8ad789d0a8_270_jpg.rf.11b0a90f619925c513f828cbef6cc8a5.jpg, 0, 1
0c279d03-a83d-4404-b852-2b90d79e1ed3_270_jpg.rf.11b2ff5f846aa0f050d03febf08b6cf7.jpg, 0, 1
WIN_20221229_23_06_55_Pro_jpg.rf.11b421b6eecd0210b9d4b58ddcbe7a3e.jpg, 1, 0
cfed691e-4738-45c4-a2bd-65fc9d5c2da8_225_jpg.rf.11a6ea0400f1439676be330c9ee7a649.jpg, 1, 0
51ba5ef7-fd64-4d52-9c3f-9d70e0ff040f_270_jpg.rf.11bb50bb455733bdebfb4872a91a6f1a.jpg, 0, 1
1d4ead22-cc06-4fa2-9784-d9257f24ef86_270_jpg.rf.11c18b6d14ebe1ef438c5f82b12a70ea.jpg, 0, 1
4eddf419-3396-43d2-8b40-3ccecf2a2620_225_jpg.rf.11c3285c1be41bdbf0ccdcf6d62f568b.jpg, 1, 0
2c59ee70-dc1c-4de3-83ab-aa36a5fb92c9_225_jpg.rf.11cd511f8c7b5c10a9fc46fdad4d1be0.jpg, 0, 1
207aff1c-09cf-47d1-ae76-474c6c31b0e4_270_jpg.rf.11cf87757814a017d59e6677803660f1.jpg, 0, 1
72ab964e-0b95-46ec-a135-1890eb300c53_180_jpg.rf.11de283cdf18c4153e13ead764db3964.jpg, 0, 1
61e87bb2-b69a-4d10-afa1-6c1a3d0291df_225_jpg.rf.11ef637aff80e33a02f4ed07ce5cef7b.jpg, 1, 0
aa8cc596-1881-4e18-a73f-fe60f6a6a031_jpg.rf.11e9220c6feeea1d128821c2a4626b96.jpg, 0, 1
4f08fc98-7d4d-43f7-921d-b2ccf8ca726d_jpg.rf.11f91dd3c281e7a012c56d008707cb06.jpg, 1, 0
6b316208-fce5-4562-a45b-736f29a3a697_90_jpg.rf.12025164f155bb44fa4a52a85886e1b7.jpg, 1, 0
WIN_20221229_23_01_58_Pro_jpg.rf.11ffd7ee6678541d5e66c1fc6d4c9ef6.jpg, 1, 0
1acf8679-d50f-446c-b806-def7d073e244_jpg.rf.11f8896c06f2d693493e712901420de1.jpg, 1, 0
b4b3a28f-aee8-402c-856a-b09db5dbeb4a_270_jpg.rf.11f13091a13618358674ab8d411a806d.jpg, 1, 0
687d8151-bfed-420b-9a07-5213500e2964_90_jpg.rf.120cef85483ea5b5ee14a37993a65637.jpg, 0, 1
WIN_20221229_22_37_27_Pro_jpg.rf.1202f2d1b364a1384651889aa042bda5.jpg, 1, 0
WIN_20221229_23_21_06_Pro_jpg.rf.1213affb7b2203a4f50326fecc42dd7a.jpg, 0, 1
108ca99a-5abc-4dca-8e9e-ad3551748f1a_jpg.rf.12049a4b5e851c634b300c72750113d9.jpg, 0, 1
6cdbe5d2-04bc-4a25-b1a0-be0a00a136ae_90_jpg.rf.121b9996e3c6fd1d5b6ed06b2dab4ecd.jpg, 0, 1
7d0322d1-3583-4a2b-ad25-e76d31603cee_270_jpg.rf.121ea91f07a204e799f7b737eecea30c.jpg, 0, 1
92fe0088-90bc-4eaa-8567-a9b3ad0645e8_135_jpg.rf.121fd08090a56f3c53d6770b458b906f.jpg, 0, 1
1af687ed-553d-491e-a213-8ddfbfea61ec_180_jpg.rf.1222b4da591c2c6d46b91be0706eacc3.jpg, 1, 0
69fc95bf-f644-4c92-8057-f05146da07f7_jpg.rf.1227d9be0f54de73a1911cf7447c73b2.jpg, 0, 1
6343bade-4271-437b-84ea-e9756e715080_270_jpg.rf.122b70da7258cfb3272132cebe8a3463.jpg, 0, 1
57ab1fc0-e755-40c3-82cb-cce0684f11f4_135_jpg.rf.12350665dbc4591316772ce94dc2ec43.jpg, 0, 1
811f5cf3-9a05-4b39-b1b3-174f31f7cec6_90_jpg.rf.1229552dd65a8c85d030e12ba9a66d85.jpg, 0, 1
ef757b72-613c-4d8f-b8e0-a3564581cb0f_270_jpg.rf.123e07ad6e48418044e33c82ff5ed3ac.jpg, 1, 0
WIN_20221229_23_09_14_Pro_jpg.rf.123fdb7f9c41223009664e3a75509171.jpg, 1, 0
8c678484-e530-433f-9265-cadfa51b5d6a_90_jpg.rf.12338a50c931ec72d6719f1d51b3bf2d.jpg, 0, 1
859bbe6e-7f46-4b86-acd1-86fea679de36_90_jpg.rf.12403bf47c64960abb2839c3f11244ac.jpg, 0, 1
2bf615ea-7241-4861-82d7-bb74c8b5dfba_jpg.rf.1246aeaefafb7d8f1fd92f5c5e7570ee.jpg, 0, 1
adcb9cef-245f-4674-bd16-4c8ad789d0a8_180_jpg.rf.124489a243b71ef3e239ad64b6470fe2.jpg, 0, 1
52fd332d-b13d-4675-8292-bfb533d39432_135_jpg.rf.12510bdb30b5d22f8184772c0e748598.jpg, 0, 1
WIN_20221229_22_08_20_Pro_jpg.rf.1246617c5da3e404f265f00a1b62baa8.jpg, 1, 0
WIN_20221229_22_13_29_Pro_jpg.rf.1248ce10b07933eb911d5e402a1f0191.jpg, 1, 0
69c9cfea-cfbd-4dfe-a8a2-2ed31daafd85_225_jpg.rf.1259c5f25294db32a4d3030a6c1a9242.jpg, 0, 1
92009a81-ec1a-4dc0-99aa-c0898383287c_jpg.rf.125668bde6cb77312481d9e095052345.jpg, 0, 1
WIN_20221229_22_02_24_Pro_jpg.rf.1260c86f960ae6a7b49c94577c000683.jpg, 1, 0
ef757b72-613c-4d8f-b8e0-a3564581cb0f_90_jpg.rf.126d3ce0dc0d6c34ac6459c5276080f5.jpg, 1, 0
811f5cf3-9a05-4b39-b1b3-174f31f7cec6_135_jpg.rf.127d5f167fdffeb1fd6329a6cdf5fd68.jpg, 0, 1
5522f66d-ad72-48d5-9767-5e7b23f6a206_jpg.rf.127b82ebd351b23008bc528805d54cdd.jpg, 1, 0
WIN_20221229_22_00_37_Pro_jpg.rf.1282d50667c6e7a90cf2853545dd5b4c.jpg, 1, 0
53f913e3-941b-4772-8446-2bad471e22b0_180_jpg.rf.1281fc06d8205d47f825d801794d2c87.jpg, 0, 1
5c99f964-3704-402c-aa2d-42bd2fbacf4f_45_jpg.rf.1283dd41b347ab4b0b14f0233e4f7df5.jpg, 0, 1
52fd332d-b13d-4675-8292-bfb533d39432_225_jpg.rf.128a0547b5d902c54be965cff7f177cc.jpg, 0, 1
df1a716e-d93a-4e13-8144-399bae44a249_180_jpg.rf.128d4f025a7ad84a514b26ce2037f539.jpg, 1, 0
503a19e2-d693-4ab0-aae9-9181b1789a94_270_jpg.rf.129281d1ef9b75338f18254f3032536d.jpg, 0, 1
014bcc0a-10c7-41eb-80eb-e2f62bb652b3_180_jpg.rf.129a20e6f590c449f39dde6a5fb1687b.jpg, 0, 1
WIN_20221229_22_55_39_Pro_jpg.rf.12960a64cb7d640c5d94b5f12df64a44.jpg, 1, 0
8140aed5-a61c-4048-81dc-c9e2149f60b2_90_jpg.rf.12a0620d075ffc8f683ed8a3f141e208.jpg, 0, 1
8140aed5-a61c-4048-81dc-c9e2149f60b2_90_jpg.rf.129b0292be9211b9faa01d509994981c.jpg, 0, 1
811f5cf3-9a05-4b39-b1b3-174f31f7cec6_jpg.rf.12a0e4dbad968e98124700f8e64f3105.jpg, 0, 1
WIN_20221229_23_27_13_Pro_jpg.rf.12a7505241d80430eace2442632913ee.jpg, 0, 1
22ada72b-340c-4d68-9534-2729e3347cab_45_jpg.rf.12b45b2a30e9c896e57233bd791ad043.jpg, 0, 1
4737a7d7-5d10-4912-b3e7-c8254a88af02_135_jpg.rf.12b47133c6665eb40e342ab5e115b2ec.jpg, 0, 1
868aed84-639d-46d3-9f59-3d71ba702ea0_135_jpg.rf.12bcd17310d098b25adbceaa04d8cb2a.jpg, 1, 0
84c8c90b-b9c3-4290-bdff-f1946a11050a_180_jpg.rf.12c080b2aaa11b951260fcb29285c17d.jpg, 0, 1
ae88b11a-3c51-46c9-a74f-4f141d73ed73_90_jpg.rf.12c367efb34901325218a2eb12229c58.jpg, 0, 1
7ebb4762-7de4-4754-8cd2-2d4f743f512c_90_jpg.rf.12c5b3a1b3dff3200878afa7d2e7cf3e.jpg, 0, 1
2eae8682-54b6-40b7-9684-d956300a4077_90_jpg.rf.12cf62559f9302266afc880694c72bb3.jpg, 0, 1
4de4ad31-de11-418b-a60d-a7192ea0c98a_135_jpg.rf.12cee5e0e889a1655abed9edda6cb2e5.jpg, 1, 0
5a3117dc-7932-4c34-ae3f-e5867c98ee0a_45_jpg.rf.12e3b8e462a8de8f493fed97ffbdf22b.jpg, 0, 1
76d57cee-bb5c-4631-b737-fe16b92c2a28_180_jpg.rf.12f24a7c43713dc92b5fbace08322e6f.jpg, 0, 1
WIN_20221229_23_27_32_Pro_jpg.rf.12f55cc2bc9788627b1977950e8b39f1.jpg, 0, 1
488a316b-07fc-410e-a5fd-84f831acc653_225_jpg.rf.12f455257e542716b2d51733fefddd0a.jpg, 0, 1
611513d3-0fb7-4068-8cd8-68a9bdb056c4_90_jpg.rf.12f590d990a06fc25ddd100819d8db4e.jpg, 1, 0
5064456d-d977-4c88-a2f7-613db1f3f19b_45_jpg.rf.130232540d1223167fa0086b6ed3e4c3.jpg, 0, 1
96383b0f-647d-4d8b-aae4-c525fb9365d6_270_jpg.rf.130f90500e37f013d92e86bddddf3e3a.jpg, 0, 1
52fd332d-b13d-4675-8292-bfb533d39432_270_jpg.rf.131366b93a9ddcddf501e5966a516dbf.jpg, 0, 1
56863d51-82dd-432b-808a-bb09a5e65be6_45_jpg.rf.13185eb049a3e7a0a7900eb90343386d.jpg, 0, 1
6181c79d-f063-4fa4-be90-ae376d6b3bdc_270_jpg.rf.131636e9de76a1ffdc37b810de625057.jpg, 1, 0
b4b3a28f-aee8-402c-856a-b09db5dbeb4a_180_jpg.rf.1340b8272ffca3ab20a94a2db45f80a1.jpg, 1, 0
cce642b7-d4aa-4dc6-951b-e1b655f68334_225_jpg.rf.13417b779278e68bc8d074e5a21e6885.jpg, 1, 0
87ad76a7-bd79-4c43-86bb-4db4498e10f1_jpg.rf.13549c5d8decde25b1b3b2dd520615bb.jpg, 0, 1
0fbac742-48ee-4857-ab82-3318c8fbdcb8_270_jpg.rf.1351aba431127baf56d301f9cb731b50.jpg, 0, 1
afd3edfe-e4fe-4715-8429-5af060c5f0d9_135_jpg.rf.1346afdcec6b45c5fc1ae2b15131166f.jpg, 0, 1
76d57cee-bb5c-4631-b737-fe16b92c2a28_jpg.rf.13587fdde1f53d83f1b0f8ae564f621d.jpg, 0, 1
WIN_20221229_22_19_45_Pro_jpg.rf.1310b3225241d6807be32afdb44da1af.jpg, 1, 0
afd44643-9287-4080-934f-7a13c66d9bfd_225_jpg.rf.135aecebe17cc3ef77166139954ef358.jpg, 0, 1
52e703e1-69d2-44c7-a214-269fa0e09054_45_jpg.rf.136672af2ba712d857beac2e9d3b09b0.jpg, 0, 1
6f8a29a3-8b83-47d6-8a5b-7baf97fd4469_135_jpg.rf.1364be311e99b9daed2729d0fc77eed9.jpg, 0, 1
80de665e-2077-4a83-9a40-20d2bcaeac43_90_jpg.rf.136c0cf52027c8406bc4e27991d733df.jpg, 0, 1
94a26150-c197-425f-961b-0a4ae35825cf_180_jpg.rf.136c799e521c427e8ec1fa142369dc70.jpg, 0, 1
a8ba45d9-69a1-4fc4-a6c3-74c50107e59c_225_jpg.rf.137b19be2a8ec0ae86cc2e9059e54836.jpg, 0, 1
0c04b448-fe60-4b89-bf5a-b18fe90a5870_45_jpg.rf.13709a62e4eaa22f950db1465a60923d.jpg, 0, 1
224748bb-08de-4a59-98e5-2bbef0629846_225_jpg.rf.1386f3fcb002db9054de6e2c6b96eb13.jpg, 1, 0
8a28aff5-8859-462a-bccf-e8d61dde3eff_225_jpg.rf.1392d1276c1bee4a2421a433dd1e3d54.jpg, 1, 0
507e6cd8-2041-47e5-b174-28a6d9328985_90_jpg.rf.138148e770c434d13739f2cf0052fada.jpg, 0, 1
92009a81-ec1a-4dc0-99aa-c0898383287c_90_jpg.rf.138a78a2cdd05d55275e195461752623.jpg, 0, 1
687de30d-714c-4d10-9b23-998af950a13a_90_jpg.rf.1398c6f7b6bebd3cf0aaeddda508fe15.jpg, 1, 0
217fef04-2462-4dca-a170-f780b700b17e_jpg.rf.13b965e8dd2a02b5085fa84aeb065d51.jpg, 0, 1
4fac26f2-1588-4362-9e73-ffe2e8791cbb_225_jpg.rf.13c0983458d010c5fcf76769f55d62ba.jpg, 1, 0
c01c35d2-7769-4a57-abff-c52f7def3900_90_jpg.rf.13c6260996c2e5e21c70e2824595fce5.jpg, 1, 0
WIN_20221229_22_41_15_Pro_jpg.rf.13cc240416e035ba6ff1556e93c8592f.jpg, 1, 0
24a200ea-e903-4bcd-aee1-fb26e7bfd757_jpg.rf.13d280969e25eb339fa3253298e7c339.jpg, 0, 1
3c966d73-e030-422f-8e66-a2bfb35337dc_90_jpg.rf.13d79cdc5c121f6c8c2afbf5ecb5f953.jpg, 0, 1
0aa414bb-510b-40c9-85e1-f7a7163b3e2c_270_jpg.rf.13dcdcdedd7f6c96d717f05ddc63cdb0.jpg, 0, 1
233af445-c0e5-4bb1-ad5f-743becd76cab_225_jpg.rf.13ed8f25151f901f3617c821681e82be.jpg, 0, 1
WIN_20221229_23_32_15_Pro_jpg.rf.13e379b1a63544546b9e3bd92a96e987.jpg, 0, 1
a36b24dc-58f1-4270-b642-3bb7ec46de0f_225_jpg.rf.13e8e240f2d5a40ab106309a2585d4ee.jpg, 1, 0
98cb62e4-f491-47c7-b871-9d1aeeac307e_jpg.rf.13ee35e1ae55e853cab66c0ef6bcd3cc.jpg, 0, 1
4737a7d7-5d10-4912-b3e7-c8254a88af02_225_jpg.rf.13ac06ff5364c73079b9e03d7fc4ca90.jpg, 0, 1
76d57cee-bb5c-4631-b737-fe16b92c2a28_135_jpg.rf.13ef7a05d0a5a5b8358c7700207713ad.jpg, 0, 1
00800bbf-203e-48bd-b64c-f14ef2579c8a_180_jpg.rf.13f8a1faa473724832a7d4134b209321.jpg, 0, 1
6bb51206-67ec-431b-8484-93739b1fddad_90_jpg.rf.13f7779e1caa810cdbe63f1ea1fefb57.jpg, 1, 0
5d5357ec-e4b0-4f32-a45c-2dca5338324d_225_jpg.rf.13fd59fdfbf2969707ded92f0f587b28.jpg, 0, 1
98cb62e4-f491-47c7-b871-9d1aeeac307e_135_jpg.rf.1401976036a4b6625cecd466be4b72e3.jpg, 0, 1
cfed691e-4738-45c4-a2bd-65fc9d5c2da8_90_jpg.rf.140a046794fa6109bfd76a8afac3e86d.jpg, 1, 0
90ecbd63-5a3d-4c6b-bd34-594c7c6a2d40_225_jpg.rf.140f04b8cc9826cc2262c0ee4e2ff750.jpg, 0, 1
7d0322d1-3583-4a2b-ad25-e76d31603cee_270_jpg.rf.142ad869849ee60799b20a858743590e.jpg, 0, 1
61e87bb2-b69a-4d10-afa1-6c1a3d0291df_180_jpg.rf.1421475979daa697a7ee96f855317b74.jpg, 1, 0
680cc473-598d-49e7-847e-6b8c099e14fc_225_jpg.rf.142f65f2aa20017b11845064180b8c04.jpg, 0, 1
936d35a1-f617-4a9b-99c6-32cfd8284d34_135_jpg.rf.1433817a83e02d9ea882ea3d93980b1e.jpg, 0, 1
87cc591e-7e25-4d08-a519-6b5ec6d98cfa_45_jpg.rf.14361c9614f2f51e9feb4ae939c5c613.jpg, 0, 1
33dd040e-50b6-44e7-afc7-230da49bcf12_270_jpg.rf.1439cac2cc3b0489327bb366abe74484.jpg, 0, 1
4de4ad31-de11-418b-a60d-a7192ea0c98a_225_jpg.rf.143f3245b91edf4405cea7d4e0c5d4ac.jpg, 1, 0
09f44886-0cae-43b1-97fe-d8055d8d3616_225_jpg.rf.143a779b0d2c47e2784af4f8e15cd544.jpg, 0, 1
217fef04-2462-4dca-a170-f780b700b17e_45_jpg.rf.1448835183423ad3af1389f2d54770c7.jpg, 0, 1
84f05969-c971-4d44-8df4-3a80a71a545d_45_jpg.rf.1458ef0366456c8e64a9ce9c05ade203.jpg, 0, 1
4fac26f2-1588-4362-9e73-ffe2e8791cbb_270_jpg.rf.14503d2f88921e6bfd4b7f3233a6e253.jpg, 1, 0
1acf8679-d50f-446c-b806-def7d073e244_270_jpg.rf.1460977c3a03d8ae804b7d8e0b9abaef.jpg, 1, 0
66ba2553-31f1-473c-9602-d2df0c1bb3f0_90_jpg.rf.14462640d07d20086c09c9cdb57d794b.jpg, 0, 1
76d57cee-bb5c-4631-b737-fe16b92c2a28_90_jpg.rf.1467fbae6aac8104a107e2e80093ef0b.jpg, 0, 1
51ba5ef7-fd64-4d52-9c3f-9d70e0ff040f_180_jpg.rf.146a0103ba18724b071a8ee608340810.jpg, 0, 1
2d6fa448-2f18-4db5-a942-7097acff076a_135_jpg.rf.1467559576edd5ee5bc7176902526911.jpg, 1, 0
WIN_20221229_23_13_03_Pro_jpg.rf.147185b92645f039371bbb462bcb00cd.jpg, 1, 0
898d6980-0ea3-4451-82f1-3bdabc8c6d9d_45_jpg.rf.1471ae5d8115b925dc032ee89bad889e.jpg, 0, 1
6f8a29a3-8b83-47d6-8a5b-7baf97fd4469_45_jpg.rf.147c419bde79be65f96ed229c0907082.jpg, 0, 1
9a5fc62c-6820-4cb6-ba66-1063e612d144_225_jpg.rf.1473e13bea1a6246d1ea5930c6c5221a.jpg, 0, 1
56863d51-82dd-432b-808a-bb09a5e65be6_270_jpg.rf.148e25d861a9a5b51df909f764362d64.jpg, 0, 1
764af58e-c590-444a-aefd-b4bc11f74c40_135_jpg.rf.14a190fe22c2d871fd90b9f04df23048.jpg, 1, 0
d141258d-4b06-4d47-9e08-82edbd725dd1_180_jpg.rf.14a1ea711f3d9e91b5891ef096c35642.jpg, 0, 1
WIN_20221229_23_21_51_Pro_jpg.rf.14a20b2c2427a7f51e0ed6a84c14962f.jpg, 0, 1
00137db3-94aa-4aa5-aa3b-e3e09d6a5ef5_90_jpg.rf.14aedd454e3c7f56f4177f4824d58322.jpg, 0, 1
7ebb4762-7de4-4754-8cd2-2d4f743f512c_90_jpg.rf.14a44af3b2e33ec7a2a338bebb272ab7.jpg, 0, 1
16117db8-0d07-4950-b684-370b7d0813ec_135_jpg.rf.14b89edc2e2b6914fa52244dd656335a.jpg, 0, 1
5671fc02-681e-4da8-826f-c1a0b2dc5870_135_jpg.rf.14b49b58293f85487342e3e356d0b82f.jpg, 0, 1
499ce0e3-7fe4-4fd4-bd8a-5aa00aab3f43_225_jpg.rf.14c2910217b2736cf16de2eaa6b19094.jpg, 0, 1
adcb9cef-245f-4674-bd16-4c8ad789d0a8_135_jpg.rf.14c8bf0891f5a738e242ef5f9957860e.jpg, 0, 1
87e64a68-c898-4474-bd57-1e570902862f_45_jpg.rf.14d11c07ede75a1b5488ce90fd2abb29.jpg, 0, 1
5aa96b87-9a19-4beb-971d-21bde07a9a0b_225_jpg.rf.14e7e8d5e227c2613ae2b9f8c3221feb.jpg, 1, 0
WIN_20221229_23_24_48_Pro_jpg.rf.14f5660fe50b1fa78addbab75b2a7b5b.jpg, 0, 1
6b316208-fce5-4562-a45b-736f29a3a697_45_jpg.rf.14ebf3de14abdb1cb93b5056f6aa609f.jpg, 1, 0
2bf615ea-7241-4861-82d7-bb74c8b5dfba_jpg.rf.14facf4115624bf374511c2de42ebe90.jpg, 0, 1
c6d5a9cd-56bd-4e1a-9ca8-c3562c8140f8_225_jpg.rf.14f608e365447c87f29bf15551f63fab.jpg, 0, 1
ba25564d-c23a-450d-b0af-a191ed900fb1_90_jpg.rf.1502b0c822514885d70e1c1c7954d5d0.jpg, 1, 0
a57c3779-84b6-494f-a396-47718417b914_225_jpg.rf.14fb688cce6d41dbf038b2673858d4ae.jpg, 0, 1
WIN_20221229_23_32_23_Pro_jpg.rf.1513457d56b19da12fd47782581300da.jpg, 0, 1
afd44643-9287-4080-934f-7a13c66d9bfd_225_jpg.rf.151a7b31c8d14e8a807afac88187ffaf.jpg, 0, 1
52c230c2-20b1-4769-978c-d0a859364b3e_270_jpg.rf.1520ff70004892d2a93c6fa02fb91923.jpg, 0, 1
2be59dd5-7793-413c-96cb-c40098eba6f6_90_jpg.rf.1520a7766272572c49b5fe437ddaa60f.jpg, 0, 1
bd17953c-5cc6-4fc5-8ade-fd7ece53be19_45_jpg.rf.152b19d94e887de79373466de732d440.jpg, 0, 1
6bb51206-67ec-431b-8484-93739b1fddad_jpg.rf.152ee6b1ab5da53744907a08d297b1c0.jpg, 1, 0
WIN_20221229_23_25_49_Pro_jpg.rf.153a6e70633d1e1e12405d76bdd4b739.jpg, 0, 1
44c7fb6b-7175-4aa3-98c2-9bc78d8a6f92_225_jpg.rf.15431551be853348becd5ae81930ac79.jpg, 0, 1
56863d51-82dd-432b-808a-bb09a5e65be6_90_jpg.rf.154ced31f90946790fd4ba917199a65f.jpg, 0, 1
WIN_20221229_22_12_46_Pro_jpg.rf.1545216449f795ea10a44451c139bfde.jpg, 1, 0
6bb51206-67ec-431b-8484-93739b1fddad_45_jpg.rf.154e2638b7bb392d601e2c1223e4ed41.jpg, 1, 0
40cbb123-b3d1-4546-aa26-2fdd1090b075_jpg.rf.1552ec76ac2bd365f6a28c9268c3478f.jpg, 0, 1
94a26150-c197-425f-961b-0a4ae35825cf_270_jpg.rf.1561141cce0a6bfe4a537991fcee45ed.jpg, 0, 1
687d8151-bfed-420b-9a07-5213500e2964_45_jpg.rf.1562d8db52153b3f2546bf7c8818d25d.jpg, 0, 1
75fea9b7-7c08-4ea2-bb8d-50096fdf774b_270_jpg.rf.158d0bd36331d92989a221f1144fde2c.jpg, 0, 1
1513532a-b352-4b17-b681-b02f3127b483_270_jpg.rf.1568eae014e2f87bb16e2c07a68516e8.jpg, 0, 1
2b3fa5f4-98bb-4565-b461-8ebc3db528ca_270_jpg.rf.1572495198fcc9817727e30de16afecd.jpg, 1, 0
80de665e-2077-4a83-9a40-20d2bcaeac43_jpg.rf.158e0b5d62b70a3f2e716c5ad990f23d.jpg, 0, 1
WIN_20221229_22_43_41_Pro_jpg.rf.15923cbccede7b4f0b39eba9f34ffefa.jpg, 1, 0
91e77c81-f2eb-4358-81d6-eea2509ae443_135_jpg.rf.1581ea2a33b11793f8708b343fa8d3e4.jpg, 0, 1
73cca509-de66-4cbc-9421-8fcb263fefcc_225_jpg.rf.1599e17f53bfaf2133de3eb7005c9ab2.jpg, 0, 1
6f8a29a3-8b83-47d6-8a5b-7baf97fd4469_45_jpg.rf.1591af36a88682d29093aa5a910a7d8d.jpg, 0, 1
00800bbf-203e-48bd-b64c-f14ef2579c8a_jpg.rf.159a5a2e31b32ef47fe0038160c02524.jpg, 0, 1
499ce0e3-7fe4-4fd4-bd8a-5aa00aab3f43_225_jpg.rf.159ac7ccb801171f568579914361f84e.jpg, 0, 1
WIN_20221229_23_32_34_Pro_jpg.rf.15ab7957a7b3b46a4cd8590d67fc5960.jpg, 0, 1
a57c3779-84b6-494f-a396-47718417b914_225_jpg.rf.159f1a7e8be05b213fac67b4ffde2460.jpg, 0, 1
7a6523d6-ef65-4cca-8160-946936395ede_135_jpg.rf.15b49b9c303e4ff375fdf91da7235f41.jpg, 0, 1
2b3fa5f4-98bb-4565-b461-8ebc3db528ca_45_jpg.rf.15abe6ac9d1140c8ed1bf407cc910e47.jpg, 1, 0
6cdbe5d2-04bc-4a25-b1a0-be0a00a136ae_90_jpg.rf.15bcd301693cb0c226bb39933a833f34.jpg, 0, 1
WIN_20221229_23_05_37_Pro_jpg.rf.15ba6c372d6c448080bd2b405196b1d3.jpg, 1, 0
642d6f5f-fa24-4c18-b7b2-6b24334629a3_180_jpg.rf.15bd78b2d300c4de5ac9fb777cb70628.jpg, 0, 1
73cca509-de66-4cbc-9421-8fcb263fefcc_jpg.rf.15c2e9846726fa248d335a9f44ecb67b.jpg, 0, 1
1d4ead22-cc06-4fa2-9784-d9257f24ef86_225_jpg.rf.15eec05117c027eb388522c0337901bd.jpg, 0, 1
1ab90226-8889-4bcd-ad0c-ea01fedaaffd_225_jpg.rf.15dbf31d362e2f2ffc375eedbf770b7e.jpg, 1, 0
488a316b-07fc-410e-a5fd-84f831acc653_90_jpg.rf.15f77d3e70634621b92219c0c0be119c.jpg, 0, 1
5a3117dc-7932-4c34-ae3f-e5867c98ee0a_jpg.rf.15f83073b1407d658f4db9ab3101d79c.jpg, 0, 1
215be899-dd62-42e0-b42e-8331622f5b9a_jpg.rf.15ffd27cfd41a3adf1e0720cb2211fbf.jpg, 0, 1
1af687ed-553d-491e-a213-8ddfbfea61ec_180_jpg.rf.160438a83d5bd82566df892acb22d903.jpg, 1, 0
73cca509-de66-4cbc-9421-8fcb263fefcc_135_jpg.rf.160b39406cdb383f4e4d2128fc1d494f.jpg, 0, 1
5d5357ec-e4b0-4f32-a45c-2dca5338324d_180_jpg.rf.1612a1447442a69b847c968004ae1b56.jpg, 0, 1
2b3fa5f4-98bb-4565-b461-8ebc3db528ca_45_jpg.rf.1624490abcba461dce0e4296c5045877.jpg, 1, 0
WIN_20221229_22_18_40_Pro_jpg.rf.164892c9d795bf7a9b29d321e177fb4f.jpg, 1, 0
ccd5cdb4-3df2-4b3b-833b-3bdc7d43ee4d_135_jpg.rf.1625f27adc60eec160bba1e777ded976.jpg, 0, 1
WIN_20221229_22_05_25_Pro_jpg.rf.164ac2e6aeca834eee814ca421a531ed.jpg, 1, 0
cfed691e-4738-45c4-a2bd-65fc9d5c2da8_90_jpg.rf.164c89165b9896e53721232628e899d2.jpg, 1, 0
7a6523d6-ef65-4cca-8160-946936395ede_270_jpg.rf.16517fa50c6338bf09576ff15ec09eb7.jpg, 0, 1
7e2e4fb2-dc94-46c6-a203-0db83ca84e81_90_jpg.rf.1653d0b1e8f16831d985fa0319533f49.jpg, 0, 1
220fcc53-6ef7-45d1-8122-fa1c19ca9ec5_45_jpg.rf.16582d9a725ce07cd29fa135c3d50a5e.jpg, 0, 1
52c230c2-20b1-4769-978c-d0a859364b3e_180_jpg.rf.1658b11ac181b67b69461c4b146f4ffc.jpg, 0, 1
WIN_20221229_22_50_46_Pro_jpg.rf.165f837500c8c2c194d4da3e82c60ad8.jpg, 1, 0
2b560df3-ff42-4546-a0bd-11ff2ca590e2_135_jpg.rf.1662a3359e1f694265437c5569bde0ef.jpg, 1, 0
233af445-c0e5-4bb1-ad5f-743becd76cab_180_jpg.rf.16670067c15164e1338260918e437b20.jpg, 0, 1
de7c5c69-6255-4087-9565-1732a07c986d_270_jpg.rf.1667860056c695eef5876bdc5bd365f1.jpg, 1, 0
8e753e61-dd28-45b8-aa64-e6c1e71bd812_135_jpg.rf.167945813bf4ad56e8fd196a40354511.jpg, 0, 1
afd44643-9287-4080-934f-7a13c66d9bfd_45_jpg.rf.167516222e8c61e8d0aab1372985c83e.jpg, 0, 1
f206736f-e48f-4e12-b367-144752c744e6_45_jpg.rf.1680e2248d4003bfd03af45d64f4fa40.jpg, 1, 0
69c9cfea-cfbd-4dfe-a8a2-2ed31daafd85_180_jpg.rf.166b9a36dc4c14bcfb215509c0484751.jpg, 0, 1
WIN_20221229_23_00_12_Pro_jpg.rf.16898144396cf6ab37bc3150e590f11a.jpg, 1, 0
233af445-c0e5-4bb1-ad5f-743becd76cab_180_jpg.rf.169e836b8754aa4c9772c4c99c93d9fd.jpg, 0, 1
d65589fa-33dc-4e7f-9d37-a8763424d061_225_jpg.rf.169d4a9b0590e6dcabc512823536ab21.jpg, 1, 0
1513532a-b352-4b17-b681-b02f3127b483_225_jpg.rf.16a550458f120c568052aa181145d6e1.jpg, 0, 1
06b95f3f-e2f5-4f58-95b1-6f9024e8e5d7_90_jpg.rf.16ac96ac7913ea30d07e467adc21fff0.jpg, 0, 1
84c8c90b-b9c3-4290-bdff-f1946a11050a_135_jpg.rf.16af9b84099669e44ce696011ff758b7.jpg, 0, 1
488a316b-07fc-410e-a5fd-84f831acc653_90_jpg.rf.16b956d8d813a35df789fc97122847d7.jpg, 0, 1
a3f8b634-4b11-478d-bbfe-41a57317ad50_225_jpg.rf.16c5ed68e93f088f1c3cc908f2c70479.jpg, 0, 1
69fc95bf-f644-4c92-8057-f05146da07f7_45_jpg.rf.16c827359642ce5b1e80290684234cec.jpg, 0, 1
764af58e-c590-444a-aefd-b4bc11f74c40_180_jpg.rf.16d2e27f99b40cccb978dff8b3e8c159.jpg, 1, 0
d65589fa-33dc-4e7f-9d37-a8763424d061_180_jpg.rf.16d345c6ab9bc68f1ab9a908194c9b1f.jpg, 1, 0
ccd5cdb4-3df2-4b3b-833b-3bdc7d43ee4d_180_jpg.rf.16ec6e694c890ffc4c11f8e2ad767767.jpg, 0, 1
WIN_20221229_23_27_13_Pro_jpg.rf.16f1c77353378be5cf5c3a4313d6cb1b.jpg, 0, 1
91b94861-b751-4b86-b7a3-f6b2e3dbbd89_180_jpg.rf.17045247489adc2db1aca4ded77b6641.jpg, 0, 1
01b9d47e-ecba-48fd-a83f-ece6e05995fc_90_jpg.rf.1704b09d56a46d2904bae577bad86a99.jpg, 1, 0
WIN_20221229_22_03_10_Pro_jpg.rf.170640f222828727e073e66f025e9d61.jpg, 1, 0
c6d5a9cd-56bd-4e1a-9ca8-c3562c8140f8_225_jpg.rf.1706ecdc358b735dca369a9f4181c2a5.jpg, 0, 1
WIN_20221229_23_08_58_Pro_jpg.rf.171756e181b56e4f4f044b47f1963acf.jpg, 1, 0
ef757b72-613c-4d8f-b8e0-a3564581cb0f_135_jpg.rf.1718a496eb0450cf1b1232b7334df52d.jpg, 1, 0
5d105570-fd52-46cd-a90a-9dfa42ef878a_225_jpg.rf.172167f45a46deaac1d1787176cba59a.jpg, 0, 1
57ab1fc0-e755-40c3-82cb-cce0684f11f4_270_jpg.rf.1713467b8b4129b60e2f9b7adbe80fe8.jpg, 0, 1
WIN_20221229_23_23_43_Pro_jpg.rf.1724d23e6f282f80fd424ff05de70f08.jpg, 0, 1
503a19e2-d693-4ab0-aae9-9181b1789a94_225_jpg.rf.1743d465cfa57632ac21c56b5dd2d650.jpg, 0, 1
868aed84-639d-46d3-9f59-3d71ba702ea0_jpg.rf.17510e9d1458bdb5cd99a0e5c99006fa.jpg, 1, 0
b4b3a28f-aee8-402c-856a-b09db5dbeb4a_225_jpg.rf.173c353e9c55c39c039229e82d81797e.jpg, 1, 0
507e6cd8-2041-47e5-b174-28a6d9328985_225_jpg.rf.176e0d2d35be23ba0478207dd1e634ee.jpg, 0, 1
a936c90a-8f24-4289-b10b-4830ac9f3019_225_jpg.rf.177081c58087ca565ef3e576d316489d.jpg, 0, 1
8bfe69f8-33fd-4fea-8a42-c821ffd94be0_135_jpg.rf.177d56b9942f0a16bf6a5a383c9dc96b.jpg, 1, 0
256d7e4e-e47b-466f-adb1-051bda40d918_270_jpg.rf.1789e04bf022b4a861ea98bd20e7b650.jpg, 0, 1
33e3e3fe-8e37-4b4a-aa04-ad3864731632_270_jpg.rf.1794e4732a804b584c550e9132c12473.jpg, 0, 1
61e87bb2-b69a-4d10-afa1-6c1a3d0291df_jpg.rf.17716193b07bf540c8a0fcef1b865e28.jpg, 1, 0
2b560df3-ff42-4546-a0bd-11ff2ca590e2_45_jpg.rf.1797c4c419eba824fab2c8bfc071ea08.jpg, 1, 0
98cb62e4-f491-47c7-b871-9d1aeeac307e_jpg.rf.1796965a1b0a3b6f6fbd1ca81ff9e639.jpg, 0, 1
82743c35-e968-47ee-93f6-95270352fe13_180_jpg.rf.17a34336813811d3a9402cd23eeb712c.jpg, 1, 0
WIN_20221229_22_14_48_Pro_jpg.rf.17a5b54eff914f905a868cc589a2da23.jpg, 1, 0
61bd5e75-cfb1-47e8-b4be-24447913359a_225_jpg.rf.17aedfd2da1bd38904561f602d5ad47e.jpg, 0, 1
24522061-cd21-4507-92da-432712838d1d_45_jpg.rf.17add48d3101152a66bae6cb0291c324.jpg, 0, 1
6e3c83a7-c5c6-46b5-8562-ffa8d99f4bb2_45_jpg.rf.17b5961555340058f25245eea5bb62b2.jpg, 0, 1
WIN_20221229_23_00_26_Pro_jpg.rf.17afd028e511c490d4f34d2b550bddcc.jpg, 1, 0
7a6523d6-ef65-4cca-8160-946936395ede_180_jpg.rf.17b941563e2904e7f8c7cf0ee29dd5b2.jpg, 0, 1
WIN_20221229_22_59_01_Pro_jpg.rf.17bc1f34d4fb29832dbef10d3f7d6605.jpg, 1, 0
2abea0f5-7c2a-4519-88c1-d33080ac7db2_90_jpg.rf.17be8f855233cc675a9c80b3401defb1.jpg, 1, 0
4de4ad31-de11-418b-a60d-a7192ea0c98a_225_jpg.rf.17c333d08f4a6e612b1057b25e3cd828.jpg, 1, 0
2d6fa448-2f18-4db5-a942-7097acff076a_225_jpg.rf.17cdf77e315fd6d6dfac38aa67f41db6.jpg, 1, 0
87ad76a7-bd79-4c43-86bb-4db4498e10f1_270_jpg.rf.17c65994217198c44e2077b146299b8c.jpg, 0, 1
7d0322d1-3583-4a2b-ad25-e76d31603cee_270_jpg.rf.17c3943142e3ac7325960d7262f4d920.jpg, 0, 1
706a501b-940f-4252-89a9-1afae476d3b1_90_jpg.rf.17d0513a948eb3f3ead60e9df519cc4e.jpg, 0, 1
52eb9c86-9714-4fb7-bc45-cbbe25a2b444_270_jpg.rf.17c99b86a7f0b345e6f7dddb2d762248.jpg, 0, 1
226b7023-757d-4c11-9b59-a0e8f02e5274_jpg.rf.17d53ccee73d1a20942d1d7baa03ecd6.jpg, 0, 1
3c36fca1-acb0-4a53-95be-087e2c614c76_225_jpg.rf.17d08205830226d5dc1d16c8e6274238.jpg, 1, 0
5064456d-d977-4c88-a2f7-613db1f3f19b_225_jpg.rf.17d4ac14b087c85cc668c7de55229503.jpg, 0, 1
25365714-d0ec-4a39-aba3-ea056e686ce9_270_jpg.rf.17e47927764696fea3a30133f0bf73dd.jpg, 0, 1
WIN_20221229_22_07_08_Pro_jpg.rf.17eb073ca576218c57be118f01b7ef43.jpg, 1, 0
6181c79d-f063-4fa4-be90-ae376d6b3bdc_270_jpg.rf.180685893d3747f5cebc9b70fd7a7a61.jpg, 1, 0
51ba5ef7-fd64-4d52-9c3f-9d70e0ff040f_jpg.rf.17f85ef599a3624433da8919634a234d.jpg, 0, 1
54619429-78f2-42b3-b007-8ea9c0984c4b_90_jpg.rf.18070390a2373534500f9606dff6090b.jpg, 0, 1
0c279d03-a83d-4404-b852-2b90d79e1ed3_45_jpg.rf.180f7e585cfac91c73fa72fa3851bdd4.jpg, 0, 1
0c04b448-fe60-4b89-bf5a-b18fe90a5870_45_jpg.rf.181037defc09a7d346b68553d6e2b21c.jpg, 0, 1
WIN_20221229_22_18_40_Pro_jpg.rf.1811cdeb41ca7d2ec599b488a8449ecb.jpg, 1, 0
79eb3e80-65d5-431c-b388-ea52ce593c7d_270_jpg.rf.18120c0cf26212eb8b84516f7d1ff691.jpg, 1, 0
79eb3e80-65d5-431c-b388-ea52ce593c7d_135_jpg.rf.181c52b4f7a7def8c1ec3a231d557b25.jpg, 1, 0
8e753e61-dd28-45b8-aa64-e6c1e71bd812_135_jpg.rf.1812d15493a39e78e50e24b8a860c986.jpg, 0, 1
c01c35d2-7769-4a57-abff-c52f7def3900_90_jpg.rf.181d41019eca438e6aaefa07bfb8d965.jpg, 1, 0
8c678484-e530-433f-9265-cadfa51b5d6a_45_jpg.rf.1824048d696bcb6d99bc3bb44800ec54.jpg, 0, 1
2b3fa5f4-98bb-4565-b461-8ebc3db528ca_jpg.rf.183af6a81215469d3ccc57633b19cafe.jpg, 1, 0
665aeca5-e68c-49d3-ad8d-5755fad74dcf_90_jpg.rf.18435376acf686d80c974af83bfe8b77.jpg, 0, 1
303bf4f0-4e58-4f52-83e1-73f1a7ceabc5_270_jpg.rf.18277e5b5a2bb08cd678336a015e0300.jpg, 0, 1
60f07eaa-f4a0-4939-9882-acce7b2ee256_180_jpg.rf.1849b180f5207be9e946234457b87009.jpg, 0, 1
5064456d-d977-4c88-a2f7-613db1f3f19b_90_jpg.rf.5fcb106d71d2293a86d85111c5e665a7.jpg, 0, 1
93bde728-be7b-4af0-a18e-67f00d6fdcac_90_jpg.rf.6017dc21b16a29ddf0785705d3f9eab9.jpg, 0, 1
4737a7d7-5d10-4912-b3e7-c8254a88af02_90_jpg.rf.60176db3f2f4b1365592efa9633225c9.jpg, 0, 1
642d6f5f-fa24-4c18-b7b2-6b24334629a3_jpg.rf.60146721c6965c6a3c2369addcfac822.jpg, 0, 1
8a28aff5-8859-462a-bccf-e8d61dde3eff_135_jpg.rf.5fbbe143b220501309869f29299b4b14.jpg, 1, 0
9dbe8a30-979a-4722-a1a9-712f4ecbb2a6_270_jpg.rf.5fc584b2069739d2cd49eb4e36c2bb4a.jpg, 0, 1
84c8c90b-b9c3-4290-bdff-f1946a11050a_90_jpg.rf.5fafefb88c0b62f6bdaeefb2076fe6e9.jpg, 0, 1
00a9637f-e5c9-4522-8d19-d6b3e8bae3f3_270_jpg.rf.5fff1342cd16a6d060ddc9387eea4f76.jpg, 0, 1
WIN_20221229_22_46_15_Pro_jpg.rf.5f61bb64c64a0c0c431238f463846b0c.jpg, 1, 0
92009a81-ec1a-4dc0-99aa-c0898383287c_jpg.rf.5fe1975c7f34628d054586c55661214c.jpg, 0, 1
108ca99a-5abc-4dca-8e9e-ad3551748f1a_270_jpg.rf.5f606684a09a0bb64342e8b0c9e7a7ab.jpg, 0, 1
8bfe69f8-33fd-4fea-8a42-c821ffd94be0_135_jpg.rf.5ff15cb11872d2ef6ec9c16d5d39acde.jpg, 1, 0
9fc543ac-91f3-43f6-8df6-28bb9709a3e6_180_jpg.rf.5f843f3c660d3d42a943616b5d42b05c.jpg, 0, 1
4737a7d7-5d10-4912-b3e7-c8254a88af02_jpg.rf.5f8099dd5ffa5aff6a54705fd75966c7.jpg, 0, 1
69fc95bf-f644-4c92-8057-f05146da07f7_90_jpg.rf.5f5909611a4153d0a85410d60fa03351.jpg, 0, 1
5522f66d-ad72-48d5-9767-5e7b23f6a206_90_jpg.rf.5fb7ba7fd4cbabfe6c15d2a20648aaf7.jpg, 1, 0
87595b49-d19a-4221-8418-57ee268de2d5_225_jpg.rf.601bdd4e882d64736337554b2f8d11cb.jpg, 0, 1
a968e0be-061b-40ae-801e-5e286dcbb663_270_jpg.rf.5f6340fc6f0289026d921702af90a557.jpg, 0, 1
WIN_20221229_23_01_58_Pro_jpg.rf.5f85c3d3676df4e01c0bcfe5ae2ed3c1.jpg, 1, 0
c6d5a9cd-56bd-4e1a-9ca8-c3562c8140f8_180_jpg.rf.601d486a2d7829b1948d0b544eda2a33.jpg, 0, 1
87ad76a7-bd79-4c43-86bb-4db4498e10f1_45_jpg.rf.602557852e40d69d516a3165a0033dd1.jpg, 0, 1
811f5cf3-9a05-4b39-b1b3-174f31f7cec6_45_jpg.rf.5f611da25523bcc4f89724b0467f5279.jpg, 0, 1
09e044e6-a2b6-4827-9853-beb7d392347f_225_jpg.rf.5f58ec3175647471a8d42aa4f2e873dd.jpg, 0, 1
60f07eaa-f4a0-4939-9882-acce7b2ee256_270_jpg.rf.5f676a69a1e07650096a5630be426d15.jpg, 0, 1
WIN_20221229_23_16_23_Pro_jpg.rf.6025148433d0127ed8c4a84b40fc83b1.jpg, 1, 0
108ca99a-5abc-4dca-8e9e-ad3551748f1a_45_jpg.rf.601f353ce37edc476973398d598ea1a6.jpg, 0, 1
80de665e-2077-4a83-9a40-20d2bcaeac43_270_jpg.rf.5fe43249d8051606d17955b12462800d.jpg, 0, 1
33dd040e-50b6-44e7-afc7-230da49bcf12_135_jpg.rf.5fc0df77d7637b5eb0a5a199e513645e.jpg, 0, 1
24522061-cd21-4507-92da-432712838d1d_270_jpg.rf.60017e9853841a3e52a3b9c6014f3c88.jpg, 0, 1
adcb9cef-245f-4674-bd16-4c8ad789d0a8_jpg.rf.602bc8cf190a117d64b8ae9cc0829d2c.jpg, 0, 1
207aff1c-09cf-47d1-ae76-474c6c31b0e4_225_jpg.rf.6032d1f7b6b7aa52eb478e6428ea7a76.jpg, 0, 1
92a893f4-8dd5-4f4a-9864-08811d4ed00a_45_jpg.rf.602ac1a7c18e623593d6e3735f35dbc0.jpg, 0, 1
5aa96b87-9a19-4beb-971d-21bde07a9a0b_225_jpg.rf.60538f62c8bb553b2ad01ffdd19dcd2c.jpg, 1, 0
WIN_20221229_22_13_29_Pro_jpg.rf.604eacba80792e7424521a2b83b5ccb2.jpg, 1, 0
41ab7cda-4c88-47b8-98da-0c6ee6e07325_90_jpg.rf.6044e0e6ca54de6b330f4c5ffd142661.jpg, 0, 1
220fcc53-6ef7-45d1-8122-fa1c19ca9ec5_jpg.rf.602fedcac4550e0c98ee90b3289d6fc9.jpg, 0, 1
WIN_20221229_22_37_27_Pro_jpg.rf.60380cc5fc392bb6435c8f38cb7fdfc1.jpg, 1, 0
WIN_20221229_23_34_04_Pro_jpg.rf.605d1c040c16953261c75cd9aea24aa9.jpg, 0, 1
868aed84-639d-46d3-9f59-3d71ba702ea0_270_jpg.rf.60629eb193ac12eec08a51854b17fab3.jpg, 1, 0
4d510781-6fad-4149-909f-5b3615711984_90_jpg.rf.6068a9887da3ae954d9de5a595f3fd2a.jpg, 1, 0
6343bade-4271-437b-84ea-e9756e715080_225_jpg.rf.6064bbe6b4a55a96581476376bc436ef.jpg, 0, 1
2eae8682-54b6-40b7-9684-d956300a4077_225_jpg.rf.6068df8c680831617748e88cbbafada0.jpg, 0, 1
15fd3442-e84f-4c27-952b-ec415fe777d6_270_jpg.rf.607653cf55bb83011bacdf7ff563ff75.jpg, 0, 1
WIN_20221229_22_49_53_Pro_jpg.rf.6076732e0d9e4bfbfa684c4c112d7d1a.jpg, 1, 0
01c27009-f681-4495-8d82-599547aba120_jpg.rf.607a5c3ac0eaea46501206b6d3d16578.jpg, 1, 0
60f07eaa-f4a0-4939-9882-acce7b2ee256_225_jpg.rf.60aba316556d13731df9e850ec3562ae.jpg, 0, 1
WIN_20221229_22_23_56_Pro_jpg.rf.60b77f6261f6e89286cbbe9801bf13f2.jpg, 1, 0
3fa757aa-5f48-4acc-b2d9-edf0d584d79a_45_jpg.rf.6089d4abbbc0e2b5af95a6c75dd3eac8.jpg, 0, 1
600d2167-2072-4825-9516-6c13af9fc382_90_jpg.rf.60ba8ba6d49a126479cbe18f591ac0ef.jpg, 0, 1
df1a716e-d93a-4e13-8144-399bae44a249_180_jpg.rf.60b37fb4630d7d87fa09b3b105e52580.jpg, 1, 0
589950d7-088b-4c4b-abc1-9b824671ec8f_jpg.rf.60bd6d571c47c7cc681ac6d128f7a975.jpg, 1, 0
92a893f4-8dd5-4f4a-9864-08811d4ed00a_jpg.rf.60c838816f55f2cd387fa3593edc3f15.jpg, 0, 1
7d0322d1-3583-4a2b-ad25-e76d31603cee_270_jpg.rf.60bae01a5e2bbf334ed1b05bba24becb.jpg, 0, 1
82743c35-e968-47ee-93f6-95270352fe13_225_jpg.rf.60c9b02c34d6c7028829e133163c9230.jpg, 1, 0
207aff1c-09cf-47d1-ae76-474c6c31b0e4_135_jpg.rf.60cac1052e3962f2315c9cf2737d96ed.jpg, 0, 1
93a64c9f-678d-4302-94ea-5758bbf7451c_90_jpg.rf.60d6433f4d2364d0489fc4da1dff8a91.jpg, 0, 1
92810cd4-1652-4556-bc0b-b2e953449143_jpg.rf.60da5251b87a5336320b00e82e2a04e4.jpg, 0, 1
9ec72020-824e-4c15-b633-cba42d080364_45_jpg.rf.60daf32ac88fc41fa80e351b008e179a.jpg, 1, 0
6bb51206-67ec-431b-8484-93739b1fddad_270_jpg.rf.60e899214df085bbf589359719a7ab13.jpg, 1, 0
aa8cc596-1881-4e18-a73f-fe60f6a6a031_jpg.rf.60e21857d28091520af994723f17d1f6.jpg, 0, 1
81d526fb-cb95-4b9d-a013-dad7b3f083b3_jpg.rf.60e50cfcfaea2fe26cd190138ad79f71.jpg, 0, 1
8a28aff5-8859-462a-bccf-e8d61dde3eff_225_jpg.rf.60ee21e111d5ebb9c86b497703b30dc3.jpg, 1, 0
5aa96b87-9a19-4beb-971d-21bde07a9a0b_225_jpg.rf.60f6e37986a480b01ebd1c16c6a4c7b4.jpg, 1, 0
b361e99e-9c59-43b5-92f6-80ad77c3287f_45_jpg.rf.61084489cecca0e76702c1eee8a607f5.jpg, 1, 0
4d510781-6fad-4149-909f-5b3615711984_135_jpg.rf.61056c3bebc95f991195eba6e1f644da.jpg, 1, 0
f206736f-e48f-4e12-b367-144752c744e6_90_jpg.rf.61180507413e20137265032e13e62237.jpg, 1, 0
217fef04-2462-4dca-a170-f780b700b17e_135_jpg.rf.6115feaf8d520827019e9ef0cf425682.jpg, 0, 1
76d57cee-bb5c-4631-b737-fe16b92c2a28_180_jpg.rf.6125baea947f9644be251182f92ef8ec.jpg, 0, 1
9cb97279-36f3-438c-97d5-91da39c4e13a_225_jpg.rf.611a527fc1e965eb6068d41b3236ec49.jpg, 0, 1
d6ed6d4c-2acb-4507-bc4c-70480968eacb_jpg.rf.612bb2e49a76794f9ddfffab027f3938.jpg, 0, 1
84c8c90b-b9c3-4290-bdff-f1946a11050a_90_jpg.rf.611579bfaf3ede0f7e68597bab51460a.jpg, 0, 1
44c7fb6b-7175-4aa3-98c2-9bc78d8a6f92_jpg.rf.612f67d025f4757f8f566d26b679be71.jpg, 0, 1
5a3117dc-7932-4c34-ae3f-e5867c98ee0a_270_jpg.rf.61206be31de7b4cefc92637f750ee72d.jpg, 0, 1
2da43d43-ad7b-435c-920d-0fbfebb88959_135_jpg.rf.615fe4808b6caad5a7ad4a7e6188f0ea.jpg, 1, 0
15fd3442-e84f-4c27-952b-ec415fe777d6_135_jpg.rf.615266174d777f3e9c71db4782ec9637.jpg, 0, 1
868aed84-639d-46d3-9f59-3d71ba702ea0_180_jpg.rf.6165be13ff86f416d8c8623117d3c69d.jpg, 1, 0
600d2167-2072-4825-9516-6c13af9fc382_225_jpg.rf.61464433b384779028ca66ff0fcc1fd5.jpg, 0, 1
6343bade-4271-437b-84ea-e9756e715080_135_jpg.rf.617a112c3778593891abb1e42bcaff21.jpg, 0, 1
06b95f3f-e2f5-4f58-95b1-6f9024e8e5d7_90_jpg.rf.616961d01d9ec09eb5972e4440d830c8.jpg, 0, 1
3bde05ec-782e-445d-a221-38a8ecbc5dab_45_jpg.rf.616b9016bae277b71ca902bcb8aec372.jpg, 0, 1
5a3117dc-7932-4c34-ae3f-e5867c98ee0a_45_jpg.rf.618b92f2e736e7c6e7d5c7043f58c18a.jpg, 0, 1
226b7023-757d-4c11-9b59-a0e8f02e5274_jpg.rf.61a24adbcf7556bb88f51af3a6dcd001.jpg, 0, 1
1af687ed-553d-491e-a213-8ddfbfea61ec_jpg.rf.6194d84cf8b727b6ff8a7c034930a079.jpg, 1, 0
2eae8682-54b6-40b7-9684-d956300a4077_225_jpg.rf.619841774e606f70a9724f8f6c24f153.jpg, 0, 1
0327f441-9a02-40a9-b280-251440ad4cec_jpg.rf.61a48714ba6c042385ebb0bd8160e037.jpg, 0, 1
76a872d2-5c22-4f33-82b4-18c0f78e1a1b_180_jpg.rf.61be26ee14d44e12a5ca53a4a8d07130.jpg, 0, 1
96f68346-9256-416a-a050-9ec4b750ccc6_225_jpg.rf.61ae5dfcfb76540997932aba43320e34.jpg, 0, 1
d141258d-4b06-4d47-9e08-82edbd725dd1_45_jpg.rf.61c349029d4ce30f4965ff4650fb3297.jpg, 0, 1
8c678484-e530-433f-9265-cadfa51b5d6a_180_jpg.rf.61b6edef6132ceb40d049af26d3af3ab.jpg, 0, 1
345b8a93-c7d2-4b34-9e0c-90f2561ada84_135_jpg.rf.61ceeb09d2d8e63a66a74dfe35d211b9.jpg, 0, 1
WIN_20221229_22_39_03_Pro_jpg.rf.61d21fa289821ef0314bb805bbdbd493.jpg, 1, 0
33e3e3fe-8e37-4b4a-aa04-ad3864731632_225_jpg.rf.61d4642dbd8db39ce8b5b1d9df1d919a.jpg, 0, 1
WIN_20221229_22_41_15_Pro_jpg.rf.61fd5e9d9e3e4a5f2b6b122b1d496be2.jpg, 1, 0
WIN_20221229_22_45_08_Pro_jpg.rf.61dc25a2bca43a5bba84d2820c44bcb6.jpg, 1, 0
52fd332d-b13d-4675-8292-bfb533d39432_225_jpg.rf.61f50ce9a220021f491005f9631cb3bb.jpg, 0, 1
70be0397-922c-4185-bb84-728b59ab25f8_45_jpg.rf.61fb812ce524625a0e354e4d0f1db6ae.jpg, 0, 1
1af687ed-553d-491e-a213-8ddfbfea61ec_45_jpg.rf.620d3eef94681fc02f5ca2b2137140f8.jpg, 1, 0
fbe4f519-6225-4168-bcf9-4ccc4d0d82bf_135_jpg.rf.6212171b1cb29dc7739b6f6bbb839833.jpg, 1, 0
898d6980-0ea3-4451-82f1-3bdabc8c6d9d_180_jpg.rf.621f00dfa02a36291af9d0ba944eab2c.jpg, 0, 1
ccd5cdb4-3df2-4b3b-833b-3bdc7d43ee4d_270_jpg.rf.623966cf14f895e5a0dcd65cde3375c4.jpg, 0, 1
a936c90a-8f24-4289-b10b-4830ac9f3019_90_jpg.rf.62291fc5ee5f60b06067c16a1a423ffb.jpg, 0, 1
93bde728-be7b-4af0-a18e-67f00d6fdcac_180_jpg.rf.623a893613696dcee7d16847217cef81.jpg, 0, 1
afd3edfe-e4fe-4715-8429-5af060c5f0d9_180_jpg.rf.62218705b427c9e1f5f3154e0d5f4615.jpg, 0, 1
75fea9b7-7c08-4ea2-bb8d-50096fdf774b_90_jpg.rf.621655c4ccb45192d7a8b3e07f10bdba.jpg, 0, 1
0c04b448-fe60-4b89-bf5a-b18fe90a5870_90_jpg.rf.622efae95595680975eefdbfdf270202.jpg, 0, 1
WIN_20221229_23_30_59_Pro_jpg.rf.62478c37a3d51bba4fa49e201defc0cb.jpg, 0, 1
ef757b72-613c-4d8f-b8e0-a3564581cb0f_45_jpg.rf.62465a665c29b0a59df043be9722d29b.jpg, 1, 0
33e3e3fe-8e37-4b4a-aa04-ad3864731632_135_jpg.rf.625489d190862d213ad4351eb6da7f47.jpg, 0, 1
39c71820-6b5b-499e-b2c6-a957f48c62fa_jpg.rf.625261f68e39e624243e94ac21414e17.jpg, 0, 1
WIN_20221229_22_32_28_Pro_jpg.rf.625912553ec095c9565ed7c12d6239b9.jpg, 1, 0
4ded4873-2bd7-4d9b-80ae-7a8967c128ce_225_jpg.rf.6261d415f69327f551596409004f25a0.jpg, 1, 0
WIN_20221229_22_27_45_Pro_jpg.rf.625a0c544c7b72b693f3185f00ee0aba.jpg, 1, 0
80de665e-2077-4a83-9a40-20d2bcaeac43_90_jpg.rf.6265098ead6eeb0a039ff8aecebcdf43.jpg, 0, 1
223d92bc-5ef8-450a-86d6-ab5d6e8c5b3e_45_jpg.rf.626540be7f562ae6d489519c87d15828.jpg, 0, 1
WIN_20221229_22_19_20_Pro_jpg.rf.626719d04ea1aa68ad80d017d3665741.jpg, 1, 0
a57c3779-84b6-494f-a396-47718417b914_jpg.rf.6282ec870eaa137724b8c9697c163369.jpg, 0, 1
72ab964e-0b95-46ec-a135-1890eb300c53_180_jpg.rf.62740dbe471cf2c25ad27fddcf8798bc.jpg, 0, 1
df1a716e-d93a-4e13-8144-399bae44a249_225_jpg.rf.629da656ad06fd28b0ffac5c4302580f.jpg, 1, 0
dc2bb2f5-03e1-46c1-9886-bda5f5bee11b_jpg.rf.628eb8b9692ca21353781713aa6f21bf.jpg, 0, 1
WIN_20221229_22_47_19_Pro_jpg.rf.62aa0531c66591ee9b69f4c45c7865e9.jpg, 1, 0
6fb259e3-002e-473c-a2bc-4a9f48c1ebe7_180_jpg.rf.62cb30c38db942874a1dad82a3b2ed54.jpg, 1, 0
afd44643-9287-4080-934f-7a13c66d9bfd_225_jpg.rf.62d823bc8810acd427e16615ec63356a.jpg, 0, 1
69c9cfea-cfbd-4dfe-a8a2-2ed31daafd85_270_jpg.rf.62b016c5ba3ec4fb26a9aed28c868e97.jpg, 0, 1
d4ea5845-ed1c-4bcd-b615-557884bb64c2_180_jpg.rf.62b02dfe976947612750f269dc42de5e.jpg, 1, 0
2d6fa448-2f18-4db5-a942-7097acff076a_jpg.rf.62dfa4bb95a02a212a1dd6371d372032.jpg, 1, 0
09e044e6-a2b6-4827-9853-beb7d392347f_270_jpg.rf.62ef88725c38e133d382f0b48469a053.jpg, 0, 1
33dd040e-50b6-44e7-afc7-230da49bcf12_270_jpg.rf.62fa57185c341ad4a311a4fcb7adfca1.jpg, 0, 1
6b30113e-141c-4956-964b-7b64918f694b_90_jpg.rf.62e392a3f737134ada860f381873f2d3.jpg, 1, 0
600d2167-2072-4825-9516-6c13af9fc382_jpg.rf.62fc0ecaa7aea2ab1e8735547f907dfb.jpg, 0, 1
8e753e61-dd28-45b8-aa64-e6c1e71bd812_225_jpg.rf.6307bd214b75e54fa9d4eb10169cccb6.jpg, 0, 1
2d398321-1a08-4aec-98b9-eb3301da9d79_270_jpg.rf.63027cc3956fa38fcfede756e93578aa.jpg, 0, 1
WIN_20221229_22_25_58_Pro_jpg.rf.6302bfa3d09e7ee347679d40325f7a38.jpg, 1, 0
7ebb4762-7de4-4754-8cd2-2d4f743f512c_225_jpg.rf.630a589a33b881809c1af3e74a948d47.jpg, 0, 1
764af58e-c590-444a-aefd-b4bc11f74c40_jpg.rf.631d771d0d945faaff6c587e78b1f0cf.jpg, 1, 0
69fc95bf-f644-4c92-8057-f05146da07f7_jpg.rf.632774ebdcd5981a3a88ba7c2b14abf3.jpg, 0, 1
09e044e6-a2b6-4827-9853-beb7d392347f_225_jpg.rf.632aca98ee8ab069f6329ffaedf67ed9.jpg, 0, 1
4dcbce83-654c-4125-9939-c4398187533a_225_jpg.rf.632b402a8743864374560dc3fb703c5c.jpg, 1, 0
d65589fa-33dc-4e7f-9d37-a8763424d061_270_jpg.rf.633f76eef8097592eb43d0decaa0dd5b.jpg, 1, 0
66ba2553-31f1-473c-9602-d2df0c1bb3f0_90_jpg.rf.633729681d0cedb6c5efe273687743e4.jpg, 0, 1
60f07eaa-f4a0-4939-9882-acce7b2ee256_225_jpg.rf.634c3044309363f1e8f6754ebf548e50.jpg, 0, 1
6e3c83a7-c5c6-46b5-8562-ffa8d99f4bb2_225_jpg.rf.635842112bebaeedd3b6b962fbd71219.jpg, 0, 1
WIN_20221229_23_32_23_Pro_jpg.rf.6373d3f54f584b2b0663ee9566a0b2f0.jpg, 0, 1
5522f66d-ad72-48d5-9767-5e7b23f6a206_135_jpg.rf.6361ed6428af47767f2dc3f84e3f3113.jpg, 1, 0
233af445-c0e5-4bb1-ad5f-743becd76cab_225_jpg.rf.635523a21b00bb7c4864659a634c2993.jpg, 0, 1
5a3117dc-7932-4c34-ae3f-e5867c98ee0a_270_jpg.rf.637700961c2e9664061c9c964f8e8098.jpg, 0, 1
d6ed6d4c-2acb-4507-bc4c-70480968eacb_225_jpg.rf.639886c43dfde3b227aa4e23365b36a9.jpg, 0, 1
93bde728-be7b-4af0-a18e-67f00d6fdcac_45_jpg.rf.639905643f8f908770c1aab4cb111b53.jpg, 0, 1
9ef0276c-3a70-4027-8d1d-2503df2e9f56_45_jpg.rf.637c366b8e5b977be6f3ce041bede9f4.jpg, 0, 1
15fd3442-e84f-4c27-952b-ec415fe777d6_135_jpg.rf.6376904eccc1e84a03e002b01dff4e69.jpg, 0, 1
0c04b448-fe60-4b89-bf5a-b18fe90a5870_270_jpg.rf.63a522c047f106cf0dd5e0e62a98fb28.jpg, 0, 1
WIN_20221229_23_33_19_Pro_jpg.rf.63990b4d4a334e5ec83b9ecc5c142a58.jpg, 0, 1
00a9637f-e5c9-4522-8d19-d6b3e8bae3f3_180_jpg.rf.63aef1b303c73af3d234969b0395d225.jpg, 0, 1
589950d7-088b-4c4b-abc1-9b824671ec8f_135_jpg.rf.63a8f9f6ce24e46972ee8874bc1b59dc.jpg, 1, 0
98cb62e4-f491-47c7-b871-9d1aeeac307e_jpg.rf.63b5731f05d05b94235b228007b27506.jpg, 0, 1
6b316208-fce5-4562-a45b-736f29a3a697_jpg.rf.63bcb6c15fece0744d424ae96f086b64.jpg, 1, 0
9ef0276c-3a70-4027-8d1d-2503df2e9f56_180_jpg.rf.63b0943e1913bf68306b4043e8492f86.jpg, 0, 1
WIN_20221229_22_00_50_Pro_jpg.rf.63c8fa546fa4fe4798b178fdd033e90a.jpg, 1, 0
303bf4f0-4e58-4f52-83e1-73f1a7ceabc5_jpg.rf.63c923500e1e91b84205f3f92ea17661.jpg, 0, 1
8efe1e18-4032-4f20-996f-60a19c62f547_270_jpg.rf.63cfeaa8e2f0b5159eaa4d452e2e947c.jpg, 0, 1
0c4d65e5-1985-47b2-8252-616ed898bd7c_135_jpg.rf.63ca79b931e147a71ff9bb39008da547.jpg, 0, 1
24a200ea-e903-4bcd-aee1-fb26e7bfd757_180_jpg.rf.63dbd1a5816769449a607dd466e405e6.jpg, 0, 1
a3f8b634-4b11-478d-bbfe-41a57317ad50_135_jpg.rf.63e4c46baf884c1b5d8faa888dc45d5b.jpg, 0, 1
224748bb-08de-4a59-98e5-2bbef0629846_jpg.rf.63dcaeed0e2ca33418fc6b29520c4ca2.jpg, 1, 0
70f70f97-4a9e-4d42-a08b-3b7d1b9abef8_45_jpg.rf.63eb8d26cfb73442f8767f0c0ced6352.jpg, 0, 1
687d8151-bfed-420b-9a07-5213500e2964_180_jpg.rf.63e9c5619843d14c8e62f034def6f0f4.jpg, 0, 1
WIN_20221229_22_27_45_Pro_jpg.rf.63ee7ea740d8571f85a2bf9ae232ee1c.jpg, 1, 0
82743c35-e968-47ee-93f6-95270352fe13_270_jpg.rf.63f498acea5a5ab176a447af76bf38a5.jpg, 1, 0
9dd803f6-3218-4e96-ad6e-55b3d36e8470_45_jpg.rf.63ef11dc01764e3ae5a87dd1b7ec9f07.jpg, 0, 1
a70cfd80-0fa8-48c8-ab56-7f7cc8b0bb9b_jpg.rf.63f2e16c9912df18837cdf7c67427e60.jpg, 0, 1
1ab90226-8889-4bcd-ad0c-ea01fedaaffd_135_jpg.rf.641636b7ef743e78fdb3bcfac687b55a.jpg, 1, 0
WIN_20221229_22_39_03_Pro_jpg.rf.6400c23da241157e9295eea33f3cefed.jpg, 1, 0
WIN_20221229_22_34_21_Pro_jpg.rf.6413f17a405092a3af352148540ee262.jpg, 1, 0
bd17953c-5cc6-4fc5-8ade-fd7ece53be19_270_jpg.rf.640b6dbfa566e3e77ce1d5a6fa229c26.jpg, 0, 1
0c04b448-fe60-4b89-bf5a-b18fe90a5870_90_jpg.rf.6416b7e26c697486205c6227607c46fc.jpg, 0, 1
72a2b8f8-c7ca-4222-b2a1-9b82ac7990f4_90_jpg.rf.6434b0a9efb4cc395b109aeb7f7780da.jpg, 0, 1
75a3c3df-b678-4a55-aa92-02be5879a4cd_135_jpg.rf.643dbe3f6aa1f4d9fcab4e507835e324.jpg, 0, 1
4dcbce83-654c-4125-9939-c4398187533a_90_jpg.rf.6428f95514a6d046c038c6e677e4965c.jpg, 1, 0
8140aed5-a61c-4048-81dc-c9e2149f60b2_90_jpg.rf.6445020dc0ef3026a4a0d4b086d61ed6.jpg, 0, 1
00a9637f-e5c9-4522-8d19-d6b3e8bae3f3_45_jpg.rf.64488ce7400fc777711c6f19f012170d.jpg, 0, 1
WIN_20221229_22_39_03_Pro_jpg.rf.644bb49a5a4e0209f7e3a9a083a0cea4.jpg, 1, 0
0327f441-9a02-40a9-b280-251440ad4cec_jpg.rf.644d150e99114d95b2bcf28a8b296d0d.jpg, 0, 1
8a28aff5-8859-462a-bccf-e8d61dde3eff_135_jpg.rf.6461732d33c4d0a9d392adb853b1e34b.jpg, 1, 0
92009a81-ec1a-4dc0-99aa-c0898383287c_270_jpg.rf.645e77699efc95f326b978c4df8b73c9.jpg, 0, 1
69c9cfea-cfbd-4dfe-a8a2-2ed31daafd85_45_jpg.rf.646e033320868a13fca2a46a3ed52c62.jpg, 0, 1
87cc591e-7e25-4d08-a519-6b5ec6d98cfa_90_jpg.rf.64776a4ba9770ef7d4545787201aaf41.jpg, 0, 1
4737a7d7-5d10-4912-b3e7-c8254a88af02_90_jpg.rf.6471d49fea4182e1ac4adbe76fa57acc.jpg, 0, 1
WIN_20221229_23_33_42_Pro_jpg.rf.64667f41e38c63aa8eb4f2075a00ed9f.jpg, 0, 1
dc2d0160-f922-429c-8c3c-5a6f0f68c023_225_jpg.rf.649ee39417cec198ca5d5cff5ddacb95.jpg, 0, 1
6bb51206-67ec-431b-8484-93739b1fddad_270_jpg.rf.6479be37dc613fddfa209109ae042637.jpg, 1, 0
dc2d0160-f922-429c-8c3c-5a6f0f68c023_225_jpg.rf.649f7b9ab62f1b21015f4ed0990cfa19.jpg, 0, 1
09f44886-0cae-43b1-97fe-d8055d8d3616_45_jpg.rf.64a603aa148ea2b8fa2ac7143a454585.jpg, 0, 1
488a316b-07fc-410e-a5fd-84f831acc653_180_jpg.rf.64babf2c6ca367a82802a304175c9ad1.jpg, 0, 1
4d510781-6fad-4149-909f-5b3615711984_180_jpg.rf.64aa9a954e836f9e94dd9e2418b3520b.jpg, 1, 0
4461774a-c193-43e6-9849-19c25ad533fb_jpg.rf.64c2758900677cb953da2af60a9b13d4.jpg, 1, 0
40cbb123-b3d1-4546-aa26-2fdd1090b075_jpg.rf.64d20186ad42b9616d00264d9284322c.jpg, 0, 1
92009a81-ec1a-4dc0-99aa-c0898383287c_jpg.rf.64d7b27bb0c0bef22691338fef66733f.jpg, 0, 1
93bde728-be7b-4af0-a18e-67f00d6fdcac_135_jpg.rf.64d452b99739d10cee42779d8fbe6b70.jpg, 0, 1
2da43d43-ad7b-435c-920d-0fbfebb88959_270_jpg.rf.64f23441f6f58a6635c09fb289caea81.jpg, 1, 0
303bf4f0-4e58-4f52-83e1-73f1a7ceabc5_225_jpg.rf.64d961f5780fc270c2e4a632b1a71f97.jpg, 0, 1
0fbac742-48ee-4857-ab82-3318c8fbdcb8_90_jpg.rf.651395b156ba019d22197c16a10b56ec.jpg, 0, 1
503a19e2-d693-4ab0-aae9-9181b1789a94_90_jpg.rf.6504a015f9fcfb8b03a91ed1387a0a41.jpg, 0, 1
a4b1b05e-8f9a-4f68-98fe-52dd9e2a9663_225_jpg.rf.650b28607cded4d642cb2cbf36ed6742.jpg, 1, 0
WIN_20221229_22_29_00_Pro_jpg.rf.651c5aa46142b5de3aa6db3d50682e5c.jpg, 1, 0
92787dc3-1720-41c4-8acc-5c7f3fda0fa5_jpg.rf.651511346c527a67e4e42755d9bce1d2.jpg, 1, 0
8e753e61-dd28-45b8-aa64-e6c1e71bd812_270_jpg.rf.65166c058b08c9104bf00351dd60d7e2.jpg, 0, 1
75a3c3df-b678-4a55-aa92-02be5879a4cd_135_jpg.rf.652294c93d8f5beeec723bd08e64de1b.jpg, 0, 1
dc2d0160-f922-429c-8c3c-5a6f0f68c023_180_jpg.rf.651cf41ba37a667879fd5a4d44082ca7.jpg, 0, 1
5d06dc79-9d5c-46d0-a720-e4898e65949c_45_jpg.rf.6531900dd28986d425c3ca6c60bca415.jpg, 1, 0
76a872d2-5c22-4f33-82b4-18c0f78e1a1b_45_jpg.rf.65594d7b8fcba01ea1e2a5a2270ae9f0.jpg, 0, 1
8efe1e18-4032-4f20-996f-60a19c62f547_90_jpg.rf.6537020af22e4a0c83e8e304aa323d03.jpg, 0, 1
665aeca5-e68c-49d3-ad8d-5755fad74dcf_135_jpg.rf.6539b1d167c9d60b1419508a40470b06.jpg, 0, 1
84f05969-c971-4d44-8df4-3a80a71a545d_135_jpg.rf.65340635871db29ba7f46a7dd602dfb8.jpg, 0, 1
878a59f0-76a6-4a7c-8e4a-45283cfb4465_225_jpg.rf.6576f94baf50a495749fe263d95cf092.jpg, 0, 1
00800bbf-203e-48bd-b64c-f14ef2579c8a_jpg.rf.655dd2cebde3111959a9c97ec753de67.jpg, 0, 1
3fa757aa-5f48-4acc-b2d9-edf0d584d79a_270_jpg.rf.656453320c9a4520e4056afd268d33d9.jpg, 0, 1
0c4d65e5-1985-47b2-8252-616ed898bd7c_90_jpg.rf.6579338135f26ac3a0834fef8aa3afab.jpg, 0, 1
207aff1c-09cf-47d1-ae76-474c6c31b0e4_jpg.rf.659f2096e4c7833c49d4cee24e413635.jpg, 0, 1
81d526fb-cb95-4b9d-a013-dad7b3f083b3_90_jpg.rf.65a22a40e8982ef28cb545460ecf508e.jpg, 0, 1
0dab9689-2c2d-4dc6-bb71-db1b6d82cb17_270_jpg.rf.658dd958e5f1ae4e006401c8ada5307e.jpg, 0, 1
15f5d196-2633-4a7b-9102-b33c659c6024_45_jpg.rf.658b1b5817648a1a4be9a406296e9875.jpg, 0, 1
4ded4873-2bd7-4d9b-80ae-7a8967c128ce_90_jpg.rf.65361a832ad193142d0cc7488ebf3edb.jpg, 1, 0
1af687ed-553d-491e-a213-8ddfbfea61ec_180_jpg.rf.65a772c48ba38bad88d769cdb011344a.jpg, 1, 0
9a5fc62c-6820-4cb6-ba66-1063e612d144_180_jpg.rf.65aa59722123dfc06189f567148ea305.jpg, 0, 1
82743c35-e968-47ee-93f6-95270352fe13_270_jpg.rf.65ad1e38f83d8ae9e95acea13ed34c30.jpg, 1, 0
WIN_20221229_22_37_27_Pro_jpg.rf.65b69a388af78f2b3f7375a92001a690.jpg, 1, 0
1513532a-b352-4b17-b681-b02f3127b483_270_jpg.rf.65a5f0e297e686fde59ba40c5a9d3198.jpg, 0, 1
d141258d-4b06-4d47-9e08-82edbd725dd1_45_jpg.rf.65be243e131100f1cd631a09600f1f34.jpg, 0, 1
6f8a29a3-8b83-47d6-8a5b-7baf97fd4469_225_jpg.rf.65cab5ca1d730bd815b35d4c8f24c998.jpg, 0, 1
0516cd97-ef6c-4542-a884-e01aaa597ac3_jpg.rf.65bf4928feda141235966b43cdcc3ad8.jpg, 0, 1
2abea0f5-7c2a-4519-88c1-d33080ac7db2_180_jpg.rf.65d5529aa2abb8ad4e9dae70bc6b87d0.jpg, 1, 0
39c71820-6b5b-499e-b2c6-a957f48c62fa_270_jpg.rf.65d2ea3858c8b96b56de7ad926d0cee4.jpg, 0, 1
1f4613ea-1b60-4092-876c-1a474a8c51b9_jpg.rf.65da51783bf31d5d86a866310193b7b1.jpg, 1, 0
WIN_20221229_23_24_00_Pro_jpg.rf.65cde9e8d13012ae4aa927d07b4c57d6.jpg, 0, 1
0516cd97-ef6c-4542-a884-e01aaa597ac3_180_jpg.rf.65e84caedac6161bdb6ef955d4203149.jpg, 0, 1
d2936fba-871f-4fbe-97da-b6e6e347e889_270_jpg.rf.65e130e746a70cec1051bf9046ec897a.jpg, 1, 0
69fc95bf-f644-4c92-8057-f05146da07f7_270_jpg.rf.65e7ac78c351adbfbd9229cb70fceb21.jpg, 0, 1
611513d3-0fb7-4068-8cd8-68a9bdb056c4_180_jpg.rf.65e6bddad7baf0684a1fd91926bc6b28.jpg, 1, 0
WIN_20221229_22_02_16_Pro_jpg.rf.65eb4e952648360578d98c94b5d40271.jpg, 1, 0
66c7508a-f4ff-4af6-a91b-5f33d3c4d20d_225_jpg.rf.660ab3601f1dd0685feca0746155ce26.jpg, 0, 1
WIN_20221229_22_35_31_Pro_jpg.rf.66060673ce16b85ffcc45366699342c3.jpg, 1, 0
bd17953c-5cc6-4fc5-8ade-fd7ece53be19_jpg.rf.65ec9b44250f9458c5374e606b026aeb.jpg, 0, 1
WIN_20221229_23_28_39_Pro_jpg.rf.661820a76713c8ebc0ab79045b6bebe4.jpg, 0, 1
afd3edfe-e4fe-4715-8429-5af060c5f0d9_90_jpg.rf.6621188307834264523eac4e87e30dcb.jpg, 0, 1
66ffa488-289b-4188-afe1-7764a1a1bb1a_225_jpg.rf.66273eefa984505bf952671977ca581d.jpg, 0, 1
69fc95bf-f644-4c92-8057-f05146da07f7_270_jpg.rf.66223b16b4289348a48e5fdc75455f8f.jpg, 0, 1
665aeca5-e68c-49d3-ad8d-5755fad74dcf_90_jpg.rf.662ed9e4e73b083469e1682f2c6784ef.jpg, 0, 1
9765b374-f3eb-4a26-903c-90d85bc9fe0a_180_jpg.rf.662fee9e1f709d747d519915ee9510e8.jpg, 0, 1
1513532a-b352-4b17-b681-b02f3127b483_270_jpg.rf.66390f1e6211726f9d249d2524fe3dc5.jpg, 0, 1
ef757b72-613c-4d8f-b8e0-a3564581cb0f_180_jpg.rf.66304c0bafb75653f8045dcddd540e50.jpg, 1, 0
WIN_20221229_23_25_18_Pro_jpg.rf.6645465266cea394f6cc02262dae60c6.jpg, 0, 1
69ab59e3-c1ad-4509-a8b8-bd8e4fac2ae6_135_jpg.rf.6646eb74bc0321c165232a2c84c8338f.jpg, 0, 1
2da43d43-ad7b-435c-920d-0fbfebb88959_180_jpg.rf.6639dfca62c6bfac729b2997fe97c402.jpg, 1, 0
94a26150-c197-425f-961b-0a4ae35825cf_135_jpg.rf.664a570b8dece79e1f822fe754c33162.jpg, 0, 1
51ba5ef7-fd64-4d52-9c3f-9d70e0ff040f_jpg.rf.665e5bcb66b775000effc5607f58ba98.jpg, 0, 1
dc2d0160-f922-429c-8c3c-5a6f0f68c023_225_jpg.rf.665397c83fa614ca1ee65afa69724e31.jpg, 0, 1
aa8cc596-1881-4e18-a73f-fe60f6a6a031_90_jpg.rf.6669144fb967db4930258a07e87b1d0f.jpg, 0, 1
92787dc3-1720-41c4-8acc-5c7f3fda0fa5_270_jpg.rf.666e6817dcf118f0bf0bc0a390cdd0e6.jpg, 1, 0
6b316208-fce5-4562-a45b-736f29a3a697_45_jpg.rf.66713d3e18b299a56e1dfd7b6e031005.jpg, 1, 0
014bcc0a-10c7-41eb-80eb-e2f62bb652b3_135_jpg.rf.6673db87f5c9e2772223a27ceab19b7f.jpg, 0, 1
WIN_20221229_22_40_07_Pro_jpg.rf.666f0bb075a6b7994355fae452b59cb8.jpg, 1, 0
WIN_20221229_23_01_47_Pro_jpg.rf.66832cf9831cedb684f3cc192b84c30f.jpg, 1, 0
9765b374-f3eb-4a26-903c-90d85bc9fe0a_jpg.rf.66a24c3ddf42abac62422aefc2e3af8f.jpg, 0, 1
f206736f-e48f-4e12-b367-144752c744e6_135_jpg.rf.66837018894f4d7ef74b0b96a2d770ff.jpg, 1, 0
665aeca5-e68c-49d3-ad8d-5755fad74dcf_jpg.rf.6690700e54664c3140e7631bcfb2da12.jpg, 0, 1
90ecbd63-5a3d-4c6b-bd34-594c7c6a2d40_jpg.rf.669cc43772396f7c303c9c7fa3a03dbf.jpg, 0, 1
a4b1b05e-8f9a-4f68-98fe-52dd9e2a9663_270_jpg.rf.66d843b75f3077677ba62a06fe8882d3.jpg, 1, 0
2eae8682-54b6-40b7-9684-d956300a4077_225_jpg.rf.66af191e554d31c775ea008107e51c50.jpg, 0, 1
92810cd4-1652-4556-bc0b-b2e953449143_90_jpg.rf.66e8f211d047f9dfda2860d4a375a61d.jpg, 0, 1
cfed691e-4738-45c4-a2bd-65fc9d5c2da8_270_jpg.rf.66ec84ada6e34e65acd89a8df11f6324.jpg, 1, 0
01b9d47e-ecba-48fd-a83f-ece6e05995fc_270_jpg.rf.66f0c9681785c81290a4fb9008542270.jpg, 1, 0
a936c90a-8f24-4289-b10b-4830ac9f3019_90_jpg.rf.670d014b3aea43491b6dfbabab66653d.jpg, 0, 1
84f05969-c971-4d44-8df4-3a80a71a545d_180_jpg.rf.6705ab21aecdcb5c78864cc401854838.jpg, 0, 1
8d331829-b225-451b-8aaa-89058c62faf5_270_jpg.rf.66fa6469b8546ad9dba0c8e68cc72d9d.jpg, 0, 1
79eb3e80-65d5-431c-b388-ea52ce593c7d_270_jpg.rf.6712f5ce7d2398a254b240dbdaf4f184.jpg, 1, 0
8d331829-b225-451b-8aaa-89058c62faf5_90_jpg.rf.67141f4eb7db7ed6a9b86a54afedc372.jpg, 0, 1
WIN_20221229_23_05_09_Pro_jpg.rf.67142cb85e03958eeb51979b62cc2e44.jpg, 1, 0
de7c5c69-6255-4087-9565-1732a07c986d_180_jpg.rf.6710519f52cfa778210dd713eceb7fd4.jpg, 1, 0
224748bb-08de-4a59-98e5-2bbef0629846_jpg.rf.671b07104362f706bc628604b6d08d3d.jpg, 1, 0
3c36fca1-acb0-4a53-95be-087e2c614c76_45_jpg.rf.6719401aaab08bfa8676958032818551.jpg, 1, 0
0b521929-1734-47b8-86c9-093445af0697_jpg.rf.67213d804f002088d64314c9809573af.jpg, 0, 1
d02674ec-4a90-43c1-9aba-1cf70300a55a_270_jpg.rf.671c3eb8cb1400c9e63e23a2a9d6e9e6.jpg, 1, 0
WIN_20221229_23_32_40_Pro_jpg.rf.672c1e5427d202111d8b09f88db7c816.jpg, 0, 1
WIN_20221229_23_29_44_Pro_jpg.rf.67361ec180dc69a2bc97bf61663ca8c5.jpg, 0, 1
69fc95bf-f644-4c92-8057-f05146da07f7_180_jpg.rf.673e7e47b2175dadf84b42f2c2fa89b4.jpg, 0, 1
97e4c08e-3475-4d77-8b54-a2231e38f6a2_45_jpg.rf.673a84b4caea5a3a2013c58afc82dbe2.jpg, 0, 1
233af445-c0e5-4bb1-ad5f-743becd76cab_45_jpg.rf.67458bc0b4a7e90a2ff196c87b33721c.jpg, 0, 1
WIN_20221229_23_30_48_Pro_jpg.rf.674a7b60607084c09290d0aa29446968.jpg, 0, 1
52eb9c86-9714-4fb7-bc45-cbbe25a2b444_135_jpg.rf.674b3be20faca6f4d6b6db3e752a8773.jpg, 0, 1
cce642b7-d4aa-4dc6-951b-e1b655f68334_270_jpg.rf.675e80aafcc2a554b1cd414680d8d9d3.jpg, 1, 0
4d510781-6fad-4149-909f-5b3615711984_jpg.rf.676927fd8e615d750a1d9e17a6a71ea3.jpg, 1, 0
33e3e3fe-8e37-4b4a-aa04-ad3864731632_225_jpg.rf.67752eae245480922fc74a8e408c4fb5.jpg, 0, 1
dc2bb2f5-03e1-46c1-9886-bda5f5bee11b_225_jpg.rf.678f2119b6a7d3b0c1b69aadd3a09c7f.jpg, 0, 1
80de665e-2077-4a83-9a40-20d2bcaeac43_180_jpg.rf.67795408a028aa8ec6b35a9df0206976.jpg, 0, 1
72a74631-171a-4cf4-b978-58f358afa95c_270_jpg.rf.6790112ef51201ba02d815c2ebe7ebe0.jpg, 0, 1
WIN_20221229_22_46_47_Pro_jpg.rf.6799617c58f72f4e3f24538d15acb8bc.jpg, 1, 0
223d92bc-5ef8-450a-86d6-ab5d6e8c5b3e_225_jpg.rf.67a8f9a4d8bab9dea1755ed6bbc55cb9.jpg, 0, 1
WIN_20221229_23_21_35_Pro_jpg.rf.67a79d9c8b65917554ef33e7f24bb4ef.jpg, 0, 1
WIN_20221229_22_46_47_Pro_jpg.rf.67aaf2ba3e3ba78198e0b418ce8dd053.jpg, 1, 0
868aed84-639d-46d3-9f59-3d71ba702ea0_jpg.rf.67ae1dfe31bcba22f925a1552ffa405c.jpg, 1, 0
6cdbe5d2-04bc-4a25-b1a0-be0a00a136ae_225_jpg.rf.67aa2035ce9852c2f5dd9c0bf940ec21.jpg, 0, 1
b361e99e-9c59-43b5-92f6-80ad77c3287f_45_jpg.rf.67b2d47779de183cef7f37f395e59336.jpg, 1, 0
91b94861-b751-4b86-b7a3-f6b2e3dbbd89_135_jpg.rf.67bd5c8396c4329d1a598841e59a9da6.jpg, 0, 1
11037d07-18b3-4fc4-8025-f06dcbc0500d_90_jpg.rf.67bf7b835b1eb3e04d47fa5f385b8630.jpg, 1, 0
WIN_20221229_23_02_14_Pro_jpg.rf.67c248f2f2b45dd36f670cf58c740779.jpg, 1, 0
94a26150-c197-425f-961b-0a4ae35825cf_225_jpg.rf.67c478acb8df1698dbc125d01a499a97.jpg, 0, 1
9ec72020-824e-4c15-b633-cba42d080364_45_jpg.rf.67d02006460216ff29b0e1e46d1d4233.jpg, 1, 0
WIN_20221229_22_31_15_Pro_jpg.rf.67f5da04fab5834601a4e99af96635e5.jpg, 1, 0
d4ea5845-ed1c-4bcd-b615-557884bb64c2_180_jpg.rf.67f9e9b66240269d57e33eea9aabc477.jpg, 1, 0
8ddce3ce-bc64-4942-93aa-940868007f64_270_jpg.rf.67f6fadeb73b6b0db024ef6ce00179f5.jpg, 0, 1
df1a716e-d93a-4e13-8144-399bae44a249_45_jpg.rf.67fe277fa23f827ede2d420f520052ec.jpg, 1, 0
680cc473-598d-49e7-847e-6b8c099e14fc_45_jpg.rf.68133774efe9d93efafe543ad88975fd.jpg, 0, 1
7e2e4fb2-dc94-46c6-a203-0db83ca84e81_90_jpg.rf.681c17ff8c3b6c47a891b14f84874dc1.jpg, 0, 1
6f8a29a3-8b83-47d6-8a5b-7baf97fd4469_270_jpg.rf.6819e0a2beecb94c3f6f78f950d46be2.jpg, 0, 1
79eb3e80-65d5-431c-b388-ea52ce593c7d_225_jpg.rf.6841d340ce3e76961839d1e150f78b64.jpg, 1, 0
06b95f3f-e2f5-4f58-95b1-6f9024e8e5d7_45_jpg.rf.680b169029743aab369fc527dbb7e372.jpg, 0, 1
9a5fc62c-6820-4cb6-ba66-1063e612d144_225_jpg.rf.6845c05b3230e03ea10be91ba74557aa.jpg, 0, 1
2bf615ea-7241-4861-82d7-bb74c8b5dfba_45_jpg.rf.68243af6fec36f3396da5840da5fbf29.jpg, 0, 1
9dbe8a30-979a-4722-a1a9-712f4ecbb2a6_45_jpg.rf.68481e3a8915598356299da249c37ad9.jpg, 0, 1
589950d7-088b-4c4b-abc1-9b824671ec8f_90_jpg.rf.68480b566f709197741f9c70ec1545e5.jpg, 1, 0
228a8b47-9459-4326-898b-1c5953d755b4_jpg.rf.68491f5587aea2055030ab713d6e2e05.jpg, 0, 1
488a316b-07fc-410e-a5fd-84f831acc653_180_jpg.rf.684f1544a37d3b706579d8dcaab2a00d.jpg, 0, 1
09e044e6-a2b6-4827-9853-beb7d392347f_180_jpg.rf.68532e91ef486bfffb6b70bd97a58f93.jpg, 0, 1
87ad76a7-bd79-4c43-86bb-4db4498e10f1_270_jpg.rf.6857c0c91fd7114915195d5272f8ee5b.jpg, 0, 1
WIN_20221229_22_40_53_Pro_jpg.rf.685b93be24b4d6e3f86b7f2a1a1c260e.jpg, 1, 0
805c86e2-7416-44fc-b8aa-f663db39cf8a_270_jpg.rf.685c2759d674ef4da54878045699dae5.jpg, 0, 1
39c71820-6b5b-499e-b2c6-a957f48c62fa_180_jpg.rf.6862bf399cd314151e231049d8cc0cba.jpg, 0, 1
WIN_20221229_23_03_47_Pro_jpg.rf.6866624609b3c2054a59201ee1e842df.jpg, 1, 0
d65589fa-33dc-4e7f-9d37-a8763424d061_90_jpg.rf.687f7a5cb46cea51d52514ddb00f40b4.jpg, 1, 0
345b8a93-c7d2-4b34-9e0c-90f2561ada84_45_jpg.rf.68821e7ef5cbfe6b2a063f35bf208e28.jpg, 0, 1
WIN_20221229_22_38_47_Pro_jpg.rf.688cd5ad03cc37c276ded7415bc6bf27.jpg, 1, 0
WIN_20221229_22_23_15_Pro_jpg.rf.6884065b424de8d85f819f34f50a4f17.jpg, 1, 0
61bd5e75-cfb1-47e8-b4be-24447913359a_180_jpg.rf.688dc1fcf85a807a9553cb40bed92e08.jpg, 0, 1
WIN_20221229_22_45_36_Pro_jpg.rf.688ff60be75f4f2b67d5c8d281966f3a.jpg, 1, 0
39c71820-6b5b-499e-b2c6-a957f48c62fa_jpg.rf.689807d38be1ff25edf8957aea92a836.jpg, 0, 1
56863d51-82dd-432b-808a-bb09a5e65be6_225_jpg.rf.68aaec7ab425d200b02d49720afbf18a.jpg, 0, 1
92009a81-ec1a-4dc0-99aa-c0898383287c_jpg.rf.689fbf1e439386fbe3171fab0ee3a3a3.jpg, 0, 1
WIN_20221229_23_28_52_Pro_jpg.rf.6890ee0774d5c9134da5480285defa95.jpg, 0, 1
24522061-cd21-4507-92da-432712838d1d_45_jpg.rf.68b91d31fdcd4da5b23507c4372dec9b.jpg, 0, 1
6f8a29a3-8b83-47d6-8a5b-7baf97fd4469_135_jpg.rf.68b0ad407f040e01c852d09311ae0d0c.jpg, 0, 1
4ded4873-2bd7-4d9b-80ae-7a8967c128ce_90_jpg.rf.68c6723575fcdd7b7e950ca73ecc50e3.jpg, 1, 0
665aeca5-e68c-49d3-ad8d-5755fad74dcf_270_jpg.rf.68c959281cd422b54c372286a10d8388.jpg, 0, 1
91c2e56d-2549-4574-9414-86aa17e84ef4_225_jpg.rf.68c458b64b5e86783806ea3dbd9b8a25.jpg, 0, 1
811f5cf3-9a05-4b39-b1b3-174f31f7cec6_135_jpg.rf.68e14e3d14340ea4f74f12be18f119c5.jpg, 0, 1
96f68346-9256-416a-a050-9ec4b750ccc6_270_jpg.rf.68d407a29ebb3818817302c0e0d7a89a.jpg, 0, 1
72a74631-171a-4cf4-b978-58f358afa95c_135_jpg.rf.68ed7c6f5401812f05886d771e581740.jpg, 0, 1
27f3e57e-469f-4627-8144-2ce3e9d048b7_270_jpg.rf.68fd0c22d22c896223f9bc201f5b1e6b.jpg, 0, 1
06b95f3f-e2f5-4f58-95b1-6f9024e8e5d7_jpg.rf.68e2de95bbc5db8dfd3f9f31fe260aee.jpg, 0, 1
WIN_20221229_23_31_17_Pro_jpg.rf.68fbf342b8a9c512d57e5b13671d8c05.jpg, 0, 1
4737a7d7-5d10-4912-b3e7-c8254a88af02_45_jpg.rf.690a6c4067b78dc30ad826293e576b36.jpg, 0, 1
44c7fb6b-7175-4aa3-98c2-9bc78d8a6f92_jpg.rf.6929948f21e1c330993fcddcbec9334c.jpg, 0, 1
00a9637f-e5c9-4522-8d19-d6b3e8bae3f3_45_jpg.rf.69130efb6cfa270eb54342696bbd5447.jpg, 0, 1
8efe1e18-4032-4f20-996f-60a19c62f547_180_jpg.rf.6901776d5b0e06ac59b57dd8d03dfafa.jpg, 0, 1
WIN_20221229_23_00_12_Pro_jpg.rf.69203c1e357d1d5a9359c277468383e3.jpg, 1, 0
WIN_20221229_22_03_51_Pro_jpg.rf.693522787de31e325c281ff20779a07d.jpg, 1, 0
1513532a-b352-4b17-b681-b02f3127b483_jpg.rf.6939f2713aa71f53358efecbc0792293.jpg, 0, 1
WIN_20221229_22_20_31_Pro_jpg.rf.693a50b94dce097e88a158ca7d65d887.jpg, 1, 0
WIN_20221229_23_31_09_Pro_jpg.rf.693213f30f4ed429a6be5cb5e961033e.jpg, 0, 1
70f70f97-4a9e-4d42-a08b-3b7d1b9abef8_135_jpg.rf.6955f552abf334d93d45445806082619.jpg, 0, 1
233af445-c0e5-4bb1-ad5f-743becd76cab_225_jpg.rf.6969f76307f24eacffce642eaad29c6d.jpg, 0, 1
0df87bae-ddf0-49e3-97af-b371d8544547_270_jpg.rf.695e1be55e8783cd5ad95d58e1b3ca63.jpg, 0, 1
fbe4f519-6225-4168-bcf9-4ccc4d0d82bf_45_jpg.rf.6975c02f7e7cbe37d2af2d67649be35e.jpg, 1, 0
75f27827-8267-4ad8-8c7f-938a7c0c0a72_jpg.rf.6968ca899947c8868a69c2a4df51641c.jpg, 0, 1
57ab1fc0-e755-40c3-82cb-cce0684f11f4_135_jpg.rf.696cf982d7c086ab7444d44ea3601bf9.jpg, 0, 1
805c86e2-7416-44fc-b8aa-f663db39cf8a_180_jpg.rf.6976e341881293593212f3ed84ae2097.jpg, 0, 1
5064456d-d977-4c88-a2f7-613db1f3f19b_225_jpg.rf.6978e6f962c87effa8f0d730179f2e17.jpg, 0, 1
8a28aff5-8859-462a-bccf-e8d61dde3eff_225_jpg.rf.697a858234c02e13dff9c82a41418a02.jpg, 1, 0
92787dc3-1720-41c4-8acc-5c7f3fda0fa5_45_jpg.rf.69a86e59aae904425faf70aaa4d2fa46.jpg, 1, 0
51ba5ef7-fd64-4d52-9c3f-9d70e0ff040f_jpg.rf.6987caa267ebbb9ac0fea2cfe15d25a8.jpg, 0, 1
0fbac742-48ee-4857-ab82-3318c8fbdcb8_jpg.rf.6987c1eea0bc16a86e20db1c5ccc316d.jpg, 0, 1
0aa414bb-510b-40c9-85e1-f7a7163b3e2c_270_jpg.rf.69a97263a4a78ed84ffbbeb12d7d5a86.jpg, 0, 1
5d06dc79-9d5c-46d0-a720-e4898e65949c_225_jpg.rf.69ac37e4a33383dc1fb38cb754543550.jpg, 1, 0
ef757b72-613c-4d8f-b8e0-a3564581cb0f_jpg.rf.69b7019c06a2636429e8c74f374f4897.jpg, 1, 0
6343bade-4271-437b-84ea-e9756e715080_135_jpg.rf.69b98568e31b47c510e3df5c7f482eb9.jpg, 0, 1
207aff1c-09cf-47d1-ae76-474c6c31b0e4_90_jpg.rf.69bbc67bb02b7c71e49651fb118b3d8c.jpg, 0, 1
9eaca121-9239-49f4-9d05-34ef9f10bcaa_135_jpg.rf.69bc6afea3caaad44a725a55dfecc618.jpg, 0, 1
687d8151-bfed-420b-9a07-5213500e2964_180_jpg.rf.69c6074ff4d925ab60da1b86207c44e6.jpg, 0, 1
1acf8679-d50f-446c-b806-def7d073e244_135_jpg.rf.69d5e7cfd46293f4dadc1a73f98d3650.jpg, 1, 0
33dd040e-50b6-44e7-afc7-230da49bcf12_270_jpg.rf.69df5669e9b2e14415139d3d40989088.jpg, 0, 1
8efe1e18-4032-4f20-996f-60a19c62f547_180_jpg.rf.69d7a2999dd9c8522a97e70721f2f5d8.jpg, 0, 1
00137db3-94aa-4aa5-aa3b-e3e09d6a5ef5_270_jpg.rf.69da7751950571d4d1b8555e4c419ef9.jpg, 0, 1
70f70f97-4a9e-4d42-a08b-3b7d1b9abef8_135_jpg.rf.69d89e036c445064fb33258c8390588c.jpg, 0, 1
22ada72b-340c-4d68-9534-2729e3347cab_270_jpg.rf.69e1651c692f4b01235e93a819debdd1.jpg, 0, 1
8efe1e18-4032-4f20-996f-60a19c62f547_45_jpg.rf.6a066b1cb4fed1329afbdce466a3c7af.jpg, 0, 1
6bb51206-67ec-431b-8484-93739b1fddad_270_jpg.rf.69e7280181267e33f061cd3372b9f964.jpg, 1, 0
WIN_20221229_22_11_51_Pro_jpg.rf.6a0d2cb6e6712395f9d9c0ba8048e1fd.jpg, 1, 0
WIN_20221229_22_28_38_Pro_jpg.rf.6a24199f25fc362a03b40eb0e008a5ac.jpg, 1, 0
a1690e8a-68f2-42fa-b0a0-6c59cc895c84_jpg.rf.6a1af7c1c547e57350295503b3f640f4.jpg, 0, 1
680cc473-598d-49e7-847e-6b8c099e14fc_180_jpg.rf.6a16cd5838ac55ed6a5830efc4c52f77.jpg, 0, 1
51ba5ef7-fd64-4d52-9c3f-9d70e0ff040f_270_jpg.rf.6a26a45a5ac441f1bebb30b4e173a675.jpg, 0, 1
d4ea5845-ed1c-4bcd-b615-557884bb64c2_270_jpg.rf.6a2db3d993d35d1a26ed465250cba8bf.jpg, 1, 0
dc2bb2f5-03e1-46c1-9886-bda5f5bee11b_225_jpg.rf.6a2e10efc85f8d9c3c2f165b2506a23d.jpg, 0, 1
27f3e57e-469f-4627-8144-2ce3e9d048b7_180_jpg.rf.6a2eb7a38b7fef73b5a8d8155b615530.jpg, 0, 1
df1a716e-d93a-4e13-8144-399bae44a249_135_jpg.rf.6a3d332af924ad377564224f2cdb0b8b.jpg, 1, 0
811f5cf3-9a05-4b39-b1b3-174f31f7cec6_135_jpg.rf.6a40f1810985a0cde00e177e4e8653f1.jpg, 0, 1
97e4c08e-3475-4d77-8b54-a2231e38f6a2_135_jpg.rf.6a574ef4c8d450984dbc39ef719ecca6.jpg, 0, 1
76d57cee-bb5c-4631-b737-fe16b92c2a28_90_jpg.rf.6a4a2bcda423c830e7ff46771a65fc5f.jpg, 0, 1
60f07eaa-f4a0-4939-9882-acce7b2ee256_135_jpg.rf.6a6321b14c2885ac40bba64e4b144012.jpg, 0, 1
6e3c83a7-c5c6-46b5-8562-ffa8d99f4bb2_jpg.rf.6a66b2b66c1a46cc326c91f2144a1ccb.jpg, 0, 1
228a8b47-9459-4326-898b-1c5953d755b4_135_jpg.rf.6a76e74a91d99e713fe2aba9c0c0bcde.jpg, 0, 1
8d331829-b225-451b-8aaa-89058c62faf5_jpg.rf.6a7afab635a81e429ecec37c3ada2d1b.jpg, 0, 1
600d2167-2072-4825-9516-6c13af9fc382_180_jpg.rf.6a79f1246ad3789cfdb96915bb396a0a.jpg, 0, 1
WIN_20221229_22_06_29_Pro_jpg.rf.6a81f528ad498e9c9bd437787519038c.jpg, 1, 0
233af445-c0e5-4bb1-ad5f-743becd76cab_45_jpg.rf.6a96e5ae23fc2a222ce26cb8ecaed875.jpg, 0, 1
72a74631-171a-4cf4-b978-58f358afa95c_90_jpg.rf.6a98f4f98849b9bb67bcaca96d5741a3.jpg, 0, 1
70be0397-922c-4185-bb84-728b59ab25f8_45_jpg.rf.6a916409ee041d2daa30709d80214f8a.jpg, 0, 1
d4ea5845-ed1c-4bcd-b615-557884bb64c2_180_jpg.rf.6ab87e6af91f140dfe1f6f57dd15ca73.jpg, 1, 0
90dec1cd-f163-48fd-bcc4-58066e5acb09_45_jpg.rf.6ab143f0b4db7c42e28cb7d0fa63649a.jpg, 0, 1
93bde728-be7b-4af0-a18e-67f00d6fdcac_225_jpg.rf.6ac17b87e3383e8488c151b664b232c9.jpg, 0, 1
600d2167-2072-4825-9516-6c13af9fc382_225_jpg.rf.6abcc28c972e5f0279a0eb184c95b22f.jpg, 0, 1
WIN_20221229_22_06_00_Pro_jpg.rf.6ac94b51f9d22326b497529c2f488749.jpg, 1, 0
WIN_20221229_22_55_39_Pro_jpg.rf.6ac3b04c8679846bf5a548f92b51a407.jpg, 1, 0
507e6cd8-2041-47e5-b174-28a6d9328985_jpg.rf.6ad7463490fc59835547a0d028490770.jpg, 0, 1
d6ed6d4c-2acb-4507-bc4c-70480968eacb_jpg.rf.6adc1d476ef7f2272e9198239ce5388e.jpg, 0, 1
1af687ed-553d-491e-a213-8ddfbfea61ec_45_jpg.rf.6addd7b54d2b2d3555c3acd887a1ccd0.jpg, 1, 0
a70cfd80-0fa8-48c8-ab56-7f7cc8b0bb9b_270_jpg.rf.6aed8b94971a88bce084aabcfd427826.jpg, 0, 1
WIN_20221229_22_12_46_Pro_jpg.rf.6ae99066dc60217368b32fdf85d8a92d.jpg, 1, 0
4dbf4259-4cc3-4ff3-8768-970703c6c8f9_225_jpg.rf.6adf4a7ac9c5bcb1cb304d1ed9a010a1.jpg, 0, 1
2c59ee70-dc1c-4de3-83ab-aa36a5fb92c9_135_jpg.rf.6b02f464726d0e6faed0793744bb184f.jpg, 0, 1
6b316208-fce5-4562-a45b-736f29a3a697_135_jpg.rf.6aeed367c6752e7a772df96167a132ca.jpg, 1, 0
5d06dc79-9d5c-46d0-a720-e4898e65949c_225_jpg.rf.6b032fa234d11301993ffe08b50d82cd.jpg, 1, 0
9fc543ac-91f3-43f6-8df6-28bb9709a3e6_135_jpg.rf.6b04c4a111e5408e2100df2995882e95.jpg, 0, 1
d02674ec-4a90-43c1-9aba-1cf70300a55a_jpg.rf.6b07b8ea1e301be239473bffc96b062f.jpg, 1, 0
4d510781-6fad-4149-909f-5b3615711984_90_jpg.rf.6b0c609dc79678237bb32781b6efd633.jpg, 1, 0
ba25564d-c23a-450d-b0af-a191ed900fb1_135_jpg.rf.6b0ea448574e2827dadff940a631921c.jpg, 1, 0
507e6cd8-2041-47e5-b174-28a6d9328985_225_jpg.rf.6b1768bd91211ce48c4cda0696a531a0.jpg, 0, 1
207aff1c-09cf-47d1-ae76-474c6c31b0e4_45_jpg.rf.6b2f725fa121c6fc66b990ef4fca0009.jpg, 0, 1
5d5357ec-e4b0-4f32-a45c-2dca5338324d_180_jpg.rf.6b2533fc1a05ca30151d5225c871924d.jpg, 0, 1
220fcc53-6ef7-45d1-8122-fa1c19ca9ec5_jpg.rf.6b2963dde61a441e3ad829c83a84e85c.jpg, 0, 1
1513532a-b352-4b17-b681-b02f3127b483_180_jpg.rf.6b34c3c62a45741f29d9a7797af9e9d0.jpg, 0, 1
WIN_20221229_22_27_45_Pro_jpg.rf.6b38ce519517d3727a935a83dd0d0678.jpg, 1, 0
0b521929-1734-47b8-86c9-093445af0697_90_jpg.rf.6b430a9895f406dd3c3cdc3b04d0c7c5.jpg, 0, 1
a36b24dc-58f1-4270-b642-3bb7ec46de0f_90_jpg.rf.6b37b24aba36d0de0ab65888c1ec8f57.jpg, 1, 0
87e64a68-c898-4474-bd57-1e570902862f_45_jpg.rf.6b35c9a2880b3b33644a991e3dd70462.jpg, 0, 1
2b3188c7-77de-4b98-aaa5-012b0941ca45_135_jpg.rf.6b5126d8ab3765d2e63e0d292c6ad25c.jpg, 0, 1
09e044e6-a2b6-4827-9853-beb7d392347f_45_jpg.rf.6b5cca6a10b6d6e809e8e5bb3575315a.jpg, 0, 1
66c7508a-f4ff-4af6-a91b-5f33d3c4d20d_90_jpg.rf.6b5cfa2bc0a3374fe3dfbee030cc8642.jpg, 0, 1
7089d907-9aaf-459e-ae22-53962285fbc8_135_jpg.rf.6b62af08d18c0641a396ac046cdade6d.jpg, 0, 1
2eae8682-54b6-40b7-9684-d956300a4077_90_jpg.rf.6b5c093c9dcc593283d9d7d58de6c020.jpg, 0, 1
a36b24dc-58f1-4270-b642-3bb7ec46de0f_225_jpg.rf.6b6757ab5fdb8794278233207af0df9f.jpg, 1, 0
3bde05ec-782e-445d-a221-38a8ecbc5dab_jpg.rf.6b6eae1c2331162135f93e8958d84441.jpg, 0, 1
ba25564d-c23a-450d-b0af-a191ed900fb1_225_jpg.rf.6b70c2903dcaea71a54329797d870eee.jpg, 1, 0
2abea0f5-7c2a-4519-88c1-d33080ac7db2_225_jpg.rf.6b7fdd912355bfc0c46f3d0aee7741f9.jpg, 1, 0
215be899-dd62-42e0-b42e-8331622f5b9a_225_jpg.rf.6b7640071aa340c9ac59739b1e2f98d6.jpg, 0, 1
9765b374-f3eb-4a26-903c-90d85bc9fe0a_135_jpg.rf.6b76660b7436b1d8f0c2248f19fa002b.jpg, 0, 1
108ca99a-5abc-4dca-8e9e-ad3551748f1a_225_jpg.rf.6b814321299133a4679d52cb41e67e5e.jpg, 0, 1
61e87bb2-b69a-4d10-afa1-6c1a3d0291df_135_jpg.rf.6ba25042d977b725c7f537ba5382f607.jpg, 1, 0
WIN_20221229_22_29_11_Pro_jpg.rf.6b9f893f2c2ca4a3fca0e7c9c86e2314.jpg, 1, 0
66c7508a-f4ff-4af6-a91b-5f33d3c4d20d_135_jpg.rf.6b9a813926a4684b23f293322e58846c.jpg, 0, 1
53f913e3-941b-4772-8446-2bad471e22b0_225_jpg.rf.6ba2675a77b2a6c6bbdebe3d248b4c5f.jpg, 0, 1
66ffa488-289b-4188-afe1-7764a1a1bb1a_135_jpg.rf.6ba9ff4360f117a6f0191a71c2d960dc.jpg, 0, 1
4eddf419-3396-43d2-8b40-3ccecf2a2620_225_jpg.rf.6bac6909a9534673ccf65d1203fbda6f.jpg, 1, 0
WIN_20221229_23_27_48_Pro_jpg.rf.6ba50573f83cad02cb5952f98dc945b3.jpg, 0, 1
05693239-35bd-4086-b8c3-e7b6aa763b4f_jpg.rf.6bc2e381fdf86064b5e894ec354b88d8.jpg, 0, 1
0aa414bb-510b-40c9-85e1-f7a7163b3e2c_jpg.rf.6bb4f8f3c88e0cc1673239554ede0923.jpg, 0, 1
1513532a-b352-4b17-b681-b02f3127b483_90_jpg.rf.6bc3809762f7cde23f98612ddd6f5159.jpg, 0, 1
93a64c9f-678d-4302-94ea-5758bbf7451c_270_jpg.rf.6bbe08dbc2c4d23e4739a1a2c59fd118.jpg, 0, 1
6fb259e3-002e-473c-a2bc-4a9f48c1ebe7_45_jpg.rf.6bc7bba7e3baf6a769caf0abc1edce21.jpg, 1, 0
ccd5cdb4-3df2-4b3b-833b-3bdc7d43ee4d_270_jpg.rf.6bce507176b58fd2fad5bc040883e8fc.jpg, 0, 1
82743c35-e968-47ee-93f6-95270352fe13_45_jpg.rf.6bc8e57accde49aa43a7a713bd1e4e9e.jpg, 1, 0
9ef0276c-3a70-4027-8d1d-2503df2e9f56_jpg.rf.6bd72fe9805df476ec1aa38c9baaa2b8.jpg, 0, 1
0aa414bb-510b-40c9-85e1-f7a7163b3e2c_135_jpg.rf.6bd764a744ac84fa41b0591461f689be.jpg, 0, 1
a3f8b634-4b11-478d-bbfe-41a57317ad50_135_jpg.rf.6bda01f642fb1f10294fe7db19c8ed9e.jpg, 0, 1
15f5d196-2633-4a7b-9102-b33c659c6024_135_jpg.rf.6bd77fc6db253739953c15770da79257.jpg, 0, 1
6e3c83a7-c5c6-46b5-8562-ffa8d99f4bb2_270_jpg.rf.6bce57fe186eb9e3f424d1bdeb82a28e.jpg, 0, 1
6bb51206-67ec-431b-8484-93739b1fddad_180_jpg.rf.6be09dc24cfc5fa713dc25a56321d3cb.jpg, 1, 0
764af58e-c590-444a-aefd-b4bc11f74c40_270_jpg.rf.6be4984dab82a401537bc2f1785e575c.jpg, 1, 0
WIN_20221229_23_35_54_Pro_jpg.rf.6be85fa2e81d4c8128569248cbf0d315.jpg, 0, 1
80de665e-2077-4a83-9a40-20d2bcaeac43_270_jpg.rf.6bed5c07913aec57f766ca9198e68901.jpg, 0, 1
72ab964e-0b95-46ec-a135-1890eb300c53_45_jpg.rf.6c04b13d3da6d6a4f6a907cc7ab6884a.jpg, 0, 1
4ded4873-2bd7-4d9b-80ae-7a8967c128ce_225_jpg.rf.6c0f64335de5f82e3fd7f99b79740ce0.jpg, 1, 0
0327f441-9a02-40a9-b280-251440ad4cec_90_jpg.rf.6be2495c8dba8a96dc80aca4731d2fdd.jpg, 0, 1
87cc591e-7e25-4d08-a519-6b5ec6d98cfa_90_jpg.rf.6bf998668e4605d175fb7654a25120ac.jpg, 0, 1
96d467c2-fa44-474b-9e64-88f1f265aeaf_225_jpg.rf.6c13072c856223b37c167c95dcddf9bf.jpg, 0, 1
69ab59e3-c1ad-4509-a8b8-bd8e4fac2ae6_45_jpg.rf.6c21522a86fb71863a04b1e172987efd.jpg, 0, 1
93a64c9f-678d-4302-94ea-5758bbf7451c_270_jpg.rf.6c212fafa6fa2b4394a842505e2f7480.jpg, 0, 1
764af58e-c590-444a-aefd-b4bc11f74c40_225_jpg.rf.6c19b0b9dac9a29972e8c771591278b4.jpg, 1, 0
5671fc02-681e-4da8-826f-c1a0b2dc5870_180_jpg.rf.6c23c168e0cdafbdd2c1b7a6aa2e4be2.jpg, 0, 1
96d467c2-fa44-474b-9e64-88f1f265aeaf_45_jpg.rf.6c2e41ab5d25c5c44d798126afebba67.jpg, 0, 1
2d398321-1a08-4aec-98b9-eb3301da9d79_135_jpg.rf.6c2b35e3be00dc95e82ff78646552672.jpg, 0, 1
878a59f0-76a6-4a7c-8e4a-45283cfb4465_90_jpg.rf.6c2c630f04f7785cc6438c966e55ce47.jpg, 0, 1
WIN_20221229_23_24_05_Pro_jpg.rf.6c330c5c2282438ee3cb0de38c608c1b.jpg, 0, 1
b84b2bd1-353d-4da0-80e6-da6df7b611b8_135_jpg.rf.6c3651ac1faebf3be6e72f3d47332a14.jpg, 0, 1
1acf8679-d50f-446c-b806-def7d073e244_90_jpg.rf.6c33765f768951d474e9f818fa16a8af.jpg, 1, 0
811f5cf3-9a05-4b39-b1b3-174f31f7cec6_180_jpg.rf.6c3f15e356872cd23f93f4f3d8b012a4.jpg, 0, 1
0c04b448-fe60-4b89-bf5a-b18fe90a5870_45_jpg.rf.6c41e90ab71536f47fe3a65131bc964f.jpg, 0, 1
de7c5c69-6255-4087-9565-1732a07c986d_45_jpg.rf.6c478fafade265a8cb1b7e9ec2677a08.jpg, 1, 0
0327f441-9a02-40a9-b280-251440ad4cec_225_jpg.rf.6c405e74a42ee78d21e679acb956dcbb.jpg, 0, 1
488a316b-07fc-410e-a5fd-84f831acc653_90_jpg.rf.6c4589fd54f444065d2427888d74e909.jpg, 0, 1
51ba5ef7-fd64-4d52-9c3f-9d70e0ff040f_225_jpg.rf.6c539e12a3345e95f0db31f7f34d8d18.jpg, 0, 1
61bd5e75-cfb1-47e8-b4be-24447913359a_180_jpg.rf.6c71fcfee33c2fba0a553b37808a690b.jpg, 0, 1
WIN_20221229_23_00_26_Pro_jpg.rf.6c923e7aa2b26286582e521e45e977d6.jpg, 1, 0
33dd040e-50b6-44e7-afc7-230da49bcf12_90_jpg.rf.6c8fdbce88a1c81b0a8fc62ded0b242f.jpg, 0, 1
a57c3779-84b6-494f-a396-47718417b914_45_jpg.rf.6c90ffc00aca71e875d30ccff93e4311.jpg, 0, 1
44c7fb6b-7175-4aa3-98c2-9bc78d8a6f92_135_jpg.rf.6c91d53315b4624451545683fcd1f3ed.jpg, 0, 1
96d467c2-fa44-474b-9e64-88f1f265aeaf_225_jpg.rf.6c879793387510b36c26e610704dec58.jpg, 0, 1
90ecbd63-5a3d-4c6b-bd34-594c7c6a2d40_135_jpg.rf.6c998105720882d745fe3201148400f7.jpg, 0, 1
a8ba45d9-69a1-4fc4-a6c3-74c50107e59c_45_jpg.rf.6c99ceb4bf2eca2d3d4c56fba4d2f77d.jpg, 0, 1
6343bade-4271-437b-84ea-e9756e715080_45_jpg.rf.6ca48472498871d2b8996f5cf9c665e8.jpg, 0, 1
4461774a-c193-43e6-9849-19c25ad533fb_135_jpg.rf.6cac1a0a2aa0662ad516e4dc7ea8ac29.jpg, 1, 0
680cc473-598d-49e7-847e-6b8c099e14fc_90_jpg.rf.6cd69fa84a4584718949a21013844033.jpg, 0, 1
9dbe8a30-979a-4722-a1a9-712f4ecbb2a6_270_jpg.rf.6ccf946ae61abff8a792bc731cca88f2.jpg, 0, 1
9765b374-f3eb-4a26-903c-90d85bc9fe0a_135_jpg.rf.6cdcb40b35b6ff85e2b9920d776f1153.jpg, 0, 1
220fcc53-6ef7-45d1-8122-fa1c19ca9ec5_45_jpg.rf.6cb91d78c08038e2f93c04296969e5bd.jpg, 0, 1
cce642b7-d4aa-4dc6-951b-e1b655f68334_135_jpg.rf.6ce5a2069d304809ad38620539186a37.jpg, 1, 0
9765b374-f3eb-4a26-903c-90d85bc9fe0a_45_jpg.rf.6cd6a5ee11b38318096265cbd0c7f6a9.jpg, 0, 1
9eaca121-9239-49f4-9d05-34ef9f10bcaa_180_jpg.rf.6cf1dd1e5450650c106c61bcae8c7680.jpg, 0, 1
76a872d2-5c22-4f33-82b4-18c0f78e1a1b_270_jpg.rf.6cf2bba3be283b60ed96524025acf862.jpg, 0, 1
09e044e6-a2b6-4827-9853-beb7d392347f_45_jpg.rf.6cfeef7810492e29eeb8d387830b722e.jpg, 0, 1
1ab90226-8889-4bcd-ad0c-ea01fedaaffd_jpg.rf.6cba00681bc29b6de3625c15cb33a7b1.jpg, 1, 0
642d6f5f-fa24-4c18-b7b2-6b24334629a3_135_jpg.rf.6d0eb115cc4c2c8cf24480d352ef09af.jpg, 0, 1
66ba2553-31f1-473c-9602-d2df0c1bb3f0_45_jpg.rf.6d05477a80b6141b4441157d5820605d.jpg, 0, 1
4f08fc98-7d4d-43f7-921d-b2ccf8ca726d_225_jpg.rf.6d056ba73da968f4325977f0a763c016.jpg, 1, 0
WIN_20221229_23_12_48_Pro_jpg.rf.6d10e416d7677111cc34c578b52364a1.jpg, 1, 0
859bbe6e-7f46-4b86-acd1-86fea679de36_jpg.rf.6d1bdaf8cb98d7032e551a72c1c2d3f4.jpg, 0, 1
4dcbce83-654c-4125-9939-c4398187533a_180_jpg.rf.6d1ba2ceb7cab50e7d518d240b3d1792.jpg, 1, 0
1d4ead22-cc06-4fa2-9784-d9257f24ef86_270_jpg.rf.6d1ef079c127b2a0e2d13e2ed2dadccc.jpg, 0, 1
69ab59e3-c1ad-4509-a8b8-bd8e4fac2ae6_180_jpg.rf.6d2c5abe8369facfdb4024478489d42f.jpg, 0, 1
5671fc02-681e-4da8-826f-c1a0b2dc5870_270_jpg.rf.6d2fb8643ff7c07812dbfcb5babe829b.jpg, 0, 1
9dbe8a30-979a-4722-a1a9-712f4ecbb2a6_45_jpg.rf.6d3948c38ec9390e979a07b2f08cb831.jpg, 0, 1
92fe0088-90bc-4eaa-8567-a9b3ad0645e8_90_jpg.rf.6d3483d86aeaefb23aa41be03ffb982b.jpg, 0, 1
2b560df3-ff42-4546-a0bd-11ff2ca590e2_45_jpg.rf.6d3b8c9427873e53dfaadb94fbb8dd02.jpg, 1, 0
217fef04-2462-4dca-a170-f780b700b17e_270_jpg.rf.6d442c3f2cc4d4e73fa1b2c0060fc483.jpg, 0, 1
92787dc3-1720-41c4-8acc-5c7f3fda0fa5_270_jpg.rf.6d3c063fa74f991a7e99915b136ab62b.jpg, 1, 0
0df87bae-ddf0-49e3-97af-b371d8544547_180_jpg.rf.6d535102dc483bb4278e9009030aa90f.jpg, 0, 1
ae88b11a-3c51-46c9-a74f-4f141d73ed73_90_jpg.rf.6d56d13b28fd0d6df1f95778688586e9.jpg, 0, 1
0516cd97-ef6c-4542-a884-e01aaa597ac3_jpg.rf.6d578f6376e452cdaeaace73d217d304.jpg, 0, 1
fbe4f519-6225-4168-bcf9-4ccc4d0d82bf_270_jpg.rf.6d5a667decaeba51d06d8d16b3e14a9b.jpg, 1, 0
41ab7cda-4c88-47b8-98da-0c6ee6e07325_270_jpg.rf.6d5b84e309038eb9863f6a87d93612a7.jpg, 0, 1
936d35a1-f617-4a9b-99c6-32cfd8284d34_135_jpg.rf.6d61054c8a23be92e30686ac97ca61b5.jpg, 0, 1
WIN_20221229_22_20_31_Pro_jpg.rf.6d6b42039e73da0aaf5cfab0a3cb1a34.jpg, 1, 0
92a893f4-8dd5-4f4a-9864-08811d4ed00a_225_jpg.rf.6d699049327c2c59cdd1db5df9a4b823.jpg, 0, 1
642d6f5f-fa24-4c18-b7b2-6b24334629a3_45_jpg.rf.6d74c536a04c59403427b5086ca5b464.jpg, 0, 1
5671fc02-681e-4da8-826f-c1a0b2dc5870_225_jpg.rf.6d6fce7e8a860d101482122b70ba2406.jpg, 0, 1
488cb81f-a17e-44b8-bd1b-0e709bee4a92_225_jpg.rf.6d7b7c93d3ec8c7922bf725f4b26c845.jpg, 0, 1
06b95f3f-e2f5-4f58-95b1-6f9024e8e5d7_225_jpg.rf.6d80597969837839bf8d2a5dbc68a6de.jpg, 0, 1
WIN_20221229_22_05_25_Pro_jpg.rf.6d840493e9b282e149b64356ec6ca147.jpg, 1, 0
92fe0088-90bc-4eaa-8567-a9b3ad0645e8_270_jpg.rf.6d949e04ae49ef5ce033b7edf328f3ca.jpg, 0, 1
61bd5e75-cfb1-47e8-b4be-24447913359a_180_jpg.rf.6d9d65487c45608a4a60fba252285c6f.jpg, 0, 1
WIN_20221229_22_29_32_Pro_jpg.rf.6d856e8d69f54ce576b8919840207078.jpg, 1, 0
WIN_20221229_23_33_10_Pro_jpg.rf.6da7fc79f521a46d13dd449ca6554968.jpg, 0, 1
WIN_20221229_23_01_23_Pro_jpg.rf.6da8c539f5766b663d8cec1bbdf498a9.jpg, 1, 0
75fea9b7-7c08-4ea2-bb8d-50096fdf774b_90_jpg.rf.6dbe79902d475bf64adde5a561de895a.jpg, 0, 1
WIN_20221229_23_02_14_Pro_jpg.rf.6dc95ed2ffc1a6ae83431ac5409afc88.jpg, 1, 0
WIN_20221229_22_04_44_Pro_jpg.rf.6dd240c69fc0e0b2dfc95a919495a9ab.jpg, 1, 0
0b521929-1734-47b8-86c9-093445af0697_90_jpg.rf.6dd1ac4e3cb893c68cbbd15ec4fa5a01.jpg, 0, 1
56863d51-82dd-432b-808a-bb09a5e65be6_90_jpg.rf.6de203f669f46f074fd1ad1cc16db45b.jpg, 0, 1
b84b2bd1-353d-4da0-80e6-da6df7b611b8_225_jpg.rf.6dd9c855b68b44725dc354419464a31b.jpg, 0, 1
7ceae77f-3a56-4262-a271-2a8d727efbe9_225_jpg.rf.6de5648b03d2ef274f4ce526e8bd5b82.jpg, 0, 1
9765b374-f3eb-4a26-903c-90d85bc9fe0a_270_jpg.rf.6de236d2f7900e0ed385ec759175f118.jpg, 0, 1
57ab1fc0-e755-40c3-82cb-cce0684f11f4_90_jpg.rf.6df11cd1a251344534a49374f50e9aa5.jpg, 0, 1
44c7fb6b-7175-4aa3-98c2-9bc78d8a6f92_90_jpg.rf.6dfa7f1a8cfb65691c353f6dbeb156d6.jpg, 0, 1
8efe1e18-4032-4f20-996f-60a19c62f547_135_jpg.rf.6df6116d2f09f1fb2da900131e0f0080.jpg, 0, 1
811f5cf3-9a05-4b39-b1b3-174f31f7cec6_270_jpg.rf.6dfbe4161e3c310da409ad1f08fc19c5.jpg, 0, 1
81d526fb-cb95-4b9d-a013-dad7b3f083b3_90_jpg.rf.6e1053debbc55a7766b3c9972b726312.jpg, 0, 1
4737a7d7-5d10-4912-b3e7-c8254a88af02_180_jpg.rf.6e1cf38dbd6e2474a9a60b7967db63e9.jpg, 0, 1
84c8c90b-b9c3-4290-bdff-f1946a11050a_225_jpg.rf.6e224a8ecd5d33cc49f2030ad9af2012.jpg, 0, 1
4f08fc98-7d4d-43f7-921d-b2ccf8ca726d_225_jpg.rf.6e22d747fbe8d2f5b93e4de39f14c9d3.jpg, 1, 0
9a5fc62c-6820-4cb6-ba66-1063e612d144_180_jpg.rf.6e396eb419d5cf9b326ddea598597b77.jpg, 0, 1
96f68346-9256-416a-a050-9ec4b750ccc6_90_jpg.rf.6e424eaf170878e2eb6d5091bdc325de.jpg, 0, 1
60f07eaa-f4a0-4939-9882-acce7b2ee256_225_jpg.rf.6e43aea3655ea7b2afcbd0095c88fde1.jpg, 0, 1
0d2a4a7e-7b37-49eb-9ad6-8faaf457ad82_270_jpg.rf.6e45175311f248315bd361a5d43ebeb7.jpg, 0, 1
84c8c90b-b9c3-4290-bdff-f1946a11050a_135_jpg.rf.6e4cb15137052a4d23420443c795986a.jpg, 0, 1
8d331829-b225-451b-8aaa-89058c62faf5_135_jpg.rf.6e4d9af7f84c9d3b7a39d9d63a16cea7.jpg, 0, 1
b4b3a28f-aee8-402c-856a-b09db5dbeb4a_90_jpg.rf.6e4b4f5744c48c6842a41c6e10b49a03.jpg, 1, 0
859bbe6e-7f46-4b86-acd1-86fea679de36_90_jpg.rf.6e5b4cca3bc48993a72f87dd5ed2d677.jpg, 0, 1
WIN_20221229_22_06_17_Pro_jpg.rf.6e56fc033a6d9426b638cd92dcb0097a.jpg, 1, 0
75f27827-8267-4ad8-8c7f-938a7c0c0a72_270_jpg.rf.6e61dbd9c07d25f1233a1e2269284867.jpg, 0, 1
0aa414bb-510b-40c9-85e1-f7a7163b3e2c_135_jpg.rf.6e604b79297cc6a04e5f61478ee572a6.jpg, 0, 1
a936c90a-8f24-4289-b10b-4830ac9f3019_270_jpg.rf.6e655d5e640ce60327586716b4223dc1.jpg, 0, 1
WIN_20221229_23_23_07_Pro_jpg.rf.6e66695e3afaf396f2ab97493bdafecb.jpg, 0, 1
2bf615ea-7241-4861-82d7-bb74c8b5dfba_180_jpg.rf.6e663cd39d163a715c138bbe5d7f8a0c.jpg, 0, 1
d02674ec-4a90-43c1-9aba-1cf70300a55a_270_jpg.rf.6e6f2aca694537fb535322daaaa8f59c.jpg, 1, 0
503a19e2-d693-4ab0-aae9-9181b1789a94_90_jpg.rf.6e7395776706de258fb0d31f6367c302.jpg, 0, 1
61e87bb2-b69a-4d10-afa1-6c1a3d0291df_180_jpg.rf.6e76b795047b7d048f41f4923e9d5047.jpg, 1, 0
108ca99a-5abc-4dca-8e9e-ad3551748f1a_225_jpg.rf.6e9553dc212e4a92e23440e728519a3e.jpg, 0, 1
WIN_20221229_22_15_03_Pro_jpg.rf.6e9f4e5c326c77375cb37526ada09a0d.jpg, 1, 0
9dbe8a30-979a-4722-a1a9-712f4ecbb2a6_270_jpg.rf.6e85c652578a1079c09cc93afb9d6964.jpg, 0, 1
d6faa4f5-e419-4c2d-b0be-316f48d5464a_180_jpg.rf.6eaad3d010bbf2a1300b8b3b634d4e34.jpg, 0, 1
4eddf419-3396-43d2-8b40-3ccecf2a2620_jpg.rf.6eac3a78a494a84b0c3c90283d877aee.jpg, 1, 0
93a64c9f-678d-4302-94ea-5758bbf7451c_180_jpg.rf.6ebea2122800203894d6050e6f1f6ceb.jpg, 0, 1
ac755961-63a0-4e01-b87e-eacd0b5d7899_225_jpg.rf.6eab61900987963ece8b2fb85a748572.jpg, 0, 1
cce642b7-d4aa-4dc6-951b-e1b655f68334_135_jpg.rf.6ed24689042e52d0430f9f8845f2a565.jpg, 1, 0
76d57cee-bb5c-4631-b737-fe16b92c2a28_135_jpg.rf.6edb8c88e49c6b379e75aa25be26d004.jpg, 0, 1
6e3c83a7-c5c6-46b5-8562-ffa8d99f4bb2_jpg.rf.6ec36fcbe2c1e6f7b5c85e3d2777d0a8.jpg, 0, 1
4eddf419-3396-43d2-8b40-3ccecf2a2620_45_jpg.rf.6eddabe610daa161ec509221292483fb.jpg, 1, 0
WIN_20221229_22_54_55_Pro_jpg.rf.6ee4ca98af8c86e052dde6d439db4fe3.jpg, 1, 0
0dc01fa2-4d5e-46ae-ad61-19485b378972_270_jpg.rf.6eee21e1d1ec389a4fc45ad6dca22559.jpg, 0, 1
611513d3-0fb7-4068-8cd8-68a9bdb056c4_135_jpg.rf.6ef43d197648c44715457c87eb4de960.jpg, 1, 0
WIN_20221229_22_34_44_Pro_jpg.rf.6f03b7d014b475d31743adf7e16e679d.jpg, 1, 0
0df87bae-ddf0-49e3-97af-b371d8544547_135_jpg.rf.6f06a4195a22041274f6c9910ea64d4c.jpg, 0, 1
217fef04-2462-4dca-a170-f780b700b17e_90_jpg.rf.6f0a8638ac8738c78e629ac204fec56c.jpg, 0, 1
5a3117dc-7932-4c34-ae3f-e5867c98ee0a_90_jpg.rf.6f0f53b063b58851bf776aa9233016a5.jpg, 0, 1
5671fc02-681e-4da8-826f-c1a0b2dc5870_270_jpg.rf.6f14e3e380d067d7b140daec62202fd1.jpg, 0, 1
16117db8-0d07-4950-b684-370b7d0813ec_135_jpg.rf.6f15f90a239e07bd95976f53fe7ad3b2.jpg, 0, 1
WIN_20221229_22_09_40_Pro_jpg.rf.6f238db7a9abcbd7a591aa785562c416.jpg, 1, 0
WIN_20221229_22_57_47_Pro_jpg.rf.6f2d358f54236c8cfdbe558ea4881ccf.jpg, 1, 0
61e87bb2-b69a-4d10-afa1-6c1a3d0291df_90_jpg.rf.6f2a0305af77945c7390a9f8deee69b6.jpg, 1, 0
6cdbe5d2-04bc-4a25-b1a0-be0a00a136ae_45_jpg.rf.6f2d6426a2beb533fa8869baf2a2e738.jpg, 0, 1
7ceae77f-3a56-4262-a271-2a8d727efbe9_225_jpg.rf.6f4134e832a800a07c93d1a6a55023b1.jpg, 0, 1
84f05969-c971-4d44-8df4-3a80a71a545d_90_jpg.rf.6f425e9f7ba437a4ad79cb689cffcbdf.jpg, 0, 1
84f05969-c971-4d44-8df4-3a80a71a545d_135_jpg.rf.6f43981e9c45ca2f5343efc10ca96bad.jpg, 0, 1
9aa3d151-a2d6-4d13-ad4f-f133f4552c4f_135_jpg.rf.6f63e72e2c66d95b4b0abad012644fa9.jpg, 0, 1
b84b2bd1-353d-4da0-80e6-da6df7b611b8_90_jpg.rf.6f59f07f26eec9697111cc6ba44efb04.jpg, 0, 1
a36b24dc-58f1-4270-b642-3bb7ec46de0f_90_jpg.rf.6f45db582cc81bad58580897a86545ef.jpg, 1, 0
868aed84-639d-46d3-9f59-3d71ba702ea0_90_jpg.rf.6f4170beb66b487f9e57755366bfdcc5.jpg, 1, 0
61bd5e75-cfb1-47e8-b4be-24447913359a_90_jpg.rf.6f6856ebc1246ff837b4e8c7c87d54af.jpg, 0, 1
4dbf4259-4cc3-4ff3-8768-970703c6c8f9_135_jpg.rf.6f717d1ca6b28dbe0d75880e03f9e6e0.jpg, 0, 1
b4b3a28f-aee8-402c-856a-b09db5dbeb4a_135_jpg.rf.6f7837d50dd0845afde787e1154ad1ca.jpg, 1, 0
0dc01fa2-4d5e-46ae-ad61-19485b378972_270_jpg.rf.6f7a87f9ce8e157787843d6ea21c9620.jpg, 0, 1
00a9637f-e5c9-4522-8d19-d6b3e8bae3f3_90_jpg.rf.6f7894ba9b86ceb1a7ce2d350281e1be.jpg, 0, 1
6f8a29a3-8b83-47d6-8a5b-7baf97fd4469_45_jpg.rf.6f8cbdeef70c99adb9c1bbf8d62775ec.jpg, 0, 1
6cdbe5d2-04bc-4a25-b1a0-be0a00a136ae_jpg.rf.6f8e226ef4ca7faef7e75f2b0a4655f6.jpg, 0, 1
WIN_20221229_23_33_10_Pro_jpg.rf.6f9ce7e0891d75d165314e044c22483b.jpg, 0, 1
dc2bb2f5-03e1-46c1-9886-bda5f5bee11b_jpg.rf.6f932d5999c7a68841189a45a41bfce3.jpg, 0, 1
0dc01fa2-4d5e-46ae-ad61-19485b378972_135_jpg.rf.6f9e0112f06f6c1bc293c942b8f7da9e.jpg, 0, 1
15f5d196-2633-4a7b-9102-b33c659c6024_45_jpg.rf.6fb36f532ef0785730a45ec196b3a022.jpg, 0, 1
4dbf4259-4cc3-4ff3-8768-970703c6c8f9_270_jpg.rf.6fc53288685238205584282e92a9874a.jpg, 0, 1
WIN_20221229_23_33_10_Pro_jpg.rf.6fc60796472e8a1be275e5fc16a436ae.jpg, 0, 1
2a99660b-f767-40aa-937f-c4cd68d2ceac_90_jpg.rf.6fc657ff57f1fc5b1a8379450a986101.jpg, 0, 1
39c71820-6b5b-499e-b2c6-a957f48c62fa_jpg.rf.6fc9a3a54e414c72aab5665bac4bdb2c.jpg, 0, 1
75fea9b7-7c08-4ea2-bb8d-50096fdf774b_135_jpg.rf.6fb470f2c8d65d46a8f731323168ac1d.jpg, 0, 1
4ded4873-2bd7-4d9b-80ae-7a8967c128ce_225_jpg.rf.6fd31af9724452ae85410cd07563e826.jpg, 1, 0
3fa757aa-5f48-4acc-b2d9-edf0d584d79a_jpg.rf.6fcaef603164d367fb9c66d6eabce170.jpg, 0, 1
WIN_20221229_22_45_36_Pro_jpg.rf.6fd5bf9af857395d73aaa34510a2122e.jpg, 1, 0
01c27009-f681-4495-8d82-599547aba120_225_jpg.rf.6fd3eb863748897d275b54862c37b013.jpg, 1, 0
de7c5c69-6255-4087-9565-1732a07c986d_225_jpg.rf.6fe15abaed5fd66f48df5b5c7414ebfd.jpg, 1, 0
73cca509-de66-4cbc-9421-8fcb263fefcc_45_jpg.rf.6ff5d4f8453dfa5424b89f1f02250dc2.jpg, 0, 1
488a316b-07fc-410e-a5fd-84f831acc653_180_jpg.rf.6ff5b18006782f76131585492837dbde.jpg, 0, 1
WIN_20221229_22_45_17_Pro_jpg.rf.6ffc236278b583b39c578420fbb31f9a.jpg, 1, 0
a70cfd80-0fa8-48c8-ab56-7f7cc8b0bb9b_225_jpg.rf.70040d2db72beae0ce620c0ae669613c.jpg, 0, 1
8d331829-b225-451b-8aaa-89058c62faf5_270_jpg.rf.7005cff2f238bce1e666d0839fe9443a.jpg, 0, 1
0dab9689-2c2d-4dc6-bb71-db1b6d82cb17_135_jpg.rf.700c6d572d98451f11c92b9c31ad387e.jpg, 0, 1
94a26150-c197-425f-961b-0a4ae35825cf_45_jpg.rf.700b5a831a7f1a099a5bbd5e7d777b21.jpg, 0, 1
87ad76a7-bd79-4c43-86bb-4db4498e10f1_180_jpg.rf.700df15454010dd4b6818063212bb03d.jpg, 0, 1
708fb576-4b86-4d50-a652-cc0d64f5407a_270_jpg.rf.701feaba096ff4d2a0de444411f4a010.jpg, 0, 1
15fd3442-e84f-4c27-952b-ec415fe777d6_180_jpg.rf.701bebfb631dacb9580de62c70f52eb2.jpg, 0, 1
4d510781-6fad-4149-909f-5b3615711984_270_jpg.rf.701f5d8b1a7e69568066eefdd8a72e51.jpg, 1, 0
bd17953c-5cc6-4fc5-8ade-fd7ece53be19_135_jpg.rf.70290d43024b9e83455a1375861cf69c.jpg, 0, 1
6cdbe5d2-04bc-4a25-b1a0-be0a00a136ae_90_jpg.rf.702cce3d4cbc7e29c73503c958e4f45c.jpg, 0, 1
217ac982-fddf-49ae-a311-27cf800d10f0_90_jpg.rf.702a8e241754b89d8fa2f4b1e05ad5ad.jpg, 0, 1
706a501b-940f-4252-89a9-1afae476d3b1_180_jpg.rf.702f89a8c4560a8712434a590ce66576.jpg, 0, 1
8dfde29c-73a0-4bd6-a788-0a31baf572a0_180_jpg.rf.704d9a0853a4e82cc32eae9c252f585c.jpg, 0, 1
97e4c08e-3475-4d77-8b54-a2231e38f6a2_180_jpg.rf.704101c3cf3bdfe120381f7d1947cc37.jpg, 0, 1
WIN_20221229_23_28_39_Pro_jpg.rf.704ccbf359b18a3476d9be92880784ae.jpg, 0, 1
WIN_20221229_22_12_22_Pro_jpg.rf.705706d786d632d3683003cdad315809.jpg, 1, 0
00a9637f-e5c9-4522-8d19-d6b3e8bae3f3_jpg.rf.70541f974abfd7d34b4ab676515ff963.jpg, 0, 1
WIN_20221229_22_44_11_Pro_jpg.rf.704cffe6c5b255b5001834dc8147359b.jpg, 1, 0
WIN_20221229_22_56_04_Pro_jpg.rf.705faf4f0424510b30765cfceec339cb.jpg, 1, 0
00800bbf-203e-48bd-b64c-f14ef2579c8a_90_jpg.rf.707390e84c714d435f3d0139b48a4d67.jpg, 0, 1
WIN_20221229_22_58_53_Pro_jpg.rf.70754af5a716c0593090c115de64f011.jpg, 1, 0
75a3c3df-b678-4a55-aa92-02be5879a4cd_135_jpg.rf.709593dec68789634dba60f8732ac141.jpg, 0, 1
dc2bb2f5-03e1-46c1-9886-bda5f5bee11b_180_jpg.rf.70910b70120d0d07cb7ce0ab87e4ff0f.jpg, 0, 1
1b05898a-3be4-4b9e-b4a0-6d23dfdaabf0_225_jpg.rf.709492ab88ca0f611408fe2884eb62cb.jpg, 0, 1
4461774a-c193-43e6-9849-19c25ad533fb_270_jpg.rf.70a0c11d54e67c3a8832d494e3ec3994.jpg, 1, 0
WIN_20221229_23_05_37_Pro_jpg.rf.70aae3fd945a8b863e645fe181fa4044.jpg, 1, 0
ccd5cdb4-3df2-4b3b-833b-3bdc7d43ee4d_135_jpg.rf.70b10b5239228c526c7f4a34aad3a550.jpg, 0, 1
51ba5ef7-fd64-4d52-9c3f-9d70e0ff040f_225_jpg.rf.70b0b1e01e9f34bf63a9adadc0a451d8.jpg, 0, 1
WIN_20221229_22_29_47_Pro_jpg.rf.70b2fa95071a9989952f260a4694ef52.jpg, 1, 0
9ec72020-824e-4c15-b633-cba42d080364_270_jpg.rf.70b5df3b40475fdad7ae60fc38308b9d.jpg, 1, 0
207aff1c-09cf-47d1-ae76-474c6c31b0e4_jpg.rf.70c993d170f3f0c0e1a0ae9857c6a933.jpg, 0, 1
WIN_20221229_23_26_46_Pro_jpg.rf.70c42b6c7a7c8956882fe651617858ab.jpg, 0, 1
96383b0f-647d-4d8b-aae4-c525fb9365d6_180_jpg.rf.70ca6b49ae6d5e10fa8f4b31916dd1fb.jpg, 0, 1
80de665e-2077-4a83-9a40-20d2bcaeac43_90_jpg.rf.70ce489770482188040485cf9e23d157.jpg, 0, 1
73cca509-de66-4cbc-9421-8fcb263fefcc_45_jpg.rf.70cd042f5ba325d58083e7db01b88ebe.jpg, 0, 1
687de30d-714c-4d10-9b23-998af950a13a_jpg.rf.70d375a820dac69946be8b4eaa8c18de.jpg, 1, 0
01aff576-d811-4858-bc7b-e66af9db530f_jpg.rf.70d56131d38aedaf91c373037f3b5040.jpg, 1, 0
0fbac742-48ee-4857-ab82-3318c8fbdcb8_90_jpg.rf.70d6cd7f2c36725483d711f93d514622.jpg, 0, 1
7ceae77f-3a56-4262-a271-2a8d727efbe9_270_jpg.rf.70d69b829a3cac800627f4937c04c63e.jpg, 0, 1
91e77c81-f2eb-4358-81d6-eea2509ae443_135_jpg.rf.70d7ea5284d284fa11826cdd22178e55.jpg, 0, 1
2eae8682-54b6-40b7-9684-d956300a4077_270_jpg.rf.70dddd372be3e007d4572d26866931d6.jpg, 0, 1
cfed691e-4738-45c4-a2bd-65fc9d5c2da8_90_jpg.rf.70e061a1bc5eb1e9bcf19cf36ba4f699.jpg, 1, 0
WIN_20221229_23_21_27_Pro_jpg.rf.70e8593eb69bb8e9ce5b5df979c1b867.jpg, 0, 1
WIN_20221229_23_28_02_Pro_jpg.rf.70e8ef4a7b373d345ab32f20b4ff1fe8.jpg, 0, 1
91c2e56d-2549-4574-9414-86aa17e84ef4_270_jpg.rf.70e9aac46a688f39583b83ae27adb3ee.jpg, 0, 1
488cb81f-a17e-44b8-bd1b-0e709bee4a92_90_jpg.rf.70eb1eada80f3ab904aa70348d2a0a93.jpg, 0, 1
91e77c81-f2eb-4358-81d6-eea2509ae443_270_jpg.rf.70f0104cbca72cb306ac5bf0114830bc.jpg, 0, 1
a3f8b634-4b11-478d-bbfe-41a57317ad50_225_jpg.rf.70ebc9178e25f638b0a78a10c47aa5c1.jpg, 0, 1
256d7e4e-e47b-466f-adb1-051bda40d918_135_jpg.rf.70fa39ff2a876e860e0dc52d451e9b32.jpg, 0, 1
1ab90226-8889-4bcd-ad0c-ea01fedaaffd_180_jpg.rf.70fa674f4d61dc405dc9c36eb5136dc8.jpg, 1, 0
ef757b72-613c-4d8f-b8e0-a3564581cb0f_180_jpg.rf.711e55f02dd69e89cb0c8522c915bc86.jpg, 1, 0
92810cd4-1652-4556-bc0b-b2e953449143_45_jpg.rf.71287e298be0097ec5d197089d64e130.jpg, 0, 1
WIN_20221229_22_30_35_Pro_jpg.rf.713f6a08d6e788036ccd263902d68f0f.jpg, 1, 0
936d35a1-f617-4a9b-99c6-32cfd8284d34_45_jpg.rf.7131d72442701303f7bab8c56fc647c5.jpg, 0, 1
81d526fb-cb95-4b9d-a013-dad7b3f083b3_jpg.rf.713574db6979e2d4b2d45e372136fdb7.jpg, 0, 1
2b3188c7-77de-4b98-aaa5-012b0941ca45_45_jpg.rf.7131b0dffc7328a4778d7e4a8bd742c8.jpg, 0, 1
27f3e57e-469f-4627-8144-2ce3e9d048b7_270_jpg.rf.7156c068e4fa5489f369ec77e8b1f9e2.jpg, 0, 1
7e2e4fb2-dc94-46c6-a203-0db83ca84e81_45_jpg.rf.716b9d8f5091475ebb5d57b6851552fb.jpg, 0, 1
488a316b-07fc-410e-a5fd-84f831acc653_270_jpg.rf.7162f88b665607ffb38a7a0f9c61b004.jpg, 0, 1
16179c8f-5a02-46d2-bcf1-145bf553fc58_270_jpg.rf.71710012942daffe0b0ef3d72e66c939.jpg, 0, 1
a57c3779-84b6-494f-a396-47718417b914_jpg.rf.716e23ccca1b0d3f1e41bc281a21adec.jpg, 0, 1
79eb3e80-65d5-431c-b388-ea52ce593c7d_135_jpg.rf.71770ad5254d23f76d32b3dd8052ac5d.jpg, 1, 0
WIN_20221229_22_42_36_Pro_jpg.rf.7151aec1f98822f700401d61cbc04491.jpg, 1, 0
a4b1b05e-8f9a-4f68-98fe-52dd9e2a9663_225_jpg.rf.717614fd22cd24f5250c8090b829d75d.jpg, 1, 0
3c5c4ffd-e4d4-45b7-a07c-64e2f6788de2_270_jpg.rf.7183f45f9501e27aba6a53373a8ea757.jpg, 1, 0
WIN_20221229_23_29_44_Pro_jpg.rf.717f59af93eae48ddd9f8b0338740f4e.jpg, 0, 1
00137db3-94aa-4aa5-aa3b-e3e09d6a5ef5_270_jpg.rf.71887c49d56f71c3046f29f366d1936a.jpg, 0, 1
a36b24dc-58f1-4270-b642-3bb7ec46de0f_135_jpg.rf.71881a4941211d81b17c7526dbd527f6.jpg, 1, 0
WIN_20221229_22_30_25_Pro_jpg.rf.71932459969388769c7b548ba6c65aea.jpg, 1, 0
69dc5c1e-a7ad-49aa-ba21-235545c312c6_90_jpg.rf.7198a8d771522d2980e5186b4004fd99.jpg, 0, 1
6b30113e-141c-4956-964b-7b64918f694b_135_jpg.rf.71a37bc3e1b5b0de10bded0d22b3866a.jpg, 1, 0
2b560df3-ff42-4546-a0bd-11ff2ca590e2_jpg.rf.719c4ba178a832f8b5d41689cf553332.jpg, 1, 0
5d06dc79-9d5c-46d0-a720-e4898e65949c_135_jpg.rf.71aa95aca2f22b5639b013c6c43ff548.jpg, 1, 0
76d57cee-bb5c-4631-b737-fe16b92c2a28_45_jpg.rf.7199f61bda3d0211c544db2fe15d14e2.jpg, 0, 1
94a26150-c197-425f-961b-0a4ae35825cf_135_jpg.rf.71aeda7359bdf20b080eda556b0bd5ab.jpg, 0, 1
09f44886-0cae-43b1-97fe-d8055d8d3616_270_jpg.rf.71b1e07f31593d5f1601c2dcf89b3fba.jpg, 0, 1
120bdf6d-39ea-4df8-b8a7-1a4362423b28_135_jpg.rf.71b2597e0bdecc4f121edc60dad447b8.jpg, 0, 1
642d6f5f-fa24-4c18-b7b2-6b24334629a3_180_jpg.rf.71b51a9e98a6f048d8116348beeb74b2.jpg, 0, 1
bd17953c-5cc6-4fc5-8ade-fd7ece53be19_jpg.rf.71b92d1660dc3042c04a5943519f5644.jpg, 0, 1
589950d7-088b-4c4b-abc1-9b824671ec8f_270_jpg.rf.71bd183d3634feaa5fc73c4ed4a3ee46.jpg, 1, 0
WIN_20221229_22_08_02_Pro_jpg.rf.71ba48a9fa91b337da8be3d6fb573843.jpg, 1, 0
40cbb123-b3d1-4546-aa26-2fdd1090b075_180_jpg.rf.71d049e87ac1aefbdceafd60a1ebc045.jpg, 0, 1
215be899-dd62-42e0-b42e-8331622f5b9a_225_jpg.rf.71c92bbae3963f45ac00d9e64b13311e.jpg, 0, 1
82743c35-e968-47ee-93f6-95270352fe13_45_jpg.rf.71d9ff45b803825db8f225788d3c120c.jpg, 1, 0
41ab7cda-4c88-47b8-98da-0c6ee6e07325_135_jpg.rf.71e87f660eef51a0c5dfb666f16d467d.jpg, 0, 1
611513d3-0fb7-4068-8cd8-68a9bdb056c4_jpg.rf.71efb994167524372d09d697358927f9.jpg, 1, 0
90ecbd63-5a3d-4c6b-bd34-594c7c6a2d40_270_jpg.rf.71ddc0c02b600253ce1af7e1bf7cc1e4.jpg, 0, 1
811f5cf3-9a05-4b39-b1b3-174f31f7cec6_270_jpg.rf.71f052dd5cabdbf10eb9390b1fe79779.jpg, 0, 1
764af58e-c590-444a-aefd-b4bc11f74c40_90_jpg.rf.71ff1337edf8dc17b05220fec676b2f9.jpg, 1, 0
97e4c08e-3475-4d77-8b54-a2231e38f6a2_jpg.rf.71f270282c62215d06d4313cd6c27d40.jpg, 0, 1
WIN_20221229_22_18_19_Pro_jpg.rf.72082958bc20ca61e66b5371ecabb0bb.jpg, 1, 0
84f05969-c971-4d44-8df4-3a80a71a545d_jpg.rf.72051fa90a64d7a168b6ac58953436f7.jpg, 0, 1
06b95f3f-e2f5-4f58-95b1-6f9024e8e5d7_270_jpg.rf.720abdf76f8c46e2e3a5a8ffe838485c.jpg, 0, 1
1af687ed-553d-491e-a213-8ddfbfea61ec_180_jpg.rf.720fc4830a18c026c631b138a6fe398e.jpg, 1, 0
108ca99a-5abc-4dca-8e9e-ad3551748f1a_270_jpg.rf.720ded6114d6adfe8cfb04bff3c2c80d.jpg, 0, 1
4461774a-c193-43e6-9849-19c25ad533fb_180_jpg.rf.7210457c51b6f472bb3a953a36122e4a.jpg, 1, 0
1ab90226-8889-4bcd-ad0c-ea01fedaaffd_225_jpg.rf.721e54a7d6c9f7d67d1026b3ae199a81.jpg, 1, 0
764af58e-c590-444a-aefd-b4bc11f74c40_jpg.rf.721a123337682ed3d04f1aa7fa387e03.jpg, 1, 0
WIN_20221229_23_01_23_Pro_jpg.rf.72111b6b5a86c9557982181f84dbe392.jpg, 1, 0
7ebb4762-7de4-4754-8cd2-2d4f743f512c_225_jpg.rf.722cb3bc182fed1cf05115306d35adb2.jpg, 0, 1
WIN_20221229_23_30_29_Pro_jpg.rf.723d99fba32cc094664f42aee5041e3e.jpg, 0, 1
01c27009-f681-4495-8d82-599547aba120_135_jpg.rf.7231b0f368bc07ad44d81e8d7cf3a541.jpg, 1, 0
228a8b47-9459-4326-898b-1c5953d755b4_90_jpg.rf.7232ebf8b9cb9d24cee192f4be1dedc0.jpg, 0, 1
92fe0088-90bc-4eaa-8567-a9b3ad0645e8_jpg.rf.72424d60669de7d0fc6601273b04efd4.jpg, 0, 1
01c27009-f681-4495-8d82-599547aba120_45_jpg.rf.72657552798576de02584e31001a6c5c.jpg, 1, 0
69c9cfea-cfbd-4dfe-a8a2-2ed31daafd85_jpg.rf.725b655462611eae05b5d64d7c5e57f1.jpg, 0, 1
WIN_20221229_23_09_31_Pro_jpg.rf.72610172441b1198c8c7c4e5d639372b.jpg, 1, 0
92a893f4-8dd5-4f4a-9864-08811d4ed00a_270_jpg.rf.724e1944538555c59c15471fea71fd0e.jpg, 0, 1
5522f66d-ad72-48d5-9767-5e7b23f6a206_45_jpg.rf.72751095dd19bdb3bad3950dc6d1ce9d.jpg, 1, 0
00a9637f-e5c9-4522-8d19-d6b3e8bae3f3_jpg.rf.72858e3341a47111d75e39b52c8b808e.jpg, 0, 1
90dec1cd-f163-48fd-bcc4-58066e5acb09_180_jpg.rf.72907a1fc81fc04564418c332dbff65c.jpg, 0, 1
60f07eaa-f4a0-4939-9882-acce7b2ee256_270_jpg.rf.72772063555ff3c9ceec9de4ff1d7b05.jpg, 0, 1
ac755961-63a0-4e01-b87e-eacd0b5d7899_90_jpg.rf.7295396453fe0b4f27ae22a2509dd1d4.jpg, 0, 1
ba23ca74-9f22-43fe-8e97-1aaac5891d8d_270_jpg.rf.72a5a17ee7b68108c861950ca55aafc9.jpg, 0, 1
859bbe6e-7f46-4b86-acd1-86fea679de36_225_jpg.rf.72a5922c220f3ef04cf82349d1c8a46f.jpg, 0, 1
7ebb4762-7de4-4754-8cd2-2d4f743f512c_270_jpg.rf.72a67b411ea7c3637d62db5d2a794d3c.jpg, 0, 1
223d92bc-5ef8-450a-86d6-ab5d6e8c5b3e_180_jpg.rf.72a106ca2e46692c8128d132c59ad1b8.jpg, 0, 1
7e2e4fb2-dc94-46c6-a203-0db83ca84e81_225_jpg.rf.72bc160496c691197307e6f42d1732c2.jpg, 0, 1
f206736f-e48f-4e12-b367-144752c744e6_jpg.rf.72c7b33d130a5471f1493128252ff44b.jpg, 1, 0
33e3e3fe-8e37-4b4a-aa04-ad3864731632_225_jpg.rf.72d5cbbbe495fd4e324efc901fea6d05.jpg, 0, 1
4f08fc98-7d4d-43f7-921d-b2ccf8ca726d_180_jpg.rf.72e5be0ca5703990ccf9665f388259be.jpg, 1, 0
aa8cc596-1881-4e18-a73f-fe60f6a6a031_180_jpg.rf.72d6d7d4b74c87a018f5297363cc1b4d.jpg, 0, 1
868aed84-639d-46d3-9f59-3d71ba702ea0_jpg.rf.72f6d8c73ba83a2e7a5f683ecd3d6f1b.jpg, 1, 0
WIN_20221229_22_31_15_Pro_jpg.rf.72f31b279207daabd9a86fa3b33f0631.jpg, 1, 0
WIN_20221229_22_34_21_Pro_jpg.rf.72fbf4ddc27032af8499dcfa52b6dc32.jpg, 1, 0
224748bb-08de-4a59-98e5-2bbef0629846_180_jpg.rf.731039248468b5f15e42bc5c2433363c.jpg, 1, 0
00800bbf-203e-48bd-b64c-f14ef2579c8a_180_jpg.rf.7316959b67e13f9982e14b1144bd5cf2.jpg, 0, 1
f206736f-e48f-4e12-b367-144752c744e6_90_jpg.rf.731a039e30c4bce83c2f0af9ed532ffd.jpg, 1, 0
c01c35d2-7769-4a57-abff-c52f7def3900_135_jpg.rf.7320987f40f746389b16144a865ae3c9.jpg, 1, 0
aa8cc596-1881-4e18-a73f-fe60f6a6a031_jpg.rf.730dac4a50c8c5226adcbb313a0cd0ec.jpg, 0, 1
91c2e56d-2549-4574-9414-86aa17e84ef4_180_jpg.rf.731ff6e083f1059016596df5ea7679b5.jpg, 0, 1
WIN_20221229_22_28_38_Pro_jpg.rf.73319649cbf6a19bb3bbf7c56ead2779.jpg, 1, 0
0dab9689-2c2d-4dc6-bb71-db1b6d82cb17_135_jpg.rf.731919393aef84ae3359ef9c22324afa.jpg, 0, 1
8dfde29c-73a0-4bd6-a788-0a31baf572a0_270_jpg.rf.7338a29c6244cdebaeab189f5de5f2c5.jpg, 0, 1
70be0397-922c-4185-bb84-728b59ab25f8_135_jpg.rf.7341bdc0e4c4a2e468d3c9f658ba0b6d.jpg, 0, 1
665aeca5-e68c-49d3-ad8d-5755fad74dcf_270_jpg.rf.733c85f8d9a3a714d6a1ea641298104a.jpg, 0, 1
61bd5e75-cfb1-47e8-b4be-24447913359a_180_jpg.rf.73465054736b15f689f27da5eaca8adb.jpg, 0, 1
a936c90a-8f24-4289-b10b-4830ac9f3019_270_jpg.rf.7361f7ba95f5170c3784cb763cbd9e22.jpg, 0, 1
220fcc53-6ef7-45d1-8122-fa1c19ca9ec5_45_jpg.rf.7358047f6032e3451adb049d87594493.jpg, 0, 1
2b560df3-ff42-4546-a0bd-11ff2ca590e2_135_jpg.rf.734effabccb6d98fcea72648bf5644c9.jpg, 1, 0
0c279d03-a83d-4404-b852-2b90d79e1ed3_45_jpg.rf.738212904c878914a3f1c5ece3356bf8.jpg, 0, 1
7e2e4fb2-dc94-46c6-a203-0db83ca84e81_jpg.rf.7363d19f86424096b0b559bd2d01b4aa.jpg, 0, 1
WIN_20221229_22_51_58_Pro_jpg.rf.737090c99deff2530d4b21211ffe4a20.jpg, 1, 0
6cdbe5d2-04bc-4a25-b1a0-be0a00a136ae_jpg.rf.737b2b2c8bb594d691501ae8e9eacd06.jpg, 0, 1
6f8a29a3-8b83-47d6-8a5b-7baf97fd4469_135_jpg.rf.73983c26140d5038a0e6d2418678a5dd.jpg, 0, 1
52c230c2-20b1-4769-978c-d0a859364b3e_180_jpg.rf.73971b6a5825bc2c262c28b2281b6f96.jpg, 0, 1
82dbf814-a3a3-4cba-9277-08c10de5c8a4_45_jpg.rf.738753dcc7ede24ba8d7cf13605074cb.jpg, 0, 1
01b9d47e-ecba-48fd-a83f-ece6e05995fc_90_jpg.rf.7395b951d7d63ea65889a955b081a29b.jpg, 1, 0
0dab9689-2c2d-4dc6-bb71-db1b6d82cb17_45_jpg.rf.73a475ab91a9ec3ccb6227c5e84da55e.jpg, 0, 1
69c9cfea-cfbd-4dfe-a8a2-2ed31daafd85_225_jpg.rf.73bed6b16a32666c40afb82126ac4b88.jpg, 0, 1
97e4c08e-3475-4d77-8b54-a2231e38f6a2_225_jpg.rf.73b1a492c50a10faafc91b83ae6bee9e.jpg, 0, 1
WIN_20221229_22_58_53_Pro_jpg.rf.73d0f695fd04a1c6b634bbd0aca7ceb4.jpg, 1, 0
085c4ff0-ec11-44e6-b865-d4a8e163bcee_135_jpg.rf.73cae431bd9c0e1cf7a6bb1e19bfa3ff.jpg, 0, 1
680cc473-598d-49e7-847e-6b8c099e14fc_jpg.rf.73ceca7f3de27e87ba21237491282b99.jpg, 0, 1
WIN_20221229_23_33_31_Pro_jpg.rf.73d62c20ee2feb020e7472b405677a38.jpg, 0, 1
d141258d-4b06-4d47-9e08-82edbd725dd1_180_jpg.rf.73b46d7ee523f2124ac5a4b11314b9be.jpg, 0, 1
51ba5ef7-fd64-4d52-9c3f-9d70e0ff040f_jpg.rf.73ec3b0dab47ae1fefd00e21c9676cd1.jpg, 0, 1
76d57cee-bb5c-4631-b737-fe16b92c2a28_225_jpg.rf.73fc1846e13a220fa54ea9649cc30db8.jpg, 0, 1
3fa757aa-5f48-4acc-b2d9-edf0d584d79a_270_jpg.rf.73ef119353fa0194da0777fd0759072c.jpg, 0, 1
5aa96b87-9a19-4beb-971d-21bde07a9a0b_225_jpg.rf.73fdb5bb2d7acfdaaf3b75fdcc926878.jpg, 1, 0
51ba5ef7-fd64-4d52-9c3f-9d70e0ff040f_jpg.rf.740496ca01bde4c7e5b84dd4ffba6d1d.jpg, 0, 1
0c04b448-fe60-4b89-bf5a-b18fe90a5870_225_jpg.rf.7408a9089c371c7a33880252d843abf0.jpg, 0, 1
75f27827-8267-4ad8-8c7f-938a7c0c0a72_270_jpg.rf.740961903434bda3a7bf5a653c6fa0b4.jpg, 0, 1
5522f66d-ad72-48d5-9767-5e7b23f6a206_90_jpg.rf.740d736e373a2c37d358104cda368ff2.jpg, 1, 0
91b94861-b751-4b86-b7a3-f6b2e3dbbd89_jpg.rf.740e26b9dbdf0694d4d99d0bf48f1105.jpg, 0, 1
878a59f0-76a6-4a7c-8e4a-45283cfb4465_90_jpg.rf.741d6b5b950ebf30bcd5271ec79b70ab.jpg, 0, 1
b84b2bd1-353d-4da0-80e6-da6df7b611b8_135_jpg.rf.741b5191faed3728b84d674c3c891bb4.jpg, 0, 1
2bf615ea-7241-4861-82d7-bb74c8b5dfba_45_jpg.rf.7411aba001b7fb3e3520922f0dfde633.jpg, 0, 1
92fe0088-90bc-4eaa-8567-a9b3ad0645e8_90_jpg.rf.74224371902ae94811b3f69e14fa32ec.jpg, 0, 1
72ab964e-0b95-46ec-a135-1890eb300c53_90_jpg.rf.742378e8c763bd16004bcbda498819f2.jpg, 0, 1
d6ed6d4c-2acb-4507-bc4c-70480968eacb_135_jpg.rf.7427d3968ce0759868616a6cec303193.jpg, 0, 1
0df87bae-ddf0-49e3-97af-b371d8544547_45_jpg.rf.7425bac1b19e138635f88cb2acf1a140.jpg, 0, 1
9dbe8a30-979a-4722-a1a9-712f4ecbb2a6_270_jpg.rf.742a213f981e9da83bd783eb0027bbf7.jpg, 0, 1
a936c90a-8f24-4289-b10b-4830ac9f3019_90_jpg.rf.74327942071dd48b4d822c921cd67b40.jpg, 0, 1
1f4613ea-1b60-4092-876c-1a474a8c51b9_225_jpg.rf.742ff3f735d0e062083d5fe46ba10c1b.jpg, 1, 0
90ecbd63-5a3d-4c6b-bd34-594c7c6a2d40_225_jpg.rf.742ed3cc8d58502a8cafbc7942c7e1c6.jpg, 0, 1
4ded4873-2bd7-4d9b-80ae-7a8967c128ce_45_jpg.rf.7446cd407bfa2d4465c3750c1a687422.jpg, 1, 0
5064456d-d977-4c88-a2f7-613db1f3f19b_180_jpg.rf.744e10135e632f5b988772e781f7f2bf.jpg, 0, 1
WIN_20221229_23_35_43_Pro_jpg.rf.74482e083a026d602fb2725fb1287940.jpg, 0, 1
215be899-dd62-42e0-b42e-8331622f5b9a_jpg.rf.7453162c5fd61ffb02f77bb0ce9830f1.jpg, 0, 1
39c71820-6b5b-499e-b2c6-a957f48c62fa_90_jpg.rf.74500323d4c66ace6e42e047a9fd939d.jpg, 0, 1
00137db3-94aa-4aa5-aa3b-e3e09d6a5ef5_180_jpg.rf.74609c6d2f8f0da184a2f7571b4af42c.jpg, 0, 1
WIN_20221229_22_50_46_Pro_jpg.rf.746cc9c6950b4ecdd8d97e6a65f08a7c.jpg, 1, 0
9a5fc62c-6820-4cb6-ba66-1063e612d144_270_jpg.rf.746e7ddc3a8fb8ea67eaee31131a8e95.jpg, 0, 1
4f08fc98-7d4d-43f7-921d-b2ccf8ca726d_225_jpg.rf.7470c89846ad95ddafd4d5093142fb3f.jpg, 1, 0
87ad76a7-bd79-4c43-86bb-4db4498e10f1_135_jpg.rf.7489161b966a4c5c608d1332be02c533.jpg, 0, 1
8ddce3ce-bc64-4942-93aa-940868007f64_180_jpg.rf.74774454787fc5c0d4eaecfeedcdae34.jpg, 0, 1
217ac982-fddf-49ae-a311-27cf800d10f0_45_jpg.rf.748a76b1494276f24b73954ca6fb32af.jpg, 0, 1
7ceae77f-3a56-4262-a271-2a8d727efbe9_180_jpg.rf.7492f069397f318a1c71dfa39f856b42.jpg, 0, 1
642d6f5f-fa24-4c18-b7b2-6b24334629a3_180_jpg.rf.748be85504751e98e3888a3cb17c424f.jpg, 0, 1
8bfe69f8-33fd-4fea-8a42-c821ffd94be0_90_jpg.rf.749d9dfae8bd8757c7d4a467f098ef09.jpg, 1, 0
a36b24dc-58f1-4270-b642-3bb7ec46de0f_135_jpg.rf.749e7cd778e6bd9f59b9903fe95bb2f1.jpg, 1, 0
220fcc53-6ef7-45d1-8122-fa1c19ca9ec5_135_jpg.rf.749ea3783d690f2735d11ef04d8c9c85.jpg, 0, 1
c01c35d2-7769-4a57-abff-c52f7def3900_225_jpg.rf.74a835a7a743a65fd2590814a6e97afd.jpg, 1, 0
0dab9689-2c2d-4dc6-bb71-db1b6d82cb17_90_jpg.rf.74b4fd95c00d2c9c0db7c4a9e45fc8cb.jpg, 0, 1
ba25564d-c23a-450d-b0af-a191ed900fb1_225_jpg.rf.749f6830a2371ee4e40c499ed9c00120.jpg, 1, 0
adcb9cef-245f-4674-bd16-4c8ad789d0a8_225_jpg.rf.74c49845f281058a29ee1859602201a1.jpg, 0, 1
cfed691e-4738-45c4-a2bd-65fc9d5c2da8_135_jpg.rf.74d21f3a9005c066071daa73c1035dd8.jpg, 1, 0
52eb9c86-9714-4fb7-bc45-cbbe25a2b444_jpg.rf.74d6557805db8384139151243691a4aa.jpg, 0, 1
6b316208-fce5-4562-a45b-736f29a3a697_45_jpg.rf.74f3091082e9d6f49c62bc5465060e52.jpg, 1, 0
4dcbce83-654c-4125-9939-c4398187533a_45_jpg.rf.74e7b1e19cd9aaa42dfee3322892fe65.jpg, 1, 0
108ca99a-5abc-4dca-8e9e-ad3551748f1a_270_jpg.rf.74f55aca58d17f4f1f36c9cf29f9d019.jpg, 0, 1
868aed84-639d-46d3-9f59-3d71ba702ea0_jpg.rf.74f9f926c07e70231f0f43ac7ca8c79b.jpg, 1, 0
600d2167-2072-4825-9516-6c13af9fc382_jpg.rf.74cbc3a65c78b31e03fb48b427faa13b.jpg, 0, 1
WIN_20221229_22_04_24_Pro_jpg.rf.74fc4a7f32df2442b01b6a60982f4596.jpg, 1, 0
WIN_20221229_22_39_39_Pro_jpg.rf.750714f0787ac7612e1c208bcb705116.jpg, 1, 0
4461774a-c193-43e6-9849-19c25ad533fb_270_jpg.rf.75060a002a753c9cd2f2fb311118220c.jpg, 1, 0
859bbe6e-7f46-4b86-acd1-86fea679de36_45_jpg.rf.7507149e25ec7c021d487d41770a754e.jpg, 0, 1
76a872d2-5c22-4f33-82b4-18c0f78e1a1b_180_jpg.rf.750b0ff024b09dc6669ae9af28885230.jpg, 0, 1
7ceae77f-3a56-4262-a271-2a8d727efbe9_jpg.rf.7523f95f86d765f12db18d4c40b0e487.jpg, 0, 1
bd17953c-5cc6-4fc5-8ade-fd7ece53be19_135_jpg.rf.75281a397aff8c65056003a6ae35cb3d.jpg, 0, 1
98cb62e4-f491-47c7-b871-9d1aeeac307e_45_jpg.rf.750c7b847c38ce9e58630cf40d79c8b0.jpg, 0, 1
44c7fb6b-7175-4aa3-98c2-9bc78d8a6f92_135_jpg.rf.751d0098ac0eff7ae07f122b3220b440.jpg, 0, 1
7ceae77f-3a56-4262-a271-2a8d727efbe9_180_jpg.rf.753b22b8098f85a96353ecaf30c4689e.jpg, 0, 1
8efe1e18-4032-4f20-996f-60a19c62f547_225_jpg.rf.7538bfb68b1772f242afe08a772f9354.jpg, 0, 1
6bb51206-67ec-431b-8484-93739b1fddad_270_jpg.rf.753d02f342859a48a29cb3914527368b.jpg, 1, 0
2b3fa5f4-98bb-4565-b461-8ebc3db528ca_jpg.rf.7533a7b9d311ef5a3a8bae6cb9a56f93.jpg, 1, 0
0c04b448-fe60-4b89-bf5a-b18fe90a5870_90_jpg.rf.755e395db7930aaec080b1457c325f00.jpg, 0, 1
WIN_20221229_22_07_46_Pro_jpg.rf.75589988ac68cef2de669cf83164b92b.jpg, 1, 0
40cbb123-b3d1-4546-aa26-2fdd1090b075_jpg.rf.7560afd10604ab812e5c26bee8231a74.jpg, 0, 1
1acf8679-d50f-446c-b806-def7d073e244_90_jpg.rf.754155abf34e8b40a2a10182220ea531.jpg, 1, 0
01aff576-d811-4858-bc7b-e66af9db530f_180_jpg.rf.756b9062160c1b89822e9edb73dd5ac5.jpg, 1, 0
2d398321-1a08-4aec-98b9-eb3301da9d79_90_jpg.rf.756332fa1334cdb6f2603297717fdc26.jpg, 0, 1
76d57cee-bb5c-4631-b737-fe16b92c2a28_jpg.rf.7574e283f50a2859e73dd5ce017967e6.jpg, 0, 1
WIN_20221229_23_33_42_Pro_jpg.rf.7561aba755c028e084216dc25dfc13aa.jpg, 0, 1
92a893f4-8dd5-4f4a-9864-08811d4ed00a_270_jpg.rf.757a7762edb9cecce88ae2e5cb1d0047.jpg, 0, 1
25365714-d0ec-4a39-aba3-ea056e686ce9_270_jpg.rf.757ca04787bc68095782b673449290f4.jpg, 0, 1
ef757b72-613c-4d8f-b8e0-a3564581cb0f_90_jpg.rf.758bd2c559a759e0277f53b31063287d.jpg, 1, 0
33e3e3fe-8e37-4b4a-aa04-ad3864731632_jpg.rf.758d9d05e6e93e407760856e0c164bb6.jpg, 0, 1
41ab7cda-4c88-47b8-98da-0c6ee6e07325_180_jpg.rf.75a0bf11e13f20cc61a6a829513bda61.jpg, 0, 1
b4b3a28f-aee8-402c-856a-b09db5dbeb4a_90_jpg.rf.75957c121038b0d8268d9c3bb677a741.jpg, 1, 0
5671fc02-681e-4da8-826f-c1a0b2dc5870_225_jpg.rf.7595d614b5f0d680598ecbccaccf71d1.jpg, 0, 1
220fcc53-6ef7-45d1-8122-fa1c19ca9ec5_270_jpg.rf.75a4f9f6fe255b219f886bfd0e8e70df.jpg, 0, 1
a968e0be-061b-40ae-801e-5e286dcbb663_135_jpg.rf.75a6b178f896c75300ef502168406c10.jpg, 0, 1
9ef0276c-3a70-4027-8d1d-2503df2e9f56_45_jpg.rf.75adae9d4069a61824fa25336fc6390b.jpg, 0, 1
9dd803f6-3218-4e96-ad6e-55b3d36e8470_45_jpg.rf.75aff00da61dffd40e57a0351ff86f6a.jpg, 0, 1
91b94861-b751-4b86-b7a3-f6b2e3dbbd89_jpg.rf.75b13951779c35574578c1587b17e380.jpg, 0, 1
4ded4873-2bd7-4d9b-80ae-7a8967c128ce_90_jpg.rf.75b526426e068fff6359c8e342a06fb5.jpg, 1, 0
014bcc0a-10c7-41eb-80eb-e2f62bb652b3_225_jpg.rf.75b846da53bea26321ac8d66c1cff015.jpg, 0, 1
4dbf4259-4cc3-4ff3-8768-970703c6c8f9_270_jpg.rf.75b9680bf69997fa1bd7327aa83dfc3a.jpg, 0, 1
WIN_20221229_22_45_17_Pro_jpg.rf.75c3bf08c534ceb633a50469b291fa47.jpg, 1, 0
503a19e2-d693-4ab0-aae9-9181b1789a94_270_jpg.rf.75bec7f48ed387d278c31d24566b7ebf.jpg, 0, 1
5d06dc79-9d5c-46d0-a720-e4898e65949c_180_jpg.rf.75c387ba9d8d96669419ca929102626a.jpg, 1, 0
91c2e56d-2549-4574-9414-86aa17e84ef4_90_jpg.rf.75bd03481e967375377e2f55af988793.jpg, 0, 1
cce642b7-d4aa-4dc6-951b-e1b655f68334_225_jpg.rf.75ca49afc3a05c05a3a966b3c3a4e3d4.jpg, 1, 0
8bfe69f8-33fd-4fea-8a42-c821ffd94be0_90_jpg.rf.75dcbd19a2042ed499f62337dab46a4a.jpg, 1, 0
a4b1b05e-8f9a-4f68-98fe-52dd9e2a9663_jpg.rf.75e52da61a10d93bd1bb5290b293582d.jpg, 1, 0
687d8151-bfed-420b-9a07-5213500e2964_45_jpg.rf.75d62e695a821d31d6c5a98a0ade88f7.jpg, 0, 1
4fac26f2-1588-4362-9e73-ffe2e8791cbb_270_jpg.rf.75ed62b2d7824ae42ae9ba6e7627c2e9.jpg, 1, 0
98cb62e4-f491-47c7-b871-9d1aeeac307e_135_jpg.rf.75e669d58050cc7209d5ee7b2ac057f1.jpg, 0, 1
d65589fa-33dc-4e7f-9d37-a8763424d061_90_jpg.rf.75e598948a25f11903f134e5ead8c1ba.jpg, 1, 0
69fc95bf-f644-4c92-8057-f05146da07f7_90_jpg.rf.75f0236362aef5e8c4fe711537094745.jpg, 0, 1
224748bb-08de-4a59-98e5-2bbef0629846_jpg.rf.75f7b65efa49d21a91e46130e4fcd67e.jpg, 1, 0
0dab9689-2c2d-4dc6-bb71-db1b6d82cb17_45_jpg.rf.7605bc95bf409fdef170455032a16364.jpg, 0, 1
WIN_20221229_23_32_34_Pro_jpg.rf.75fd4cbaa2d1d5bf603bae8824eac223.jpg, 0, 1
233af445-c0e5-4bb1-ad5f-743becd76cab_270_jpg.rf.7609a18908c9ad9ad989ad657459e439.jpg, 0, 1
75f27827-8267-4ad8-8c7f-938a7c0c0a72_135_jpg.rf.762c6c2b1fd61d464d61dd7c6df9b2d5.jpg, 0, 1
adcb9cef-245f-4674-bd16-4c8ad789d0a8_135_jpg.rf.76382b9ae9944b6f79360251a57de3c6.jpg, 0, 1
WIN_20221229_23_33_25_Pro_jpg.rf.7644657fe750feba9114266716f4d01f.jpg, 0, 1
ccd5cdb4-3df2-4b3b-833b-3bdc7d43ee4d_90_jpg.rf.760c00d8d1e453a6524e476e5fa84ca5.jpg, 0, 1
488cb81f-a17e-44b8-bd1b-0e709bee4a92_225_jpg.rf.7648afcd7340127c58e6abfe6dd8d8c2.jpg, 0, 1
69fc95bf-f644-4c92-8057-f05146da07f7_270_jpg.rf.7647f017b8f97546ce406268e81ea045.jpg, 0, 1
9ef0276c-3a70-4027-8d1d-2503df2e9f56_jpg.rf.764bef7d718760ff7463262e5d6338f0.jpg, 0, 1
0327f441-9a02-40a9-b280-251440ad4cec_jpg.rf.765ac590c8137e6b40f423d9b6d637dc.jpg, 0, 1
d6ed6d4c-2acb-4507-bc4c-70480968eacb_jpg.rf.765ef05375d52b8ba922d6ac298160eb.jpg, 0, 1
503a19e2-d693-4ab0-aae9-9181b1789a94_45_jpg.rf.7667aa2a5f8ee170c9931c8f078b6a37.jpg, 0, 1
1acf8679-d50f-446c-b806-def7d073e244_270_jpg.rf.76787130ba3aae1d417771eaf34da4b3.jpg, 1, 0
ba23ca74-9f22-43fe-8e97-1aaac5891d8d_225_jpg.rf.76966c64605b42ed4ba4a92a6d7bcf6e.jpg, 0, 1
69fc95bf-f644-4c92-8057-f05146da07f7_180_jpg.rf.767a3f3c4dfbc16bbdca79f63ea6f4ab.jpg, 0, 1
7ebb4762-7de4-4754-8cd2-2d4f743f512c_225_jpg.rf.768965c9456fd71d8dcfbb1c88a868f7.jpg, 0, 1
75f27827-8267-4ad8-8c7f-938a7c0c0a72_135_jpg.rf.768434926668b7dc0b3d2d0ab9a30575.jpg, 0, 1
96383b0f-647d-4d8b-aae4-c525fb9365d6_270_jpg.rf.76a2d72ff5c408d0ed6791af1a440542.jpg, 0, 1
936d35a1-f617-4a9b-99c6-32cfd8284d34_270_jpg.rf.76a8a429e41feedd4e65b2030e2f7a10.jpg, 0, 1
WIN_20221229_22_44_11_Pro_jpg.rf.76b1fa73ce91a489d857296407ddf1ed.jpg, 1, 0
859bbe6e-7f46-4b86-acd1-86fea679de36_225_jpg.rf.76ab0a9826f276166814d328cbe67317.jpg, 0, 1
220fcc53-6ef7-45d1-8122-fa1c19ca9ec5_180_jpg.rf.76c70a12b5fbe506b040e2cd9cfe908e.jpg, 0, 1
1d4ead22-cc06-4fa2-9784-d9257f24ef86_135_jpg.rf.76c893695b80d3859452911188342398.jpg, 0, 1
WIN_20221229_22_19_45_Pro_jpg.rf.76cd7bee9d773f0a633cace7fef1177d.jpg, 1, 0
33e3e3fe-8e37-4b4a-aa04-ad3864731632_270_jpg.rf.76c99c5af27f62bd84270921a6848e7f.jpg, 0, 1
92009a81-ec1a-4dc0-99aa-c0898383287c_90_jpg.rf.76ac1c71c5149952d7a0766bb4855a37.jpg, 0, 1
a4b1b05e-8f9a-4f68-98fe-52dd9e2a9663_135_jpg.rf.76e2dddcbfcf5427a5bab530d1516816.jpg, 1, 0
8d331829-b225-451b-8aaa-89058c62faf5_225_jpg.rf.76dbf2bbff9b850759449514d686df71.jpg, 0, 1
9ec72020-824e-4c15-b633-cba42d080364_270_jpg.rf.76e615543d73ab95a457a873cd1e0604.jpg, 1, 0
WIN_20221229_22_58_53_Pro_jpg.rf.76e770004923c67e4febef0cee63241c.jpg, 1, 0
9dd803f6-3218-4e96-ad6e-55b3d36e8470_135_jpg.rf.76f98a1dbf5cedc8cb7e77376e5d4a18.jpg, 0, 1
91c2e56d-2549-4574-9414-86aa17e84ef4_45_jpg.rf.76e7955e5d0432d0c72f0c6c60935b33.jpg, 0, 1
75f27827-8267-4ad8-8c7f-938a7c0c0a72_270_jpg.rf.76ff72f651b315c8b11e8960b0467d1a.jpg, 0, 1
92fe0088-90bc-4eaa-8567-a9b3ad0645e8_45_jpg.rf.76f9a3c7314e8413ca46c3e53fef99e9.jpg, 0, 1
52eb9c86-9714-4fb7-bc45-cbbe25a2b444_jpg.rf.771f3dae2580f8df4cc7d8796b2f8466.jpg, 0, 1
WIN_20221229_22_58_53_Pro_jpg.rf.7700812489a3e75b6bd6f91204f238ba.jpg, 1, 0
69dc5c1e-a7ad-49aa-ba21-235545c312c6_225_jpg.rf.77198200baf162930647d2cc985ac21f.jpg, 0, 1
2c59ee70-dc1c-4de3-83ab-aa36a5fb92c9_180_jpg.rf.7712132944c568ddf85f3bfbdaf0b26f.jpg, 0, 1
507e6cd8-2041-47e5-b174-28a6d9328985_135_jpg.rf.773bb54a65d937943d73fd99a90557e0.jpg, 0, 1
7d0322d1-3583-4a2b-ad25-e76d31603cee_90_jpg.rf.772f550187a748aeeca4831e1b9fa0f3.jpg, 0, 1
7a6523d6-ef65-4cca-8160-946936395ede_jpg.rf.77380e28bb56d11ee67e1ee18c722aaa.jpg, 0, 1
9dbe8a30-979a-4722-a1a9-712f4ecbb2a6_90_jpg.rf.77225e107a04334673eaa1edae532ec1.jpg, 0, 1
507e6cd8-2041-47e5-b174-28a6d9328985_90_jpg.rf.776877359e8ea6048553adca2aab61ae.jpg, 0, 1
6cdbe5d2-04bc-4a25-b1a0-be0a00a136ae_jpg.rf.776ccfcd5f2f3adecb1fe40b83a31248.jpg, 0, 1
WIN_20221229_23_34_04_Pro_jpg.rf.776b8326182ab17b33b18fa9bfa2f7c9.jpg, 0, 1
79eb3e80-65d5-431c-b388-ea52ce593c7d_90_jpg.rf.7768e245f615308075e3aefb3b0d8c5f.jpg, 1, 0
WIN_20221229_22_23_56_Pro_jpg.rf.7773ba3a75908a7e2249eb7ea631e28e.jpg, 1, 0
1f4613ea-1b60-4092-876c-1a474a8c51b9_135_jpg.rf.776ce623968bff6b3b74e3afcf22f5b7.jpg, 1, 0
2abea0f5-7c2a-4519-88c1-d33080ac7db2_180_jpg.rf.776f100894df284ed3187bc027195d45.jpg, 1, 0
15f5d196-2633-4a7b-9102-b33c659c6024_90_jpg.rf.7788ae1a454dd984a46d2ccb8a5d6026.jpg, 0, 1
WIN_20221229_22_48_00_Pro_jpg.rf.778a0384b0b44d03bf0ca5eedf21ea36.jpg, 1, 0
ccd5cdb4-3df2-4b3b-833b-3bdc7d43ee4d_45_jpg.rf.777e89b13b6e18d52838d7398295576c.jpg, 0, 1
d141258d-4b06-4d47-9e08-82edbd725dd1_45_jpg.rf.778975ed526beff04ba04634fd10de95.jpg, 0, 1
1af687ed-553d-491e-a213-8ddfbfea61ec_jpg.rf.778cd65f611a9e3d9e9382be178ebe6b.jpg, 1, 0
8bfe69f8-33fd-4fea-8a42-c821ffd94be0_180_jpg.rf.7798b5d4a5aea835a1cba5e295e7069a.jpg, 1, 0
41ab7cda-4c88-47b8-98da-0c6ee6e07325_90_jpg.rf.779315fc52204c2ea4d1df90ce18bb27.jpg, 0, 1
76d57cee-bb5c-4631-b737-fe16b92c2a28_270_jpg.rf.77a4ca90ebc30a23111209cc65d3387b.jpg, 0, 1
503a19e2-d693-4ab0-aae9-9181b1789a94_270_jpg.rf.779a5f3edfb8611452db7dcdc2f39c25.jpg, 0, 1
dc2bb2f5-03e1-46c1-9886-bda5f5bee11b_90_jpg.rf.77b029f37202b2277d2b0dea2bcb26ee.jpg, 0, 1
40cbb123-b3d1-4546-aa26-2fdd1090b075_180_jpg.rf.77b39e8d26441f5ed44ce05632c3fa4f.jpg, 0, 1
7d0322d1-3583-4a2b-ad25-e76d31603cee_180_jpg.rf.77ac651f3839245ae7dad856c32503cf.jpg, 0, 1
085c4ff0-ec11-44e6-b865-d4a8e163bcee_45_jpg.rf.77b70dc03571375847e2eeadf7db1bc7.jpg, 0, 1
05693239-35bd-4086-b8c3-e7b6aa763b4f_135_jpg.rf.77bf516dce41c4bf12d3628961b35224.jpg, 0, 1
WIN_20221229_22_43_41_Pro_jpg.rf.77c1b1ec4cb384ab7d4d0873c52269fe.jpg, 1, 0
898d6980-0ea3-4451-82f1-3bdabc8c6d9d_45_jpg.rf.77cb4a17c16a680bca633a8a9aec3e4f.jpg, 0, 1
8dfde29c-73a0-4bd6-a788-0a31baf572a0_225_jpg.rf.77cb51d42383120c2ba75406e4ff9eab.jpg, 0, 1
WIN_20221229_23_36_07_Pro_jpg.rf.78056ec5d6b05b250ff772c6220032de.jpg, 0, 1
52c230c2-20b1-4769-978c-d0a859364b3e_180_jpg.rf.77d61b5aef8b4498f14e34964dc5e031.jpg, 0, 1
WIN_20221229_23_35_35_Pro_jpg.rf.780597ff55bb84b2fd7a7315ad0d44d4.jpg, 0, 1
WIN_20221229_22_45_31_Pro_jpg.rf.77cf36b1335e462fbf4f4d4ec0ed874c.jpg, 1, 0
0fbac742-48ee-4857-ab82-3318c8fbdcb8_180_jpg.rf.780617798db1cfd9848dd553b9056284.jpg, 0, 1
0327f441-9a02-40a9-b280-251440ad4cec_225_jpg.rf.780b9037b1cf72d5a19117a2e596a800.jpg, 0, 1
WIN_20221229_22_49_53_Pro_jpg.rf.780bec13b24675ef0436dae10c8c5e78.jpg, 1, 0
60f07eaa-f4a0-4939-9882-acce7b2ee256_270_jpg.rf.780e59191ca759ae77b2f87a2f051a1b.jpg, 0, 1
2d6fa448-2f18-4db5-a942-7097acff076a_270_jpg.rf.7810afb8a7fafef4945055496be280d5.jpg, 1, 0
4eddf419-3396-43d2-8b40-3ccecf2a2620_135_jpg.rf.782b235d6aa16dc94b92f6117db6fff3.jpg, 1, 0
687d8151-bfed-420b-9a07-5213500e2964_45_jpg.rf.782176dba0003f7566db1f4798009e99.jpg, 0, 1
4461774a-c193-43e6-9849-19c25ad533fb_45_jpg.rf.781f32247767aa31fcc54aeee8c3dacb.jpg, 1, 0
5064456d-d977-4c88-a2f7-613db1f3f19b_270_jpg.rf.782e6e70383041fdd57b998b5f164cd8.jpg, 0, 1
93bde728-be7b-4af0-a18e-67f00d6fdcac_135_jpg.rf.782f653e6b6b94b5f71a5d925f4df988.jpg, 0, 1
687de30d-714c-4d10-9b23-998af950a13a_225_jpg.rf.7833c51339c9b2f13b89261c16c6276b.jpg, 1, 0
0dc01fa2-4d5e-46ae-ad61-19485b378972_270_jpg.rf.782b5e49745b264aae80656c4cb242de.jpg, 0, 1
1b05898a-3be4-4b9e-b4a0-6d23dfdaabf0_45_jpg.rf.78372723cddcaa06598e7f88b338752e.jpg, 0, 1
72ab964e-0b95-46ec-a135-1890eb300c53_180_jpg.rf.783a19e1d4adb80a2416025f3d56cc6d.jpg, 0, 1
207aff1c-09cf-47d1-ae76-474c6c31b0e4_90_jpg.rf.783cf3766138fe202ddce1273d073b53.jpg, 0, 1
4d510781-6fad-4149-909f-5b3615711984_225_jpg.rf.785b9e1f9c7045e2f86600b10e3d6369.jpg, 1, 0
ba23ca74-9f22-43fe-8e97-1aaac5891d8d_180_jpg.rf.7867084928b3d2e87aaff8df6fba4c29.jpg, 0, 1
9765b374-f3eb-4a26-903c-90d85bc9fe0a_180_jpg.rf.78602e2c0bd170aea4b11994a453146b.jpg, 0, 1
2c59ee70-dc1c-4de3-83ab-aa36a5fb92c9_225_jpg.rf.78658787806135a826f3479024e1dc06.jpg, 0, 1
WIN_20221229_23_31_17_Pro_jpg.rf.786d66345d9739f7c27ca5c2191cb388.jpg, 0, 1
53f913e3-941b-4772-8446-2bad471e22b0_270_jpg.rf.787094d10afd6ec4edc1d52a6de8fc9e.jpg, 0, 1
72a2b8f8-c7ca-4222-b2a1-9b82ac7990f4_180_jpg.rf.787eb71b4d9d31ef8ad460d7e7982c6d.jpg, 0, 1
41cfc0a3-c4ad-4285-9951-7a37d79f1c17_90_jpg.rf.78939b488b487275530ea76cbba2ca82.jpg, 0, 1
d6faa4f5-e419-4c2d-b0be-316f48d5464a_225_jpg.rf.78a5ea4ade0749e2def7fa0c8c066ca4.jpg, 0, 1
WIN_20221229_23_24_05_Pro_jpg.rf.78bfa3abc5ee29dbf1b5fcc8eae69261.jpg, 0, 1
0516cd97-ef6c-4542-a884-e01aaa597ac3_180_jpg.rf.78ae554b2256f542fde6d3c978251eed.jpg, 0, 1
a936c90a-8f24-4289-b10b-4830ac9f3019_45_jpg.rf.7876acf64f559da401b7c63cad9267e7.jpg, 0, 1
01b9d47e-ecba-48fd-a83f-ece6e05995fc_jpg.rf.78c8b3164d20cfd6227a6992dd6069b6.jpg, 1, 0
5522f66d-ad72-48d5-9767-5e7b23f6a206_270_jpg.rf.78cb1a8178f8bee7c82bc486e433e651.jpg, 1, 0
2abea0f5-7c2a-4519-88c1-d33080ac7db2_270_jpg.rf.78d834d88e375d160ee1f5ce2bc6b301.jpg, 1, 0
00800bbf-203e-48bd-b64c-f14ef2579c8a_180_jpg.rf.78e72251d2d0795fe47eacee92db930b.jpg, 0, 1
8ddce3ce-bc64-4942-93aa-940868007f64_jpg.rf.78d1432a0898835b45cee4f19de133c4.jpg, 0, 1
642d6f5f-fa24-4c18-b7b2-6b24334629a3_180_jpg.rf.78e7f017ce818e6a3c0001fe5a9bd8ff.jpg, 0, 1
9eaca121-9239-49f4-9d05-34ef9f10bcaa_270_jpg.rf.78fc92a3c9fa8ed7c87f02812a5e3927.jpg, 0, 1
52e703e1-69d2-44c7-a214-269fa0e09054_225_jpg.rf.78f9da4bc05cd6a34caffa41277a7d5c.jpg, 0, 1
a70cfd80-0fa8-48c8-ab56-7f7cc8b0bb9b_180_jpg.rf.78f77e27c8138ac2d49423ae176b30d6.jpg, 0, 1
2eae8682-54b6-40b7-9684-d956300a4077_90_jpg.rf.792824b5eddfa1d06a596a1f6a530281.jpg, 0, 1
3c966d73-e030-422f-8e66-a2bfb35337dc_90_jpg.rf.790339cec4390e8ad5e37e5a39e3a5d2.jpg, 0, 1
2d6fa448-2f18-4db5-a942-7097acff076a_180_jpg.rf.790c9815e280344a8d2667ab0952e62c.jpg, 1, 0
39c71820-6b5b-499e-b2c6-a957f48c62fa_225_jpg.rf.79284a3acf1bb94c65ab5d9cd2555e45.jpg, 0, 1
014bcc0a-10c7-41eb-80eb-e2f62bb652b3_225_jpg.rf.7929b36c568cacc943ca994c88f6826c.jpg, 0, 1
41cfc0a3-c4ad-4285-9951-7a37d79f1c17_90_jpg.rf.79373ef08285e4fda882bf6abe59577e.jpg, 0, 1
a36b24dc-58f1-4270-b642-3bb7ec46de0f_90_jpg.rf.792a9c55b083eaecfa53a24d25d9fc0a.jpg, 1, 0
00137db3-94aa-4aa5-aa3b-e3e09d6a5ef5_225_jpg.rf.791e063cf72ab7942cc0192d5d83d216.jpg, 0, 1
d141258d-4b06-4d47-9e08-82edbd725dd1_45_jpg.rf.7943000f1cc2d503843971cedc7b5a1b.jpg, 0, 1
0327f441-9a02-40a9-b280-251440ad4cec_90_jpg.rf.79473443cd1fd5e31d86a982a79f8357.jpg, 0, 1
7ceae77f-3a56-4262-a271-2a8d727efbe9_90_jpg.rf.79579d589332419c654598b1f3d1e2ad.jpg, 0, 1
60f07eaa-f4a0-4939-9882-acce7b2ee256_225_jpg.rf.7955ddccc060a48f660a42b6731caa02.jpg, 0, 1
01c27009-f681-4495-8d82-599547aba120_90_jpg.rf.795ae65551d98005ced9f38a48f80b6c.jpg, 1, 0
3fa757aa-5f48-4acc-b2d9-edf0d584d79a_90_jpg.rf.796f3b0ef44a7cc32dd38e716bdefa5e.jpg, 0, 1
9cc65155-05ca-40b0-b813-2892c3ff04a4_225_jpg.rf.795eadcd58d06cfef2ec16cd5ad0ff60.jpg, 0, 1
61e87bb2-b69a-4d10-afa1-6c1a3d0291df_135_jpg.rf.797005ce63575c5515cb98dab118272a.jpg, 1, 0
0d2a4a7e-7b37-49eb-9ad6-8faaf457ad82_jpg.rf.7975f58580a7fdcef454ea8b8bbcda2d.jpg, 0, 1
66ffa488-289b-4188-afe1-7764a1a1bb1a_jpg.rf.7976609c0d04c235e744cc7ec1cb66dc.jpg, 0, 1
2b560df3-ff42-4546-a0bd-11ff2ca590e2_135_jpg.rf.7978c4b2babc3ae97335ef73775ecb30.jpg, 1, 0
22ada72b-340c-4d68-9534-2729e3347cab_270_jpg.rf.797781c7f0597ada2d1a989bacb64749.jpg, 0, 1
6b30113e-141c-4956-964b-7b64918f694b_45_jpg.rf.797d03659fb1d35c15f0634c90240945.jpg, 1, 0
61e87bb2-b69a-4d10-afa1-6c1a3d0291df_270_jpg.rf.79826b5444f756eba7be328df84f0b79.jpg, 1, 0
09e044e6-a2b6-4827-9853-beb7d392347f_45_jpg.rf.797d62bb4ee0fd79ad8455812a928bcc.jpg, 0, 1
52c230c2-20b1-4769-978c-d0a859364b3e_180_jpg.rf.798291fc73b85e625814a086462b6c89.jpg, 0, 1
66c7508a-f4ff-4af6-a91b-5f33d3c4d20d_90_jpg.rf.798d32bbabd69b52fc18193a9b4eb9d0.jpg, 0, 1
WIN_20221229_22_01_11_Pro_jpg.rf.798995ececd735882d5ea9f34c40e8a3.jpg, 1, 0
6cdbe5d2-04bc-4a25-b1a0-be0a00a136ae_180_jpg.rf.799173d64083d55bc9626cc82670f33b.jpg, 0, 1
33dd040e-50b6-44e7-afc7-230da49bcf12_jpg.rf.79997f0af78a31fb547247c5d1a1b06e.jpg, 0, 1
00a9637f-e5c9-4522-8d19-d6b3e8bae3f3_45_jpg.rf.799bd5c8d590dc5d04b6ba3f01300428.jpg, 0, 1
7e2e4fb2-dc94-46c6-a203-0db83ca84e81_225_jpg.rf.79a5ddfc08e7522f67a65eae8b315a7f.jpg, 0, 1
54619429-78f2-42b3-b007-8ea9c0984c4b_135_jpg.rf.79c1d35143c7ec9f8d14382b6ae7b4af.jpg, 0, 1
2a99660b-f767-40aa-937f-c4cd68d2ceac_270_jpg.rf.79c5a3d1e828f3f2dd70a0a19e1addcd.jpg, 0, 1
9dbe8a30-979a-4722-a1a9-712f4ecbb2a6_225_jpg.rf.79c85564678a6fd1fcc992ae25c80a0c.jpg, 0, 1
WIN_20221229_22_29_32_Pro_jpg.rf.79ca872da61ad4a427bb80d5318ce434.jpg, 1, 0
5d105570-fd52-46cd-a90a-9dfa42ef878a_45_jpg.rf.79c923a3acef7b30cac491076e27e2f4.jpg, 0, 1
WIN_20221229_23_10_36_Pro_jpg.rf.79ae443e12be990bd49e0a570790643a.jpg, 1, 0
92fe0088-90bc-4eaa-8567-a9b3ad0645e8_90_jpg.rf.79ced7926905274b5d442d2f16ec82f1.jpg, 0, 1
WIN_20221229_23_23_43_Pro_jpg.rf.79cff1b4c63143022fc5d0a5cdda5ee5.jpg, 0, 1
dc2d0160-f922-429c-8c3c-5a6f0f68c023_90_jpg.rf.79e0a8ffa31f6cbefe7745e5a2618bd5.jpg, 0, 1
ccd5cdb4-3df2-4b3b-833b-3bdc7d43ee4d_135_jpg.rf.79fbdd5b247f6647273dd821131c6a22.jpg, 0, 1
085c4ff0-ec11-44e6-b865-d4a8e163bcee_225_jpg.rf.79fe804b773dc943e6b29a4f05835fe2.jpg, 0, 1
41cfc0a3-c4ad-4285-9951-7a37d79f1c17_270_jpg.rf.7a00e406f67017d099ec90ade7e90093.jpg, 0, 1
69fc95bf-f644-4c92-8057-f05146da07f7_135_jpg.rf.7a0c8b67f1ac62e3dc73227caf01f102.jpg, 0, 1
2da43d43-ad7b-435c-920d-0fbfebb88959_225_jpg.rf.7a144a2f4854cd983edbd6d5da0a9a1a.jpg, 1, 0
8dfde29c-73a0-4bd6-a788-0a31baf572a0_270_jpg.rf.7a18c1ead9209556a829c84e22b5e83c.jpg, 0, 1
9ef0276c-3a70-4027-8d1d-2503df2e9f56_180_jpg.rf.7a1b330a86b571c9c096cff1d98ab3f5.jpg, 0, 1
27f3e57e-469f-4627-8144-2ce3e9d048b7_90_jpg.rf.7a1521cb2628679ba64053c56a14dcb2.jpg, 0, 1
9fc543ac-91f3-43f6-8df6-28bb9709a3e6_45_jpg.rf.7a25fdf23b34f4f573040f4a90c8e5be.jpg, 0, 1
3fa757aa-5f48-4acc-b2d9-edf0d584d79a_180_jpg.rf.7a3ea485949aeca0df5df9af5359fc51.jpg, 0, 1
8d331829-b225-451b-8aaa-89058c62faf5_180_jpg.rf.7a3cd7397bd011b65943f55258225d4d.jpg, 0, 1
dc2d0160-f922-429c-8c3c-5a6f0f68c023_180_jpg.rf.7a2b7e617e9e551556f88823ecb061c2.jpg, 0, 1
868aed84-639d-46d3-9f59-3d71ba702ea0_135_jpg.rf.7a402dc8acbd79c64670d1fcadebdced.jpg, 1, 0
0aa414bb-510b-40c9-85e1-f7a7163b3e2c_270_jpg.rf.7a478eb23789fce4015da87fc28711d0.jpg, 0, 1
ba23ca74-9f22-43fe-8e97-1aaac5891d8d_270_jpg.rf.7a4626df6b8cd35c929d3753f3c91c01.jpg, 0, 1
WIN_20221229_23_32_55_Pro_jpg.rf.7a5415c2f89212bfd2ebabf54cb926d5.jpg, 0, 1
d6faa4f5-e419-4c2d-b0be-316f48d5464a_jpg.rf.7a4e38eb92d2b0668b618eb87d8ce69f.jpg, 0, 1
a8ba45d9-69a1-4fc4-a6c3-74c50107e59c_225_jpg.rf.7a55a64edb7ffa7e9513ef5887df7561.jpg, 0, 1
600d2167-2072-4825-9516-6c13af9fc382_90_jpg.rf.7a430ed97499b870809da1a1ea57e44f.jpg, 0, 1
a936c90a-8f24-4289-b10b-4830ac9f3019_270_jpg.rf.7a59f18d00506e6bca4f2ac1d36b4ea8.jpg, 0, 1
2da43d43-ad7b-435c-920d-0fbfebb88959_180_jpg.rf.7a55040af61c31d876eaec43cc1d53e0.jpg, 1, 0
4ded4873-2bd7-4d9b-80ae-7a8967c128ce_270_jpg.rf.7a5ccea128cb60cf21ba6245815dd872.jpg, 1, 0
f206736f-e48f-4e12-b367-144752c744e6_90_jpg.rf.7a49843611396d7891709ea988a26df4.jpg, 1, 0
764af58e-c590-444a-aefd-b4bc11f74c40_45_jpg.rf.7a62968a8f45cc685f1e225105ffc994.jpg, 1, 0
82743c35-e968-47ee-93f6-95270352fe13_135_jpg.rf.7a71cf4fd6efe0130e73e42a89843478.jpg, 1, 0
5522f66d-ad72-48d5-9767-5e7b23f6a206_135_jpg.rf.7a8b4788d867104be27207a4afcac49b.jpg, 1, 0
06b95f3f-e2f5-4f58-95b1-6f9024e8e5d7_45_jpg.rf.7a8eb7edbd5d556fe867be30fc61a020.jpg, 0, 1
WIN_20221229_22_40_07_Pro_jpg.rf.7aa8a1fbe76616e68ca6708232f3fd78.jpg, 1, 0
09e044e6-a2b6-4827-9853-beb7d392347f_270_jpg.rf.7ab0aaeb7ea10aa02362635edeb80bb0.jpg, 0, 1
1f4613ea-1b60-4092-876c-1a474a8c51b9_225_jpg.rf.7aba3abde5af0bcc6bf05dde6f648282.jpg, 1, 0
d6faa4f5-e419-4c2d-b0be-316f48d5464a_270_jpg.rf.7add679056f52114dbc5580a2fa2829b.jpg, 0, 1
WIN_20221229_23_22_14_Pro_jpg.rf.7adacbfdb406dc24b7d5228b89a24d7f.jpg, 0, 1
7089d907-9aaf-459e-ae22-53962285fbc8_jpg.rf.7ade456a794ccb3bf520556e6fa70809.jpg, 0, 1
665aeca5-e68c-49d3-ad8d-5755fad74dcf_45_jpg.rf.7adf6942c1d6f4463e5041ace143ed37.jpg, 0, 1
c6d5a9cd-56bd-4e1a-9ca8-c3562c8140f8_225_jpg.rf.7af42971b8ef702911a54a8b8c4576bd.jpg, 0, 1
01aff576-d811-4858-bc7b-e66af9db530f_180_jpg.rf.7ae662a5a25180f04f0e945291b1e83e.jpg, 1, 0
2c59ee70-dc1c-4de3-83ab-aa36a5fb92c9_270_jpg.rf.7af5b178995cda4f1b330516d0d50712.jpg, 0, 1
2eae8682-54b6-40b7-9684-d956300a4077_135_jpg.rf.7b0319836136447883f480f5094e4a7a.jpg, 0, 1
224748bb-08de-4a59-98e5-2bbef0629846_45_jpg.rf.7b0c352e5c1e0fb8d26b9ad409878fed.jpg, 1, 0
fbe4f519-6225-4168-bcf9-4ccc4d0d82bf_225_jpg.rf.7b0f25202040df50c1a917dc16be40c3.jpg, 1, 0
9765b374-f3eb-4a26-903c-90d85bc9fe0a_135_jpg.rf.7b1231f6dfaa30d4376b0f2f9d47b01b.jpg, 0, 1
41ab7cda-4c88-47b8-98da-0c6ee6e07325_45_jpg.rf.7b14b2bdd35150df7db1eeb1caec8846.jpg, 0, 1
00137db3-94aa-4aa5-aa3b-e3e09d6a5ef5_135_jpg.rf.7b1b8d2677a6c14e7a856badd4aa33e0.jpg, 0, 1
WIN_20221229_22_58_13_Pro_jpg.rf.7b1ac9d45e589413c57b746449a8d2a2.jpg, 1, 0
93a64c9f-678d-4302-94ea-5758bbf7451c_90_jpg.rf.7b1c800f74b5bb64ad439645920efd7d.jpg, 0, 1
9cb97279-36f3-438c-97d5-91da39c4e13a_90_jpg.rf.7b1d246afb4ec50a1479645e825a80a9.jpg, 0, 1
cfed691e-4738-45c4-a2bd-65fc9d5c2da8_45_jpg.rf.7b2645e87af86d212c157e15089d73fd.jpg, 1, 0
93a64c9f-678d-4302-94ea-5758bbf7451c_180_jpg.rf.7b299c9df975879c9ec9596f2aed62e8.jpg, 0, 1
488a316b-07fc-410e-a5fd-84f831acc653_270_jpg.rf.7b2eab1ff811f792e593b1ce0a0593e5.jpg, 0, 1
WIN_20221229_22_31_15_Pro_jpg.rf.7b4b5f69ab8b62b7ad9e7dc1e1b63fd8.jpg, 1, 0
878a59f0-76a6-4a7c-8e4a-45283cfb4465_90_jpg.rf.7b56cc34844f23f3f8c334e39949802d.jpg, 0, 1
0516cd97-ef6c-4542-a884-e01aaa597ac3_270_jpg.rf.7b4c13c29e020b01f5fcc10035835c3c.jpg, 0, 1
afd3edfe-e4fe-4715-8429-5af060c5f0d9_90_jpg.rf.7b60b7033ca585abad4f4e66d0a6536c.jpg, 0, 1
6b30113e-141c-4956-964b-7b64918f694b_45_jpg.rf.7b727cd55e8e9086350dd561809f2c59.jpg, 1, 0
233af445-c0e5-4bb1-ad5f-743becd76cab_90_jpg.rf.7b7bcce4a9f13b7f41f533c35e64ddba.jpg, 0, 1
94a26150-c197-425f-961b-0a4ae35825cf_180_jpg.rf.7b80827780f84c1a5f60965ef8e018ab.jpg, 0, 1
256d7e4e-e47b-466f-adb1-051bda40d918_90_jpg.rf.7b8e8f0290ae129e58df05d7f2428e0a.jpg, 0, 1
WIN_20221229_22_57_01_Pro_jpg.rf.7b914105ba8c3b4ca2728c1770a588ed.jpg, 1, 0
2d6fa448-2f18-4db5-a942-7097acff076a_225_jpg.rf.7b9922cf4374acf98a5fd46c525ff235.jpg, 1, 0
665aeca5-e68c-49d3-ad8d-5755fad74dcf_45_jpg.rf.7ba1a22c27cd44a24cddf4c862efa0db.jpg, 0, 1
87cc591e-7e25-4d08-a519-6b5ec6d98cfa_jpg.rf.7b9e546ef96d1b8d95679a5e51c7e9d6.jpg, 0, 1
5d06dc79-9d5c-46d0-a720-e4898e65949c_270_jpg.rf.7baa5395eb750139a62bc6dc68c5c8a0.jpg, 1, 0
ac755961-63a0-4e01-b87e-eacd0b5d7899_45_jpg.rf.7babaeaf5284c4dceb51fe4a638a704d.jpg, 0, 1
69ab59e3-c1ad-4509-a8b8-bd8e4fac2ae6_180_jpg.rf.7bb12b701d16bb62b3ec5d05a7b9b6c4.jpg, 0, 1
91c2e56d-2549-4574-9414-86aa17e84ef4_135_jpg.rf.7bbe369e67c1605bccb833e8bc10b5de.jpg, 0, 1
ccd5cdb4-3df2-4b3b-833b-3bdc7d43ee4d_270_jpg.rf.7bc14e7b5184e441fc640c896ae51a20.jpg, 0, 1
0fbac742-48ee-4857-ab82-3318c8fbdcb8_45_jpg.rf.7bc6a7bec63c73dc5be190b258cfd391.jpg, 0, 1
87595b49-d19a-4221-8418-57ee268de2d5_225_jpg.rf.7bc8d935bfeb279caf11ed27a60a6999.jpg, 0, 1
33e3e3fe-8e37-4b4a-aa04-ad3864731632_270_jpg.rf.7bcd6ca030141c929ffb62f71bf7c9e4.jpg, 0, 1
WIN_20221229_22_44_11_Pro_jpg.rf.7bd8af82a5894da5f7cb37bfcd16d7e9.jpg, 1, 0
0b521929-1734-47b8-86c9-093445af0697_180_jpg.rf.7be0766c15a1850e64bd56c5267a51b5.jpg, 0, 1
WIN_20221229_22_20_31_Pro_jpg.rf.7bd16b859fc491ffdea71875ed902a94.jpg, 1, 0
WIN_20221229_22_42_54_Pro_jpg.rf.7beac0b24ad31c96d13d859b37292af0.jpg, 1, 0
WIN_20221229_23_09_31_Pro_jpg.rf.7bf03ed8772343f8457719cc5d950de5.jpg, 1, 0
d141258d-4b06-4d47-9e08-82edbd725dd1_90_jpg.rf.7bf14a87f5594e2ae47207796cab70cc.jpg, 0, 1
764af58e-c590-444a-aefd-b4bc11f74c40_135_jpg.rf.7c01dfb4117c640198c412660ff68994.jpg, 1, 0
6cdbe5d2-04bc-4a25-b1a0-be0a00a136ae_270_jpg.rf.7c01ea83fe7f15925b8dedb18c5dad51.jpg, 0, 1
0dc01fa2-4d5e-46ae-ad61-19485b378972_90_jpg.rf.7c0799930a2838952ff94f7a39134201.jpg, 0, 1
bd17953c-5cc6-4fc5-8ade-fd7ece53be19_225_jpg.rf.7c05dedc80fad9a6dadd64e30719ba02.jpg, 0, 1
5522f66d-ad72-48d5-9767-5e7b23f6a206_180_jpg.rf.7c0c0eee9081672510625fef81c08dd1.jpg, 1, 0
52e703e1-69d2-44c7-a214-269fa0e09054_135_jpg.rf.7c0b700f24b72f8a2fea83e3ae7d435f.jpg, 0, 1
66ba2553-31f1-473c-9602-d2df0c1bb3f0_180_jpg.rf.7c19a9fe21e43cba475e3544bde2bda6.jpg, 0, 1
5671fc02-681e-4da8-826f-c1a0b2dc5870_90_jpg.rf.7c2fc12706664140a492c390948e36ac.jpg, 0, 1
898d6980-0ea3-4451-82f1-3bdabc8c6d9d_135_jpg.rf.7c2856d032ec5e4a99fcbeedd4df5b7f.jpg, 0, 1
226b7023-757d-4c11-9b59-a0e8f02e5274_270_jpg.rf.7c40d7095fe023444a35f9fa54cd4ba5.jpg, 0, 1
a57c3779-84b6-494f-a396-47718417b914_225_jpg.rf.7c4531b0b5ac3688e46cfa516a7abd14.jpg, 0, 1
75a3c3df-b678-4a55-aa92-02be5879a4cd_225_jpg.rf.7c5ec8f5162b9571fad882012a6ea244.jpg, 0, 1
f206736f-e48f-4e12-b367-144752c744e6_45_jpg.rf.7c4734ec376e0beb0ad321c2b003ff1a.jpg, 1, 0
2a99660b-f767-40aa-937f-c4cd68d2ceac_225_jpg.rf.7c651e8c43cbc68383bf0db59f7435cd.jpg, 0, 1
60f07eaa-f4a0-4939-9882-acce7b2ee256_270_jpg.rf.7c6536986b6d038f9258ac0c3e93f125.jpg, 0, 1
8d331829-b225-451b-8aaa-89058c62faf5_270_jpg.rf.7c66f6e7f3db585c2dba5970d0ecedef.jpg, 0, 1
52eb9c86-9714-4fb7-bc45-cbbe25a2b444_45_jpg.rf.7c6c43ddd750e899621e5274b59b7ce9.jpg, 0, 1
27f3e57e-469f-4627-8144-2ce3e9d048b7_90_jpg.rf.7c724610fbe4fa20843d3434d927b959.jpg, 0, 1
WIN_20221229_22_31_40_Pro_jpg.rf.7c75b57e90c97af2b0e87422dfc0cbe6.jpg, 1, 0
7a6523d6-ef65-4cca-8160-946936395ede_270_jpg.rf.7c85409701d8f1fcf83c60a1ec729bf7.jpg, 0, 1
22ada72b-340c-4d68-9534-2729e3347cab_135_jpg.rf.7c86da8723b215211c063d328ab8c16c.jpg, 0, 1
WIN_20221229_22_31_40_Pro_jpg.rf.7c8b4aee9cb92260dc0a88376506a4df.jpg, 1, 0
WIN_20221229_22_33_47_Pro_jpg.rf.7c8d7a1abe0c5781a6329cf2359b60a5.jpg, 1, 0
8ddce3ce-bc64-4942-93aa-940868007f64_225_jpg.rf.7c92fbde1a848f6364fc1f3ddaca1bc1.jpg, 0, 1
WIN_20221229_22_36_08_Pro_jpg.rf.7c95d2e9fa8d2e849c600a1744ed5419.jpg, 1, 0
6b30113e-141c-4956-964b-7b64918f694b_45_jpg.rf.7c8be1ae1067a15d1e0867b8692297a8.jpg, 1, 0
3c36fca1-acb0-4a53-95be-087e2c614c76_180_jpg.rf.7c97845d83df2134de15e91f76fa338a.jpg, 1, 0
0c04b448-fe60-4b89-bf5a-b18fe90a5870_180_jpg.rf.7cb111a50377c5b1617efa9e259db2a7.jpg, 0, 1
92a893f4-8dd5-4f4a-9864-08811d4ed00a_45_jpg.rf.7cbb21c9700954a016aa5df51835a831.jpg, 0, 1
687de30d-714c-4d10-9b23-998af950a13a_45_jpg.rf.7cc1605c4efb545fe6340399a319bbd2.jpg, 1, 0
WIN_20221229_23_32_28_Pro_jpg.rf.7ccfc1a090dda01e4603156510839971.jpg, 0, 1
7a6523d6-ef65-4cca-8160-946936395ede_135_jpg.rf.7cdeda75e2ef25dc96aad83dfe164294.jpg, 0, 1
a968e0be-061b-40ae-801e-5e286dcbb663_45_jpg.rf.7ce49c5f4f37ba3bb2fd9ed504a95e99.jpg, 0, 1
228a8b47-9459-4326-898b-1c5953d755b4_270_jpg.rf.7cca65b1adac7f2074ffcbd9b55f39da.jpg, 0, 1
WIN_20221229_22_41_07_Pro_jpg.rf.7cfece973aa83d2a9914db15446f1bb2.jpg, 1, 0
WIN_20221229_22_08_20_Pro_jpg.rf.7cf10edbe517cd27f63487553ac5df2f.jpg, 1, 0
WIN_20221229_23_31_53_Pro_jpg.rf.7cd409d96eefb0583c48ea6524deb682.jpg, 0, 1
8dfde29c-73a0-4bd6-a788-0a31baf572a0_jpg.rf.7cffd1a8793db791d7e4acb73b946312.jpg, 0, 1
72ab964e-0b95-46ec-a135-1890eb300c53_135_jpg.rf.7d1a4ea8637e868889254f48dd0b4226.jpg, 0, 1
9dbe8a30-979a-4722-a1a9-712f4ecbb2a6_270_jpg.rf.7d09394c52cb31da5288f591fc62f565.jpg, 0, 1
0c04b448-fe60-4b89-bf5a-b18fe90a5870_270_jpg.rf.7d222cef96efbdbe7f993d7756819910.jpg, 0, 1
5d06dc79-9d5c-46d0-a720-e4898e65949c_90_jpg.rf.7d1e2530b0c77b80f1d86e4656d1feea.jpg, 1, 0
2b560df3-ff42-4546-a0bd-11ff2ca590e2_225_jpg.rf.7d3ce09db2a576b9d8916324ff076f31.jpg, 1, 0
87e64a68-c898-4474-bd57-1e570902862f_45_jpg.rf.7d47cacfc386254bec22afa33e3fd69f.jpg, 0, 1
2d398321-1a08-4aec-98b9-eb3301da9d79_270_jpg.rf.7d548c8a97ff09041a4fd433f4bc2d8a.jpg, 0, 1
WIN_20221229_22_31_40_Pro_jpg.rf.7d5a52225c99136c1112012e89094f96.jpg, 1, 0
303bf4f0-4e58-4f52-83e1-73f1a7ceabc5_225_jpg.rf.7d6449a849f47c3d94916fb3a177c2be.jpg, 0, 1
adcb9cef-245f-4674-bd16-4c8ad789d0a8_180_jpg.rf.7d7a4c16cd43f8bd3e03d9f3233b5b0e.jpg, 0, 1
0d2a4a7e-7b37-49eb-9ad6-8faaf457ad82_90_jpg.rf.7d7b8a20cd4ea4e1b0b358d427e81e04.jpg, 0, 1
5aa96b87-9a19-4beb-971d-21bde07a9a0b_jpg.rf.7d68c015653ccfe658d0ee176be0f799.jpg, 1, 0
345b8a93-c7d2-4b34-9e0c-90f2561ada84_180_jpg.rf.7d7bb209cca276fbd3fe1e627f8fed87.jpg, 0, 1
224748bb-08de-4a59-98e5-2bbef0629846_225_jpg.rf.7d886e0d1ed66b2aa07d32289911b22c.jpg, 1, 0
73cca509-de66-4cbc-9421-8fcb263fefcc_270_jpg.rf.7d891429a673e7a39ffacec72d9b8096.jpg, 0, 1
87595b49-d19a-4221-8418-57ee268de2d5_jpg.rf.7d9f650a4374b798be1afb93ff04694d.jpg, 0, 1
fbe4f519-6225-4168-bcf9-4ccc4d0d82bf_270_jpg.rf.7da24742fbbd4b5419f70a21a1c40079.jpg, 1, 0
4eddf419-3396-43d2-8b40-3ccecf2a2620_225_jpg.rf.7da12346cbcb69e9fe75386a7c4c474e.jpg, 1, 0
6181c79d-f063-4fa4-be90-ae376d6b3bdc_135_jpg.rf.7dab3a5a8f39627b8c3f91cab5278150.jpg, 1, 0
2b560df3-ff42-4546-a0bd-11ff2ca590e2_jpg.rf.7dbbb15f25167fa255acf7d2ef14b510.jpg, 1, 0
9eaca121-9239-49f4-9d05-34ef9f10bcaa_135_jpg.rf.7dba5644372ab490dbcfb8b31e464495.jpg, 0, 1
8efe1e18-4032-4f20-996f-60a19c62f547_225_jpg.rf.7dbdb1da623712debb3f55036a398100.jpg, 0, 1
94a26150-c197-425f-961b-0a4ae35825cf_135_jpg.rf.7da1be80319073f50ecbd870e9fa8ef0.jpg, 0, 1
7a6523d6-ef65-4cca-8160-946936395ede_45_jpg.rf.7dcd49fd0fe704cd8cf1011ac64aefd0.jpg, 0, 1
9aa3d151-a2d6-4d13-ad4f-f133f4552c4f_jpg.rf.7dcfc6ec51caf0dea34a4948c8a231cb.jpg, 0, 1
a1690e8a-68f2-42fa-b0a0-6c59cc895c84_jpg.rf.7dc0f56dfd6b122d550f2aeb2360a039.jpg, 0, 1
79eb3e80-65d5-431c-b388-ea52ce593c7d_180_jpg.rf.7dca347a02384acb326d3cf3eea38f53.jpg, 1, 0
a70cfd80-0fa8-48c8-ab56-7f7cc8b0bb9b_90_jpg.rf.7dca36594f580184bdb02907ed4169cf.jpg, 0, 1
8d331829-b225-451b-8aaa-89058c62faf5_270_jpg.rf.7dd3290594a5ec8f56ded90b9e420e79.jpg, 0, 1
4ded4873-2bd7-4d9b-80ae-7a8967c128ce_45_jpg.rf.7ddcb33934182665dc5dc93ebe99757b.jpg, 1, 0
224748bb-08de-4a59-98e5-2bbef0629846_90_jpg.rf.7de9628827f7f2efacd39d1e7a07d6e2.jpg, 1, 0
80de665e-2077-4a83-9a40-20d2bcaeac43_45_jpg.rf.7de012feca99e28473bf795d594cf11a.jpg, 0, 1
0df87bae-ddf0-49e3-97af-b371d8544547_45_jpg.rf.7dfa58c78f142603c474ddd52c3e5dca.jpg, 0, 1
1acf8679-d50f-446c-b806-def7d073e244_90_jpg.rf.7e097010aca4a489651fa561c1436ad1.jpg, 1, 0
91e77c81-f2eb-4358-81d6-eea2509ae443_180_jpg.rf.7dede75b42ca12304c10c1bdbf8bc7e8.jpg, 0, 1
9fc543ac-91f3-43f6-8df6-28bb9709a3e6_270_jpg.rf.7e074196277bd2b1b6ef97d518ca7fae.jpg, 0, 1
WIN_20221229_22_54_55_Pro_jpg.rf.7e19e0b97eaf6f5da6fb21a167ccf0cb.jpg, 1, 0
WIN_20221229_22_28_19_Pro_jpg.rf.7e1f47a6a33c18c1a8359ad5068f8961.jpg, 1, 0
WIN_20221229_22_26_35_Pro_jpg.rf.7e1ca74ab2f125537382e674489ef3e9.jpg, 1, 0
87ad76a7-bd79-4c43-86bb-4db4498e10f1_270_jpg.rf.7e13af16fe72f214d2cf0dead8a51b9c.jpg, 0, 1
61e87bb2-b69a-4d10-afa1-6c1a3d0291df_135_jpg.rf.7e400ccceff15eabd580c880f7019bf6.jpg, 1, 0
WIN_20221229_22_56_04_Pro_jpg.rf.7e2382532e561d4e7d9ff1d7661c5277.jpg, 1, 0
87595b49-d19a-4221-8418-57ee268de2d5_135_jpg.rf.7e307da63c06440d5afbbf96e3397921.jpg, 0, 1
51ba5ef7-fd64-4d52-9c3f-9d70e0ff040f_270_jpg.rf.7e32035e0076a92ac51934a979f67c83.jpg, 0, 1
WIN_20221229_22_18_40_Pro_jpg.rf.7e417b0176c2a3d275ed3a365232825e.jpg, 1, 0
de7c5c69-6255-4087-9565-1732a07c986d_135_jpg.rf.7e47e5ca48ec4768882bef1a29d1bc6b.jpg, 1, 0
WIN_20221229_23_35_35_Pro_jpg.rf.7e4600a26fb42d1e69cfc8dd9f3fc5c8.jpg, 0, 1
4ded4873-2bd7-4d9b-80ae-7a8967c128ce_135_jpg.rf.7e539686a24e39937ee9336c2a9a9f4c.jpg, 1, 0
WIN_20221229_22_27_45_Pro_jpg.rf.7e638a6af692cf8a7fcd6bd246ecbdb3.jpg, 1, 0
69dc5c1e-a7ad-49aa-ba21-235545c312c6_45_jpg.rf.7e63a19bdf5eaa423dd27e35308bcf3d.jpg, 0, 1
936d35a1-f617-4a9b-99c6-32cfd8284d34_45_jpg.rf.7e67be7679533b964a13c80452e7c229.jpg, 0, 1
WIN_20221229_22_07_46_Pro_jpg.rf.7e54bff05273b8381ac0f849b6c6e0ac.jpg, 1, 0
8bfe69f8-33fd-4fea-8a42-c821ffd94be0_180_jpg.rf.7e6fd40242cd1db35f60b549a0686c50.jpg, 1, 0
82743c35-e968-47ee-93f6-95270352fe13_135_jpg.rf.7e7cec7e44492cb5506a6be9971842b7.jpg, 1, 0
220fcc53-6ef7-45d1-8122-fa1c19ca9ec5_jpg.rf.7e8dfcf0a8d51a70faa2ed522f3076fa.jpg, 0, 1
0d2a4a7e-7b37-49eb-9ad6-8faaf457ad82_180_jpg.rf.7e7f48dbb9d1afc6d3f7d0f07e9e7dd3.jpg, 0, 1
WIN_20221229_22_39_03_Pro_jpg.rf.7e93baa9095fbf60609bee38b4dcff9f.jpg, 1, 0
0c04b448-fe60-4b89-bf5a-b18fe90a5870_jpg.rf.7e8fb6d5ea83468de12dc7224dbb019f.jpg, 0, 1
WIN_20221229_22_56_04_Pro_jpg.rf.7e9a62d04cb22df23b8a97433b76a338.jpg, 1, 0
ba25564d-c23a-450d-b0af-a191ed900fb1_135_jpg.rf.7e99b6c822bbe37b4bb6652d623993f4.jpg, 1, 0
WIN_20221229_22_23_56_Pro_jpg.rf.7e9b5d58915d502c9fbcb513e2fa9198.jpg, 1, 0
d141258d-4b06-4d47-9e08-82edbd725dd1_jpg.rf.7ea3abb32fac59c319d5a2c618b14163.jpg, 0, 1
WIN_20221229_23_26_32_Pro_jpg.rf.7ea3ff67909a4c1d606057ee31094d42.jpg, 0, 1
WIN_20221229_22_50_13_Pro_jpg.rf.7eaeae101d427dd91c998981abedd585.jpg, 1, 0
92810cd4-1652-4556-bc0b-b2e953449143_270_jpg.rf.7ec9209b801f26f56a5b0232b9b33731.jpg, 0, 1
859bbe6e-7f46-4b86-acd1-86fea679de36_90_jpg.rf.7eb1506426b80909cc0ec9c80e038ae4.jpg, 0, 1
adcb9cef-245f-4674-bd16-4c8ad789d0a8_jpg.rf.7eb3fe510635018c6b09efc6d72ae912.jpg, 0, 1
92787dc3-1720-41c4-8acc-5c7f3fda0fa5_135_jpg.rf.7eca93bd4be0d33533df6b74cc8fd5cf.jpg, 1, 0
3bde05ec-782e-445d-a221-38a8ecbc5dab_225_jpg.rf.7ee475523f5ba95aede01e48478daf55.jpg, 0, 1
93a64c9f-678d-4302-94ea-5758bbf7451c_jpg.rf.7ed1737813c843c6e17f51a9e8c66448.jpg, 0, 1
936d35a1-f617-4a9b-99c6-32cfd8284d34_225_jpg.rf.7ee4a328ede9589f6239738b94be5a64.jpg, 0, 1
WIN_20221229_23_26_54_Pro_jpg.rf.7edf03467029fd611a0fb2829a8a3023.jpg, 0, 1
76a872d2-5c22-4f33-82b4-18c0f78e1a1b_135_jpg.rf.7ee6bcc83ed8cd8bc00ceecac149a890.jpg, 0, 1
87e64a68-c898-4474-bd57-1e570902862f_45_jpg.rf.7ee6cf370eee43de15cf815c1bf523ef.jpg, 0, 1
878a59f0-76a6-4a7c-8e4a-45283cfb4465_180_jpg.rf.7eeb5ed681d322912e84d588f6647416.jpg, 0, 1
9ec72020-824e-4c15-b633-cba42d080364_jpg.rf.7efa66ceaffa091f620241e583f49b83.jpg, 1, 0
41cfc0a3-c4ad-4285-9951-7a37d79f1c17_45_jpg.rf.7ee75e0dbb0f1586623b18826177161a.jpg, 0, 1
72a74631-171a-4cf4-b978-58f358afa95c_90_jpg.rf.7ef858eed0b25ab4037bd22fa935d458.jpg, 0, 1
217ac982-fddf-49ae-a311-27cf800d10f0_90_jpg.rf.7efaf3d5ed459ca6c3acd273dc2d9554.jpg, 0, 1
82dbf814-a3a3-4cba-9277-08c10de5c8a4_jpg.rf.7f06064692b0aa504b3856465c2169fb.jpg, 0, 1
90ecbd63-5a3d-4c6b-bd34-594c7c6a2d40_45_jpg.rf.7f1912d81e8b82263df605243c4459eb.jpg, 0, 1
69fc95bf-f644-4c92-8057-f05146da07f7_225_jpg.rf.7f1c0457c7928354a77a17daa24957ca.jpg, 0, 1
22ada72b-340c-4d68-9534-2729e3347cab_135_jpg.rf.7f197ce53381fc943580cc82f1bc16f0.jpg, 0, 1
WIN_20221229_23_29_36_Pro_jpg.rf.7f1cd12a2c28cdc8c7e6c92196b6bd00.jpg, 0, 1
217fef04-2462-4dca-a170-f780b700b17e_jpg.rf.7f1e221a7b089500d3dc10a2fa3a4f83.jpg, 0, 1
96d467c2-fa44-474b-9e64-88f1f265aeaf_225_jpg.rf.7f2b39648b59d5a11efd72f339e0e3ca.jpg, 0, 1
66ffa488-289b-4188-afe1-7764a1a1bb1a_90_jpg.rf.7f2f850fbc7a94d784c364fc5d033951.jpg, 0, 1
WIN_20221229_22_31_15_Pro_jpg.rf.7f2a0d1da627644c59b4a9b1f031c122.jpg, 1, 0
70be0397-922c-4185-bb84-728b59ab25f8_270_jpg.rf.7f3d8fc30ef1794eaeef371d6d1e7701.jpg, 0, 1
66c7508a-f4ff-4af6-a91b-5f33d3c4d20d_90_jpg.rf.7f3347272761399d84367b67d5ef875e.jpg, 0, 1
WIN_20221229_22_42_36_Pro_jpg.rf.7f3a4432d69833c9ce84b2eeb2f65406.jpg, 1, 0
589950d7-088b-4c4b-abc1-9b824671ec8f_90_jpg.rf.7f3c67a51995381e33a0fde5674d7572.jpg, 1, 0
52e703e1-69d2-44c7-a214-269fa0e09054_225_jpg.rf.7f443e1f25b0248d60ced4f563c9cea6.jpg, 0, 1
708fb576-4b86-4d50-a652-cc0d64f5407a_45_jpg.rf.7f4f08f9a2c97490595fb5fe1f1603dc.jpg, 0, 1
4737a7d7-5d10-4912-b3e7-c8254a88af02_180_jpg.rf.7f4ccc320a784b337bddabfce1c184ce.jpg, 0, 1
0aa414bb-510b-40c9-85e1-f7a7163b3e2c_180_jpg.rf.7f6f6d3398a86eeeb32a3128aba0a535.jpg, 0, 1
79eb3e80-65d5-431c-b388-ea52ce593c7d_180_jpg.rf.7f4e7359b5ec58f93983959edfe1b618.jpg, 1, 0
92810cd4-1652-4556-bc0b-b2e953449143_90_jpg.rf.7f5a65c860e13bc7c40a4cbfac71f39c.jpg, 0, 1
2d398321-1a08-4aec-98b9-eb3301da9d79_90_jpg.rf.7f611638efc58eb75dc6e3faf7f34b88.jpg, 0, 1
220fcc53-6ef7-45d1-8122-fa1c19ca9ec5_135_jpg.rf.7f72ea0c985708c9a1a4a08b9b9d50e5.jpg, 0, 1
936d35a1-f617-4a9b-99c6-32cfd8284d34_225_jpg.rf.7f879ce2e944c5a03559f28c7e9c468b.jpg, 0, 1
3c966d73-e030-422f-8e66-a2bfb35337dc_270_jpg.rf.7f895afef13874b647395b2fe0fa7414.jpg, 0, 1
WIN_20221229_23_27_05_Pro_jpg.rf.7f79362c5a2a45ad348e494c98c728fc.jpg, 0, 1
a936c90a-8f24-4289-b10b-4830ac9f3019_90_jpg.rf.7f7d554be99d520d8897aea657bb2130.jpg, 0, 1
600d2167-2072-4825-9516-6c13af9fc382_180_jpg.rf.7f8b7fdfdb1877a365a708513d8eb054.jpg, 0, 1
ae88b11a-3c51-46c9-a74f-4f141d73ed73_135_jpg.rf.7f973e3baa8a35fbf130b0e0bee5baaa.jpg, 0, 1
0516cd97-ef6c-4542-a884-e01aaa597ac3_270_jpg.rf.7fa2528379304fd4110e77508f6f9a45.jpg, 0, 1
687de30d-714c-4d10-9b23-998af950a13a_45_jpg.rf.7f9b5f64ed9cead9e6251fc966c8be80.jpg, 1, 0
708fb576-4b86-4d50-a652-cc0d64f5407a_135_jpg.rf.7fadebab1d3d7fb55480c521557f0c67.jpg, 0, 1
WIN_20221229_22_36_08_Pro_jpg.rf.7fa436b0af05deacef4f4b8f15915329.jpg, 1, 0
a1690e8a-68f2-42fa-b0a0-6c59cc895c84_225_jpg.rf.7fba89ff5fbd2c3945db94cbef33a41c.jpg, 0, 1
WIN_20221229_23_00_12_Pro_jpg.rf.7fbb1dd6833a04a069925d4f4803e2f8.jpg, 1, 0
94a26150-c197-425f-961b-0a4ae35825cf_jpg.rf.7fbb0a3db4d1202ec65523c1450baa77.jpg, 0, 1
898d6980-0ea3-4451-82f1-3bdabc8c6d9d_45_jpg.rf.7fb755da4c773ef02cedcf830c662a64.jpg, 0, 1
WIN_20221229_22_03_10_Pro_jpg.rf.7fc73509ac9781a65d4cded05dab43d1.jpg, 1, 0
WIN_20221229_22_16_50_Pro_jpg.rf.7fc5ab3a2b2012237a4c66c3a51bd938.jpg, 1, 0
75a3c3df-b678-4a55-aa92-02be5879a4cd_135_jpg.rf.7fd3f3f77b41602b6af55de0aa577ad5.jpg, 0, 1
75fea9b7-7c08-4ea2-bb8d-50096fdf774b_225_jpg.rf.7fd14540332e30d94c282bf33af477f6.jpg, 0, 1
91e77c81-f2eb-4358-81d6-eea2509ae443_45_jpg.rf.7fd294b2965d90696a6afd6a85a2bcb7.jpg, 0, 1
01b9d47e-ecba-48fd-a83f-ece6e05995fc_270_jpg.rf.7fcd7a63a0f7f34ae563afbfaa8b7dca.jpg, 1, 0
764af58e-c590-444a-aefd-b4bc11f74c40_90_jpg.rf.7fda7947416e401ade2c63a4b8232037.jpg, 1, 0
WIN_20221229_22_43_41_Pro_jpg.rf.7fece7342df56524c999b0ae07f340d3.jpg, 1, 0
a36b24dc-58f1-4270-b642-3bb7ec46de0f_135_jpg.rf.7fec264158f6e4bc5e09231fe6aea08d.jpg, 1, 0
WIN_20221229_23_21_27_Pro_jpg.rf.7fe7d773c532f95e562adba309024d20.jpg, 0, 1
66ffa488-289b-4188-afe1-7764a1a1bb1a_180_jpg.rf.7ff70039cb5bddaa8ac3be3c69f8abfb.jpg, 0, 1
680cc473-598d-49e7-847e-6b8c099e14fc_225_jpg.rf.80077d4b8c732c7e472e57d937d1df16.jpg, 0, 1
6343bade-4271-437b-84ea-e9756e715080_jpg.rf.800510f0bbf1b708fb17f813d87710d5.jpg, 0, 1
d6ed6d4c-2acb-4507-bc4c-70480968eacb_90_jpg.rf.801a457bba58acd251f818680736d1f3.jpg, 0, 1
92a893f4-8dd5-4f4a-9864-08811d4ed00a_45_jpg.rf.801960c9f293cdb9d261a4628fa09fe5.jpg, 0, 1
2abea0f5-7c2a-4519-88c1-d33080ac7db2_180_jpg.rf.80142c82ec8cf0c9a250d984c822eb5e.jpg, 1, 0
87595b49-d19a-4221-8418-57ee268de2d5_90_jpg.rf.8021e5e49e20e1e1b6a3bab05d36c66c.jpg, 0, 1
687d8151-bfed-420b-9a07-5213500e2964_90_jpg.rf.801a9cea273ecf6cf00289790d40a107.jpg, 0, 1
39c71820-6b5b-499e-b2c6-a957f48c62fa_135_jpg.rf.80239f3df36bc826d5f48c66dcb8fc95.jpg, 0, 1
75f27827-8267-4ad8-8c7f-938a7c0c0a72_45_jpg.rf.803bece678768e937560d26ffbf75c9d.jpg, 0, 1
c01c35d2-7769-4a57-abff-c52f7def3900_225_jpg.rf.803f20294f37b1bccd1a68c26a4ab842.jpg, 1, 0
bd17953c-5cc6-4fc5-8ade-fd7ece53be19_225_jpg.rf.804e9971e3c4362bc4294f9954a10386.jpg, 0, 1
16117db8-0d07-4950-b684-370b7d0813ec_180_jpg.rf.807f9a821a2a194206f3fbbaa33266b5.jpg, 0, 1
5d5357ec-e4b0-4f32-a45c-2dca5338324d_90_jpg.rf.806f90ed3e687466fbd74175c8f0f6e1.jpg, 0, 1
52eb9c86-9714-4fb7-bc45-cbbe25a2b444_225_jpg.rf.807bcc4407d4454c4c62fd84bddd6da9.jpg, 0, 1
223d92bc-5ef8-450a-86d6-ab5d6e8c5b3e_180_jpg.rf.8060a677201042ce3399696ce0cf420e.jpg, 0, 1
9dd803f6-3218-4e96-ad6e-55b3d36e8470_180_jpg.rf.8087704b14be1adf7e8d31e559c8b4e1.jpg, 0, 1
WIN_20221229_22_10_20_Pro_jpg.rf.808a0e8aec4ad128476d657799081363.jpg, 1, 0
adcb9cef-245f-4674-bd16-4c8ad789d0a8_135_jpg.rf.808a83214ea73a39435e87ae4bf53f81.jpg, 0, 1
2b560df3-ff42-4546-a0bd-11ff2ca590e2_45_jpg.rf.8093369fbfd011f8050df0a076744767.jpg, 1, 0
40cbb123-b3d1-4546-aa26-2fdd1090b075_jpg.rf.80949ad4f9417de5257024b7fa2e6fda.jpg, 0, 1
WIN_20221229_22_31_40_Pro_jpg.rf.80a3678287adaf17814a15b75d6ae79c.jpg, 1, 0
92fe0088-90bc-4eaa-8567-a9b3ad0645e8_270_jpg.rf.8096ea79393b0e0d60068909f2bee273.jpg, 0, 1
92810cd4-1652-4556-bc0b-b2e953449143_270_jpg.rf.809c70b99316a1f88de5822214c27c77.jpg, 0, 1
223d92bc-5ef8-450a-86d6-ab5d6e8c5b3e_270_jpg.rf.80b2cae5145fae619c3e5ac95c26c92c.jpg, 0, 1
75fea9b7-7c08-4ea2-bb8d-50096fdf774b_180_jpg.rf.80b8313680e07e271d085eb089cde5bd.jpg, 0, 1
a968e0be-061b-40ae-801e-5e286dcbb663_45_jpg.rf.80b16d710d4d0d30b0bc313b6c4df7ed.jpg, 0, 1
WIN_20221229_22_18_40_Pro_jpg.rf.80b3012ce7bf66cde766a0a5b33087aa.jpg, 1, 0
a968e0be-061b-40ae-801e-5e286dcbb663_270_jpg.rf.80c009e92724eed1e412d258ad3f7acb.jpg, 0, 1
96383b0f-647d-4d8b-aae4-c525fb9365d6_180_jpg.rf.80c51386bc8d1411df2477ee044d517c.jpg, 0, 1
01c27009-f681-4495-8d82-599547aba120_225_jpg.rf.80d353bb1d419d4641bb06f82d29b795.jpg, 1, 0
6fb259e3-002e-473c-a2bc-4a9f48c1ebe7_135_jpg.rf.80c0e871493dd5d8970db199b2af792a.jpg, 1, 0
2b3fa5f4-98bb-4565-b461-8ebc3db528ca_90_jpg.rf.80d3d2b37dd7011fd4c89bad7c15d203.jpg, 1, 0
82743c35-e968-47ee-93f6-95270352fe13_225_jpg.rf.80e1cde6b3bb6e59ce23a6a3bd83f4fc.jpg, 1, 0
215be899-dd62-42e0-b42e-8331622f5b9a_180_jpg.rf.80eb2c8ef7428942116adb45ff9ccc71.jpg, 0, 1
345b8a93-c7d2-4b34-9e0c-90f2561ada84_45_jpg.rf.80f23666ae63ce7bb20522bd39014523.jpg, 0, 1
72a74631-171a-4cf4-b978-58f358afa95c_jpg.rf.810123a9e6bb89fbcba1f9cd251a61e5.jpg, 0, 1
WIN_20221229_23_31_17_Pro_jpg.rf.810cdf1cf7c8466fc0e1184527173050.jpg, 0, 1
afd44643-9287-4080-934f-7a13c66d9bfd_270_jpg.rf.80f45583b31472f2e0e431f2b8c71c4e.jpg, 0, 1
WIN_20221229_23_01_47_Pro_jpg.rf.810e695b7d09890cec9689662d660c31.jpg, 1, 0
0c04b448-fe60-4b89-bf5a-b18fe90a5870_jpg.rf.81105b3e393ec8d45e7549a9ddb23aab.jpg, 0, 1
7ebb4762-7de4-4754-8cd2-2d4f743f512c_135_jpg.rf.810e71915d3f58cadcd4a9aaf85d0542.jpg, 0, 1
0327f441-9a02-40a9-b280-251440ad4cec_45_jpg.rf.8113b5e6c2c18f4db7a2a1987b4c3fa1.jpg, 0, 1
859bbe6e-7f46-4b86-acd1-86fea679de36_270_jpg.rf.8111de31dafb1b1121f2074435f8d62d.jpg, 0, 1
708fb576-4b86-4d50-a652-cc0d64f5407a_jpg.rf.8120a9fd2b1ed9607a0c1df252e9ed26.jpg, 0, 1
589950d7-088b-4c4b-abc1-9b824671ec8f_45_jpg.rf.81242e1e98ba567297ef09a0fd84a5bc.jpg, 1, 0
1f4613ea-1b60-4092-876c-1a474a8c51b9_90_jpg.rf.81225366b95243928f67830ee8831599.jpg, 1, 0
b84b2bd1-353d-4da0-80e6-da6df7b611b8_135_jpg.rf.812dae25f1b103ce4864412fd7d3cc19.jpg, 0, 1
dc2bb2f5-03e1-46c1-9886-bda5f5bee11b_180_jpg.rf.815054dfb59fbf7d342cb71d6d7fd341.jpg, 0, 1
5d5357ec-e4b0-4f32-a45c-2dca5338324d_90_jpg.rf.81602fe4f495f2f749fa2b8061acb44c.jpg, 0, 1
75f27827-8267-4ad8-8c7f-938a7c0c0a72_180_jpg.rf.815633341beb17d5d66fabf45ac430d7.jpg, 0, 1
92009a81-ec1a-4dc0-99aa-c0898383287c_270_jpg.rf.8165a8f840f7a42730ae6171bd1ee198.jpg, 0, 1
9dd803f6-3218-4e96-ad6e-55b3d36e8470_225_jpg.rf.81667049a27b900e55c0221dc5b824a0.jpg, 0, 1
a8ba45d9-69a1-4fc4-a6c3-74c50107e59c_225_jpg.rf.8186bc0f811c0ceccf36ff70b0bb089d.jpg, 0, 1
53f913e3-941b-4772-8446-2bad471e22b0_90_jpg.rf.818b2eabe2f180c4e7526f01b06ee0f4.jpg, 0, 1
WIN_20221229_23_30_00_Pro_jpg.rf.818d8eb49d6ee07508d37b9480a7a464.jpg, 0, 1
706a501b-940f-4252-89a9-1afae476d3b1_225_jpg.rf.8197bfefdd82eefb78e7fa6eed535653.jpg, 0, 1
b84b2bd1-353d-4da0-80e6-da6df7b611b8_90_jpg.rf.819cc415590f1dac64ec113f6af8a8c6.jpg, 0, 1
936d35a1-f617-4a9b-99c6-32cfd8284d34_180_jpg.rf.81abcdd3420f85c65007cd4ae7b99eed.jpg, 0, 1
6181c79d-f063-4fa4-be90-ae376d6b3bdc_90_jpg.rf.818246b068960c0ec969d25ff77e0a91.jpg, 1, 0
WIN_20221229_23_21_27_Pro_jpg.rf.81b9a3e4ba82f299507c2354606b73f9.jpg, 0, 1
WIN_20221229_23_35_43_Pro_jpg.rf.81adacfba2c609e27aafdb060c2f5701.jpg, 0, 1
15fd3442-e84f-4c27-952b-ec415fe777d6_90_jpg.rf.81ba9d11e3801a156ce4cce3633087a2.jpg, 0, 1
82dbf814-a3a3-4cba-9277-08c10de5c8a4_90_jpg.rf.81ba1aed0b2409fc9ea01b7f033526d4.jpg, 0, 1
4de4ad31-de11-418b-a60d-a7192ea0c98a_225_jpg.rf.81bea4038de9d7e785e2435c9f49cc7a.jpg, 1, 0
a936c90a-8f24-4289-b10b-4830ac9f3019_180_jpg.rf.81c84bd02bfd5f82122515ed6f6d7e01.jpg, 0, 1
8e753e61-dd28-45b8-aa64-e6c1e71bd812_135_jpg.rf.81ca85dd2a394a96ed7816497cc248c8.jpg, 0, 1
3fa757aa-5f48-4acc-b2d9-edf0d584d79a_270_jpg.rf.81cb055f18c458c0420550af326107d2.jpg, 0, 1
0516cd97-ef6c-4542-a884-e01aaa597ac3_45_jpg.rf.81d6c5e1c0c1812382a06c3f13703c33.jpg, 0, 1
WIN_20221229_23_32_55_Pro_jpg.rf.81cd5692871d461594b9f164025d2fc1.jpg, 0, 1
8d331829-b225-451b-8aaa-89058c62faf5_jpg.rf.81e621585f0f5eae0d6251bda8fb8f68.jpg, 0, 1
5522f66d-ad72-48d5-9767-5e7b23f6a206_135_jpg.rf.81e7d454809170399177cb3ee53107bf.jpg, 1, 0
8d331829-b225-451b-8aaa-89058c62faf5_135_jpg.rf.81f63faa97fe6a4caab6cd80006a7f65.jpg, 0, 1
8e753e61-dd28-45b8-aa64-e6c1e71bd812_45_jpg.rf.81edb58a24eb1860669767356c5e5573.jpg, 0, 1
7ceae77f-3a56-4262-a271-2a8d727efbe9_45_jpg.rf.81f4e28f40d03971173bf7f709448e7e.jpg, 0, 1
WIN_20221229_23_30_35_Pro_jpg.rf.81f21e61728dd7d6e8725c13d2296a7e.jpg, 0, 1
57ab1fc0-e755-40c3-82cb-cce0684f11f4_90_jpg.rf.8203ac81433f6f357bb1fe0f17f23eb4.jpg, 0, 1
66ffa488-289b-4188-afe1-7764a1a1bb1a_jpg.rf.8223ae1baca3fe2babaad0879ce8409e.jpg, 0, 1
aa8cc596-1881-4e18-a73f-fe60f6a6a031_jpg.rf.820537f91e9d8b6d4edc65fea3b671ad.jpg, 0, 1
WIN_20221229_22_41_15_Pro_jpg.rf.82265c8ac6848c0b3e8c257d8ab506e6.jpg, 1, 0
226b7023-757d-4c11-9b59-a0e8f02e5274_270_jpg.rf.82291e4cd06452c8b89ea3252752d898.jpg, 0, 1
80c4e3b8-9502-4216-aad1-1b5f6f3d6b72_225_jpg.rf.822cdef25457e0f4f2d77ffd8715c47d.jpg, 0, 1
22ada72b-340c-4d68-9534-2729e3347cab_90_jpg.rf.822e78b3b0d8b34017d092a6fdabd908.jpg, 0, 1
aa8cc596-1881-4e18-a73f-fe60f6a6a031_225_jpg.rf.82326d584d95603b9754a68207ea6736.jpg, 0, 1
WIN_20221229_23_22_14_Pro_jpg.rf.823c1e0850073e59f58615ea41ce7b59.jpg, 0, 1
61bd5e75-cfb1-47e8-b4be-24447913359a_270_jpg.rf.823ed4d401bbb2bdd5986f9365921e19.jpg, 0, 1
WIN_20221229_22_06_00_Pro_jpg.rf.8244d3dbedadfec616fa9ab9d066622a.jpg, 1, 0
d02674ec-4a90-43c1-9aba-1cf70300a55a_jpg.rf.8246639982e64d83bdbd436849029d9e.jpg, 1, 0
33e3e3fe-8e37-4b4a-aa04-ad3864731632_90_jpg.rf.824f0d7e9e4ac56f20860d16a1cd9219.jpg, 0, 1
WIN_20221229_22_45_08_Pro_jpg.rf.82451efa34a8b8351ce3d2905c32892a.jpg, 1, 0
898d6980-0ea3-4451-82f1-3bdabc8c6d9d_135_jpg.rf.82788822e90fae623cb3b05a7d14a1b6.jpg, 0, 1
f206736f-e48f-4e12-b367-144752c744e6_jpg.rf.8257ffd78954422dd9985bb85d5453bf.jpg, 1, 0
97e4c08e-3475-4d77-8b54-a2231e38f6a2_135_jpg.rf.8279ae12990c4184816dfbbd5568863a.jpg, 0, 1
01c27009-f681-4495-8d82-599547aba120_90_jpg.rf.828246937ad30882ce68dd4a568f41d4.jpg, 1, 0
15f5d196-2633-4a7b-9102-b33c659c6024_225_jpg.rf.827d2a2476f0e6feab204d0440d7b1fc.jpg, 0, 1
ccd5cdb4-3df2-4b3b-833b-3bdc7d43ee4d_225_jpg.rf.8292c67ed0727a315fe87fd75e7f6676.jpg, 0, 1
WIN_20221229_23_28_39_Pro_jpg.rf.828fc100faf62ef01d5643ec42893925.jpg, 0, 1
d02674ec-4a90-43c1-9aba-1cf70300a55a_90_jpg.rf.829735806b5712870a9e2429bbd42796.jpg, 1, 0
66ba2553-31f1-473c-9602-d2df0c1bb3f0_45_jpg.rf.82a1ba11b71c78cdd7e40ee8adb6b2db.jpg, 0, 1
f206736f-e48f-4e12-b367-144752c744e6_45_jpg.rf.82ab6405c10eabd20e52bf15d8869bc6.jpg, 1, 0
98cb62e4-f491-47c7-b871-9d1aeeac307e_jpg.rf.82a6b4c8a8fa26423c407ade6e651265.jpg, 0, 1
3c966d73-e030-422f-8e66-a2bfb35337dc_135_jpg.rf.82ad7204d5355ec5f1024e2702ebdd8f.jpg, 0, 1
1f4613ea-1b60-4092-876c-1a474a8c51b9_90_jpg.rf.82aa111184eba8dc96e1f4a9c083d67a.jpg, 1, 0
d02674ec-4a90-43c1-9aba-1cf70300a55a_225_jpg.rf.827c2621c4a18d08af70d8d07e6becef.jpg, 1, 0
2d398321-1a08-4aec-98b9-eb3301da9d79_45_jpg.rf.82aff47ac50de42aa0e14f0fde7e876a.jpg, 0, 1
0b521929-1734-47b8-86c9-093445af0697_45_jpg.rf.82bbb8bf9fa7445e6efc7c7a259529a1.jpg, 0, 1
b4b3a28f-aee8-402c-856a-b09db5dbeb4a_270_jpg.rf.82c23502e4961df44de5a582e0be129f.jpg, 1, 0
0fbac742-48ee-4857-ab82-3318c8fbdcb8_jpg.rf.82c08152f8a2f5f5330641bc5fa2f3f8.jpg, 0, 1
93a64c9f-678d-4302-94ea-5758bbf7451c_90_jpg.rf.82c344292d42388226f6d5e8ebb883ee.jpg, 0, 1
a4b1b05e-8f9a-4f68-98fe-52dd9e2a9663_270_jpg.rf.82c6650f5840465437f872edec15b827.jpg, 1, 0
afd3edfe-e4fe-4715-8429-5af060c5f0d9_jpg.rf.82e3f5b5231cbc2cb4cf950d6f5c75b3.jpg, 0, 1
878a59f0-76a6-4a7c-8e4a-45283cfb4465_45_jpg.rf.82ded835efbff873a08d55ad0acbd004.jpg, 0, 1
70f70f97-4a9e-4d42-a08b-3b7d1b9abef8_jpg.rf.82f604879409ac874c18b3fdd4796752.jpg, 0, 1
WIN_20221229_23_07_10_Pro_jpg.rf.82f68f065de06c098de07ecb076f7495.jpg, 1, 0
dc2d0160-f922-429c-8c3c-5a6f0f68c023_90_jpg.rf.82e60b8863040036e119e18d7581195a.jpg, 0, 1
0c4d65e5-1985-47b2-8252-616ed898bd7c_225_jpg.rf.82f082491c1c161e55c2b33f0eea2933.jpg, 0, 1
9cc65155-05ca-40b0-b813-2892c3ff04a4_135_jpg.rf.82f9558491e2585f9990bb733b25f0fe.jpg, 0, 1
WIN_20221229_23_22_26_Pro_jpg.rf.83158f4c0010e054e8a98296e388e30d.jpg, 0, 1
5c99f964-3704-402c-aa2d-42bd2fbacf4f_225_jpg.rf.8307eec8029576af8bc2b5ab7c9b75e9.jpg, 0, 1
a1690e8a-68f2-42fa-b0a0-6c59cc895c84_180_jpg.rf.8314eb16ac2c20eed7c7405fb2cbb967.jpg, 0, 1
488a316b-07fc-410e-a5fd-84f831acc653_135_jpg.rf.8320d7226975ff827b4191e79af0b480.jpg, 0, 1
4fac26f2-1588-4362-9e73-ffe2e8791cbb_90_jpg.rf.8317f3bcdb9db5f413feeb7084c3c0ce.jpg, 1, 0
44c7fb6b-7175-4aa3-98c2-9bc78d8a6f92_270_jpg.rf.8316c0fa035afd56ab20eddab042dc52.jpg, 0, 1
120bdf6d-39ea-4df8-b8a7-1a4362423b28_jpg.rf.832707629a06b075b8d67188f22c27b6.jpg, 0, 1
2bf615ea-7241-4861-82d7-bb74c8b5dfba_90_jpg.rf.8336e2925a6db45aa80e4a38676f022f.jpg, 0, 1
7ebb4762-7de4-4754-8cd2-2d4f743f512c_270_jpg.rf.8345714fcf5df6a71737bfec2e7b4786.jpg, 0, 1
WIN_20221229_22_04_05_Pro_jpg.rf.832ec22bf3c6c83ebe42d4cdf99af681.jpg, 1, 0
9dd803f6-3218-4e96-ad6e-55b3d36e8470_270_jpg.rf.834915cbfe94b24f8d47642d42968300.jpg, 0, 1
WIN_20221229_23_30_09_Pro_jpg.rf.834f00604249a83adeda2a8e93750573.jpg, 0, 1
6fb259e3-002e-473c-a2bc-4a9f48c1ebe7_135_jpg.rf.835c2e2fa72a2779c709137b81a0d800.jpg, 1, 0
WIN_20221229_22_46_15_Pro_jpg.rf.835a997aa2629df6b6abc68e93ae0dc2.jpg, 1, 0
76a872d2-5c22-4f33-82b4-18c0f78e1a1b_45_jpg.rf.835fe9ad80e11a11dffa72df6f0def04.jpg, 0, 1
5d06dc79-9d5c-46d0-a720-e4898e65949c_225_jpg.rf.8355a81150b17317883ab5c256a8fb60.jpg, 1, 0
5c99f964-3704-402c-aa2d-42bd2fbacf4f_180_jpg.rf.83653de35af98b4cea503f4b2ca7ebf3.jpg, 0, 1
4737a7d7-5d10-4912-b3e7-c8254a88af02_180_jpg.rf.8366add3b03d18659ab2b43e029aa737.jpg, 0, 1
7ceae77f-3a56-4262-a271-2a8d727efbe9_225_jpg.rf.836f7694e40ffd97fbf26fee6d9e8ca6.jpg, 0, 1
2eae8682-54b6-40b7-9684-d956300a4077_270_jpg.rf.8378072e9e01692b57ba4e01e137c772.jpg, 0, 1
8ddce3ce-bc64-4942-93aa-940868007f64_jpg.rf.83763966e296fd09df0bdc119e2148ad.jpg, 0, 1
5d5357ec-e4b0-4f32-a45c-2dca5338324d_135_jpg.rf.83758e42fbb5549eb0a492e7c3c055c5.jpg, 0, 1
96383b0f-647d-4d8b-aae4-c525fb9365d6_270_jpg.rf.837902264a327e5f44d285381388ecca.jpg, 0, 1
41cfc0a3-c4ad-4285-9951-7a37d79f1c17_45_jpg.rf.8392cfbfa095a9c04d2894d656608a05.jpg, 0, 1
33dd040e-50b6-44e7-afc7-230da49bcf12_135_jpg.rf.838bde82d56255467d0a5ec9edd666e7.jpg, 0, 1
73cca509-de66-4cbc-9421-8fcb263fefcc_225_jpg.rf.8393fcd7f2aa2201fb4e5234e9efdef9.jpg, 0, 1
92009a81-ec1a-4dc0-99aa-c0898383287c_225_jpg.rf.839adccc3ed03929ad1af56b1e36b9c9.jpg, 0, 1
217ac982-fddf-49ae-a311-27cf800d10f0_45_jpg.rf.83b0f7fa50a2db23428f7cde09b82d8d.jpg, 0, 1
1513532a-b352-4b17-b681-b02f3127b483_270_jpg.rf.83b58241a771c2396c9f5afce3335ee6.jpg, 0, 1
52e703e1-69d2-44c7-a214-269fa0e09054_135_jpg.rf.83b301fd4df59d00c5fba3e3c9e91319.jpg, 0, 1
0df87bae-ddf0-49e3-97af-b371d8544547_45_jpg.rf.839cecbf31eb49a06eb5c5f144922f9c.jpg, 0, 1
224748bb-08de-4a59-98e5-2bbef0629846_45_jpg.rf.83c39cbab464010219642a8970a47291.jpg, 1, 0
94a26150-c197-425f-961b-0a4ae35825cf_180_jpg.rf.83b9974816f7e753265d289defd0a573.jpg, 0, 1
16117db8-0d07-4950-b684-370b7d0813ec_90_jpg.rf.83db43196093e946f6ff94aa08836902.jpg, 0, 1
503a19e2-d693-4ab0-aae9-9181b1789a94_180_jpg.rf.83d79920eed4f0fac86cafbefa241917.jpg, 0, 1
6fb259e3-002e-473c-a2bc-4a9f48c1ebe7_225_jpg.rf.83d1667080408eac594195fc46d583da.jpg, 1, 0
60f07eaa-f4a0-4939-9882-acce7b2ee256_180_jpg.rf.83c1767f4450f79df876036c0e24ac3b.jpg, 0, 1
a968e0be-061b-40ae-801e-5e286dcbb663_jpg.rf.83dd168acc7ae55f9ef87720db4c3f6c.jpg, 0, 1
WIN_20221229_22_01_11_Pro_jpg.rf.83deb27db89a9cc18fb3cbd11c4803fb.jpg, 1, 0
92fe0088-90bc-4eaa-8567-a9b3ad0645e8_180_jpg.rf.83deb1b3713a985e5af1fc2bf7394694.jpg, 0, 1
3c5c4ffd-e4d4-45b7-a07c-64e2f6788de2_90_jpg.rf.83e01929c74fbb788a96b87dd814a229.jpg, 1, 0
92009a81-ec1a-4dc0-99aa-c0898383287c_90_jpg.rf.83e1044d930eb13ed5051603bcf4f871.jpg, 0, 1
84c8c90b-b9c3-4290-bdff-f1946a11050a_225_jpg.rf.83dd81a349bf93d0efac989998335381.jpg, 0, 1
2c59ee70-dc1c-4de3-83ab-aa36a5fb92c9_45_jpg.rf.83e2eeea6026c927241d3292acf6538f.jpg, 0, 1
1513532a-b352-4b17-b681-b02f3127b483_270_jpg.rf.83fb2f3f3fbdc1bae1c96bafcaa463a1.jpg, 0, 1
507e6cd8-2041-47e5-b174-28a6d9328985_180_jpg.rf.83ee86f9ed56d610b5f909a0a46c7b8f.jpg, 0, 1
df1a716e-d93a-4e13-8144-399bae44a249_225_jpg.rf.84014ef9828d4d82e646717165ee87d2.jpg, 1, 0
53f913e3-941b-4772-8446-2bad471e22b0_225_jpg.rf.841a5ac180a5ae1f8ac9f8163ebbe9a8.jpg, 0, 1
bd17953c-5cc6-4fc5-8ade-fd7ece53be19_90_jpg.rf.84239245f5dba29710faee86c4878868.jpg, 0, 1
72ab964e-0b95-46ec-a135-1890eb300c53_225_jpg.rf.84287109588d69c133fad8ad45fc2e3f.jpg, 0, 1
215be899-dd62-42e0-b42e-8331622f5b9a_180_jpg.rf.842bdffc935e1f2b4bfb6212dc3081e3.jpg, 0, 1
0c4d65e5-1985-47b2-8252-616ed898bd7c_jpg.rf.843201c354b8b16a2afd9c226efab617.jpg, 0, 1
811f5cf3-9a05-4b39-b1b3-174f31f7cec6_jpg.rf.84039d2aa6d29978b81eadc0608b5461.jpg, 0, 1
215be899-dd62-42e0-b42e-8331622f5b9a_jpg.rf.84359dd9cf6fdb3be836e9fba57dfc54.jpg, 0, 1
a1690e8a-68f2-42fa-b0a0-6c59cc895c84_90_jpg.rf.844236f411dec568ae0b51acf6c9d484.jpg, 0, 1
81d526fb-cb95-4b9d-a013-dad7b3f083b3_jpg.rf.8442cf03866046ccddb791d5fe0175b0.jpg, 0, 1
WIN_20221229_23_03_07_Pro_jpg.rf.846bd1ed3526deb4129c384ea17ec4bc.jpg, 1, 0
66c7508a-f4ff-4af6-a91b-5f33d3c4d20d_135_jpg.rf.84600d7d60f157630c9e2c908f56337b.jpg, 0, 1
69dc5c1e-a7ad-49aa-ba21-235545c312c6_270_jpg.rf.846eb9150acd278215a347b9afb92ee5.jpg, 0, 1
52eb9c86-9714-4fb7-bc45-cbbe25a2b444_135_jpg.rf.847fe55cafa4a754ac411ac233f0ba4c.jpg, 0, 1
WIN_20221229_22_22_23_Pro_jpg.rf.844f54ef8294da4989ae2f38140ad703.jpg, 1, 0
WIN_20221229_23_16_53_Pro_jpg.rf.8493fe39eecc9d924aaaacf2a8788fb7.jpg, 1, 0
92009a81-ec1a-4dc0-99aa-c0898383287c_225_jpg.rf.84955ae08ff5341948d64d5078a71394.jpg, 0, 1
7d0322d1-3583-4a2b-ad25-e76d31603cee_225_jpg.rf.84aff3bbf13ffef96ce43034cadd1660.jpg, 0, 1
84f05969-c971-4d44-8df4-3a80a71a545d_90_jpg.rf.84b9186c16831162d7192a617043a693.jpg, 0, 1
41ab7cda-4c88-47b8-98da-0c6ee6e07325_225_jpg.rf.84b9933dc5eead2e948f4ba46bc9e98e.jpg, 0, 1
0327f441-9a02-40a9-b280-251440ad4cec_45_jpg.rf.848eddee7df1aa8f70ca165ad46e9b1f.jpg, 0, 1
01aff576-d811-4858-bc7b-e66af9db530f_90_jpg.rf.84c4c90758cd91a2b517209a91558b22.jpg, 1, 0
503a19e2-d693-4ab0-aae9-9181b1789a94_180_jpg.rf.84cf8d432696f6015a6766df2f79ff1c.jpg, 0, 1
1d4ead22-cc06-4fa2-9784-d9257f24ef86_225_jpg.rf.84b9a17c105892216fd43d5d6a035036.jpg, 0, 1
ef757b72-613c-4d8f-b8e0-a3564581cb0f_225_jpg.rf.84d161e06a1cb9b440c31b1ba61ce6d9.jpg, 1, 0
53f913e3-941b-4772-8446-2bad471e22b0_90_jpg.rf.84d59e48f0a67d966be9218b0d202a7d.jpg, 0, 1
d6faa4f5-e419-4c2d-b0be-316f48d5464a_jpg.rf.84dc1cf1377d6ee6ed7ec73489e65cf8.jpg, 0, 1
WIN_20221229_22_16_31_Pro_jpg.rf.84f4b283869bf3ce464246ce3a30c28f.jpg, 1, 0
6343bade-4271-437b-84ea-e9756e715080_225_jpg.rf.84dfd0d221a20e4e6ec4ceefb79ac85a.jpg, 0, 1
56863d51-82dd-432b-808a-bb09a5e65be6_270_jpg.rf.84fca700266355c4615185d70d704c1c.jpg, 0, 1
24522061-cd21-4507-92da-432712838d1d_225_jpg.rf.85033b964fd59632a96e58bdab50e213.jpg, 0, 1
WIN_20221229_23_25_18_Pro_jpg.rf.852aa16da72e021c99e55576eddbf5e2.jpg, 0, 1
72ab964e-0b95-46ec-a135-1890eb300c53_90_jpg.rf.84fc669334041df0bad0f8c500362928.jpg, 0, 1
936d35a1-f617-4a9b-99c6-32cfd8284d34_jpg.rf.853165e02e873c91b63ddc8e71892c45.jpg, 0, 1
76d57cee-bb5c-4631-b737-fe16b92c2a28_135_jpg.rf.8550ab953f82d43af963938e7b17637e.jpg, 0, 1
d65589fa-33dc-4e7f-9d37-a8763424d061_135_jpg.rf.853e23cd0121599a0b0beac86cfae4d8.jpg, 1, 0
5d105570-fd52-46cd-a90a-9dfa42ef878a_225_jpg.rf.852db8e284710553c07ec20420858ed0.jpg, 0, 1
2c59ee70-dc1c-4de3-83ab-aa36a5fb92c9_135_jpg.rf.854b3c2d932bba920190be35a4c03d61.jpg, 0, 1
5671fc02-681e-4da8-826f-c1a0b2dc5870_90_jpg.rf.855ee453850cfdb5ae010020aa963cfe.jpg, 0, 1
WIN_20221229_22_06_00_Pro_jpg.rf.85646d68ec9333eef594867ecf6a1f9a.jpg, 1, 0
708fb576-4b86-4d50-a652-cc0d64f5407a_225_jpg.rf.855fbec2be18dd99258debd8f13ae2ac.jpg, 0, 1
WIN_20221229_23_06_55_Pro_jpg.rf.8564c3b9ede75432781862b3ee43b61b.jpg, 1, 0
4f08fc98-7d4d-43f7-921d-b2ccf8ca726d_90_jpg.rf.85665e37f6aa7f392f650871f2041647.jpg, 1, 0
dc2d0160-f922-429c-8c3c-5a6f0f68c023_45_jpg.rf.856701504ab5fffa44a1fa92e5bfd5b8.jpg, 0, 1
WIN_20221229_23_10_36_Pro_jpg.rf.856da50e19cc306937f4f945b83d2478.jpg, 1, 0
303bf4f0-4e58-4f52-83e1-73f1a7ceabc5_45_jpg.rf.85705f308f358ddf01f7ddfff0a3046e.jpg, 0, 1
878a59f0-76a6-4a7c-8e4a-45283cfb4465_135_jpg.rf.85510086d1a289cb16eef94a8d801b3a.jpg, 0, 1
15fd3442-e84f-4c27-952b-ec415fe777d6_45_jpg.rf.ce90c781a0566b347a5bbfa7abe216ac.jpg, 0, 1
75a3c3df-b678-4a55-aa92-02be5879a4cd_225_jpg.rf.cee66e0e328527473b3ce308e643f4ff.jpg, 0, 1
WIN_20221229_23_29_44_Pro_jpg.rf.ce217a0b7a1ddc6551d9f5f337c79bcb.jpg, 0, 1
90ecbd63-5a3d-4c6b-bd34-594c7c6a2d40_180_jpg.rf.ce369a04ab50d82651055145a07f2a67.jpg, 0, 1
fbe4f519-6225-4168-bcf9-4ccc4d0d82bf_45_jpg.rf.ce800781dc58ba32ad1b1c942b20b06f.jpg, 1, 0
2da43d43-ad7b-435c-920d-0fbfebb88959_180_jpg.rf.ce43ebf658e20744ee44240941a57276.jpg, 1, 0
8140aed5-a61c-4048-81dc-c9e2149f60b2_jpg.rf.ce1b1d87e3c460b429bf3232d071ce99.jpg, 0, 1
WIN_20221229_23_33_53_Pro_jpg.rf.cea8b490972e68ab92589a5c08c5dac5.jpg, 0, 1
2d6fa448-2f18-4db5-a942-7097acff076a_135_jpg.rf.ce7702ab218350deb009dc2e29088cf9.jpg, 1, 0
84f05969-c971-4d44-8df4-3a80a71a545d_135_jpg.rf.ced8de499e89ce386dbc2556a9b7dab1.jpg, 0, 1
a968e0be-061b-40ae-801e-5e286dcbb663_45_jpg.rf.cee53e545f4b610e01a418800173148f.jpg, 0, 1
0dab9689-2c2d-4dc6-bb71-db1b6d82cb17_45_jpg.rf.ced683030d8cc9ba44c60edb3a44414b.jpg, 0, 1
70be0397-922c-4185-bb84-728b59ab25f8_45_jpg.rf.ce26587555d61154d90228952e0c8d68.jpg, 0, 1
aa8cc596-1881-4e18-a73f-fe60f6a6a031_180_jpg.rf.ce70ce91810f21b86cc052fb46f7eabb.jpg, 0, 1
4fac26f2-1588-4362-9e73-ffe2e8791cbb_225_jpg.rf.ce2b68428768738bb704f9a0d7f18f50.jpg, 1, 0
WIN_20221229_22_30_25_Pro_jpg.rf.ce54f3a65a73b3fe34e928631da3cae0.jpg, 1, 0
8bfe69f8-33fd-4fea-8a42-c821ffd94be0_135_jpg.rf.ce7f6421c7427dfbffe2794e4c14a866.jpg, 1, 0
15f5d196-2633-4a7b-9102-b33c659c6024_135_jpg.rf.ced23d84d57e8b1288edd56e2623d124.jpg, 0, 1
15fd3442-e84f-4c27-952b-ec415fe777d6_90_jpg.rf.cec4dbbfb829a7cefcb67a558d98409d.jpg, 0, 1
73cca509-de66-4cbc-9421-8fcb263fefcc_135_jpg.rf.ce8a3dd85932d02f24ae93b48c956226.jpg, 0, 1
WIN_20221229_23_24_48_Pro_jpg.rf.ce47db28577caf658eeb2eecee2980a0.jpg, 0, 1
80c4e3b8-9502-4216-aad1-1b5f6f3d6b72_225_jpg.rf.ceb066d2bfae615fe437847cfb3707a6.jpg, 0, 1
WIN_20221229_22_23_15_Pro_jpg.rf.ceb531b0625b2ef1b592ab561263a583.jpg, 1, 0
afd44643-9287-4080-934f-7a13c66d9bfd_90_jpg.rf.cee8322399571a8da4612c130fc36eb9.jpg, 0, 1
75a3c3df-b678-4a55-aa92-02be5879a4cd_180_jpg.rf.cec451f6cf6538dfc427dc96002ea4a6.jpg, 0, 1
92787dc3-1720-41c4-8acc-5c7f3fda0fa5_225_jpg.rf.ceeab516610f093d6716d16a8287a8cc.jpg, 1, 0
1ab90226-8889-4bcd-ad0c-ea01fedaaffd_135_jpg.rf.cf01a3270be2511348bd749a4b823bf5.jpg, 1, 0
303bf4f0-4e58-4f52-83e1-73f1a7ceabc5_270_jpg.rf.ceec3359fb2fd57d996dfcaef84de46a.jpg, 0, 1
488cb81f-a17e-44b8-bd1b-0e709bee4a92_225_jpg.rf.cf08d851b993c15e2cf3f681966b23cf.jpg, 0, 1
0b521929-1734-47b8-86c9-093445af0697_135_jpg.rf.ced9bb5520a8696f8eb77c5b611f2696.jpg, 0, 1
224748bb-08de-4a59-98e5-2bbef0629846_jpg.rf.cf0f2730af5f7aa81cce8c17015d0c50.jpg, 1, 0
6181c79d-f063-4fa4-be90-ae376d6b3bdc_45_jpg.rf.cf0b436a2663bed6d7688c01ce49c94f.jpg, 1, 0
WIN_20221229_23_23_14_Pro_jpg.rf.cf0faa2e1276f3794ed325a46c2bf835.jpg, 0, 1
WIN_20221229_22_36_08_Pro_jpg.rf.cf12bbd83b890576043d92d3659b3460.jpg, 1, 0
5671fc02-681e-4da8-826f-c1a0b2dc5870_270_jpg.rf.cf23245048db0e6556694efece6c59d8.jpg, 0, 1
a936c90a-8f24-4289-b10b-4830ac9f3019_90_jpg.rf.cf36566ab3c896d45b45be080ab7aadb.jpg, 0, 1
01c27009-f681-4495-8d82-599547aba120_135_jpg.rf.cf2c2226c65649a5298c357369de0a01.jpg, 1, 0
WIN_20221229_23_26_32_Pro_jpg.rf.cf388b80a31ef098828faaed236a17a2.jpg, 0, 1
ef757b72-613c-4d8f-b8e0-a3564581cb0f_90_jpg.rf.cf37079fee29e0d2fbaab90d665f6424.jpg, 1, 0
52eb9c86-9714-4fb7-bc45-cbbe25a2b444_jpg.rf.cf38667d6b3d5c003cbc2975c2d57c4f.jpg, 0, 1
01aff576-d811-4858-bc7b-e66af9db530f_45_jpg.rf.cf3bc6aefecaaa4211eccbe14a9090fd.jpg, 1, 0
98cb62e4-f491-47c7-b871-9d1aeeac307e_90_jpg.rf.cf44e9d91034ff9fcfb695640c87c318.jpg, 0, 1
488cb81f-a17e-44b8-bd1b-0e709bee4a92_45_jpg.rf.cf49de6cd03511a712ffeaee8c69e16c.jpg, 0, 1
91b94861-b751-4b86-b7a3-f6b2e3dbbd89_45_jpg.rf.cf4f3a18cd3cc6c4e38a3b4ce0974f5e.jpg, 0, 1
4fac26f2-1588-4362-9e73-ffe2e8791cbb_135_jpg.rf.cf5c36fa056727cc986ad7ee427d2836.jpg, 1, 0
6bb51206-67ec-431b-8484-93739b1fddad_135_jpg.rf.cf5a6fe54601e0af2009ad3f14259c07.jpg, 1, 0
0b521929-1734-47b8-86c9-093445af0697_270_jpg.rf.cf5f7b15508be411818d6cb7a594cecf.jpg, 0, 1
91b94861-b751-4b86-b7a3-f6b2e3dbbd89_225_jpg.rf.cf4eb8d110db16fe99cffa176f294464.jpg, 0, 1
75fea9b7-7c08-4ea2-bb8d-50096fdf774b_225_jpg.rf.cf636ab2fedb39efb3df45a7832d904d.jpg, 0, 1
4dcbce83-654c-4125-9939-c4398187533a_jpg.rf.cf66cc2d6ba94fd452eb16f0c317e9d0.jpg, 1, 0
91e77c81-f2eb-4358-81d6-eea2509ae443_45_jpg.rf.cf64480a81dcb1ee0fe4a06fd8a0a0be.jpg, 0, 1
9ef0276c-3a70-4027-8d1d-2503df2e9f56_180_jpg.rf.cf77a3b3fc2a3fda41bb890cf38e7813.jpg, 0, 1
3fa757aa-5f48-4acc-b2d9-edf0d584d79a_180_jpg.rf.cf78d8e86e401fcd7da5a3ed05fe73e5.jpg, 0, 1
WIN_20221229_23_03_47_Pro_jpg.rf.cf7faf545eb1f947e5f9dd1dbef77fe5.jpg, 1, 0
WIN_20221229_23_20_03_Pro_jpg.rf.cf83bb37fc457fa3a122b06527d7a118.jpg, 1, 0
878a59f0-76a6-4a7c-8e4a-45283cfb4465_180_jpg.rf.cf87573602aec38a202daf72e4094d0e.jpg, 0, 1
345b8a93-c7d2-4b34-9e0c-90f2561ada84_135_jpg.rf.cf88578848164b18434286006c88f9a2.jpg, 0, 1
24a200ea-e903-4bcd-aee1-fb26e7bfd757_225_jpg.rf.cf8a24632dcab48a312f233db56bfb35.jpg, 0, 1
76d57cee-bb5c-4631-b737-fe16b92c2a28_180_jpg.rf.cfa9ccd73735faa23647df811f7d3683.jpg, 0, 1
5d5357ec-e4b0-4f32-a45c-2dca5338324d_jpg.rf.cf9273bc0166d3fb21977cb10d48d221.jpg, 0, 1
5064456d-d977-4c88-a2f7-613db1f3f19b_90_jpg.rf.cf8f1a9d1486d9d08abd1490361e2cd1.jpg, 0, 1
WIN_20221229_22_56_04_Pro_jpg.rf.cfaaab25e7078f74b8f2864b43a0fc55.jpg, 1, 0
adcb9cef-245f-4674-bd16-4c8ad789d0a8_180_jpg.rf.cfac9dc74913c45d749323d3edba6a28.jpg, 0, 1
488a316b-07fc-410e-a5fd-84f831acc653_45_jpg.rf.cfb53d9d6d4cdd3744421ce6132cc95b.jpg, 0, 1
642d6f5f-fa24-4c18-b7b2-6b24334629a3_45_jpg.rf.cfbbd937c98a588aa82f2ac49bc9012c.jpg, 0, 1
4eddf419-3396-43d2-8b40-3ccecf2a2620_90_jpg.rf.cfbc66ea439765951acbd24aa04f0e14.jpg, 1, 0
226b7023-757d-4c11-9b59-a0e8f02e5274_jpg.rf.cfbe4f2ead100b67de9c92dc4b01805a.jpg, 0, 1
868aed84-639d-46d3-9f59-3d71ba702ea0_135_jpg.rf.cfde919d096b37bd17711e37ea1a197c.jpg, 1, 0
WIN_20221229_22_45_36_Pro_jpg.rf.cfdc86797e575233b0be3c5a8d19d47c.jpg, 1, 0
ac755961-63a0-4e01-b87e-eacd0b5d7899_jpg.rf.cfdea37c3b84ccd22f57cd7e2c0928ab.jpg, 0, 1
9765b374-f3eb-4a26-903c-90d85bc9fe0a_135_jpg.rf.cfeda8fcec97fbdd0a0ca86226321dcb.jpg, 0, 1
6b316208-fce5-4562-a45b-736f29a3a697_225_jpg.rf.cff4e210bcb220eb39414fdb07d4cea4.jpg, 1, 0
8e753e61-dd28-45b8-aa64-e6c1e71bd812_90_jpg.rf.cfef279ce3ae236443490d25ce849bc4.jpg, 0, 1
a1690e8a-68f2-42fa-b0a0-6c59cc895c84_jpg.rf.cffdfabee0350ea47f89427cf2c6907c.jpg, 0, 1
WIN_20221229_22_03_10_Pro_jpg.rf.d00429f9f52a4dc4b0107c8867381b58.jpg, 1, 0
WIN_20221229_23_20_03_Pro_jpg.rf.d00c5ad6a3ec45ad5cf43066bb54de10.jpg, 1, 0
8efe1e18-4032-4f20-996f-60a19c62f547_135_jpg.rf.d00b6831bdc5f33400b7f8d0df1623a3.jpg, 0, 1
d6faa4f5-e419-4c2d-b0be-316f48d5464a_180_jpg.rf.d00f49edf4bced6debbc289bfbbd9ffc.jpg, 0, 1
4f08fc98-7d4d-43f7-921d-b2ccf8ca726d_270_jpg.rf.d0132469f50fbfba58f48aab2044dbef.jpg, 1, 0
7a6523d6-ef65-4cca-8160-946936395ede_270_jpg.rf.d019c111b07207bbec435d56fcfae071.jpg, 0, 1
WIN_20221229_23_32_15_Pro_jpg.rf.d0348b4bb79cd377144a2b0e3d28b1cf.jpg, 0, 1
81d526fb-cb95-4b9d-a013-dad7b3f083b3_135_jpg.rf.d02f81ecf3ef0f28f1f5f6ab5f45e429.jpg, 0, 1
a4b1b05e-8f9a-4f68-98fe-52dd9e2a9663_225_jpg.rf.d032edeacb9fae422e94e3b14f2e6258.jpg, 1, 0
WIN_20221229_22_32_28_Pro_jpg.rf.d01c479e529b5bb2c5bd1400f56ceb18.jpg, 1, 0
96f68346-9256-416a-a050-9ec4b750ccc6_270_jpg.rf.d020da215d6e02cc31c2aba7230856b6.jpg, 0, 1
a1690e8a-68f2-42fa-b0a0-6c59cc895c84_90_jpg.rf.d056a662d72955b9911b02dcceaf3469.jpg, 0, 1
90ecbd63-5a3d-4c6b-bd34-594c7c6a2d40_180_jpg.rf.d0379b7c59236ee1abcd1a06806320f5.jpg, 0, 1
085c4ff0-ec11-44e6-b865-d4a8e163bcee_45_jpg.rf.d05ac01e4ed2068263cdc4e7305a0fd5.jpg, 0, 1
70be0397-922c-4185-bb84-728b59ab25f8_225_jpg.rf.d044c147a4f133aa63657aa381288e52.jpg, 0, 1
303bf4f0-4e58-4f52-83e1-73f1a7ceabc5_jpg.rf.d06e3144a4385d6b4b82fa1b970652b7.jpg, 0, 1
0dab9689-2c2d-4dc6-bb71-db1b6d82cb17_90_jpg.rf.d06e08bf65eb40e0740f3bb79b1e4e80.jpg, 0, 1
WIN_20221229_22_05_25_Pro_jpg.rf.d0786814d8e773e123c7ddff3ccc9859.jpg, 1, 0
WIN_20221229_22_44_11_Pro_jpg.rf.d074a08caf3fbfc294836f2c8a5c2927.jpg, 1, 0
90ecbd63-5a3d-4c6b-bd34-594c7c6a2d40_jpg.rf.d083fcda11444cb20c3915c638392b7a.jpg, 0, 1
a3f8b634-4b11-478d-bbfe-41a57317ad50_jpg.rf.d09ab29de65afb2711d792f390c4dd9e.jpg, 0, 1
69fc95bf-f644-4c92-8057-f05146da07f7_jpg.rf.d0906d12a54e72419ebf44422542b657.jpg, 0, 1
96d467c2-fa44-474b-9e64-88f1f265aeaf_225_jpg.rf.d08aeb88b1715758985ba4163b09c757.jpg, 0, 1
a4b1b05e-8f9a-4f68-98fe-52dd9e2a9663_225_jpg.rf.d0aecd04a5a49fe21df60ae49c207cf4.jpg, 1, 0
223d92bc-5ef8-450a-86d6-ab5d6e8c5b3e_225_jpg.rf.d0b036ce8b241112752c9c49cc9e8bf4.jpg, 0, 1
224748bb-08de-4a59-98e5-2bbef0629846_135_jpg.rf.d0ba19546472bbe2396a047f60ca5a07.jpg, 1, 0
15f5d196-2633-4a7b-9102-b33c659c6024_180_jpg.rf.d0bb98e3953fe9f4490562c169939026.jpg, 0, 1
WIN_20221229_23_29_36_Pro_jpg.rf.d0bf6e23c55c1ecf3c9be2cafd7f81b1.jpg, 0, 1
d2936fba-871f-4fbe-97da-b6e6e347e889_jpg.rf.d0cacd6d29cfe3b2ac0800c19530861b.jpg, 1, 0
66ba2553-31f1-473c-9602-d2df0c1bb3f0_jpg.rf.d0bd0873fe4e911d597f64275c4d3c1e.jpg, 0, 1
6cdbe5d2-04bc-4a25-b1a0-be0a00a136ae_45_jpg.rf.d0d4480951994e9a2272ce0bac94f9a7.jpg, 0, 1
2c59ee70-dc1c-4de3-83ab-aa36a5fb92c9_270_jpg.rf.d0d72a2a3698b4c4b219c1c49cb9f53a.jpg, 0, 1
91fd5e6d-6fa7-45ec-b8dd-a390713a150f_180_jpg.rf.d0d60bab2be1aa56420a714558eb94fb.jpg, 0, 1
96d467c2-fa44-474b-9e64-88f1f265aeaf_90_jpg.rf.d0e57b2c8e5a05a65f0c074dc169706c.jpg, 0, 1
44c7fb6b-7175-4aa3-98c2-9bc78d8a6f92_45_jpg.rf.d0eb21e89eb0c7b870be15593b02ecac.jpg, 0, 1
57ab1fc0-e755-40c3-82cb-cce0684f11f4_270_jpg.rf.d105986e627a261d4ac153867cd841b5.jpg, 0, 1
3c5c4ffd-e4d4-45b7-a07c-64e2f6788de2_90_jpg.rf.d1192e28794a0f6db97936fb447a092d.jpg, 1, 0
09e044e6-a2b6-4827-9853-beb7d392347f_225_jpg.rf.d119548545cd2da13497bae2dac34a3d.jpg, 0, 1
8e753e61-dd28-45b8-aa64-e6c1e71bd812_90_jpg.rf.d11ef1bcf91a7771529a7a2c95db6cbf.jpg, 0, 1
92fe0088-90bc-4eaa-8567-a9b3ad0645e8_jpg.rf.d11f59f9d0927dff7b174101bf576f78.jpg, 0, 1
41ab7cda-4c88-47b8-98da-0c6ee6e07325_45_jpg.rf.d13a1b79504486f5226ad60049cf7de0.jpg, 0, 1
93bde728-be7b-4af0-a18e-67f00d6fdcac_45_jpg.rf.d12a97a70bbeafc84a3881253ca042df.jpg, 0, 1
9cc65155-05ca-40b0-b813-2892c3ff04a4_90_jpg.rf.d123a35976f83d1b007b000031ee5c08.jpg, 0, 1
87ad76a7-bd79-4c43-86bb-4db4498e10f1_180_jpg.rf.d1490bee06182a8cb3faa46c063ec9de.jpg, 0, 1
WIN_20221229_23_00_12_Pro_jpg.rf.d14a31ca68662e86d0bde5a311c63ba3.jpg, 1, 0
2be59dd5-7793-413c-96cb-c40098eba6f6_45_jpg.rf.d13f319b9f3246c56d7f8c14dfb7f578.jpg, 0, 1
5064456d-d977-4c88-a2f7-613db1f3f19b_225_jpg.rf.d13e1ae4836ffe15f5744cd87ea54a99.jpg, 0, 1
25365714-d0ec-4a39-aba3-ea056e686ce9_180_jpg.rf.d14bae073e6bcd22bb95deb6b178b3f4.jpg, 0, 1
87595b49-d19a-4221-8418-57ee268de2d5_135_jpg.rf.d152eaeffc3983b3dbe6dc6ee552d7f8.jpg, 0, 1
b84b2bd1-353d-4da0-80e6-da6df7b611b8_jpg.rf.d150422b712de4e0412e883e39e7e64a.jpg, 0, 1
WIN_20221229_22_25_34_Pro_jpg.rf.d1655c6d45fe27cd94ab00f4f927281c.jpg, 1, 0
WIN_20221229_23_02_14_Pro_jpg.rf.d15f14b6b0467e95d0f81342f598d310.jpg, 1, 0
2b560df3-ff42-4546-a0bd-11ff2ca590e2_45_jpg.rf.d173c753b7e89f6df560ddce9742c3ec.jpg, 1, 0
4fac26f2-1588-4362-9e73-ffe2e8791cbb_45_jpg.rf.d175c40838461ae2f08f3c5feceefa3e.jpg, 1, 0
6181c79d-f063-4fa4-be90-ae376d6b3bdc_45_jpg.rf.d1532c7366bf98a43931c19420e63279.jpg, 1, 0
33dd040e-50b6-44e7-afc7-230da49bcf12_135_jpg.rf.d181f59046e4a9e6ea047571c9cfa97b.jpg, 0, 1
92009a81-ec1a-4dc0-99aa-c0898383287c_225_jpg.rf.d184f0ce6e1e39c775a19371429db68d.jpg, 0, 1
217fef04-2462-4dca-a170-f780b700b17e_180_jpg.rf.d17a970a892f7d034fb34969e6a13061.jpg, 0, 1
69fc95bf-f644-4c92-8057-f05146da07f7_jpg.rf.d185398b1d171a7b1e38fd813e903e25.jpg, 0, 1
d4ea5845-ed1c-4bcd-b615-557884bb64c2_180_jpg.rf.d186129cd883df05dcbd39d48032e4c9.jpg, 1, 0
4eddf419-3396-43d2-8b40-3ccecf2a2620_90_jpg.rf.d186757e2ce3f56dd022d31f2137d530.jpg, 1, 0
24a200ea-e903-4bcd-aee1-fb26e7bfd757_135_jpg.rf.d1ae04be4247dfb51295e543f5e145f4.jpg, 0, 1
66ba2553-31f1-473c-9602-d2df0c1bb3f0_jpg.rf.d188cc444e1e35f2d8ef038cca865fff.jpg, 0, 1
215be899-dd62-42e0-b42e-8331622f5b9a_45_jpg.rf.d1ba32c1498a1451b056e2487342c13c.jpg, 0, 1
d02674ec-4a90-43c1-9aba-1cf70300a55a_90_jpg.rf.d1ba90c7bc30b30996d734b41ab47026.jpg, 1, 0
ef757b72-613c-4d8f-b8e0-a3564581cb0f_225_jpg.rf.d1c0ed3954db34555a47bc75ffb02a27.jpg, 1, 0
33e3e3fe-8e37-4b4a-aa04-ad3864731632_45_jpg.rf.d1bdb8d8b8f6a39f6b2799c85a628bb1.jpg, 0, 1
811f5cf3-9a05-4b39-b1b3-174f31f7cec6_45_jpg.rf.d1c8090d770c0af3ad1ea240aedd977b.jpg, 0, 1
72a2b8f8-c7ca-4222-b2a1-9b82ac7990f4_135_jpg.rf.d1ca8deafe8b1d17bbeb116a4caa2c6e.jpg, 0, 1
2b3fa5f4-98bb-4565-b461-8ebc3db528ca_135_jpg.rf.d1d4495b2e957d529f76ed6bd3ed291c.jpg, 1, 0
WIN_20221229_23_24_31_Pro_jpg.rf.d1d51041a1b3926e8baa09eb3e580635.jpg, 0, 1
90dec1cd-f163-48fd-bcc4-58066e5acb09_90_jpg.rf.d1e5c91fd528624efbfb1caf442bab16.jpg, 0, 1
92810cd4-1652-4556-bc0b-b2e953449143_135_jpg.rf.d1d86a773b76ed60d136d09bc7cf65ae.jpg, 0, 1
WIN_20221229_22_54_55_Pro_jpg.rf.d1d6b4c8325f5b40a3960e70dfa17b0d.jpg, 1, 0
226b7023-757d-4c11-9b59-a0e8f02e5274_225_jpg.rf.d1f44e45d562e7767e4fd502dff8ffc4.jpg, 0, 1
WIN_20221229_23_09_58_Pro_jpg.rf.d1f6e6467ae534ceedb817c2530d3c1d.jpg, 1, 0
05693239-35bd-4086-b8c3-e7b6aa763b4f_45_jpg.rf.d1fd244a4c8f19d85df8395256f9ca34.jpg, 0, 1
WIN_20221229_22_25_34_Pro_jpg.rf.d20cdcd31da674c687f04e939ea1ea63.jpg, 1, 0
90ecbd63-5a3d-4c6b-bd34-594c7c6a2d40_135_jpg.rf.d2078f9ffa0334764e8dcc61f03c6d73.jpg, 0, 1
WIN_20221229_22_42_36_Pro_jpg.rf.d2166a177c6d593950495107957272bf.jpg, 1, 0
92810cd4-1652-4556-bc0b-b2e953449143_45_jpg.rf.d2203fe4b30ca48c71bfe55469b2f7b6.jpg, 0, 1
WIN_20221229_23_32_15_Pro_jpg.rf.d22f22abafd2551c351390387358403d.jpg, 0, 1
a70cfd80-0fa8-48c8-ab56-7f7cc8b0bb9b_45_jpg.rf.d22a8f1bfb18b39964615c86315dbb06.jpg, 0, 1
687de30d-714c-4d10-9b23-998af950a13a_270_jpg.rf.d24c83fcd15ac4d26d62afd7bf6a4019.jpg, 1, 0
WIN_20221229_22_52_24_Pro_jpg.rf.d256f7398df2031f241d2e2c80ef3dc4.jpg, 1, 0
8ddce3ce-bc64-4942-93aa-940868007f64_180_jpg.rf.d2466664a9ef5d8fe635d7bc727f527b.jpg, 0, 1
5522f66d-ad72-48d5-9767-5e7b23f6a206_45_jpg.rf.d257acdf256cb3b6894a3035a353a82e.jpg, 1, 0
70be0397-922c-4185-bb84-728b59ab25f8_270_jpg.rf.d262429e732110f6d68050cd30a56f72.jpg, 0, 1
507e6cd8-2041-47e5-b174-28a6d9328985_135_jpg.rf.d268c74427d24fd7f19c4e7d5b9b19a6.jpg, 0, 1
8d331829-b225-451b-8aaa-89058c62faf5_90_jpg.rf.d26e969bd5e2dd0883e955ffe92d9d1b.jpg, 0, 1
9765b374-f3eb-4a26-903c-90d85bc9fe0a_270_jpg.rf.d2663ae2f78a6adb1639451e9bd7c463.jpg, 0, 1
WIN_20221229_22_48_59_Pro_jpg.rf.d2914f034f65d21134375bb0298dba2b.jpg, 1, 0
WIN_20221229_23_33_10_Pro_jpg.rf.d28acaddf0061e0398def1ea9d7e7581.jpg, 0, 1
WIN_20221229_22_13_29_Pro_jpg.rf.d2731ad849285e2777f732a2b790542b.jpg, 1, 0
9fc543ac-91f3-43f6-8df6-28bb9709a3e6_90_jpg.rf.d289eaff10329ddee9686d6a6c27790f.jpg, 0, 1
72a74631-171a-4cf4-b978-58f358afa95c_135_jpg.rf.d29d8d40c4299a3e2ccd64bd31777a2b.jpg, 0, 1
53f913e3-941b-4772-8446-2bad471e22b0_180_jpg.rf.d2967434a0c00015745f149a99ffd451.jpg, 0, 1
WIN_20221229_22_06_00_Pro_jpg.rf.d293c5bd32207cf8319db57fbcc687d4.jpg, 1, 0
488a316b-07fc-410e-a5fd-84f831acc653_135_jpg.rf.d29cdeb54db50c7bd47395a99cbd7009.jpg, 0, 1
0df87bae-ddf0-49e3-97af-b371d8544547_270_jpg.rf.d2ac85c05ab8cf642bc44ffe848425e5.jpg, 0, 1
66c7508a-f4ff-4af6-a91b-5f33d3c4d20d_45_jpg.rf.d2d10820e3e46eb1ff11caa61fa5ca8b.jpg, 0, 1
41ab7cda-4c88-47b8-98da-0c6ee6e07325_180_jpg.rf.d2bc0f6d029eb8a81187be5bf350a347.jpg, 0, 1
87ad76a7-bd79-4c43-86bb-4db4498e10f1_90_jpg.rf.d2cc9bf4ce632f015df23a3dbd0d5ffb.jpg, 0, 1
6fb259e3-002e-473c-a2bc-4a9f48c1ebe7_135_jpg.rf.d2eda03b0229d433e5a1fb962224ff1f.jpg, 1, 0
0d2a4a7e-7b37-49eb-9ad6-8faaf457ad82_135_jpg.rf.d2ee9675d35bb3c82b3707b2a0f80384.jpg, 0, 1
96d467c2-fa44-474b-9e64-88f1f265aeaf_135_jpg.rf.d2d4df578062b78a9aa44a72562954f2.jpg, 0, 1
ba23ca74-9f22-43fe-8e97-1aaac5891d8d_225_jpg.rf.d2e8fc938830b4e52d4343883ca93602.jpg, 0, 1
d6faa4f5-e419-4c2d-b0be-316f48d5464a_45_jpg.rf.d3243b52f83e5353fda75473cd3bbf57.jpg, 0, 1
72ab964e-0b95-46ec-a135-1890eb300c53_270_jpg.rf.d338c0930c46661fe70cdb9d13615390.jpg, 0, 1
24522061-cd21-4507-92da-432712838d1d_135_jpg.rf.d307f8a9812d9281e793d9b4169d7ec9.jpg, 0, 1
92810cd4-1652-4556-bc0b-b2e953449143_45_jpg.rf.d336d488ca490f6d4c2035080b6ec413.jpg, 0, 1
90dec1cd-f163-48fd-bcc4-58066e5acb09_270_jpg.rf.d33d150cf2e96edfeaa2879da9a68d8d.jpg, 0, 1
52c230c2-20b1-4769-978c-d0a859364b3e_225_jpg.rf.d34965f26197a9ba26316a28ebe8e8e3.jpg, 0, 1
764af58e-c590-444a-aefd-b4bc11f74c40_225_jpg.rf.d3515c4a9f78258bbd4fd7320a56b451.jpg, 1, 0
7ebb4762-7de4-4754-8cd2-2d4f743f512c_180_jpg.rf.d33d48c63d340ca047ffe1e682235e48.jpg, 0, 1
2d398321-1a08-4aec-98b9-eb3301da9d79_90_jpg.rf.d36a1b3998f2eba30e3bec1ad2f280c8.jpg, 0, 1
6181c79d-f063-4fa4-be90-ae376d6b3bdc_45_jpg.rf.d353578d1e7a8edfdb8bffd212facdda.jpg, 1, 0
217fef04-2462-4dca-a170-f780b700b17e_180_jpg.rf.d36d19762d8a8fd9d40a6d7219e94061.jpg, 0, 1
9dbe8a30-979a-4722-a1a9-712f4ecbb2a6_jpg.rf.d39555e7c13fdca675a4fdf221c941fe.jpg, 0, 1
WIN_20221229_23_33_53_Pro_jpg.rf.d37331263623ed0b87ac842e7cafc1b7.jpg, 0, 1
5d06dc79-9d5c-46d0-a720-e4898e65949c_180_jpg.rf.d39727e48178475be1a418a6ba669c09.jpg, 1, 0
4d510781-6fad-4149-909f-5b3615711984_135_jpg.rf.d3aa46151db366664e335cc53fc1b2b3.jpg, 1, 0
87ad76a7-bd79-4c43-86bb-4db4498e10f1_270_jpg.rf.d3a2c13c8ef17ba5d2d0bbeb3ed183c0.jpg, 0, 1
87e64a68-c898-4474-bd57-1e570902862f_45_jpg.rf.d39e46864f76c681b813afedeb2a8958.jpg, 0, 1
33e3e3fe-8e37-4b4a-aa04-ad3864731632_45_jpg.rf.d379121d29c0331884f873c416c17a9e.jpg, 0, 1
1ab90226-8889-4bcd-ad0c-ea01fedaaffd_180_jpg.rf.d398fae7502f1f3d38811175b5d95e20.jpg, 1, 0
0c4d65e5-1985-47b2-8252-616ed898bd7c_180_jpg.rf.d378335bfe0dfd809857fce52007dc55.jpg, 0, 1
91e77c81-f2eb-4358-81d6-eea2509ae443_225_jpg.rf.d3ba5eba79fe8f209c5006c15b6c5501.jpg, 0, 1
1f4613ea-1b60-4092-876c-1a474a8c51b9_135_jpg.rf.d3b4e9b27d31cc4642ceace101e9017b.jpg, 1, 0
adcb9cef-245f-4674-bd16-4c8ad789d0a8_90_jpg.rf.d3c2918775d56786a58389dcea8a7a65.jpg, 0, 1
15fd3442-e84f-4c27-952b-ec415fe777d6_180_jpg.rf.d3d69a804343fa5716d556022a6c06a3.jpg, 0, 1
2b3fa5f4-98bb-4565-b461-8ebc3db528ca_270_jpg.rf.d3e37424aaf0d3d4c65fe4a98480bbdc.jpg, 1, 0
56863d51-82dd-432b-808a-bb09a5e65be6_45_jpg.rf.d40fcb288dbba7b156cdc21c0c87d42a.jpg, 0, 1
WIN_20221229_23_27_32_Pro_jpg.rf.d3eec406f4dc83ad52ec08bd38992403.jpg, 0, 1
98cb62e4-f491-47c7-b871-9d1aeeac307e_jpg.rf.d416ff1decf77280c09d061645830541.jpg, 0, 1
WIN_20221229_23_24_00_Pro_jpg.rf.d41892f926f2ebbbfee8e2ca2b94f3e5.jpg, 0, 1
WIN_20221229_22_29_47_Pro_jpg.rf.d4134b6e1d5a8f6909b4f13e7cae1ee9.jpg, 1, 0
WIN_20221229_23_33_53_Pro_jpg.rf.d3feef24e32058244542965718e13070.jpg, 0, 1
5671fc02-681e-4da8-826f-c1a0b2dc5870_180_jpg.rf.d4223e4e21c2acb6ba294096e35bdac8.jpg, 0, 1
96f68346-9256-416a-a050-9ec4b750ccc6_90_jpg.rf.d423e9a781081ee9871fca1c40c96b60.jpg, 0, 1
82743c35-e968-47ee-93f6-95270352fe13_45_jpg.rf.d43424ef8e8969f871a2d4511cbf7f67.jpg, 1, 0
642d6f5f-fa24-4c18-b7b2-6b24334629a3_225_jpg.rf.d43ec96d0735ef93bafc640c551d6857.jpg, 0, 1
WIN_20221229_23_27_05_Pro_jpg.rf.d43a79d2e637790d3072f50fabc056de.jpg, 0, 1
2d6fa448-2f18-4db5-a942-7097acff076a_45_jpg.rf.d44957c2affc5707675e88e961254acc.jpg, 1, 0
24a200ea-e903-4bcd-aee1-fb26e7bfd757_225_jpg.rf.d445299348725065480b94b484a3ea71.jpg, 0, 1
5aa96b87-9a19-4beb-971d-21bde07a9a0b_jpg.rf.d4462c06232b7dfec3730799aeb4da06.jpg, 1, 0
91c2e56d-2549-4574-9414-86aa17e84ef4_jpg.rf.d450f33bf7e82bdb5e498c9feeb36742.jpg, 0, 1
92009a81-ec1a-4dc0-99aa-c0898383287c_180_jpg.rf.d456179ac91ef279f9321fcc16204242.jpg, 0, 1
52fd332d-b13d-4675-8292-bfb533d39432_jpg.rf.d4546d316dcf3044293d0a53d1916c5b.jpg, 0, 1
WIN_20221229_22_58_25_Pro_jpg.rf.d45a18bbb0162bab648f7eeb5fa25310.jpg, 1, 0
233af445-c0e5-4bb1-ad5f-743becd76cab_45_jpg.rf.d45bdc92e17705202a99556114c4b056.jpg, 0, 1
4fac26f2-1588-4362-9e73-ffe2e8791cbb_225_jpg.rf.d465a440aba67bfbad43a47c0151a1ba.jpg, 1, 0
72ab964e-0b95-46ec-a135-1890eb300c53_90_jpg.rf.d45fa6543b8fd40fb8a80066a9297440.jpg, 0, 1
6b316208-fce5-4562-a45b-736f29a3a697_90_jpg.rf.d4716abac19c0f263cc6c6ac13d0affc.jpg, 1, 0
WIN_20221229_22_49_53_Pro_jpg.rf.d47a06e931e28c3d17bfd6e5987c717a.jpg, 1, 0
2b3fa5f4-98bb-4565-b461-8ebc3db528ca_225_jpg.rf.d474db2b5d0861584f8c8b48e2873f9e.jpg, 1, 0
57ab1fc0-e755-40c3-82cb-cce0684f11f4_90_jpg.rf.d488ab02ce5d009e66ecbd1f4224aa9d.jpg, 0, 1
9ef0276c-3a70-4027-8d1d-2503df2e9f56_225_jpg.rf.d47efaee51a34daaa31eb8bc93ee696d.jpg, 0, 1
2c59ee70-dc1c-4de3-83ab-aa36a5fb92c9_180_jpg.rf.d499cb2ac345466c358d41d5fc9601e0.jpg, 0, 1
5a3117dc-7932-4c34-ae3f-e5867c98ee0a_270_jpg.rf.d49cea2a8cdd22ed7ab16b5b6f43452c.jpg, 0, 1
44c7fb6b-7175-4aa3-98c2-9bc78d8a6f92_45_jpg.rf.d4a7930806b11d20b7ab70a1eb46dc72.jpg, 0, 1
9ec72020-824e-4c15-b633-cba42d080364_45_jpg.rf.d4b2de1a93d50d7b198acdae2bd208d6.jpg, 1, 0
96383b0f-647d-4d8b-aae4-c525fb9365d6_jpg.rf.d4b1e3390b44aaea9ea1ad5a52d825a8.jpg, 0, 1
15fd3442-e84f-4c27-952b-ec415fe777d6_225_jpg.rf.d4b3eb7da71f21066471f08aac29c923.jpg, 0, 1
52c230c2-20b1-4769-978c-d0a859364b3e_90_jpg.rf.d4b915512716f65a0f728ca8389b3e5b.jpg, 0, 1
0dab9689-2c2d-4dc6-bb71-db1b6d82cb17_180_jpg.rf.d4bf4b50a9191cd13ffbac0a0ed4449d.jpg, 0, 1
cfed691e-4738-45c4-a2bd-65fc9d5c2da8_225_jpg.rf.d4c2d18e6af523e21718745c6d5b7e9a.jpg, 1, 0
c6d5a9cd-56bd-4e1a-9ca8-c3562c8140f8_45_jpg.rf.d4d8a3a1488ab319e93885d039661550.jpg, 0, 1
9ef0276c-3a70-4027-8d1d-2503df2e9f56_225_jpg.rf.d4d8cf0bd400fca03683dca65ca0b21a.jpg, 0, 1
75fea9b7-7c08-4ea2-bb8d-50096fdf774b_180_jpg.rf.d4defe0aeebf11c7788f77bdaf1ee387.jpg, 0, 1
764af58e-c590-444a-aefd-b4bc11f74c40_45_jpg.rf.d4d64e9dff652654314cc2e920a1be35.jpg, 1, 0
92810cd4-1652-4556-bc0b-b2e953449143_90_jpg.rf.d4df2a45a1c3c58ce5330d921c2265e0.jpg, 0, 1
c6d5a9cd-56bd-4e1a-9ca8-c3562c8140f8_180_jpg.rf.d4e4d3e2f38f4b7f934319f8ffc689b3.jpg, 0, 1
2eae8682-54b6-40b7-9684-d956300a4077_225_jpg.rf.d4eb03509a7ebd32852a907c5aa1e3be.jpg, 0, 1
9cb97279-36f3-438c-97d5-91da39c4e13a_225_jpg.rf.d4e92d8ca83e48d7bc5b3e5f0914c0a0.jpg, 0, 1
6bb51206-67ec-431b-8484-93739b1fddad_jpg.rf.d4ef55f1e50be459380955d3005a7cec.jpg, 1, 0
ba25564d-c23a-450d-b0af-a191ed900fb1_180_jpg.rf.d4f6353e9b8fea727f71370899a4e5a7.jpg, 1, 0
WIN_20221229_23_35_54_Pro_jpg.rf.d4fb3133b9a0d52318fc49f172e71d6d.jpg, 0, 1
6bb51206-67ec-431b-8484-93739b1fddad_135_jpg.rf.d50043e55a2bc898479ed730ee96618a.jpg, 1, 0
WIN_20221229_23_20_03_Pro_jpg.rf.d505d58670edd07a55f920dfe0ff74f3.jpg, 1, 0
bd17953c-5cc6-4fc5-8ade-fd7ece53be19_jpg.rf.d51316d23e186e68c7490398506b0130.jpg, 0, 1
WIN_20221229_22_58_25_Pro_jpg.rf.d51369154573cbb9137adeedbd3b2395.jpg, 1, 0
223d92bc-5ef8-450a-86d6-ab5d6e8c5b3e_225_jpg.rf.d50e139b2db2e5a0a6fefe0ae35b3dab.jpg, 0, 1
228a8b47-9459-4326-898b-1c5953d755b4_jpg.rf.d5181628d7f929e1976c79e92c13be9c.jpg, 0, 1
665aeca5-e68c-49d3-ad8d-5755fad74dcf_jpg.rf.d51a4abc8301ede2340ea2aadf494d77.jpg, 0, 1
WIN_20221229_23_32_04_Pro_jpg.rf.d5238835b156611ae0cf2837d25c3159.jpg, 0, 1
589950d7-088b-4c4b-abc1-9b824671ec8f_225_jpg.rf.d519fa28324085bae1e2e8362a2fa3a5.jpg, 1, 0
b84b2bd1-353d-4da0-80e6-da6df7b611b8_225_jpg.rf.d530f0ca8d284bbb06ec5567c6eefcaf.jpg, 0, 1
70be0397-922c-4185-bb84-728b59ab25f8_45_jpg.rf.d537256f368db41d9d9f2e824b57c425.jpg, 0, 1
2bf615ea-7241-4861-82d7-bb74c8b5dfba_jpg.rf.d53e6e2e0ae695a1479cfcd60bc94637.jpg, 0, 1
WIN_20221229_22_03_41_Pro_jpg.rf.d5359614c3d5b3ac14fba250ffd17add.jpg, 1, 0
aa8cc596-1881-4e18-a73f-fe60f6a6a031_225_jpg.rf.d542baeeb0b348ec18b71be910d290be.jpg, 0, 1
66ffa488-289b-4188-afe1-7764a1a1bb1a_45_jpg.rf.d544afe3812081b4b2890b393d10da44.jpg, 0, 1
09f44886-0cae-43b1-97fe-d8055d8d3616_225_jpg.rf.d5469ebcdf30a07c8ac7cca8316c0620.jpg, 0, 1
b84b2bd1-353d-4da0-80e6-da6df7b611b8_90_jpg.rf.d546ef056f4ea6443dedc47a41641e1c.jpg, 0, 1
6cdbe5d2-04bc-4a25-b1a0-be0a00a136ae_225_jpg.rf.d548182acd339189eee0c62874bb9d1d.jpg, 0, 1
ae88b11a-3c51-46c9-a74f-4f141d73ed73_jpg.rf.d5482eb46111333936170f18dbfb0f52.jpg, 0, 1
a8ba45d9-69a1-4fc4-a6c3-74c50107e59c_45_jpg.rf.d54b63a004017e7c4286fa620c719fe6.jpg, 0, 1
40cbb123-b3d1-4546-aa26-2fdd1090b075_jpg.rf.d550b8667b6fef90121ec309e439b311.jpg, 0, 1
108ca99a-5abc-4dca-8e9e-ad3551748f1a_90_jpg.rf.d55a823ae4b33de61e83b97942ee0f5b.jpg, 0, 1
5064456d-d977-4c88-a2f7-613db1f3f19b_jpg.rf.d55a91df0c69a5487c3a13523d923bcd.jpg, 0, 1
52fd332d-b13d-4675-8292-bfb533d39432_270_jpg.rf.d56db0ec0c8c863d692522833044aaa5.jpg, 0, 1
2a99660b-f767-40aa-937f-c4cd68d2ceac_135_jpg.rf.d565576567470cf271b53932717fe1be.jpg, 0, 1
4dbf4259-4cc3-4ff3-8768-970703c6c8f9_45_jpg.rf.d576cf812a7efc3b5f4930b4920e357f.jpg, 0, 1
0c4d65e5-1985-47b2-8252-616ed898bd7c_180_jpg.rf.d577ae807fcc131edef1dc546f579d1d.jpg, 0, 1
499ce0e3-7fe4-4fd4-bd8a-5aa00aab3f43_225_jpg.rf.d578b6b2b746067c8969e8f4f1d5dea7.jpg, 0, 1
085c4ff0-ec11-44e6-b865-d4a8e163bcee_45_jpg.rf.d56dfb2407acfd4c5e052b5810fcdfaf.jpg, 0, 1
a36b24dc-58f1-4270-b642-3bb7ec46de0f_135_jpg.rf.d57e1e59119ecfc0c8279698fb22eceb.jpg, 1, 0
66ba2553-31f1-473c-9602-d2df0c1bb3f0_225_jpg.rf.d5819f7f29604f729326a8a72c4328b3.jpg, 0, 1
a4b1b05e-8f9a-4f68-98fe-52dd9e2a9663_180_jpg.rf.d59ac3f5c681e8887618283a036cccc8.jpg, 1, 0
WIN_20221229_22_23_56_Pro_jpg.rf.d5820fa4985f373e02398ded998e1157.jpg, 1, 0
WIN_20221229_23_00_48_Pro_jpg.rf.d59b0552d8de4cbf35acddee6078c942.jpg, 1, 0
WIN_20221229_22_33_47_Pro_jpg.rf.d5a1b0d450f8319817bf129859defe97.jpg, 1, 0
217ac982-fddf-49ae-a311-27cf800d10f0_45_jpg.rf.d5a400722939e0a166a35f4d9cbd62b1.jpg, 0, 1
2eae8682-54b6-40b7-9684-d956300a4077_90_jpg.rf.d5a9b7c7eb7fae71583bf5194d53b16a.jpg, 0, 1
92787dc3-1720-41c4-8acc-5c7f3fda0fa5_90_jpg.rf.d5b00436faeab0079a41b1c59f5fcacc.jpg, 1, 0
WIN_20221229_23_01_47_Pro_jpg.rf.d5adbad4ff14ce183ca69fbd58e68586.jpg, 1, 0
aa8cc596-1881-4e18-a73f-fe60f6a6a031_225_jpg.rf.d5bd8793757352f051eb6dcfb1b4e8c6.jpg, 0, 1
014bcc0a-10c7-41eb-80eb-e2f62bb652b3_jpg.rf.d5cd9841590f24aac849ec1b242c2b26.jpg, 0, 1
84c8c90b-b9c3-4290-bdff-f1946a11050a_135_jpg.rf.d5d02a803000328b158ea47cd18c8005.jpg, 0, 1
4dbf4259-4cc3-4ff3-8768-970703c6c8f9_90_jpg.rf.d5dffab0e4ded6a5203f4390b77bf5c9.jpg, 0, 1
92787dc3-1720-41c4-8acc-5c7f3fda0fa5_jpg.rf.d5c89fef003625be118e504a80ca285e.jpg, 1, 0
8ddce3ce-bc64-4942-93aa-940868007f64_180_jpg.rf.d5e3996237e695bfcd117b7c51ee01a4.jpg, 0, 1
WIN_20221229_23_03_47_Pro_jpg.rf.d5e5706ca137ef6ba99cb1ccf7c2e3cd.jpg, 1, 0
afd3edfe-e4fe-4715-8429-5af060c5f0d9_225_jpg.rf.d5f254eb87a2c674dfaa3eeb0a71479b.jpg, 0, 1
8dfde29c-73a0-4bd6-a788-0a31baf572a0_225_jpg.rf.d5ff75eb054a9b75ed4b3c9d4b442923.jpg, 0, 1
0327f441-9a02-40a9-b280-251440ad4cec_jpg.rf.d601389ecd313ff7d159d2c5fb7a0251.jpg, 0, 1
0fbac742-48ee-4857-ab82-3318c8fbdcb8_225_jpg.rf.d602aeeba3dce8ff522da1c0a170ac0f.jpg, 0, 1
97e4c08e-3475-4d77-8b54-a2231e38f6a2_jpg.rf.d602e8d65f8e497fa4fbade06681b1bf.jpg, 0, 1
6343bade-4271-437b-84ea-e9756e715080_225_jpg.rf.d60958c61d2c866e12f78120d5c695a7.jpg, 0, 1
92a893f4-8dd5-4f4a-9864-08811d4ed00a_45_jpg.rf.d6153197cb3f728074f563b12f31774b.jpg, 0, 1
afd44643-9287-4080-934f-7a13c66d9bfd_225_jpg.rf.d60c604991ed19281d434607f2e69aab.jpg, 0, 1
92a893f4-8dd5-4f4a-9864-08811d4ed00a_135_jpg.rf.d622cac031ced2c089a0b52dd434c7a7.jpg, 0, 1
84f05969-c971-4d44-8df4-3a80a71a545d_225_jpg.rf.d62f3a2c805478a67e50f61ef9e17e5d.jpg, 0, 1
226b7023-757d-4c11-9b59-a0e8f02e5274_45_jpg.rf.d6246f2d469a766ab6ca7b07d97a06a1.jpg, 0, 1
3fa757aa-5f48-4acc-b2d9-edf0d584d79a_90_jpg.rf.d635b3617c2609b1d8575c8139dba747.jpg, 0, 1
90dec1cd-f163-48fd-bcc4-58066e5acb09_180_jpg.rf.d63a97d257c687b043598c8d29fa591a.jpg, 0, 1
WIN_20221229_22_41_07_Pro_jpg.rf.d63deaf5e654409a1e162e97bf410ecb.jpg, 1, 0
d02674ec-4a90-43c1-9aba-1cf70300a55a_225_jpg.rf.d63c933d2188ad2d3a9845e0969a448a.jpg, 1, 0
226b7023-757d-4c11-9b59-a0e8f02e5274_135_jpg.rf.d636d1376020000d323b9b8cbfefde9f.jpg, 0, 1
41cfc0a3-c4ad-4285-9951-7a37d79f1c17_225_jpg.rf.d60ca8a475ec7db5cea6ce52743b0ee2.jpg, 0, 1
76d57cee-bb5c-4631-b737-fe16b92c2a28_135_jpg.rf.d64115618ff6dbc645eab49a1447abb1.jpg, 0, 1
589950d7-088b-4c4b-abc1-9b824671ec8f_45_jpg.rf.d63e29c59a9233b06af6325d49e88fa4.jpg, 1, 0
5d06dc79-9d5c-46d0-a720-e4898e65949c_jpg.rf.d6597f70f160a70f7593b7bee4b6cd5c.jpg, 1, 0
61e87bb2-b69a-4d10-afa1-6c1a3d0291df_jpg.rf.d6682ae4b35554ed7914de63ac1df660.jpg, 1, 0
WIN_20221229_22_06_00_Pro_jpg.rf.d66dcc6de337a0f14420af743a0e47f9.jpg, 1, 0
223d92bc-5ef8-450a-86d6-ab5d6e8c5b3e_225_jpg.rf.d66c904678c4e338ab4c2197ffef3684.jpg, 0, 1
9dd803f6-3218-4e96-ad6e-55b3d36e8470_90_jpg.rf.d67917ecb16d2ae34e5ae2ce7095c85b.jpg, 0, 1
6cdbe5d2-04bc-4a25-b1a0-be0a00a136ae_270_jpg.rf.d66f7a94fb29e5d812e67a7975286bd4.jpg, 0, 1
16117db8-0d07-4950-b684-370b7d0813ec_135_jpg.rf.d67e9b35aa74e1951230ec0dd34de028.jpg, 0, 1
WIN_20221229_22_24_12_Pro_jpg.rf.d6898f874ce4877f046c8efe1c074d56.jpg, 1, 0
92a893f4-8dd5-4f4a-9864-08811d4ed00a_270_jpg.rf.d699e4cf6134692895e550292df23e02.jpg, 0, 1
WIN_20221229_23_30_43_Pro_jpg.rf.d698547f2bb32d2dfba937e51890c4ad.jpg, 0, 1
90dec1cd-f163-48fd-bcc4-58066e5acb09_45_jpg.rf.d69abd2fa1d7cdeb608fad36b3bfb006.jpg, 0, 1
a936c90a-8f24-4289-b10b-4830ac9f3019_180_jpg.rf.d6a725712786f4d623310a32a5fe0ca8.jpg, 0, 1
ac755961-63a0-4e01-b87e-eacd0b5d7899_45_jpg.rf.d6ad7f9f93f951465973a8158480997e.jpg, 0, 1
5d06dc79-9d5c-46d0-a720-e4898e65949c_90_jpg.rf.d6b184228d22909ea34f66d1feced294.jpg, 1, 0
ccd5cdb4-3df2-4b3b-833b-3bdc7d43ee4d_270_jpg.rf.d6b5251e829f5c1e845985ef87cc8dac.jpg, 0, 1
507e6cd8-2041-47e5-b174-28a6d9328985_135_jpg.rf.d6b4693249b4067a3e0684b561b2ffbc.jpg, 0, 1
54619429-78f2-42b3-b007-8ea9c0984c4b_270_jpg.rf.d6ba97aad7cc647ccdd8e176a53563aa.jpg, 0, 1
9ec72020-824e-4c15-b633-cba42d080364_45_jpg.rf.d6bcf1c2e714a38338191d316c62845b.jpg, 1, 0
WIN_20221229_23_06_55_Pro_jpg.rf.d6be1cabc81a856ed8f35ece00c0d1cf.jpg, 1, 0
57ab1fc0-e755-40c3-82cb-cce0684f11f4_135_jpg.rf.d6c0cdfc8bbe4e0e2a9721220ff06b46.jpg, 0, 1
9aa3d151-a2d6-4d13-ad4f-f133f4552c4f_270_jpg.rf.d6c642d7c05352e8d9045ddaaed1eaec.jpg, 0, 1
16117db8-0d07-4950-b684-370b7d0813ec_180_jpg.rf.d6ca7e701f6e261ac10510ba8af1e43a.jpg, 0, 1
680cc473-598d-49e7-847e-6b8c099e14fc_135_jpg.rf.d6cbdd7f42faa6139d028e7c8c508ccd.jpg, 0, 1
a8ba45d9-69a1-4fc4-a6c3-74c50107e59c_270_jpg.rf.d6cc7f692146199a3811af645287358b.jpg, 0, 1
15fd3442-e84f-4c27-952b-ec415fe777d6_90_jpg.rf.d6ccf783b1f176d1dd106aa12fb3e74f.jpg, 0, 1
085c4ff0-ec11-44e6-b865-d4a8e163bcee_90_jpg.rf.d6daac4e82844450fce20bec3a414290.jpg, 0, 1
d2936fba-871f-4fbe-97da-b6e6e347e889_135_jpg.rf.d6d9b8f9a6a29ef57fcd9e481bbc0c2c.jpg, 1, 0
7ebb4762-7de4-4754-8cd2-2d4f743f512c_225_jpg.rf.d6db277a9bd1e090d2cc1e45b1105a20.jpg, 0, 1
1d4ead22-cc06-4fa2-9784-d9257f24ef86_jpg.rf.d6e673e6091e27a3e99ef2fb12113162.jpg, 0, 1
215be899-dd62-42e0-b42e-8331622f5b9a_180_jpg.rf.d6ea9b31e578106c6ee26f49651dc5c2.jpg, 0, 1
a70cfd80-0fa8-48c8-ab56-7f7cc8b0bb9b_270_jpg.rf.d6eea83f8f3676491ee1388ddd59748d.jpg, 0, 1
2b3fa5f4-98bb-4565-b461-8ebc3db528ca_45_jpg.rf.d6dbf395498adcc13a633b8bc94e1f18.jpg, 1, 0
d4ea5845-ed1c-4bcd-b615-557884bb64c2_270_jpg.rf.d6f927aecdab406d54a829bc512a380c.jpg, 1, 0
09e044e6-a2b6-4827-9853-beb7d392347f_270_jpg.rf.d7049093135a24dcea530cca14462362.jpg, 0, 1
01b9d47e-ecba-48fd-a83f-ece6e05995fc_45_jpg.rf.d7100bbbb4d3ec03ed53496a4a79148f.jpg, 1, 0
9cb97279-36f3-438c-97d5-91da39c4e13a_45_jpg.rf.d7116c4bef04693798c258e886bf85d3.jpg, 0, 1
2d398321-1a08-4aec-98b9-eb3301da9d79_270_jpg.rf.d71232999433b55ee3dadc10f5f92051.jpg, 0, 1
a70cfd80-0fa8-48c8-ab56-7f7cc8b0bb9b_90_jpg.rf.d71377b22f4e9a904d55e66bb408b916.jpg, 0, 1
345b8a93-c7d2-4b34-9e0c-90f2561ada84_270_jpg.rf.d7195da832cfef02f7ebf8af0d2dacda.jpg, 0, 1
488cb81f-a17e-44b8-bd1b-0e709bee4a92_135_jpg.rf.d719492695950fec202dd7120df52097.jpg, 0, 1
WIN_20221229_23_36_07_Pro_jpg.rf.d71b50abaad8970a31a36091903ff017.jpg, 0, 1
adcb9cef-245f-4674-bd16-4c8ad789d0a8_jpg.rf.d7221a1c6b84844dcee9341fc54187c0.jpg, 0, 1
3fa757aa-5f48-4acc-b2d9-edf0d584d79a_45_jpg.rf.d725aef6c1374e0ce3b3ad864b19567b.jpg, 0, 1
d2936fba-871f-4fbe-97da-b6e6e347e889_jpg.rf.d728019d97a37c10084a92c955466c65.jpg, 1, 0
91fd5e6d-6fa7-45ec-b8dd-a390713a150f_jpg.rf.d72889c0ef300ad36ba3a4ffb6d07c20.jpg, 0, 1
9a5fc62c-6820-4cb6-ba66-1063e612d144_270_jpg.rf.d72c97f8c147f87f6fbb8d2074725e43.jpg, 0, 1
WIN_20221229_22_10_20_Pro_jpg.rf.d72e816309d14f0bdd171718c56b6e4f.jpg, 1, 0
4eddf419-3396-43d2-8b40-3ccecf2a2620_45_jpg.rf.d74dcd6062795f126af8ef1a24a7a1f2.jpg, 1, 0
0d2a4a7e-7b37-49eb-9ad6-8faaf457ad82_45_jpg.rf.d753d3b860b685ec4c28ea136bb22bd2.jpg, 0, 1
WIN_20221229_23_19_00_Pro_jpg.rf.d74a9c98391ecaa0bb5bf33c663f44a0.jpg, 1, 0
52fd332d-b13d-4675-8292-bfb533d39432_45_jpg.rf.d75616e684ae42050618c43257da2a43.jpg, 0, 1
4d510781-6fad-4149-909f-5b3615711984_135_jpg.rf.d75a721d167dfd267cb612f495e66fc9.jpg, 1, 0
WIN_20221229_22_11_22_Pro_jpg.rf.d75e5e6c5ea6334584b202f6baa5d57a.jpg, 1, 0
868aed84-639d-46d3-9f59-3d71ba702ea0_180_jpg.rf.d7645085a8240ad7369118eab8e55a5d.jpg, 1, 0
70f70f97-4a9e-4d42-a08b-3b7d1b9abef8_270_jpg.rf.d77104fce2e6d2db87de196228d58e8c.jpg, 0, 1
507e6cd8-2041-47e5-b174-28a6d9328985_270_jpg.rf.d76a2721cd446de9f54ac3d9b4bcc9ba.jpg, 0, 1
a1690e8a-68f2-42fa-b0a0-6c59cc895c84_225_jpg.rf.d774bce2f278298441a3210972b3ca97.jpg, 0, 1
6bb51206-67ec-431b-8484-93739b1fddad_225_jpg.rf.d774f62802f59205402087c394fdef35.jpg, 1, 0
WIN_20221229_22_16_31_Pro_jpg.rf.d77699a1c96a69138acaca91cdc6376d.jpg, 1, 0
611513d3-0fb7-4068-8cd8-68a9bdb056c4_135_jpg.rf.d77dd7b48a405ae0ed0fc2fd57b11b8f.jpg, 1, 0
5671fc02-681e-4da8-826f-c1a0b2dc5870_90_jpg.rf.d783ac6746a650bd32a3c41bd78d7511.jpg, 0, 1
503a19e2-d693-4ab0-aae9-9181b1789a94_135_jpg.rf.d7892d42eca01150b6a3db3eeeabdefd.jpg, 0, 1
859bbe6e-7f46-4b86-acd1-86fea679de36_90_jpg.rf.d795b9967eb88681270f8a5b9b048d6e.jpg, 0, 1
91c2e56d-2549-4574-9414-86aa17e84ef4_225_jpg.rf.d7a748b420886ca342dd860ff83d41e1.jpg, 0, 1
WIN_20221229_23_32_28_Pro_jpg.rf.d790166051c4d76bd58b5fd003c81772.jpg, 0, 1
6f8a29a3-8b83-47d6-8a5b-7baf97fd4469_jpg.rf.d7a8b459c537c73dadb0ec0e295a33f6.jpg, 0, 1
df1a716e-d93a-4e13-8144-399bae44a249_135_jpg.rf.d7c10e685434a7e6ce6da8ef8a8a320d.jpg, 1, 0
91fd5e6d-6fa7-45ec-b8dd-a390713a150f_270_jpg.rf.d7db633724d9b1e82303f51868d2a1f1.jpg, 0, 1
41ab7cda-4c88-47b8-98da-0c6ee6e07325_45_jpg.rf.d7e79f7f433ab131224fa555951a8e09.jpg, 0, 1
0c04b448-fe60-4b89-bf5a-b18fe90a5870_jpg.rf.d7dd6fc81ba975670a63f6c4e4af5206.jpg, 0, 1
WIN_20221229_22_30_35_Pro_jpg.rf.d808c48de9d307c247a849a65b1d68f6.jpg, 1, 0
1513532a-b352-4b17-b681-b02f3127b483_180_jpg.rf.d812fe9e10bf67859fdc37012cc8ec0e.jpg, 0, 1
WIN_20221229_23_05_37_Pro_jpg.rf.d81e2a285f7ae06c287ced136123011b.jpg, 1, 0
3c36fca1-acb0-4a53-95be-087e2c614c76_270_jpg.rf.d7ffad52e84d247e552ec2a7bdf133ab.jpg, 1, 0
96383b0f-647d-4d8b-aae4-c525fb9365d6_270_jpg.rf.d81fa994498fddb1df14a2bd6bc3366b.jpg, 0, 1
2a99660b-f767-40aa-937f-c4cd68d2ceac_135_jpg.rf.d8053b0197c070439cefd6516bf8767d.jpg, 0, 1
b84b2bd1-353d-4da0-80e6-da6df7b611b8_135_jpg.rf.d81fcc91e7c65f92d5a87ef1c1bb0980.jpg, 0, 1
6e3c83a7-c5c6-46b5-8562-ffa8d99f4bb2_45_jpg.rf.d820299609eadcee55e9b40c6be6f23f.jpg, 0, 1
54619429-78f2-42b3-b007-8ea9c0984c4b_135_jpg.rf.d824c45e1e26b9cec04af665cc307a2d.jpg, 0, 1
5522f66d-ad72-48d5-9767-5e7b23f6a206_jpg.rf.d8264cc0d235fb34d9953c51472554b3.jpg, 1, 0
5064456d-d977-4c88-a2f7-613db1f3f19b_90_jpg.rf.d8272e8c8d91dbd1635476c5a347e53d.jpg, 0, 1
01aff576-d811-4858-bc7b-e66af9db530f_180_jpg.rf.d835a22b3cf898ac916d091014586cce.jpg, 1, 0
9765b374-f3eb-4a26-903c-90d85bc9fe0a_jpg.rf.d8386bd6e2ffa42e165876b96fcbdc2a.jpg, 0, 1
WIN_20221229_23_32_55_Pro_jpg.rf.d83beba2bbf97a73337b434c8e9e22f1.jpg, 0, 1
cce642b7-d4aa-4dc6-951b-e1b655f68334_90_jpg.rf.d83f9fc8ca29e80d4f0919f78a93b784.jpg, 1, 0
507e6cd8-2041-47e5-b174-28a6d9328985_90_jpg.rf.d842d07de851bd49d798ca2c6d6cdce2.jpg, 0, 1
8a28aff5-8859-462a-bccf-e8d61dde3eff_90_jpg.rf.d8495efc03739815aef6c3475437df49.jpg, 1, 0
96f68346-9256-416a-a050-9ec4b750ccc6_90_jpg.rf.d84fd5188319c69db25fa3bb547d0454.jpg, 0, 1
8dfde29c-73a0-4bd6-a788-0a31baf572a0_180_jpg.rf.d85707a4b4af04f4afaa998e192a0a48.jpg, 0, 1
75f27827-8267-4ad8-8c7f-938a7c0c0a72_180_jpg.rf.d850e97ec9db3ebdf8e27fd4a78fa878.jpg, 0, 1
898d6980-0ea3-4451-82f1-3bdabc8c6d9d_45_jpg.rf.d867af876fd5a5227927f35978d85571.jpg, 0, 1
600d2167-2072-4825-9516-6c13af9fc382_135_jpg.rf.d86f4278d1e565539a9260cbe9eba165.jpg, 0, 1
5d06dc79-9d5c-46d0-a720-e4898e65949c_90_jpg.rf.d87174237371cb4938b065322cd44082.jpg, 1, 0
2c59ee70-dc1c-4de3-83ab-aa36a5fb92c9_180_jpg.rf.d87603450f6251435a950a1a2df71341.jpg, 0, 1
1513532a-b352-4b17-b681-b02f3127b483_90_jpg.rf.d877fcf6161b7cc38fa964eb97dddc70.jpg, 0, 1
53f913e3-941b-4772-8446-2bad471e22b0_225_jpg.rf.d88ce466cc325a64f9c4330c4833d9d1.jpg, 0, 1
WIN_20221229_23_06_55_Pro_jpg.rf.d88315820a692dc511cefe67bdb4b798.jpg, 1, 0
16179c8f-5a02-46d2-bcf1-145bf553fc58_jpg.rf.d894b5948045f2a6fe5cb58fc3889d88.jpg, 0, 1
WIN_20221229_22_49_53_Pro_jpg.rf.d89ebccacd033e624b7b68968e7f9bd5.jpg, 1, 0
dc2bb2f5-03e1-46c1-9886-bda5f5bee11b_225_jpg.rf.d8b33fc6f2df661eeafd53644b38c693.jpg, 0, 1
80c4e3b8-9502-4216-aad1-1b5f6f3d6b72_225_jpg.rf.d8ac2cb89fae9ffd835b477c98af0a63.jpg, 0, 1
WIN_20221229_22_22_05_Pro_jpg.rf.d8667ba891a2542c03e30364316519c9.jpg, 1, 0
b84b2bd1-353d-4da0-80e6-da6df7b611b8_90_jpg.rf.d8c47b181550c1d45780e2b131926946.jpg, 0, 1
9eaca121-9239-49f4-9d05-34ef9f10bcaa_135_jpg.rf.d8c26165ae1cd3b28534ee6681adb7cb.jpg, 0, 1
56863d51-82dd-432b-808a-bb09a5e65be6_jpg.rf.d8ca58ca9ab2e66675efe3231f9eec2e.jpg, 0, 1
70be0397-922c-4185-bb84-728b59ab25f8_270_jpg.rf.d8c7d4e0f8ff54a6d48b86fa00a173e8.jpg, 0, 1
898d6980-0ea3-4451-82f1-3bdabc8c6d9d_180_jpg.rf.d8cc26d5d7b9f0ff17cef53deac21838.jpg, 0, 1
f206736f-e48f-4e12-b367-144752c744e6_90_jpg.rf.d8d2ebdb4026f201d1080a503d487385.jpg, 1, 0
09f44886-0cae-43b1-97fe-d8055d8d3616_270_jpg.rf.d8d8bbe9ab1fdf0d1c1bc7717fcb1cb1.jpg, 0, 1
108ca99a-5abc-4dca-8e9e-ad3551748f1a_90_jpg.rf.d8dd3d7e0fb9e9145d9eb8d22703fd4f.jpg, 0, 1
1d4ead22-cc06-4fa2-9784-d9257f24ef86_225_jpg.rf.d8d34e2c5ae501bd33c767a0590fb20d.jpg, 0, 1
1af687ed-553d-491e-a213-8ddfbfea61ec_270_jpg.rf.d8dd50d75f76f5772f6cbef281bcbd88.jpg, 1, 0
d2936fba-871f-4fbe-97da-b6e6e347e889_270_jpg.rf.d8df51fe73ad9d5141adf4e1a37be444.jpg, 1, 0
9dd803f6-3218-4e96-ad6e-55b3d36e8470_45_jpg.rf.d8e625730fed88e7a053f408233e4ad5.jpg, 0, 1
085c4ff0-ec11-44e6-b865-d4a8e163bcee_90_jpg.rf.d8edfef8f3c98ab311555f1e95004785.jpg, 0, 1
75a3c3df-b678-4a55-aa92-02be5879a4cd_270_jpg.rf.d8e53b02ebc1890720e3b020bbef01f2.jpg, 0, 1
bd17953c-5cc6-4fc5-8ade-fd7ece53be19_45_jpg.rf.d8f0d7437075bc636d1b24c2c813b7d8.jpg, 0, 1
75f27827-8267-4ad8-8c7f-938a7c0c0a72_135_jpg.rf.d8f1501749a53f2d7231e4655f739100.jpg, 0, 1
6e3c83a7-c5c6-46b5-8562-ffa8d99f4bb2_jpg.rf.d8fc85a1d0d659c9b295f2619441fc6a.jpg, 0, 1
9ec72020-824e-4c15-b633-cba42d080364_270_jpg.rf.d8f29287bec40179f5511ee29fd643bb.jpg, 1, 0
503a19e2-d693-4ab0-aae9-9181b1789a94_90_jpg.rf.d90437bfaf9da12abe3eb9591b695654.jpg, 0, 1
f206736f-e48f-4e12-b367-144752c744e6_135_jpg.rf.d901df798913b8c12d7a57818e2f53e3.jpg, 1, 0
8dfde29c-73a0-4bd6-a788-0a31baf572a0_135_jpg.rf.d9080ef5aa159c3f5106cf29069acf56.jpg, 0, 1
91fd5e6d-6fa7-45ec-b8dd-a390713a150f_jpg.rf.d9106842f7ebed511290e4cfec756cb8.jpg, 0, 1
226b7023-757d-4c11-9b59-a0e8f02e5274_135_jpg.rf.d91c2e2e96ac8426683c8a4c24ce0956.jpg, 0, 1
WIN_20221229_22_46_47_Pro_jpg.rf.d91083c3eb5f7d4a06dc8967e5b8e26b.jpg, 1, 0
5522f66d-ad72-48d5-9767-5e7b23f6a206_135_jpg.rf.d9216529c9ad301fdf266e6d91c60f12.jpg, 1, 0
a3f8b634-4b11-478d-bbfe-41a57317ad50_135_jpg.rf.d9295dc5d8991806ba9f08ef0010569c.jpg, 0, 1
9eaca121-9239-49f4-9d05-34ef9f10bcaa_jpg.rf.d940aa2209d88335bb494ec24c2e3c59.jpg, 0, 1
92009a81-ec1a-4dc0-99aa-c0898383287c_270_jpg.rf.d93c25312248003652fad3c0261aa9b3.jpg, 0, 1
66ffa488-289b-4188-afe1-7764a1a1bb1a_135_jpg.rf.d94112204a538d3bc84fb10512dc9a61.jpg, 0, 1
d02674ec-4a90-43c1-9aba-1cf70300a55a_45_jpg.rf.d9445eefa91d2b8366cd1372f78225a5.jpg, 1, 0
96f68346-9256-416a-a050-9ec4b750ccc6_135_jpg.rf.d94d4ae05b2432f9955888efa8df92e7.jpg, 0, 1
66c7508a-f4ff-4af6-a91b-5f33d3c4d20d_45_jpg.rf.d94910b4da274270a094ac19574e693b.jpg, 0, 1
cce642b7-d4aa-4dc6-951b-e1b655f68334_135_jpg.rf.d94ea32114cd5f98044235a69e32c3a2.jpg, 1, 0
WIN_20221229_22_43_58_Pro_jpg.rf.d954614786387565bc6124a027d2ec53.jpg, 1, 0
303bf4f0-4e58-4f52-83e1-73f1a7ceabc5_90_jpg.rf.d9553d4671254ac7ca4c541df513ab28.jpg, 0, 1
WIN_20221229_23_29_36_Pro_jpg.rf.d96039fa65854960d2bc5a142ebcfe67.jpg, 0, 1
226b7023-757d-4c11-9b59-a0e8f02e5274_135_jpg.rf.d96bf6e232f722d4146c617c0294b1a6.jpg, 0, 1
b4b3a28f-aee8-402c-856a-b09db5dbeb4a_jpg.rf.d98086eaeb3564f0aaa943d1290f5631.jpg, 1, 0
4dcbce83-654c-4125-9939-c4398187533a_270_jpg.rf.d9892b4a36fdcec46f0a8045bf6f192f.jpg, 1, 0
69fc95bf-f644-4c92-8057-f05146da07f7_45_jpg.rf.d9a1280dac171d45870c85d14558010c.jpg, 0, 1
33e3e3fe-8e37-4b4a-aa04-ad3864731632_90_jpg.rf.d98337e410a14403cd7e3d7bd389cf7d.jpg, 0, 1
642d6f5f-fa24-4c18-b7b2-6b24334629a3_135_jpg.rf.d9a2b1d3c93af6468578618fce979419.jpg, 0, 1
80c4e3b8-9502-4216-aad1-1b5f6f3d6b72_180_jpg.rf.d999f2a5d96ac096efe21e4e45c81e18.jpg, 0, 1
4de4ad31-de11-418b-a60d-a7192ea0c98a_jpg.rf.d9ae1810b48b451ec840495410df2d8e.jpg, 1, 0
9eaca121-9239-49f4-9d05-34ef9f10bcaa_45_jpg.rf.d9b99d9df68b26a4bc66cf1353f87f53.jpg, 0, 1
642d6f5f-fa24-4c18-b7b2-6b24334629a3_225_jpg.rf.d9d98d864a3c88dc5a9190fecfed20f9.jpg, 0, 1
df1a716e-d93a-4e13-8144-399bae44a249_90_jpg.rf.d9cf8d5a9aa7acf63a7379a83006e3a0.jpg, 1, 0
15f5d196-2633-4a7b-9102-b33c659c6024_90_jpg.rf.d9bbff46747a2b814e0496f79438ca28.jpg, 0, 1
WIN_20221229_23_35_54_Pro_jpg.rf.da0702e64cbb36620ae8581450d3c866.jpg, 0, 1
0516cd97-ef6c-4542-a884-e01aaa597ac3_270_jpg.rf.d9e5c1ecfe0e0a6ee91273bf55a4f8cf.jpg, 0, 1
91e77c81-f2eb-4358-81d6-eea2509ae443_135_jpg.rf.d9dddf1d2501900031f95614fc9f8177.jpg, 0, 1
223d92bc-5ef8-450a-86d6-ab5d6e8c5b3e_180_jpg.rf.da0685343e8db3a641d6244ef6495c4f.jpg, 0, 1
84f05969-c971-4d44-8df4-3a80a71a545d_90_jpg.rf.da0a9302e88503900629d5e1a7018164.jpg, 0, 1
92009a81-ec1a-4dc0-99aa-c0898383287c_270_jpg.rf.da0cfb3f91956c8ba42d7d48d6a01492.jpg, 0, 1
0d2a4a7e-7b37-49eb-9ad6-8faaf457ad82_90_jpg.rf.da15041aa98140d5757313b59966d267.jpg, 0, 1
WIN_20221229_22_12_22_Pro_jpg.rf.da28ac7bdd717b131ee462d371045110.jpg, 1, 0
256d7e4e-e47b-466f-adb1-051bda40d918_45_jpg.rf.da29c128486a88c557340f6613e4c456.jpg, 0, 1
df1a716e-d93a-4e13-8144-399bae44a249_jpg.rf.da3176e4313aa82ee7cd4ce298a7f3c2.jpg, 1, 0
90ecbd63-5a3d-4c6b-bd34-594c7c6a2d40_45_jpg.rf.da482fc65eda7be75cc34c5a45470cc1.jpg, 0, 1
90dec1cd-f163-48fd-bcc4-58066e5acb09_90_jpg.rf.da4b58dd3f489ec1225a29af8672a797.jpg, 0, 1
40cbb123-b3d1-4546-aa26-2fdd1090b075_90_jpg.rf.da4d2bb05a6080eea71bc1295eaadea0.jpg, 0, 1
54619429-78f2-42b3-b007-8ea9c0984c4b_270_jpg.rf.da4e8385126df70c2b0a010bdb2e0326.jpg, 0, 1
a8ba45d9-69a1-4fc4-a6c3-74c50107e59c_90_jpg.rf.da58903e9664720b32f5c944919babf8.jpg, 0, 1
WIN_20221229_22_05_40_Pro_jpg.rf.da5583fc2dd55a1923c5230653d59cd5.jpg, 1, 0
4dbf4259-4cc3-4ff3-8768-970703c6c8f9_225_jpg.rf.da5b8402a93a19034bff9693ca571eca.jpg, 0, 1
90ecbd63-5a3d-4c6b-bd34-594c7c6a2d40_270_jpg.rf.da6fe9a9f03e078bb9530fcdc48e9a4d.jpg, 0, 1
687de30d-714c-4d10-9b23-998af950a13a_135_jpg.rf.da800300537709bbbefa07f8e81ab1ed.jpg, 1, 0
3c36fca1-acb0-4a53-95be-087e2c614c76_180_jpg.rf.da8274a717475738063941f8bf825a3e.jpg, 1, 0
7ebb4762-7de4-4754-8cd2-2d4f743f512c_270_jpg.rf.da7e962cabd7d6d0d156093b0b313f60.jpg, 0, 1
41cfc0a3-c4ad-4285-9951-7a37d79f1c17_225_jpg.rf.da838f2d5ce9fce11d631028d1871188.jpg, 0, 1
00137db3-94aa-4aa5-aa3b-e3e09d6a5ef5_270_jpg.rf.da8963271e074dcc54336433a0211c64.jpg, 0, 1
WIN_20221229_22_49_53_Pro_jpg.rf.da8bafe185c44f4bdefd8b0e206c9f3b.jpg, 1, 0
80de665e-2077-4a83-9a40-20d2bcaeac43_45_jpg.rf.da9614d69c63bba71f1e3eda8972182d.jpg, 0, 1
91e77c81-f2eb-4358-81d6-eea2509ae443_225_jpg.rf.daa2021413cd248c5d41eaf85017f6df.jpg, 0, 1
589950d7-088b-4c4b-abc1-9b824671ec8f_135_jpg.rf.daa47edfc7242a91049fd71d5304c93e.jpg, 1, 0
09f44886-0cae-43b1-97fe-d8055d8d3616_180_jpg.rf.daac128d1630b5a7d406441d875a1e58.jpg, 0, 1
3c5c4ffd-e4d4-45b7-a07c-64e2f6788de2_270_jpg.rf.daae6ebf13daaf05e021954c7bebf39d.jpg, 1, 0
52fd332d-b13d-4675-8292-bfb533d39432_270_jpg.rf.dab0dcec49dc3d3d988aff7b3a60fa86.jpg, 0, 1
0b521929-1734-47b8-86c9-093445af0697_jpg.rf.dac2a96d5f2c7ceabaf8ce2ce3499441.jpg, 0, 1
01c27009-f681-4495-8d82-599547aba120_180_jpg.rf.dac469bdc926c08712aa3ee4b1d360bc.jpg, 1, 0
75a3c3df-b678-4a55-aa92-02be5879a4cd_270_jpg.rf.dac8286652cc007a2b94a8127724d9de.jpg, 0, 1
87e64a68-c898-4474-bd57-1e570902862f_225_jpg.rf.dacdf6fced13714c1a5ba1b85e7ed8f2.jpg, 0, 1
859bbe6e-7f46-4b86-acd1-86fea679de36_45_jpg.rf.dad4a1cb162853b8c2f548521316c282.jpg, 0, 1
adcb9cef-245f-4674-bd16-4c8ad789d0a8_180_jpg.rf.dadaa2c2a942168b9f6c6ca50266b806.jpg, 0, 1
0aa414bb-510b-40c9-85e1-f7a7163b3e2c_270_jpg.rf.dae1e32174454033b46f130779046efc.jpg, 0, 1
ccd5cdb4-3df2-4b3b-833b-3bdc7d43ee4d_45_jpg.rf.db0af84846c92ff8ece4dc52871763fe.jpg, 0, 1
4de4ad31-de11-418b-a60d-a7192ea0c98a_270_jpg.rf.daf59e447fb35254bcb0d85566d29764.jpg, 1, 0
687d8151-bfed-420b-9a07-5213500e2964_jpg.rf.db33a6ad3fd6d247e8c7e92804e287a3.jpg, 0, 1
1acf8679-d50f-446c-b806-def7d073e244_225_jpg.rf.db1a5fedb7a29e3c39b06f929481a408.jpg, 1, 0
2be59dd5-7793-413c-96cb-c40098eba6f6_225_jpg.rf.db3021173804c3c96ed02a31030a4744.jpg, 0, 1
4d510781-6fad-4149-909f-5b3615711984_135_jpg.rf.db39901ed861d9c2ae7b199bad992b36.jpg, 1, 0
40cbb123-b3d1-4546-aa26-2fdd1090b075_90_jpg.rf.db58178612ea0e2fe13909695758142f.jpg, 0, 1
93a64c9f-678d-4302-94ea-5758bbf7451c_jpg.rf.db3ef003dc0cd32e9fe7f5a084c6858f.jpg, 0, 1
92a893f4-8dd5-4f4a-9864-08811d4ed00a_45_jpg.rf.db553fdf494208998478a9093dc9c4df.jpg, 0, 1
207aff1c-09cf-47d1-ae76-474c6c31b0e4_270_jpg.rf.db6be16a3e75bd4a3088a7e964386150.jpg, 0, 1
5064456d-d977-4c88-a2f7-613db1f3f19b_45_jpg.rf.db5e41b22f20feffa2928ad643922bc5.jpg, 0, 1
1b05898a-3be4-4b9e-b4a0-6d23dfdaabf0_135_jpg.rf.db70ea108886a27c6ba46e0577c11a27.jpg, 0, 1
52e703e1-69d2-44c7-a214-269fa0e09054_45_jpg.rf.db6c5e8a313d2dba800f6c7008be7d7c.jpg, 0, 1
84c8c90b-b9c3-4290-bdff-f1946a11050a_135_jpg.rf.db73f7030957ce2cc5bd54b1632a6078.jpg, 0, 1
76d57cee-bb5c-4631-b737-fe16b92c2a28_180_jpg.rf.db76f11372611f522ee7f8b299a7f705.jpg, 0, 1
9cb97279-36f3-438c-97d5-91da39c4e13a_180_jpg.rf.db7b3b1316dd57ed60e8383b05dac3fc.jpg, 0, 1
00137db3-94aa-4aa5-aa3b-e3e09d6a5ef5_45_jpg.rf.db833ea91450f7696ffe5e2c322f13af.jpg, 0, 1
5c99f964-3704-402c-aa2d-42bd2fbacf4f_90_jpg.rf.db8d04682a18cabd026a0077697a7cee.jpg, 0, 1
7d0322d1-3583-4a2b-ad25-e76d31603cee_135_jpg.rf.db868f3d12ead2a714c353e215d177b1.jpg, 0, 1
15f5d196-2633-4a7b-9102-b33c659c6024_90_jpg.rf.db91447a28b299fb4762b906ee1ecdee.jpg, 0, 1
2abea0f5-7c2a-4519-88c1-d33080ac7db2_180_jpg.rf.db8d885ea9bfa1ba93c23d47df5bb9b1.jpg, 1, 0
WIN_20221229_22_56_26_Pro_jpg.rf.db97b307691806477bb5f390f0b02411.jpg, 1, 0
84f05969-c971-4d44-8df4-3a80a71a545d_jpg.rf.db99d4076222ff346e1b8e31316f6dcb.jpg, 0, 1
4eddf419-3396-43d2-8b40-3ccecf2a2620_90_jpg.rf.db9c2ac4deee1a707d4eac90f46b3325.jpg, 1, 0
4461774a-c193-43e6-9849-19c25ad533fb_180_jpg.rf.dba3253db1bfe45c70ca86d12060f233.jpg, 1, 0
0dc01fa2-4d5e-46ae-ad61-19485b378972_jpg.rf.dba6d24a0498e3400b1426a30eb99e13.jpg, 0, 1
92fe0088-90bc-4eaa-8567-a9b3ad0645e8_90_jpg.rf.dba9d0d2274ce24250439acac41aa9b2.jpg, 0, 1
2eae8682-54b6-40b7-9684-d956300a4077_180_jpg.rf.dbaba06a8d88e552391aec51396c37ed.jpg, 0, 1
69fc95bf-f644-4c92-8057-f05146da07f7_135_jpg.rf.dbb7bcb169c7094a695c88222aae30d1.jpg, 0, 1
00800bbf-203e-48bd-b64c-f14ef2579c8a_270_jpg.rf.dbb8127f040bc855aeb84b6a194bbfef.jpg, 0, 1
4eddf419-3396-43d2-8b40-3ccecf2a2620_135_jpg.rf.dbbb28d2407cad760d73b8d477817566.jpg, 1, 0
4ded4873-2bd7-4d9b-80ae-7a8967c128ce_270_jpg.rf.dbc09a6020b26243c81375f606c165ea.jpg, 1, 0
60f07eaa-f4a0-4939-9882-acce7b2ee256_jpg.rf.dbb89f4aa77a07598afddb0117bf3630.jpg, 0, 1
2d6fa448-2f18-4db5-a942-7097acff076a_45_jpg.rf.dbcc048a18cbee4d5cd3a6e6b8124425.jpg, 1, 0
72ab964e-0b95-46ec-a135-1890eb300c53_135_jpg.rf.dbc98fece8c2fc34361efda21973aab9.jpg, 0, 1
3bde05ec-782e-445d-a221-38a8ecbc5dab_45_jpg.rf.dbd4a1fc0344ad3b3f6bde845b375b2b.jpg, 0, 1
05693239-35bd-4086-b8c3-e7b6aa763b4f_45_jpg.rf.dbd788b93963fc456a9d19abef6a37c6.jpg, 0, 1
94a26150-c197-425f-961b-0a4ae35825cf_270_jpg.rf.dbd9af6a44a799ec48d4d8e511b244e6.jpg, 0, 1
09f44886-0cae-43b1-97fe-d8055d8d3616_270_jpg.rf.dbdae3a5b622d82edafd61eff1a0072f.jpg, 0, 1
WIN_20221229_22_37_27_Pro_jpg.rf.dbe795026468996bce2d2bfbcb4a65e7.jpg, 1, 0
33dd040e-50b6-44e7-afc7-230da49bcf12_270_jpg.rf.dbdb2e3a9e0437030b8b8708f9baaa8e.jpg, 0, 1
WIN_20221229_23_10_46_Pro_jpg.rf.dc0a3694d29e8ed4835e3941027b9095.jpg, 1, 0
4f08fc98-7d4d-43f7-921d-b2ccf8ca726d_90_jpg.rf.dc13f4806faa5976618a18df4755838a.jpg, 1, 0
233af445-c0e5-4bb1-ad5f-743becd76cab_jpg.rf.dbef26c08dbd2102435757076699f094.jpg, 0, 1
97e4c08e-3475-4d77-8b54-a2231e38f6a2_225_jpg.rf.dc1ce264bb9ca507c69683e3b4b4bff5.jpg, 0, 1
51ba5ef7-fd64-4d52-9c3f-9d70e0ff040f_270_jpg.rf.dc0de6321f19ebb3b3a450d60b349070.jpg, 0, 1
87e64a68-c898-4474-bd57-1e570902862f_90_jpg.rf.dc25977873ffe5db890fa86f98287a7b.jpg, 0, 1
WIN_20221229_22_03_41_Pro_jpg.rf.dc3531b822d7be4a241eac2d56df3ccc.jpg, 1, 0
4de4ad31-de11-418b-a60d-a7192ea0c98a_225_jpg.rf.dc386584cb09c9a9a190d8fe7c2a0e4d.jpg, 1, 0
cce642b7-d4aa-4dc6-951b-e1b655f68334_225_jpg.rf.dc390294b18f1e3f1e2357f6badb11f6.jpg, 1, 0
aa8cc596-1881-4e18-a73f-fe60f6a6a031_225_jpg.rf.dc39b242e24dc5ec887d2862fc22de16.jpg, 0, 1
7d0322d1-3583-4a2b-ad25-e76d31603cee_225_jpg.rf.dc3c581a8c376360221d9873ffc9cda0.jpg, 0, 1
WIN_20221229_23_34_04_Pro_jpg.rf.dc41fc1b5398bf37a38e3d4cba423d43.jpg, 0, 1
22ada72b-340c-4d68-9534-2729e3347cab_135_jpg.rf.dc3a804a0f90108cf93f25b09e9289ef.jpg, 0, 1
56863d51-82dd-432b-808a-bb09a5e65be6_225_jpg.rf.dc51541b46c5f818bc30c813f8c42918.jpg, 0, 1
0c4d65e5-1985-47b2-8252-616ed898bd7c_180_jpg.rf.dc4d316dd7a41901722c73fb6ec9036c.jpg, 0, 1
WIN_20221229_22_37_27_Pro_jpg.rf.dc3b12d2af49b00c27bb94e89241223e.jpg, 1, 0
4461774a-c193-43e6-9849-19c25ad533fb_90_jpg.rf.dc56fd2ceecd17f9347bf89a4e6263dd.jpg, 1, 0
a36b24dc-58f1-4270-b642-3bb7ec46de0f_90_jpg.rf.dc5b45c9cd6b0327fb9483fb40fc42eb.jpg, 1, 0
764af58e-c590-444a-aefd-b4bc11f74c40_135_jpg.rf.dc6439d5ad57b581d74e487ec6dbb6a7.jpg, 1, 0
8dfde29c-73a0-4bd6-a788-0a31baf572a0_jpg.rf.dc5b835a6c218cd66c2cec7a1b1bb5e8.jpg, 0, 1
84c8c90b-b9c3-4290-bdff-f1946a11050a_135_jpg.rf.dc65f44da6302e77d5eae4d6481619a4.jpg, 0, 1
72a74631-171a-4cf4-b978-58f358afa95c_225_jpg.rf.dc767af639a130a9abd0dc69b26acda1.jpg, 0, 1
92009a81-ec1a-4dc0-99aa-c0898383287c_270_jpg.rf.dc7ed35c5289b28e9f1881550773feeb.jpg, 0, 1
2c59ee70-dc1c-4de3-83ab-aa36a5fb92c9_225_jpg.rf.dc8719f54ca846f55f84dac83a7e7d35.jpg, 0, 1
93bde728-be7b-4af0-a18e-67f00d6fdcac_90_jpg.rf.dc87bb9fc1b555045832f0bd6c16b4fa.jpg, 0, 1
5064456d-d977-4c88-a2f7-613db1f3f19b_180_jpg.rf.dc88f8d525fcf1245dd708722e5d7634.jpg, 0, 1
233af445-c0e5-4bb1-ad5f-743becd76cab_180_jpg.rf.dc8f0afe5724a54825b07b4336a6e971.jpg, 0, 1
642d6f5f-fa24-4c18-b7b2-6b24334629a3_135_jpg.rf.dc8d1f688efc1669ed5b254f2f7f054c.jpg, 0, 1
76d57cee-bb5c-4631-b737-fe16b92c2a28_90_jpg.rf.dc94b5b7b81763c9b0f043c61c8d03e4.jpg, 0, 1
3c36fca1-acb0-4a53-95be-087e2c614c76_45_jpg.rf.dc9ad1ef4876f58e752ebd1f7d375779.jpg, 1, 0
0b521929-1734-47b8-86c9-093445af0697_135_jpg.rf.dcaadba3577a20e86b86ae69e3fe613b.jpg, 0, 1
a4b1b05e-8f9a-4f68-98fe-52dd9e2a9663_180_jpg.rf.dcad1f0a08521d34f841bba8498ae64c.jpg, 1, 0
d02674ec-4a90-43c1-9aba-1cf70300a55a_90_jpg.rf.dcb2c668d6a917b3ed59cb1361d0cfa6.jpg, 1, 0
8efe1e18-4032-4f20-996f-60a19c62f547_225_jpg.rf.dcb647538f1d61587bee49f96bb0d8a1.jpg, 0, 1
92810cd4-1652-4556-bc0b-b2e953449143_45_jpg.rf.dca09de49965cc490c18d5beb9a3cbe4.jpg, 0, 1
2da43d43-ad7b-435c-920d-0fbfebb88959_135_jpg.rf.dccabd336ff978dd07bb7e3d2597e2cb.jpg, 1, 0
WIN_20221229_22_59_01_Pro_jpg.rf.dce308e6ee0adfeb2728e14b72249323.jpg, 1, 0
256d7e4e-e47b-466f-adb1-051bda40d918_225_jpg.rf.dcce504c50ab1ef5d9adc68855d2346f.jpg, 0, 1
6bb51206-67ec-431b-8484-93739b1fddad_225_jpg.rf.dcf162464e962df5324f2bafc6059b7b.jpg, 1, 0
96d467c2-fa44-474b-9e64-88f1f265aeaf_135_jpg.rf.dcec4801c6db20acf265350ba982050d.jpg, 0, 1
a968e0be-061b-40ae-801e-5e286dcbb663_225_jpg.rf.dcf77ff704e19595ad1ae015c9a3ce5c.jpg, 0, 1
2be59dd5-7793-413c-96cb-c40098eba6f6_225_jpg.rf.dcfe65181bc052061e3f966eb3eed6a4.jpg, 0, 1
8ddce3ce-bc64-4942-93aa-940868007f64_180_jpg.rf.dd0101b38239581abf05469721a46562.jpg, 0, 1
91e77c81-f2eb-4358-81d6-eea2509ae443_180_jpg.rf.dd1a33fa57a0237cf5916c59ce23471b.jpg, 0, 1
15fd3442-e84f-4c27-952b-ec415fe777d6_270_jpg.rf.dd01127e5e0478e6f80c722926854b49.jpg, 0, 1
9fc543ac-91f3-43f6-8df6-28bb9709a3e6_jpg.rf.dd31c27ab0829e316113cd70e4048200.jpg, 0, 1
dc2bb2f5-03e1-46c1-9886-bda5f5bee11b_270_jpg.rf.dd1ce5f8df9f6b2121f19aed3f5c5cef.jpg, 0, 1
WIN_20221229_22_05_40_Pro_jpg.rf.dd353153a5df9af5218c29137dc1039f.jpg, 1, 0
01aff576-d811-4858-bc7b-e66af9db530f_90_jpg.rf.dd37eba5becd3468ea89765e93d90f19.jpg, 1, 0
5064456d-d977-4c88-a2f7-613db1f3f19b_180_jpg.rf.dd38639775e606afd291e495723e1d7d.jpg, 0, 1
82dbf814-a3a3-4cba-9277-08c10de5c8a4_180_jpg.rf.dd3898794ed5332ebded13f35ac84ab4.jpg, 0, 1
2da43d43-ad7b-435c-920d-0fbfebb88959_180_jpg.rf.dd394ce4bc5a3a29e7a98f7b24968af8.jpg, 1, 0
7d0322d1-3583-4a2b-ad25-e76d31603cee_225_jpg.rf.dd3e6b4483fae8a19cd187d2b6f78e12.jpg, 0, 1
87e64a68-c898-4474-bd57-1e570902862f_270_jpg.rf.dd4a2a1d8d109e20d449c2598b97d1ef.jpg, 0, 1
d141258d-4b06-4d47-9e08-82edbd725dd1_jpg.rf.dd5c2cae1c9f485c5cc57bb4741bb881.jpg, 0, 1
53f913e3-941b-4772-8446-2bad471e22b0_270_jpg.rf.dd3f90d08b38929fcd5c8061d71fe1ca.jpg, 0, 1
WIN_20221229_23_32_28_Pro_jpg.rf.dd574cf38246d353e94ef0a94102be98.jpg, 0, 1
220fcc53-6ef7-45d1-8122-fa1c19ca9ec5_jpg.rf.dd3eedac39d5d0f0a50876173330d91b.jpg, 0, 1
233af445-c0e5-4bb1-ad5f-743becd76cab_270_jpg.rf.dd64c1f0d4d5815e22953b557b2a23a4.jpg, 0, 1
WIN_20221229_23_27_48_Pro_jpg.rf.dd72c1e441b95240246b2f2ddf983b41.jpg, 0, 1
085c4ff0-ec11-44e6-b865-d4a8e163bcee_225_jpg.rf.dd770f7cbea4ba7a4899373cf8fd9fa5.jpg, 0, 1
4de4ad31-de11-418b-a60d-a7192ea0c98a_90_jpg.rf.dd87a505f273949a5ae31e226599f033.jpg, 1, 0
642d6f5f-fa24-4c18-b7b2-6b24334629a3_jpg.rf.dd914fcbcaf1d99f85d576d4a7fd5973.jpg, 0, 1
69ab59e3-c1ad-4509-a8b8-bd8e4fac2ae6_180_jpg.rf.dd6c1071077305612131ea33c982137e.jpg, 0, 1
5a3117dc-7932-4c34-ae3f-e5867c98ee0a_45_jpg.rf.dd94cc1cd26a62dfcd913e6df2f9a0a0.jpg, 0, 1
488a316b-07fc-410e-a5fd-84f831acc653_135_jpg.rf.dd92c351e37f9a42b2840e09d9deacec.jpg, 0, 1
06b95f3f-e2f5-4f58-95b1-6f9024e8e5d7_270_jpg.rf.dd9a9dba32355ace0f552be8b669cd00.jpg, 0, 1
09e044e6-a2b6-4827-9853-beb7d392347f_270_jpg.rf.dda820ee1a07bac39de0260e9268b41a.jpg, 0, 1
93a64c9f-678d-4302-94ea-5758bbf7451c_135_jpg.rf.ddbdf8ebd1d53441620cfb60283fe6ac.jpg, 0, 1
680cc473-598d-49e7-847e-6b8c099e14fc_180_jpg.rf.ddb387ee8e71408b76280025a552a302.jpg, 0, 1
9aa3d151-a2d6-4d13-ad4f-f133f4552c4f_135_jpg.rf.ddbe51bbc66ad861c704326a990259a7.jpg, 0, 1
4fac26f2-1588-4362-9e73-ffe2e8791cbb_180_jpg.rf.ddbf4265b0b8d079ac32750b2c590a25.jpg, 1, 0
5a3117dc-7932-4c34-ae3f-e5867c98ee0a_180_jpg.rf.ddcbd8714eb71a73fbc4d5b754edb753.jpg, 0, 1
adcb9cef-245f-4674-bd16-4c8ad789d0a8_225_jpg.rf.ddc02f3f8b366801d82025ec6136059d.jpg, 0, 1
9aa3d151-a2d6-4d13-ad4f-f133f4552c4f_180_jpg.rf.dde82e02a7bbcb02d20ada0f353ac7fe.jpg, 0, 1
0dc01fa2-4d5e-46ae-ad61-19485b378972_270_jpg.rf.ddceccefaad2bee103cf3e915ce3ef07.jpg, 0, 1
b4b3a28f-aee8-402c-856a-b09db5dbeb4a_jpg.rf.dded084eaf06f5159d2a7a9df1f0951e.jpg, 1, 0
72ab964e-0b95-46ec-a135-1890eb300c53_270_jpg.rf.ddeb1e98e90b191668016bc28bb6dec9.jpg, 0, 1
WIN_20221229_22_45_36_Pro_jpg.rf.ddf092483ec5703fc32ef5596fd90a7b.jpg, 1, 0
WIN_20221229_22_03_41_Pro_jpg.rf.dded600e24278047a5d3ef76872d666f.jpg, 1, 0
72a74631-171a-4cf4-b978-58f358afa95c_90_jpg.rf.ddf2fecaf9fe3d6037424e64d5a62876.jpg, 0, 1
WIN_20221229_22_43_58_Pro_jpg.rf.ddf4a313dd2741743e233e1b730a5436.jpg, 1, 0
afd3edfe-e4fe-4715-8429-5af060c5f0d9_45_jpg.rf.ddf5c2347fb4f7b598729afb207a4369.jpg, 0, 1
91fd5e6d-6fa7-45ec-b8dd-a390713a150f_90_jpg.rf.ddfe7489248e15b1d97cd4191ac5b27e.jpg, 0, 1
01c27009-f681-4495-8d82-599547aba120_90_jpg.rf.ddf8a4767b129aa52fcb7cfaba4b6de6.jpg, 1, 0
0dab9689-2c2d-4dc6-bb71-db1b6d82cb17_90_jpg.rf.ddf7f96452429833dea5c0ccd27e475c.jpg, 0, 1
217ac982-fddf-49ae-a311-27cf800d10f0_180_jpg.rf.de0f7d1c5d7bf08c80625ad3d850bda9.jpg, 0, 1
8e753e61-dd28-45b8-aa64-e6c1e71bd812_270_jpg.rf.de0b9072a46a10be797c88d05472da8b.jpg, 0, 1
01aff576-d811-4858-bc7b-e66af9db530f_45_jpg.rf.de06377efecd239058a8708106f1c7dc.jpg, 1, 0
0dc01fa2-4d5e-46ae-ad61-19485b378972_jpg.rf.de067a9aab5326ede3864b2c9f4c69a4.jpg, 0, 1
1ab90226-8889-4bcd-ad0c-ea01fedaaffd_jpg.rf.de1fb73dec53101ada1229d5f042bfd1.jpg, 1, 0
24a200ea-e903-4bcd-aee1-fb26e7bfd757_180_jpg.rf.de33cff6ae740cbb4c9474a1f70c7135.jpg, 0, 1
6bb51206-67ec-431b-8484-93739b1fddad_225_jpg.rf.de443734d7b333f7a50eee2a1b533437.jpg, 1, 0
41ab7cda-4c88-47b8-98da-0c6ee6e07325_90_jpg.rf.de366e3cda8fe709a4b61f8ec2af1514.jpg, 0, 1
6cdbe5d2-04bc-4a25-b1a0-be0a00a136ae_270_jpg.rf.de50c0e55d366f50a421a85ccaf53a73.jpg, 0, 1
2abea0f5-7c2a-4519-88c1-d33080ac7db2_90_jpg.rf.de50ef1166883e0038a7e367fb498cd0.jpg, 1, 0
589950d7-088b-4c4b-abc1-9b824671ec8f_225_jpg.rf.de5bf13f00879942c0d616b8dd6aabea.jpg, 1, 0
72a74631-171a-4cf4-b978-58f358afa95c_jpg.rf.de68230040879fe6901bd3a3c186da65.jpg, 0, 1
2da43d43-ad7b-435c-920d-0fbfebb88959_225_jpg.rf.de6fdfb13cf82b1a6db595f519582f68.jpg, 1, 0
4eddf419-3396-43d2-8b40-3ccecf2a2620_jpg.rf.de835323abcdfa4b7331a22811a9d37e.jpg, 1, 0
488cb81f-a17e-44b8-bd1b-0e709bee4a92_45_jpg.rf.de75f0bc368246182ff19307e406584f.jpg, 0, 1
adcb9cef-245f-4674-bd16-4c8ad789d0a8_225_jpg.rf.de859deacb8e1858234e31912da9953a.jpg, 0, 1
76a872d2-5c22-4f33-82b4-18c0f78e1a1b_135_jpg.rf.de8b561f5bf47612d37f8be0d145ccad.jpg, 0, 1
764af58e-c590-444a-aefd-b4bc11f74c40_45_jpg.rf.de8d35e08df61c20398632d419155b08.jpg, 1, 0
bd17953c-5cc6-4fc5-8ade-fd7ece53be19_45_jpg.rf.de8ec4dde23d9d757b31f42189f63e3c.jpg, 0, 1
898d6980-0ea3-4451-82f1-3bdabc8c6d9d_90_jpg.rf.de91fa9fa72aeb127c6c1c23e8fefef0.jpg, 0, 1
9fc543ac-91f3-43f6-8df6-28bb9709a3e6_jpg.rf.de9bfcfc7c1c2bf314b8b5fede3597f7.jpg, 0, 1
223d92bc-5ef8-450a-86d6-ab5d6e8c5b3e_135_jpg.rf.dea7e62815211b73bbcf081d90043da8.jpg, 0, 1
4ded4873-2bd7-4d9b-80ae-7a8967c128ce_45_jpg.rf.deb325a4eae85c06f491cd3d375ddd8e.jpg, 1, 0
WIN_20221229_22_30_25_Pro_jpg.rf.decf9c053251f5b998ab86d30b71b01e.jpg, 1, 0
4eddf419-3396-43d2-8b40-3ccecf2a2620_225_jpg.rf.ded6935736552195b660dceb26dc6769.jpg, 1, 0
4fac26f2-1588-4362-9e73-ffe2e8791cbb_225_jpg.rf.dee55090ef71c7d26e583c4ade9bf031.jpg, 1, 0
ba25564d-c23a-450d-b0af-a191ed900fb1_180_jpg.rf.def8d0f62176731173f496fddbc3ecf9.jpg, 1, 0
00137db3-94aa-4aa5-aa3b-e3e09d6a5ef5_90_jpg.rf.debf7d4133fc529954bf0f4c9f0c29b7.jpg, 0, 1
15fd3442-e84f-4c27-952b-ec415fe777d6_90_jpg.rf.debfa8ada934292699059460ba0b8ac7.jpg, 0, 1
15f5d196-2633-4a7b-9102-b33c659c6024_225_jpg.rf.def935f2d6c2642ca16f02b317bece27.jpg, 0, 1
d6faa4f5-e419-4c2d-b0be-316f48d5464a_90_jpg.rf.df038a8fbb5ac3e0561562fd281ed99a.jpg, 0, 1
WIN_20221229_22_00_50_Pro_jpg.rf.df2736a8e91564b95a5a274d7f0e36d1.jpg, 1, 0
9eaca121-9239-49f4-9d05-34ef9f10bcaa_45_jpg.rf.df293fab15e007904d9cdf66b99eabfe.jpg, 0, 1
2bf615ea-7241-4861-82d7-bb74c8b5dfba_180_jpg.rf.df17d55b81f02e7747c9b511c0e9418a.jpg, 0, 1
d6ed6d4c-2acb-4507-bc4c-70480968eacb_180_jpg.rf.df242eed4a6376437861acabb630fe2e.jpg, 0, 1
2abea0f5-7c2a-4519-88c1-d33080ac7db2_270_jpg.rf.df2b503cba6058c5c235b429386c36ac.jpg, 1, 0
84f05969-c971-4d44-8df4-3a80a71a545d_225_jpg.rf.df3c931cb91fd8698b7655d28e263ca1.jpg, 0, 1
9eaca121-9239-49f4-9d05-34ef9f10bcaa_90_jpg.rf.df434b3c2bac1619525eb26c699eab50.jpg, 0, 1
WIN_20221229_23_06_55_Pro_jpg.rf.df474feac0a4c89701ed6cb6d488ac8e.jpg, 1, 0
680cc473-598d-49e7-847e-6b8c099e14fc_jpg.rf.df488418e0d1527dd4fb26fff1450f0a.jpg, 0, 1
52e703e1-69d2-44c7-a214-269fa0e09054_270_jpg.rf.df447a990bdf4c4b4dae95791c3133a9.jpg, 0, 1
44c7fb6b-7175-4aa3-98c2-9bc78d8a6f92_135_jpg.rf.df4f45b1e3652a5e275a022705f8e3ac.jpg, 0, 1
WIN_20221229_22_25_34_Pro_jpg.rf.df51c993287fd0ebf967d7d936414c33.jpg, 1, 0
WIN_20221229_22_56_26_Pro_jpg.rf.df5b0e15edcfac1be123c5ae168e6b41.jpg, 1, 0
91c2e56d-2549-4574-9414-86aa17e84ef4_jpg.rf.df5d63fcca7d3aad40c46e26c2da82e4.jpg, 0, 1
WIN_20221229_22_46_47_Pro_jpg.rf.df673755526f295ee94050678fa5a872.jpg, 1, 0
WIN_20221229_22_50_13_Pro_jpg.rf.df67aaf4aa92ffa1bf6f27c81cf9ac60.jpg, 1, 0
01aff576-d811-4858-bc7b-e66af9db530f_90_jpg.rf.df681d9b9823f2867ae01b9817c9c4b3.jpg, 1, 0
6343bade-4271-437b-84ea-e9756e715080_135_jpg.rf.df737846c0c9ae293c19bd1725cd15d7.jpg, 0, 1
70f70f97-4a9e-4d42-a08b-3b7d1b9abef8_jpg.rf.df6d0f7ed5af60d4e2ee1f862c6d866d.jpg, 0, 1
589950d7-088b-4c4b-abc1-9b824671ec8f_90_jpg.rf.df83acc16058dfa0b5392d165e7d7e01.jpg, 1, 0
8140aed5-a61c-4048-81dc-c9e2149f60b2_270_jpg.rf.df7f9e091d557b79a4d527a9a7dc24f8.jpg, 0, 1
ccd5cdb4-3df2-4b3b-833b-3bdc7d43ee4d_225_jpg.rf.df84f76a17fa9a765ec41e9cbca27b43.jpg, 0, 1
6bb51206-67ec-431b-8484-93739b1fddad_jpg.rf.df9a03e50f51141008a75dd3550d04b4.jpg, 1, 0
207aff1c-09cf-47d1-ae76-474c6c31b0e4_90_jpg.rf.df8696bc5425335b50bfec92529ac9eb.jpg, 0, 1
3bde05ec-782e-445d-a221-38a8ecbc5dab_135_jpg.rf.df9b2dad9587fb1774b9525c00f4d0b6.jpg, 0, 1
94a26150-c197-425f-961b-0a4ae35825cf_180_jpg.rf.dfa0f680741e222e23df6d61849d678c.jpg, 0, 1
8efe1e18-4032-4f20-996f-60a19c62f547_45_jpg.rf.dfa1567b5ec06592f31f30f8df5fab0b.jpg, 0, 1
1f4613ea-1b60-4092-876c-1a474a8c51b9_135_jpg.rf.dfbe6d310ee93f12633a3048fdfd47f1.jpg, 1, 0
507e6cd8-2041-47e5-b174-28a6d9328985_270_jpg.rf.dfa2104ede6414ec833c04434f4d3433.jpg, 0, 1
06b95f3f-e2f5-4f58-95b1-6f9024e8e5d7_180_jpg.rf.dfa38a4dde7d06e29f3800ace585e79e.jpg, 0, 1
680cc473-598d-49e7-847e-6b8c099e14fc_225_jpg.rf.dfca4200ce88baa624c274d49ce858db.jpg, 0, 1
256d7e4e-e47b-466f-adb1-051bda40d918_180_jpg.rf.dfc4ede7ebac2bd3cae819265cee3db6.jpg, 0, 1
108ca99a-5abc-4dca-8e9e-ad3551748f1a_jpg.rf.dfcebfe454195f7e6c0b09331f704381.jpg, 0, 1
223d92bc-5ef8-450a-86d6-ab5d6e8c5b3e_180_jpg.rf.dfde1bcc303753331be0e15a52b2576d.jpg, 0, 1
WIN_20221229_22_54_21_Pro_jpg.rf.dfdf178fe11ce84dd2daba379d57c522.jpg, 1, 0
4eddf419-3396-43d2-8b40-3ccecf2a2620_135_jpg.rf.dfe33a7e2ed507ff874bb5ecfb543ff9.jpg, 1, 0
6f8a29a3-8b83-47d6-8a5b-7baf97fd4469_45_jpg.rf.dfeecf2ac2e2924593f9dc35058ca42c.jpg, 0, 1
b4b3a28f-aee8-402c-856a-b09db5dbeb4a_jpg.rf.e005d302421aaea331e21dc6a1d2b56f.jpg, 1, 0
57ab1fc0-e755-40c3-82cb-cce0684f11f4_135_jpg.rf.dfe26589e7851895d1472f0e751329e9.jpg, 0, 1
5d105570-fd52-46cd-a90a-9dfa42ef878a_jpg.rf.e0096163e44fb14466c4bcfdd55f96f6.jpg, 0, 1
6343bade-4271-437b-84ea-e9756e715080_270_jpg.rf.e00967afafd848cd6024b33237b5bb4a.jpg, 0, 1
72a2b8f8-c7ca-4222-b2a1-9b82ac7990f4_135_jpg.rf.e013e3b2b92587b31b9195d99e990b10.jpg, 0, 1
61e87bb2-b69a-4d10-afa1-6c1a3d0291df_45_jpg.rf.e0262249a0f7664027df61eee4b4bf44.jpg, 1, 0
cce642b7-d4aa-4dc6-951b-e1b655f68334_225_jpg.rf.e029a6336a66c4f636a33b9fdf277e7a.jpg, 1, 0
73cca509-de66-4cbc-9421-8fcb263fefcc_90_jpg.rf.e027ebafcbfd7b5ce575b81139afb21e.jpg, 0, 1
2c59ee70-dc1c-4de3-83ab-aa36a5fb92c9_45_jpg.rf.e029c5785242c766f4e16051b01768b1.jpg, 0, 1
7a6523d6-ef65-4cca-8160-946936395ede_135_jpg.rf.e02aa6db05dfa91994b5ede3a3317a44.jpg, 0, 1
cce642b7-d4aa-4dc6-951b-e1b655f68334_jpg.rf.e0346b25379a012cb0aa9f7840242e24.jpg, 1, 0
WIN_20221229_22_33_19_Pro_jpg.rf.e036cd05b1c639350b67e56e4d14e65b.jpg, 1, 0
6e3c83a7-c5c6-46b5-8562-ffa8d99f4bb2_90_jpg.rf.e03c15861155c53db2858baa72880733.jpg, 0, 1
91c2e56d-2549-4574-9414-86aa17e84ef4_45_jpg.rf.e03e7cda9850de09b6b75a13839e05ab.jpg, 0, 1
afd44643-9287-4080-934f-7a13c66d9bfd_90_jpg.rf.e0465f121eb3d3c9ffca6fe15224c6aa.jpg, 0, 1
WIN_20221229_22_56_26_Pro_jpg.rf.e041ef5e3eca3154cabac7626489e95e.jpg, 1, 0
3c5c4ffd-e4d4-45b7-a07c-64e2f6788de2_180_jpg.rf.e05d66ea454b668fa3bf81acef04fc55.jpg, 1, 0
87595b49-d19a-4221-8418-57ee268de2d5_135_jpg.rf.e069ae60a3f2b06ad122e0c5a0ea5881.jpg, 0, 1
WIN_20221229_22_41_07_Pro_jpg.rf.e05c7a2d5e09be8476829a524c91e736.jpg, 1, 0
WIN_20221229_22_03_41_Pro_jpg.rf.e0749556bc69c77cfe7326426e005efb.jpg, 1, 0
811f5cf3-9a05-4b39-b1b3-174f31f7cec6_45_jpg.rf.e077923c2a3f0d9964a75e9ca44db690.jpg, 0, 1
72a2b8f8-c7ca-4222-b2a1-9b82ac7990f4_270_jpg.rf.e07a8fba4109a6b279ed73660269f6ed.jpg, 0, 1
WIN_20221229_23_30_09_Pro_jpg.rf.e082c4e0f398bb6e42628498e87e8a04.jpg, 0, 1
a57c3779-84b6-494f-a396-47718417b914_135_jpg.rf.e0862c2989e3732dff3e06f7b3f4bdcf.jpg, 0, 1
80c4e3b8-9502-4216-aad1-1b5f6f3d6b72_180_jpg.rf.e09233dbf725dc4b601bd24d1aa26bfb.jpg, 0, 1
0c279d03-a83d-4404-b852-2b90d79e1ed3_225_jpg.rf.e097200d77327ef2ce2c469d8947ef7b.jpg, 0, 1
2eae8682-54b6-40b7-9684-d956300a4077_225_jpg.rf.e0a169442d8d4395ffa73e5ef43a4dee.jpg, 0, 1
61bd5e75-cfb1-47e8-b4be-24447913359a_270_jpg.rf.e0b79ac9190f1734b490bcc914a34d55.jpg, 0, 1
5d06dc79-9d5c-46d0-a720-e4898e65949c_135_jpg.rf.e09fa8e7ee734bcc1a23993e4b6be394.jpg, 1, 0
6bb51206-67ec-431b-8484-93739b1fddad_45_jpg.rf.e0c3fd571f1fb729fdc6556712b23794.jpg, 1, 0
81d526fb-cb95-4b9d-a013-dad7b3f083b3_180_jpg.rf.e0c057d45758fdc92ae6e196896609d1.jpg, 0, 1
06b95f3f-e2f5-4f58-95b1-6f9024e8e5d7_45_jpg.rf.e0bcaef824fa22e5c89cfa09ae8b2fdb.jpg, 0, 1
a1690e8a-68f2-42fa-b0a0-6c59cc895c84_180_jpg.rf.e0ce22effe40ab42346735efc16660b3.jpg, 0, 1
87ad76a7-bd79-4c43-86bb-4db4498e10f1_90_jpg.rf.e0dd7854f052974a6cf3f63155c420f7.jpg, 0, 1
5a3117dc-7932-4c34-ae3f-e5867c98ee0a_90_jpg.rf.e0d5a35fa1bbbd9d84361600e2dc9150.jpg, 0, 1
878a59f0-76a6-4a7c-8e4a-45283cfb4465_135_jpg.rf.e0e0d3e74f399c7a34e8170b7cb9d537.jpg, 0, 1
97e4c08e-3475-4d77-8b54-a2231e38f6a2_jpg.rf.e0da3e0302521b640fe64e067dd7e6f4.jpg, 0, 1
87ad76a7-bd79-4c43-86bb-4db4498e10f1_45_jpg.rf.e0e71b6598b2591a965ae76befeb7e49.jpg, 0, 1
2da43d43-ad7b-435c-920d-0fbfebb88959_jpg.rf.e0e9e1e647577bc6aeb65516a837613e.jpg, 1, 0
4dcbce83-654c-4125-9939-c4398187533a_225_jpg.rf.e0f773977da427f527850fd908008caa.jpg, 1, 0
92fe0088-90bc-4eaa-8567-a9b3ad0645e8_jpg.rf.e0ed24dd5d5fdbc37344260ea34563bd.jpg, 0, 1
2d6fa448-2f18-4db5-a942-7097acff076a_270_jpg.rf.e0fa8e3bf89b4084165f14d7ecf9cff4.jpg, 1, 0
8140aed5-a61c-4048-81dc-c9e2149f60b2_270_jpg.rf.e1069088091cb544c788c34d2479b2a5.jpg, 0, 1
80c4e3b8-9502-4216-aad1-1b5f6f3d6b72_45_jpg.rf.e0fb888dadbc6572d0c00df1b64b143d.jpg, 0, 1
adcb9cef-245f-4674-bd16-4c8ad789d0a8_135_jpg.rf.e106a3abeba0325c63fd89acc8470749.jpg, 0, 1
1b05898a-3be4-4b9e-b4a0-6d23dfdaabf0_45_jpg.rf.e10a071106c2dd3b3480a447fa206c48.jpg, 0, 1
2b3188c7-77de-4b98-aaa5-012b0941ca45_225_jpg.rf.e1131cce9732ed85657b0c05429fe4d2.jpg, 0, 1
a3f8b634-4b11-478d-bbfe-41a57317ad50_135_jpg.rf.e119ec7d9d76d883849076aaf3c2d6a7.jpg, 0, 1
217ac982-fddf-49ae-a311-27cf800d10f0_45_jpg.rf.e11eea4eedfbf0240004de7acd9c48ed.jpg, 0, 1
69c9cfea-cfbd-4dfe-a8a2-2ed31daafd85_45_jpg.rf.e120a362a2b64a838a32348c14d3db29.jpg, 0, 1
69fc95bf-f644-4c92-8057-f05146da07f7_180_jpg.rf.e12a490a437c14dc4b8c65a640fcb242.jpg, 0, 1
687de30d-714c-4d10-9b23-998af950a13a_225_jpg.rf.e13c047c4418f99541324f8fad5ce9a7.jpg, 1, 0
57ab1fc0-e755-40c3-82cb-cce0684f11f4_45_jpg.rf.e12588be5cc16c72f49eb632aca5aaaa.jpg, 0, 1
d6faa4f5-e419-4c2d-b0be-316f48d5464a_270_jpg.rf.e13efcfc43116b7a21c1c18436c66de8.jpg, 0, 1
4f280435-14a2-4194-9f75-2e7ea72b39ba_jpg.rf.e14ac0c3514952edcf2c935f2b52dcc5.jpg, 1, 0
92009a81-ec1a-4dc0-99aa-c0898383287c_270_jpg.rf.e1541a43c95dd76b92f3f6e422e2dca4.jpg, 0, 1
2eae8682-54b6-40b7-9684-d956300a4077_90_jpg.rf.e155c45fc57331b57927c216426a5f50.jpg, 0, 1
39c71820-6b5b-499e-b2c6-a957f48c62fa_45_jpg.rf.e148c4735ff8bdf96d349eb5eb29ab88.jpg, 0, 1
80c4e3b8-9502-4216-aad1-1b5f6f3d6b72_135_jpg.rf.e15626199fe745d1685a3e0409f3c864.jpg, 0, 1
7089d907-9aaf-459e-ae22-53962285fbc8_jpg.rf.e1564c24a61dae950ea00b7acbd5c693.jpg, 0, 1
WIN_20221229_22_38_47_Pro_jpg.rf.e160b1e78912bcf3c42e624afeb930fd.jpg, 1, 0
4f280435-14a2-4194-9f75-2e7ea72b39ba_90_jpg.rf.e165c2c3808ab41ecad0b3b39de7f348.jpg, 1, 0
d02674ec-4a90-43c1-9aba-1cf70300a55a_jpg.rf.e16932dedd754385272ff56cefb3c955.jpg, 1, 0
4de4ad31-de11-418b-a60d-a7192ea0c98a_135_jpg.rf.e16be4ca6fb276e5745f61740a080154.jpg, 1, 0
7a6523d6-ef65-4cca-8160-946936395ede_jpg.rf.e16e51ea2b7745623320d0a6eab4e9c3.jpg, 0, 1
a936c90a-8f24-4289-b10b-4830ac9f3019_135_jpg.rf.e1700713ee97b3113aad9a7b68493ab6.jpg, 0, 1
92009a81-ec1a-4dc0-99aa-c0898383287c_90_jpg.rf.e17e67fdac6abdd2c68abbda972b8c76.jpg, 0, 1
52e703e1-69d2-44c7-a214-269fa0e09054_90_jpg.rf.e176d28cbfab5cbed8ea0e27301a5a25.jpg, 0, 1
WIN_20221229_23_28_39_Pro_jpg.rf.e185650687e01c02d74b6bc318f47bdb.jpg, 0, 1
4f280435-14a2-4194-9f75-2e7ea72b39ba_180_jpg.rf.e1a2205022f5ba0dc29b9a7a68ab634f.jpg, 1, 0
cfed691e-4738-45c4-a2bd-65fc9d5c2da8_225_jpg.rf.e1922ccf6df6d015768b94db3cb5b501.jpg, 1, 0
WIN_20221229_22_56_26_Pro_jpg.rf.e1c3f301385ee33d8f385cc110cec4f7.jpg, 1, 0
61e87bb2-b69a-4d10-afa1-6c1a3d0291df_180_jpg.rf.e1bc1077848eaaf3eb8737861e9b12d0.jpg, 1, 0
WIN_20221229_22_58_13_Pro_jpg.rf.e1c9ede30ca831a074af154935575b87.jpg, 1, 0
76d57cee-bb5c-4631-b737-fe16b92c2a28_225_jpg.rf.e1d5c28373f2358776310472c13ffb71.jpg, 0, 1
014bcc0a-10c7-41eb-80eb-e2f62bb652b3_270_jpg.rf.e1d7491e8b339cdd5700c6b19d0da2e5.jpg, 0, 1
69dc5c1e-a7ad-49aa-ba21-235545c312c6_135_jpg.rf.e1d8b01e7253ba4d1c5d721c09807e61.jpg, 0, 1
52c230c2-20b1-4769-978c-d0a859364b3e_135_jpg.rf.e1e765ba05d46eff7b4a3ccf01d62648.jpg, 0, 1
8dfde29c-73a0-4bd6-a788-0a31baf572a0_45_jpg.rf.e1cb53267bdf2c71ac4a58fc65322980.jpg, 0, 1
223d92bc-5ef8-450a-86d6-ab5d6e8c5b3e_135_jpg.rf.e1dc1b3b0a1d94cff2ef78507ed8e9c9.jpg, 0, 1
WIN_20221229_22_41_07_Pro_jpg.rf.e1e7f24b51f1498aa19396e2728d6d38.jpg, 1, 0
93bde728-be7b-4af0-a18e-67f00d6fdcac_180_jpg.rf.e1e987426c0259458a764170401b08cb.jpg, 0, 1
92810cd4-1652-4556-bc0b-b2e953449143_jpg.rf.e1ee969ed9142c041d2795b78640095c.jpg, 0, 1
6181c79d-f063-4fa4-be90-ae376d6b3bdc_135_jpg.rf.e1f37e44a52d06da5d54f3273dfb8064.jpg, 1, 0
WIN_20221229_22_57_29_Pro_jpg.rf.e201fdb5fdb77a14dcefa164042bdad1.jpg, 1, 0
92009a81-ec1a-4dc0-99aa-c0898383287c_180_jpg.rf.e206a8c7c0dbeb3c150017b1f42774dd.jpg, 0, 1
c01c35d2-7769-4a57-abff-c52f7def3900_135_jpg.rf.e21b9999b5837b4efb8503181a5472fe.jpg, 1, 0
224748bb-08de-4a59-98e5-2bbef0629846_180_jpg.rf.e21a13682a71e0c683b3b3d460e0e574.jpg, 1, 0
00137db3-94aa-4aa5-aa3b-e3e09d6a5ef5_45_jpg.rf.e208003045ff9248c027d62c882072c0.jpg, 0, 1
WIN_20221229_22_03_10_Pro_jpg.rf.e22eac8bf99135c21994e18575469e16.jpg, 1, 0
09f44886-0cae-43b1-97fe-d8055d8d3616_135_jpg.rf.e21d5a9c5c8aa3a59d85a0e3023741cf.jpg, 0, 1
8d331829-b225-451b-8aaa-89058c62faf5_90_jpg.rf.e23034d1beb503142d07aae63a2acbed.jpg, 0, 1
72ab964e-0b95-46ec-a135-1890eb300c53_135_jpg.rf.e225cb1ec3e30b0aef671713bb01304f.jpg, 0, 1
76a872d2-5c22-4f33-82b4-18c0f78e1a1b_135_jpg.rf.e231ac634a78e0601b510852cda883af.jpg, 0, 1
d4ea5845-ed1c-4bcd-b615-557884bb64c2_jpg.rf.e23adbd686292f263376ce768a417517.jpg, 1, 0
05693239-35bd-4086-b8c3-e7b6aa763b4f_270_jpg.rf.e243a709cc69b63100b2b240de4544cb.jpg, 0, 1
52e703e1-69d2-44c7-a214-269fa0e09054_135_jpg.rf.e23f37cf7c9ea06bd2ffc568d1a4dca3.jpg, 0, 1
80c4e3b8-9502-4216-aad1-1b5f6f3d6b72_270_jpg.rf.e272acd0b3e8a317bf6e042eef81ebf4.jpg, 0, 1
93a64c9f-678d-4302-94ea-5758bbf7451c_jpg.rf.e27c35a724d6ac7942dba33114b3448e.jpg, 0, 1
7ceae77f-3a56-4262-a271-2a8d727efbe9_225_jpg.rf.e276e281b59d0bd8aa4f0975584aaa62.jpg, 0, 1
80c4e3b8-9502-4216-aad1-1b5f6f3d6b72_45_jpg.rf.e268dd0a3a4de67513c560b04864b8ca.jpg, 0, 1
1ab90226-8889-4bcd-ad0c-ea01fedaaffd_270_jpg.rf.e2801a0ee18e2713bc9076d6778c80a5.jpg, 1, 0
f206736f-e48f-4e12-b367-144752c744e6_90_jpg.rf.e28c0b8e1a7b5d25bf37cd8e770a6ad9.jpg, 1, 0
1b05898a-3be4-4b9e-b4a0-6d23dfdaabf0_225_jpg.rf.e286ed5a79e5bbd7793ddfba05123858.jpg, 0, 1
01b9d47e-ecba-48fd-a83f-ece6e05995fc_90_jpg.rf.e296f595c98066a277aebd521556d916.jpg, 1, 0
WIN_20221229_22_37_13_Pro_jpg.rf.e2987801955dc2f8b6e1aca36c0ae184.jpg, 1, 0
91b94861-b751-4b86-b7a3-f6b2e3dbbd89_135_jpg.rf.e2a677713ef72a065ffd31e062282619.jpg, 0, 1
6b316208-fce5-4562-a45b-736f29a3a697_90_jpg.rf.e2b621b98165ee348ef2a073ef56fd86.jpg, 1, 0
9ec72020-824e-4c15-b633-cba42d080364_jpg.rf.e2b4c0c2e1546bd8f7441f823d7d0591.jpg, 1, 0
91c2e56d-2549-4574-9414-86aa17e84ef4_135_jpg.rf.e2b8839e6c9ff5426259fffb38164e3f.jpg, 0, 1
WIN_20221229_22_36_08_Pro_jpg.rf.e2c6d71dfdf6e47aad3cab3ae3e7cefe.jpg, 1, 0
6b316208-fce5-4562-a45b-736f29a3a697_225_jpg.rf.e2d0af8bde253f486b685dcf64491be4.jpg, 1, 0
2b560df3-ff42-4546-a0bd-11ff2ca590e2_135_jpg.rf.e2cd16f20673446d6c9f24d15c0024fe.jpg, 1, 0
72ab964e-0b95-46ec-a135-1890eb300c53_90_jpg.rf.e2c005e412c7fc32097d45b87558d1a8.jpg, 0, 1
cfed691e-4738-45c4-a2bd-65fc9d5c2da8_jpg.rf.e2eacfa56c556838301728c5b2f08a13.jpg, 1, 0
dc2d0160-f922-429c-8c3c-5a6f0f68c023_45_jpg.rf.e2e9fc0863204470185a1f313beff2de.jpg, 0, 1
3fa757aa-5f48-4acc-b2d9-edf0d584d79a_180_jpg.rf.e2e8d0dfb65edfc79343c401153a1fee.jpg, 0, 1
2be59dd5-7793-413c-96cb-c40098eba6f6_45_jpg.rf.e2f221c7121e848fa9b020a3cadf7e23.jpg, 0, 1
680cc473-598d-49e7-847e-6b8c099e14fc_180_jpg.rf.e2fc687d0b207a87b1ba15f6828b4f14.jpg, 0, 1
98cb62e4-f491-47c7-b871-9d1aeeac307e_225_jpg.rf.e3005797a8b545b70a96a687daa0d2db.jpg, 0, 1
6f8a29a3-8b83-47d6-8a5b-7baf97fd4469_180_jpg.rf.e304710af31f58a575bef14b2e30e1a4.jpg, 0, 1
01aff576-d811-4858-bc7b-e66af9db530f_135_jpg.rf.e314fe3bbc01384da1a7fa521244cc58.jpg, 1, 0
52e703e1-69d2-44c7-a214-269fa0e09054_180_jpg.rf.e31be44766b08c41b95dd274507662e5.jpg, 0, 1
9eaca121-9239-49f4-9d05-34ef9f10bcaa_45_jpg.rf.e32890c179b7154024b4d4354fda2434.jpg, 0, 1
7d0322d1-3583-4a2b-ad25-e76d31603cee_90_jpg.rf.e307cf76c40c5d4f5a15539e5365667a.jpg, 0, 1
41cfc0a3-c4ad-4285-9951-7a37d79f1c17_135_jpg.rf.e32f8baa75e56cd0e9cbed0a422e4feb.jpg, 0, 1
8efe1e18-4032-4f20-996f-60a19c62f547_90_jpg.rf.e3319b1360ac05fe36600c7f1e459016.jpg, 0, 1
WIN_20221229_23_23_14_Pro_jpg.rf.e340289181b2f4c662553f315e695370.jpg, 0, 1
9ec72020-824e-4c15-b633-cba42d080364_225_jpg.rf.e335b0bc08e100b464f55e5391dda35f.jpg, 1, 0
WIN_20221229_22_37_13_Pro_jpg.rf.e34796da1b9276a1b10d69e9684deb71.jpg, 1, 0
215be899-dd62-42e0-b42e-8331622f5b9a_90_jpg.rf.e36b11a36c48ec305270fddf14e2abe9.jpg, 0, 1
WIN_20221229_23_10_36_Pro_jpg.rf.e36382a4aaf8d42dd3b739375e840f7e.jpg, 1, 0
0df87bae-ddf0-49e3-97af-b371d8544547_270_jpg.rf.e36e05d35c067bb9a2bb1fa3a9fed3dc.jpg, 0, 1
503a19e2-d693-4ab0-aae9-9181b1789a94_jpg.rf.e35471d75bf297e379fb2a104057da55.jpg, 0, 1
ba25564d-c23a-450d-b0af-a191ed900fb1_135_jpg.rf.e385ad6d0851278367e52d47ec06ef00.jpg, 1, 0
52eb9c86-9714-4fb7-bc45-cbbe25a2b444_90_jpg.rf.e3758f7d5198859185e327fd9492beb4.jpg, 0, 1
75fea9b7-7c08-4ea2-bb8d-50096fdf774b_270_jpg.rf.e39f6c5f473de49cc0d5cd9dc7c912e6.jpg, 0, 1
6bb51206-67ec-431b-8484-93739b1fddad_180_jpg.rf.e39fd6b0b0f5aca76974e1f5343fd608.jpg, 1, 0
4f08fc98-7d4d-43f7-921d-b2ccf8ca726d_270_jpg.rf.e3ae4a66051c636ffddfbf087efb2886.jpg, 1, 0
859bbe6e-7f46-4b86-acd1-86fea679de36_jpg.rf.e3bc1ccefc6b1c8b385bea4e0607457c.jpg, 0, 1
5d06dc79-9d5c-46d0-a720-e4898e65949c_135_jpg.rf.e3aa0f1bdc13740bd46e5d05c4966652.jpg, 1, 0
WIN_20221229_22_23_45_Pro_jpg.rf.e3c3156f0fc7b0bbf04c6e7941eb3e1a.jpg, 1, 0
1f4613ea-1b60-4092-876c-1a474a8c51b9_180_jpg.rf.e3bc70ca0f42ddb2d7f4f937a87c9258.jpg, 1, 0
98cb62e4-f491-47c7-b871-9d1aeeac307e_135_jpg.rf.e3b8169771e744ebffc8f37e5fbe0b0b.jpg, 0, 1
2b3188c7-77de-4b98-aaa5-012b0941ca45_135_jpg.rf.e3caccb8a15532d1d9813eb42a5efdf8.jpg, 0, 1
80de665e-2077-4a83-9a40-20d2bcaeac43_90_jpg.rf.e3ccba83da8fa7d5de21c72958e73879.jpg, 0, 1
085c4ff0-ec11-44e6-b865-d4a8e163bcee_225_jpg.rf.e3d4600b2047c9411c189bd545fee8cf.jpg, 0, 1
WIN_20221229_22_29_47_Pro_jpg.rf.e3d715e4118ec8b87ce5b8d897993717.jpg, 1, 0
8dfde29c-73a0-4bd6-a788-0a31baf572a0_90_jpg.rf.e3db6094f2bee979ec6be5ba7dbc07a7.jpg, 0, 1
a70cfd80-0fa8-48c8-ab56-7f7cc8b0bb9b_270_jpg.rf.e3dc49dcddbfcac8faca7a1b7dfdd004.jpg, 0, 1
859bbe6e-7f46-4b86-acd1-86fea679de36_90_jpg.rf.e3dd00b3f27cedaaaeee06fc27649d9a.jpg, 0, 1
d65589fa-33dc-4e7f-9d37-a8763424d061_270_jpg.rf.e3de5e0436a1845e291ea8e1aadaf68f.jpg, 1, 0
ef757b72-613c-4d8f-b8e0-a3564581cb0f_180_jpg.rf.e3ed9b9d3d4c33e26b65f330781917d3.jpg, 1, 0
108ca99a-5abc-4dca-8e9e-ad3551748f1a_45_jpg.rf.e3eb4f5272b5ea98853b18422699141d.jpg, 0, 1
6fb259e3-002e-473c-a2bc-4a9f48c1ebe7_135_jpg.rf.e3f2ffd4b0efaf82e38d34f5ebb00873.jpg, 1, 0
3c5c4ffd-e4d4-45b7-a07c-64e2f6788de2_90_jpg.rf.e3ed0c21bbc19fd749571e5ff61c0843.jpg, 1, 0
2bf615ea-7241-4861-82d7-bb74c8b5dfba_jpg.rf.e3dce035e56050ffd540cc65fd198d12.jpg, 0, 1
a8ba45d9-69a1-4fc4-a6c3-74c50107e59c_180_jpg.rf.e405fb45631a24e829eab6dc63b789aa.jpg, 0, 1
39c71820-6b5b-499e-b2c6-a957f48c62fa_jpg.rf.e40dfd7753166bdb596e439cab9a7d7e.jpg, 0, 1
WIN_20221229_22_37_27_Pro_jpg.rf.e41404f6bc18beae53e6822c5635a811.jpg, 1, 0
WIN_20221229_22_44_11_Pro_jpg.rf.e41a7fc681c1e2978892b1b632ac4acb.jpg, 1, 0
217ac982-fddf-49ae-a311-27cf800d10f0_90_jpg.rf.e4166844fb30018cb55ded12a46850a0.jpg, 0, 1
WIN_20221229_22_28_38_Pro_jpg.rf.e41d56a36fe9b52fb6328e2716674cc9.jpg, 1, 0
d65589fa-33dc-4e7f-9d37-a8763424d061_45_jpg.rf.e41e22cab94ba91f7672042958f5f9df.jpg, 1, 0
dc2d0160-f922-429c-8c3c-5a6f0f68c023_90_jpg.rf.e42d2991b04f5c8ebc0a036bbb11a5f4.jpg, 0, 1
1acf8679-d50f-446c-b806-def7d073e244_90_jpg.rf.e42f82d916e19829ee2e09952739fad8.jpg, 1, 0
6343bade-4271-437b-84ea-e9756e715080_jpg.rf.e437254647772d519a991d7235607829.jpg, 0, 1
5064456d-d977-4c88-a2f7-613db1f3f19b_270_jpg.rf.e43e67bf19c07e0c775ebb96eb51379e.jpg, 0, 1
680cc473-598d-49e7-847e-6b8c099e14fc_jpg.rf.e44d79643f082f56c765c40b972e8bae.jpg, 0, 1
9cc65155-05ca-40b0-b813-2892c3ff04a4_135_jpg.rf.e438da3f80da89f3cf542664c6cc392b.jpg, 0, 1
WIN_20221229_22_20_31_Pro_jpg.rf.e4594ca05620682506269738aabcf364.jpg, 1, 0
96d467c2-fa44-474b-9e64-88f1f265aeaf_135_jpg.rf.e457f34b0d2a93a7fec2f0c2e35152aa.jpg, 0, 1
75f27827-8267-4ad8-8c7f-938a7c0c0a72_45_jpg.rf.e459be4f9c39e4c78470679f20b0b0a7.jpg, 0, 1
a57c3779-84b6-494f-a396-47718417b914_225_jpg.rf.e462f11edabbce605defe85900d1e826.jpg, 0, 1
25365714-d0ec-4a39-aba3-ea056e686ce9_270_jpg.rf.e45ef1dbb695b9582c9e5ffc8c8788de.jpg, 0, 1
0aa414bb-510b-40c9-85e1-f7a7163b3e2c_45_jpg.rf.e46443950938d67cf8cec2b7e3d23562.jpg, 0, 1
4dbf4259-4cc3-4ff3-8768-970703c6c8f9_45_jpg.rf.e46393e1d64ea855d7c559965198b979.jpg, 0, 1
27f3e57e-469f-4627-8144-2ce3e9d048b7_180_jpg.rf.e46568ea3d4d743e599b1ee08253d679.jpg, 0, 1
9eaca121-9239-49f4-9d05-34ef9f10bcaa_90_jpg.rf.e46af9c367c98c069dc7106fff7783a6.jpg, 0, 1
72a2b8f8-c7ca-4222-b2a1-9b82ac7990f4_270_jpg.rf.e474f260ee28c54acf8d8fd1f9663226.jpg, 0, 1
d4ea5845-ed1c-4bcd-b615-557884bb64c2_135_jpg.rf.e46b99b9602c3e16cd35a457e1e1d214.jpg, 1, 0
1acf8679-d50f-446c-b806-def7d073e244_270_jpg.rf.e47dacf6e3492e791697bd19bfe5d463.jpg, 1, 0
687de30d-714c-4d10-9b23-998af950a13a_225_jpg.rf.e4833291ad39ffcc634bbd20ac60c3b2.jpg, 1, 0
642d6f5f-fa24-4c18-b7b2-6b24334629a3_225_jpg.rf.e4824e9f900e1e2d9167ceaa347311cb.jpg, 0, 1
898d6980-0ea3-4451-82f1-3bdabc8c6d9d_45_jpg.rf.e48d4875c0e84145a62b54c409c9f0f1.jpg, 0, 1
226b7023-757d-4c11-9b59-a0e8f02e5274_jpg.rf.e496fc80c8309498f77d639e8186870c.jpg, 0, 1
WIN_20221229_23_28_39_Pro_jpg.rf.e4adf5669b233ec13c18d3eb63349dde.jpg, 0, 1
859bbe6e-7f46-4b86-acd1-86fea679de36_45_jpg.rf.e4a7c566d862845cdc3a9b837661119a.jpg, 0, 1
52eb9c86-9714-4fb7-bc45-cbbe25a2b444_135_jpg.rf.e49f606b469b9125fbbc2bed1449ee0c.jpg, 0, 1
WIN_20221229_22_30_25_Pro_jpg.rf.e4bfd8a5d7a2d4bd8af8231debab10e4.jpg, 1, 0
0b521929-1734-47b8-86c9-093445af0697_jpg.rf.e4d20e0c64239c3504e09d96728c794b.jpg, 0, 1
b84b2bd1-353d-4da0-80e6-da6df7b611b8_90_jpg.rf.e4c7ae8bf9092f374411b378318ade14.jpg, 0, 1
WIN_20221229_22_22_23_Pro_jpg.rf.e4cfe6360a1b907223b034a6f2aec1b4.jpg, 1, 0
2a99660b-f767-40aa-937f-c4cd68d2ceac_90_jpg.rf.e4d4d532ec3d7a923c4dd16c870cedd8.jpg, 0, 1
60f07eaa-f4a0-4939-9882-acce7b2ee256_90_jpg.rf.e4eb6e146ad2b4d04c7fe991dda74e42.jpg, 0, 1
233af445-c0e5-4bb1-ad5f-743becd76cab_180_jpg.rf.e4e450a6676c6562b487f3201ae162de.jpg, 0, 1
d2936fba-871f-4fbe-97da-b6e6e347e889_45_jpg.rf.e5011b68f986896333c7579be7a48fbc.jpg, 1, 0
9ef0276c-3a70-4027-8d1d-2503df2e9f56_45_jpg.rf.e502058b2b2af6efb8128083b51ea0fe.jpg, 0, 1
24a200ea-e903-4bcd-aee1-fb26e7bfd757_jpg.rf.e5087dee8e409227427620f1545b80c4.jpg, 0, 1
WIN_20221229_22_43_58_Pro_jpg.rf.e50d0df74a5eef77ea4f2eb57f19a72a.jpg, 1, 0
00137db3-94aa-4aa5-aa3b-e3e09d6a5ef5_225_jpg.rf.e50cc2233f4b6806daaaf17d27f37e16.jpg, 0, 1
4dcbce83-654c-4125-9939-c4398187533a_270_jpg.rf.e511a0956688969d771dd211d41abd0a.jpg, 1, 0
66c7508a-f4ff-4af6-a91b-5f33d3c4d20d_270_jpg.rf.e51291d216f592f57bb243ae5f9a7f44.jpg, 0, 1
WIN_20221229_23_35_43_Pro_jpg.rf.e51deff312446ab259aac86b7615b434.jpg, 0, 1
WIN_20221229_23_21_35_Pro_jpg.rf.e5136aae4e31ba43090b4f4aaf6f3fc6.jpg, 0, 1
600d2167-2072-4825-9516-6c13af9fc382_90_jpg.rf.e5253e5d7a3723b19585f36648a96386.jpg, 0, 1
303bf4f0-4e58-4f52-83e1-73f1a7ceabc5_90_jpg.rf.e527030c0d409eb89cdcdb9b8465f787.jpg, 0, 1
5d5357ec-e4b0-4f32-a45c-2dca5338324d_90_jpg.rf.e52b166848eb93c5cd165623a2a607e1.jpg, 0, 1
75a3c3df-b678-4a55-aa92-02be5879a4cd_225_jpg.rf.e52ff80d987b9a16518570765b3b189a.jpg, 0, 1
25365714-d0ec-4a39-aba3-ea056e686ce9_135_jpg.rf.e53045d1ccf57a05af357bc19946936d.jpg, 0, 1
d02674ec-4a90-43c1-9aba-1cf70300a55a_jpg.rf.e53a4d5b31ace99397a28ccaf184c704.jpg, 1, 0
345b8a93-c7d2-4b34-9e0c-90f2561ada84_90_jpg.rf.e54660654d64170c68ec4235e1365f43.jpg, 0, 1
217fef04-2462-4dca-a170-f780b700b17e_90_jpg.rf.e54352b426d49bb0e435e0dabe220da6.jpg, 0, 1
WIN_20221229_22_54_55_Pro_jpg.rf.e54c9006866aa57c4fd4d49e03c9c1be.jpg, 1, 0
WIN_20221229_22_00_50_Pro_jpg.rf.e54e18274100d67ff24951038dd7787b.jpg, 1, 0
cfed691e-4738-45c4-a2bd-65fc9d5c2da8_180_jpg.rf.e5592347992abf491924298996724ca7.jpg, 1, 0
76d57cee-bb5c-4631-b737-fe16b92c2a28_jpg.rf.e55a953f779109ec46164f0fc0b14a99.jpg, 0, 1
5d105570-fd52-46cd-a90a-9dfa42ef878a_45_jpg.rf.e54e5b7fc480df35bd3950cb0384da48.jpg, 0, 1
adcb9cef-245f-4674-bd16-4c8ad789d0a8_180_jpg.rf.e566f2151f36fca603b4c271b9cbe85b.jpg, 0, 1
223d92bc-5ef8-450a-86d6-ab5d6e8c5b3e_jpg.rf.e55db2bec6ba66177f69198494c965b4.jpg, 0, 1
52e703e1-69d2-44c7-a214-269fa0e09054_135_jpg.rf.e55e163128786225a0e9a3c8143fe156.jpg, 0, 1
2b3fa5f4-98bb-4565-b461-8ebc3db528ca_180_jpg.rf.e56c72ff445c17b1d787b220dd10e55f.jpg, 1, 0
0327f441-9a02-40a9-b280-251440ad4cec_225_jpg.rf.e56cd9490bbb426f205a472c0047ba1b.jpg, 0, 1
4ded4873-2bd7-4d9b-80ae-7a8967c128ce_90_jpg.rf.e5761a38089f5be6c51ba6d3ad8132a6.jpg, 1, 0
120bdf6d-39ea-4df8-b8a7-1a4362423b28_jpg.rf.e578dcd545f83675e59c08112da124ed.jpg, 0, 1
223d92bc-5ef8-450a-86d6-ab5d6e8c5b3e_225_jpg.rf.e57e278b1c7c81d75181ff2250228aec.jpg, 0, 1
16117db8-0d07-4950-b684-370b7d0813ec_225_jpg.rf.e58115f07b0e84f0f705b15798cd3bcc.jpg, 0, 1
233af445-c0e5-4bb1-ad5f-743becd76cab_270_jpg.rf.e584049285e4a572daf8e7bc23b5ee16.jpg, 0, 1
33e3e3fe-8e37-4b4a-aa04-ad3864731632_90_jpg.rf.e58133453e0d93325fe3976b0f9410c8.jpg, 0, 1
4f280435-14a2-4194-9f75-2e7ea72b39ba_45_jpg.rf.e5a252971a04485a48a5279db2686ded.jpg, 1, 0
72a74631-171a-4cf4-b978-58f358afa95c_225_jpg.rf.e58c6ab3db60e82074ecfe591fa51c2a.jpg, 0, 1
56863d51-82dd-432b-808a-bb09a5e65be6_225_jpg.rf.e58e3255a1fa9c42fbb2238046b2a9d4.jpg, 0, 1
92009a81-ec1a-4dc0-99aa-c0898383287c_jpg.rf.e590b2d474a41f7fae00dd9ca9c812cf.jpg, 0, 1
adcb9cef-245f-4674-bd16-4c8ad789d0a8_jpg.rf.e5aab6fc71e34131109567f54448fd23.jpg, 0, 1
adcb9cef-245f-4674-bd16-4c8ad789d0a8_135_jpg.rf.e5afee36c637887b031e62df0508d727.jpg, 0, 1
00800bbf-203e-48bd-b64c-f14ef2579c8a_45_jpg.rf.e5bb50961480b6c9ba20dccfa1198f0a.jpg, 0, 1
93a64c9f-678d-4302-94ea-5758bbf7451c_270_jpg.rf.e5b53ca70306f987d2c9a0b2e49c033b.jpg, 0, 1
811f5cf3-9a05-4b39-b1b3-174f31f7cec6_90_jpg.rf.e5bfcba2a1258a8ce5f5e386f34e51b7.jpg, 0, 1
0c279d03-a83d-4404-b852-2b90d79e1ed3_45_jpg.rf.e5d33d6508ed1247c78ac90241b554f5.jpg, 0, 1
66c7508a-f4ff-4af6-a91b-5f33d3c4d20d_45_jpg.rf.e5d25bc5386bc37d77770ac9f36c663a.jpg, 0, 1
41cfc0a3-c4ad-4285-9951-7a37d79f1c17_45_jpg.rf.e5cb4b4f0901ada6be687fd2c31d5287.jpg, 0, 1
d6ed6d4c-2acb-4507-bc4c-70480968eacb_135_jpg.rf.e5d3bc920ea179fd7b4c7e2b20ffa09a.jpg, 0, 1
40cbb123-b3d1-4546-aa26-2fdd1090b075_jpg.rf.e5d583b211a5950ca0fc83c03c483ea0.jpg, 0, 1
589950d7-088b-4c4b-abc1-9b824671ec8f_180_jpg.rf.e5d7359dcad6540525270c9fbc33d297.jpg, 1, 0
217fef04-2462-4dca-a170-f780b700b17e_180_jpg.rf.e5d60548adc319fc44dd2832f4d33ca6.jpg, 0, 1
cfed691e-4738-45c4-a2bd-65fc9d5c2da8_90_jpg.rf.e5e0b2a0eb8f17824c4a40586dc19733.jpg, 1, 0
665aeca5-e68c-49d3-ad8d-5755fad74dcf_225_jpg.rf.e5e4a6ce45ac74c36546ea533e847bb9.jpg, 0, 1
adcb9cef-245f-4674-bd16-4c8ad789d0a8_jpg.rf.e5e3d35b0f9997eedce8a6ae806e4a0e.jpg, 0, 1
4d510781-6fad-4149-909f-5b3615711984_180_jpg.rf.e5e6edbd311b7366550933c560abe1a3.jpg, 1, 0
a4b1b05e-8f9a-4f68-98fe-52dd9e2a9663_225_jpg.rf.e5e845fec8bd579bd435d45c351d07ae.jpg, 1, 0
66ba2553-31f1-473c-9602-d2df0c1bb3f0_180_jpg.rf.e5eb951e958c25ee903b0f93e1bd5e50.jpg, 0, 1
d02674ec-4a90-43c1-9aba-1cf70300a55a_180_jpg.rf.e5f5bf04378ffd3b5cbb3cc7579f8f2e.jpg, 1, 0
6f8a29a3-8b83-47d6-8a5b-7baf97fd4469_45_jpg.rf.e5f96724af9b96b91178c5efaeaefebd.jpg, 0, 1
764af58e-c590-444a-aefd-b4bc11f74c40_180_jpg.rf.e5fba39bb0f1c1b06fcb8b26f6bf8147.jpg, 1, 0
WIN_20221229_23_01_47_Pro_jpg.rf.e602f6addc37863becb98791a5ce5d8d.jpg, 1, 0
00137db3-94aa-4aa5-aa3b-e3e09d6a5ef5_90_jpg.rf.e60e181d999a10323409dc16a242f80f.jpg, 0, 1
4f08fc98-7d4d-43f7-921d-b2ccf8ca726d_180_jpg.rf.e605b0703281f3ab318f32f0ff11e4ed.jpg, 1, 0
WIN_20221229_22_32_08_Pro_jpg.rf.e60ebbcfd61e83f0a42afc0909558c1e.jpg, 1, 0
706a501b-940f-4252-89a9-1afae476d3b1_90_jpg.rf.e60f500ea4e487643ad4972569afd541.jpg, 0, 1
a936c90a-8f24-4289-b10b-4830ac9f3019_135_jpg.rf.e61cec7d2adaf490910042fdc40c0589.jpg, 0, 1
75f27827-8267-4ad8-8c7f-938a7c0c0a72_45_jpg.rf.e62a58e11f89fa1c3fbff2b184b5f759.jpg, 0, 1
WIN_20221229_22_29_11_Pro_jpg.rf.e61eb1524e307441e21376c5e56f1c2a.jpg, 1, 0
5064456d-d977-4c88-a2f7-613db1f3f19b_90_jpg.rf.e634c7956e0d8f5177c26d0d42ac614b.jpg, 0, 1
2b3188c7-77de-4b98-aaa5-012b0941ca45_jpg.rf.e6315ba90ad415bb7212d477f87ac896.jpg, 0, 1
2da43d43-ad7b-435c-920d-0fbfebb88959_90_jpg.rf.e63999438bfef9ba9553c9effe733d92.jpg, 1, 0
7089d907-9aaf-459e-ae22-53962285fbc8_225_jpg.rf.e631648bd36856c5ae087e71f06f0fcc.jpg, 0, 1
2b560df3-ff42-4546-a0bd-11ff2ca590e2_45_jpg.rf.e63a03f19725f451d6ca25ca5e320c79.jpg, 1, 0
8a28aff5-8859-462a-bccf-e8d61dde3eff_180_jpg.rf.e644134aabb47686c009e5d34224f83c.jpg, 1, 0
22ada72b-340c-4d68-9534-2729e3347cab_90_jpg.rf.e63cf3012639f05d1c1b1e5a0ca557ea.jpg, 0, 1
WIN_20221229_22_58_53_Pro_jpg.rf.e65117ac9d0ef7640c7e07f575412db4.jpg, 1, 0
a4b1b05e-8f9a-4f68-98fe-52dd9e2a9663_180_jpg.rf.e66363244aac388ce8b6ea38a69858f5.jpg, 1, 0
98cb62e4-f491-47c7-b871-9d1aeeac307e_jpg.rf.e64ed826424c4bf7fb56ed678cd9793a.jpg, 0, 1
52fd332d-b13d-4675-8292-bfb533d39432_90_jpg.rf.e66f1edd92150768280febad02a42df6.jpg, 0, 1
82dbf814-a3a3-4cba-9277-08c10de5c8a4_90_jpg.rf.e671c09caa3c44784d636f02c33c818c.jpg, 0, 1
7d0322d1-3583-4a2b-ad25-e76d31603cee_180_jpg.rf.e66a67ff275d5950ac8737b6e8d1b60a.jpg, 0, 1
507e6cd8-2041-47e5-b174-28a6d9328985_180_jpg.rf.e67b929f3eb50575affd383ed3fa0335.jpg, 0, 1
256d7e4e-e47b-466f-adb1-051bda40d918_270_jpg.rf.e67983e41e13d161ce753fd6d7874cf8.jpg, 0, 1
24a200ea-e903-4bcd-aee1-fb26e7bfd757_270_jpg.rf.e681f24a3f7430dfd4a30289a7d61785.jpg, 0, 1
76a872d2-5c22-4f33-82b4-18c0f78e1a1b_225_jpg.rf.e67f8fb0bf20ba4c1c483739d8fa952f.jpg, 0, 1
9a5fc62c-6820-4cb6-ba66-1063e612d144_225_jpg.rf.e689fd24944f5e092d1ac612760e3bc5.jpg, 0, 1
WIN_20221229_22_18_40_Pro_jpg.rf.e6917d3380327c547a6dbb60a21340f4.jpg, 1, 0
0c4d65e5-1985-47b2-8252-616ed898bd7c_270_jpg.rf.e69a23648885900797b548ca8a4436b5.jpg, 0, 1
01b9d47e-ecba-48fd-a83f-ece6e05995fc_225_jpg.rf.e69f4c4ca1c5b3ca0eaa6af3c3e87c82.jpg, 1, 0
60f07eaa-f4a0-4939-9882-acce7b2ee256_180_jpg.rf.e6a31f9a8707429a991deffb56931261.jpg, 0, 1
96d467c2-fa44-474b-9e64-88f1f265aeaf_180_jpg.rf.e6ad48c8c95d19b82973e0deff8d0eb7.jpg, 0, 1
61e87bb2-b69a-4d10-afa1-6c1a3d0291df_jpg.rf.e6b5e190ee707aedbf221d44a2409b02.jpg, 1, 0
WIN_20221229_23_32_04_Pro_jpg.rf.e6ba46e7b01b4b97a8661cddf9a9db21.jpg, 0, 1
dc2bb2f5-03e1-46c1-9886-bda5f5bee11b_90_jpg.rf.e6bcd9e773411af4e0b940f5985844b5.jpg, 0, 1
d6ed6d4c-2acb-4507-bc4c-70480968eacb_225_jpg.rf.e6c2eda36a5a766d1e2523e8cae646e1.jpg, 0, 1
a57c3779-84b6-494f-a396-47718417b914_45_jpg.rf.e6d67fdbeab59e9ee9284f3677ce3858.jpg, 0, 1
706a501b-940f-4252-89a9-1afae476d3b1_180_jpg.rf.e6eba437bcd5dfa647c14a52b3d2c7a8.jpg, 0, 1
a3f8b634-4b11-478d-bbfe-41a57317ad50_45_jpg.rf.e6eac1e0313e362e82b0adaea9e61c03.jpg, 0, 1
3c966d73-e030-422f-8e66-a2bfb35337dc_90_jpg.rf.e70431a0fd1074d4117b33121593315a.jpg, 0, 1
6fb259e3-002e-473c-a2bc-4a9f48c1ebe7_45_jpg.rf.e704609bd3c56022faef88df6a627473.jpg, 1, 0
7a6523d6-ef65-4cca-8160-946936395ede_jpg.rf.e70b252534bd82682de826d902df1d5a.jpg, 0, 1
51ba5ef7-fd64-4d52-9c3f-9d70e0ff040f_270_jpg.rf.e70bf4ebe738ec0ba7772ae22cb23f5d.jpg, 0, 1
dc2d0160-f922-429c-8c3c-5a6f0f68c023_90_jpg.rf.e6eb06accb6784eea2aca4f2773b0855.jpg, 0, 1
6cdbe5d2-04bc-4a25-b1a0-be0a00a136ae_45_jpg.rf.e71e6960248a5d531c80859bf11c82bb.jpg, 0, 1
84f05969-c971-4d44-8df4-3a80a71a545d_90_jpg.rf.e71c1e6db59d89e3bf4146bb063fd39c.jpg, 0, 1
ba23ca74-9f22-43fe-8e97-1aaac5891d8d_270_jpg.rf.e719048869600cedc35a71620194864a.jpg, 0, 1
708fb576-4b86-4d50-a652-cc0d64f5407a_jpg.rf.e73340e2de190b42f2f587b7a8f9c357.jpg, 0, 1
72ab964e-0b95-46ec-a135-1890eb300c53_180_jpg.rf.e720bd272d07bce23ce8670a73d1294e.jpg, 0, 1
4dcbce83-654c-4125-9939-c4398187533a_jpg.rf.e73857b10a9af4e6f19911a4d76a11f2.jpg, 1, 0
8140aed5-a61c-4048-81dc-c9e2149f60b2_45_jpg.rf.e735fe884f2a9d900ae142d0b459f90d.jpg, 0, 1
1513532a-b352-4b17-b681-b02f3127b483_180_jpg.rf.e738f2ddb1d3f5669150edc0ecab7400.jpg, 0, 1
24522061-cd21-4507-92da-432712838d1d_270_jpg.rf.e739ba6e79101cdb8bde43078fb6cade.jpg, 0, 1
WIN_20221229_22_25_58_Pro_jpg.rf.e74dae5ead943c08ddb7d5b3257fb205.jpg, 1, 0
1d4ead22-cc06-4fa2-9784-d9257f24ef86_225_jpg.rf.e74dcea3a87b322d021749612fb544b7.jpg, 0, 1
00137db3-94aa-4aa5-aa3b-e3e09d6a5ef5_jpg.rf.e750af69a76d4c40bc61a4bb24bbbf39.jpg, 0, 1
76d57cee-bb5c-4631-b737-fe16b92c2a28_90_jpg.rf.e75b16ddc88b98ee776a49a6aa207c57.jpg, 0, 1
507e6cd8-2041-47e5-b174-28a6d9328985_225_jpg.rf.e7641dd34be148d17a01a443b71e0ba9.jpg, 0, 1
898d6980-0ea3-4451-82f1-3bdabc8c6d9d_225_jpg.rf.e767b89df6c9b5cab218f4336e19be41.jpg, 0, 1
665aeca5-e68c-49d3-ad8d-5755fad74dcf_45_jpg.rf.e76b8f73e1df10d50ad6c771bf7bfe27.jpg, 0, 1
5064456d-d977-4c88-a2f7-613db1f3f19b_90_jpg.rf.e76f24861c67fc979778abf4b26d1224.jpg, 0, 1
01aff576-d811-4858-bc7b-e66af9db530f_jpg.rf.e77334a5113c07c27ed8a2e3fd75fdd7.jpg, 1, 0
223d92bc-5ef8-450a-86d6-ab5d6e8c5b3e_225_jpg.rf.e7744fe3255977315b449564d5ce54c4.jpg, 0, 1
589950d7-088b-4c4b-abc1-9b824671ec8f_270_jpg.rf.e77b836ad3f9691c9cdd59dee065be0b.jpg, 1, 0
69fc95bf-f644-4c92-8057-f05146da07f7_225_jpg.rf.e7a105b2ef3e14ae9818ef489a739565.jpg, 0, 1
303bf4f0-4e58-4f52-83e1-73f1a7ceabc5_90_jpg.rf.e799d63a57b40b8c4e419155f850866a.jpg, 0, 1
0d2a4a7e-7b37-49eb-9ad6-8faaf457ad82_jpg.rf.e7aa50306edc32a96e617b37e8182fad.jpg, 0, 1
WIN_20221229_22_06_17_Pro_jpg.rf.e7c129294885b01993eff08b83a5ae3c.jpg, 1, 0
WIN_20221229_22_48_59_Pro_jpg.rf.e7c14c3bc67ec92675e8ecd1f3c7812b.jpg, 1, 0
d6ed6d4c-2acb-4507-bc4c-70480968eacb_135_jpg.rf.e7c66a8e2d03afcfc5198fd544a38d44.jpg, 0, 1
8e753e61-dd28-45b8-aa64-e6c1e71bd812_jpg.rf.e7d121c3c208b2451c7c2e0b8fb488c0.jpg, 0, 1
a8ba45d9-69a1-4fc4-a6c3-74c50107e59c_45_jpg.rf.e7c1e253ae1fe7d4741ce74debfa1fdf.jpg, 0, 1
1ab90226-8889-4bcd-ad0c-ea01fedaaffd_135_jpg.rf.e81534f683a18dcd2cc27212ba5e0989.jpg, 1, 0
687de30d-714c-4d10-9b23-998af950a13a_45_jpg.rf.e7f96f17d41efdd965df82b81e9366c7.jpg, 1, 0
303bf4f0-4e58-4f52-83e1-73f1a7ceabc5_270_jpg.rf.e7da27af6d09c103dbd0b7a1549a5ddc.jpg, 0, 1
92fe0088-90bc-4eaa-8567-a9b3ad0645e8_225_jpg.rf.e81549a119e55de19e7df4a70cdab1bb.jpg, 0, 1
2a99660b-f767-40aa-937f-c4cd68d2ceac_jpg.rf.e819bded8d51cde83abd1088eb427ee1.jpg, 0, 1
2eae8682-54b6-40b7-9684-d956300a4077_225_jpg.rf.e82028b6912e071417277cae29b7892a.jpg, 0, 1
WIN_20221229_23_22_35_Pro_jpg.rf.e82b2f0cc4202d0507e07675b39f1b99.jpg, 0, 1
adcb9cef-245f-4674-bd16-4c8ad789d0a8_180_jpg.rf.e830cbdd70177e6fdab0bd4ed41624b1.jpg, 0, 1
b4b3a28f-aee8-402c-856a-b09db5dbeb4a_45_jpg.rf.e83109a04569e6f8f3d4977220703ae9.jpg, 1, 0
085c4ff0-ec11-44e6-b865-d4a8e163bcee_225_jpg.rf.e83b9e0c8f7983ff57719e6dc44ec91a.jpg, 0, 1
7ceae77f-3a56-4262-a271-2a8d727efbe9_jpg.rf.e837827c08bacc70dbba47d6cd7711c3.jpg, 0, 1
70be0397-922c-4185-bb84-728b59ab25f8_270_jpg.rf.e83c940bb754c3b1457e4be3f2798371.jpg, 0, 1
a4b1b05e-8f9a-4f68-98fe-52dd9e2a9663_180_jpg.rf.e844e2e47af780bc6adb7f3be15a5ec1.jpg, 1, 0
8c678484-e530-433f-9265-cadfa51b5d6a_90_jpg.rf.e850fbc122a5ac5c2a2d36acbc6407c9.jpg, 0, 1
72a2b8f8-c7ca-4222-b2a1-9b82ac7990f4_270_jpg.rf.e853abe0bd2d3b4900c760b6aa874f32.jpg, 0, 1
8a28aff5-8859-462a-bccf-e8d61dde3eff_135_jpg.rf.e8536dd0bb6cd2f75e111bda6549f57c.jpg, 1, 0
2b560df3-ff42-4546-a0bd-11ff2ca590e2_jpg.rf.e8664080e10cb193b008f2853acda492.jpg, 1, 0
41ab7cda-4c88-47b8-98da-0c6ee6e07325_90_jpg.rf.e85f32328b7b99b0bee60f0967099dca.jpg, 0, 1
2bf615ea-7241-4861-82d7-bb74c8b5dfba_jpg.rf.e86fe73d4b7bf11f2dc2e4144a66a5ea.jpg, 0, 1
7089d907-9aaf-459e-ae22-53962285fbc8_jpg.rf.e87621d1b310be46bb075e67ea443c5f.jpg, 0, 1
16117db8-0d07-4950-b684-370b7d0813ec_225_jpg.rf.e87a9140568828b3a6bb770a9e747172.jpg, 0, 1
WIN_20221229_22_30_25_Pro_jpg.rf.e8474478c36555de68fafb94ac244e19.jpg, 1, 0
d4ea5845-ed1c-4bcd-b615-557884bb64c2_jpg.rf.e87dbfa8df735b269720fc6f6cca47d2.jpg, 1, 0
96f68346-9256-416a-a050-9ec4b750ccc6_225_jpg.rf.e87e0741834eefbb6f4226a81a508a42.jpg, 0, 1
22ada72b-340c-4d68-9534-2729e3347cab_225_jpg.rf.e87f9a529dbc814c6dc52e35c26bba58.jpg, 0, 1
WIN_20221229_22_34_44_Pro_jpg.rf.e886c98613ce2c57208f33eb2b70b5c3.jpg, 1, 0
60f07eaa-f4a0-4939-9882-acce7b2ee256_jpg.rf.e88ee3aba185b0d2e3c5b41b95d45c38.jpg, 0, 1
61e87bb2-b69a-4d10-afa1-6c1a3d0291df_jpg.rf.e8993b864b115735d79c6a45a73198c4.jpg, 1, 0
WIN_20221229_23_22_35_Pro_jpg.rf.e8a4f88dcfacb0bcc2956c5a748f3e41.jpg, 0, 1
6bb51206-67ec-431b-8484-93739b1fddad_135_jpg.rf.e8a268675843c44ba4d79f6f2bbcffb2.jpg, 1, 0
8bfe69f8-33fd-4fea-8a42-c821ffd94be0_180_jpg.rf.e8a9921d5638af986d0b6ce89be82a1e.jpg, 1, 0
WIN_20221229_22_46_15_Pro_jpg.rf.e8a6d94cec2723ea401940a1c079dc81.jpg, 1, 0
207aff1c-09cf-47d1-ae76-474c6c31b0e4_180_jpg.rf.e8aaa3131ba7bf3b0866cae74bf39a7e.jpg, 0, 1
WIN_20221229_23_31_53_Pro_jpg.rf.e8be0faa589e1e56078cabcef48f5150.jpg, 0, 1
WIN_20221229_22_24_12_Pro_jpg.rf.e8b3d41b8c6f07c0d1d252915e050472.jpg, 1, 0
72a2b8f8-c7ca-4222-b2a1-9b82ac7990f4_135_jpg.rf.e8b460b9b6f2c5b391bac12022cf6500.jpg, 0, 1
97e4c08e-3475-4d77-8b54-a2231e38f6a2_45_jpg.rf.e8d45e445842725d5c434306f676a623.jpg, 0, 1
859bbe6e-7f46-4b86-acd1-86fea679de36_jpg.rf.e8d664699ce464204ed2c8195e251ec1.jpg, 0, 1
60f07eaa-f4a0-4939-9882-acce7b2ee256_180_jpg.rf.e8d8dcbfd5228a4a7621696571fccacc.jpg, 0, 1
96d467c2-fa44-474b-9e64-88f1f265aeaf_jpg.rf.e8d8e2dc02dae4841f85a1b8576beb87.jpg, 0, 1
6b30113e-141c-4956-964b-7b64918f694b_225_jpg.rf.e8d9d8a41a0c09356bcf5e16c06a643f.jpg, 1, 0
223d92bc-5ef8-450a-86d6-ab5d6e8c5b3e_180_jpg.rf.e8df0f78ec1be19117ed10bc810888fa.jpg, 0, 1
ae88b11a-3c51-46c9-a74f-4f141d73ed73_90_jpg.rf.e8e85f2647263761f1eff2421902c603.jpg, 0, 1
81d526fb-cb95-4b9d-a013-dad7b3f083b3_270_jpg.rf.e8db341262b8a896ee9303edf360be7e.jpg, 0, 1
d65589fa-33dc-4e7f-9d37-a8763424d061_180_jpg.rf.e8ea6cdfcd1190d35e1fe34d6e2b88d6.jpg, 1, 0
488cb81f-a17e-44b8-bd1b-0e709bee4a92_45_jpg.rf.e8ecce24dc952ff591a976ec189af8a1.jpg, 0, 1
4fac26f2-1588-4362-9e73-ffe2e8791cbb_270_jpg.rf.e90135baa30f24fe3dfc70091e1af276.jpg, 1, 0
4737a7d7-5d10-4912-b3e7-c8254a88af02_180_jpg.rf.e8efab0a9affccc46fbe610ad8baa77c.jpg, 0, 1
WIN_20221229_23_27_32_Pro_jpg.rf.e9053a5b44dde41f9ca8b93ac5d41c7a.jpg, 0, 1
b4b3a28f-aee8-402c-856a-b09db5dbeb4a_270_jpg.rf.e90dbf5c8d0c0ae407b8f994cf2f8681.jpg, 1, 0
84c8c90b-b9c3-4290-bdff-f1946a11050a_180_jpg.rf.e9110bc9ea98f2d2c820cf3618e624c9.jpg, 0, 1
94a26150-c197-425f-961b-0a4ae35825cf_45_jpg.rf.e90c5a4934583e71313315716bdad56d.jpg, 0, 1
936d35a1-f617-4a9b-99c6-32cfd8284d34_225_jpg.rf.e912b909ed208f4b7313703270ece17c.jpg, 0, 1
764af58e-c590-444a-aefd-b4bc11f74c40_270_jpg.rf.e919682cd78824c00f0ca40258d9c867.jpg, 1, 0
52c230c2-20b1-4769-978c-d0a859364b3e_180_jpg.rf.e920fc57648b001c3b81b1bf520fd963.jpg, 0, 1
2eae8682-54b6-40b7-9684-d956300a4077_jpg.rf.e9239c0438c86a0f1fe26dd1750e4d67.jpg, 0, 1
87595b49-d19a-4221-8418-57ee268de2d5_90_jpg.rf.e9256af99d99f90a07bc8b52f37bee63.jpg, 0, 1
91fd5e6d-6fa7-45ec-b8dd-a390713a150f_jpg.rf.e9259d26f326cd1506c379f0140c5b9e.jpg, 0, 1
499ce0e3-7fe4-4fd4-bd8a-5aa00aab3f43_180_jpg.rf.e929e04002c98781bde3b379c58af58d.jpg, 0, 1
2d6fa448-2f18-4db5-a942-7097acff076a_270_jpg.rf.e92d1ef6ec7f4a0a698c43afe9860eb3.jpg, 1, 0
91b94861-b751-4b86-b7a3-f6b2e3dbbd89_270_jpg.rf.e940a6842c77d71536993d96b411b393.jpg, 0, 1
f206736f-e48f-4e12-b367-144752c744e6_180_jpg.rf.e943467731d5a3f961485e9072b79451.jpg, 1, 0
82743c35-e968-47ee-93f6-95270352fe13_90_jpg.rf.e959a44667224e60e4e12b2365361bf9.jpg, 1, 0
4f280435-14a2-4194-9f75-2e7ea72b39ba_135_jpg.rf.e9470922c8848bdb1fed23c019a77fc3.jpg, 1, 0
1513532a-b352-4b17-b681-b02f3127b483_135_jpg.rf.e976f67a91436403e0949e4fd6eb0e0d.jpg, 0, 1
WIN_20221229_23_22_35_Pro_jpg.rf.e95e3ce52f5eac873b3d2c7415b567f1.jpg, 0, 1
WIN_20221229_22_29_47_Pro_jpg.rf.e97775654bc5c4a31ba107417b4df8a5.jpg, 1, 0
91c2e56d-2549-4574-9414-86aa17e84ef4_135_jpg.rf.e97d8a44b2db0b87e706298e2de63dc2.jpg, 0, 1
4dbf4259-4cc3-4ff3-8768-970703c6c8f9_270_jpg.rf.e984af8c39fb6639c1005a43bfce688a.jpg, 0, 1
7a6523d6-ef65-4cca-8160-946936395ede_270_jpg.rf.e99135001a00a995c42876c1da3bbe6a.jpg, 0, 1
8e753e61-dd28-45b8-aa64-e6c1e71bd812_90_jpg.rf.e99b21f6976b5ca3dd7839c60196fd8b.jpg, 0, 1
936d35a1-f617-4a9b-99c6-32cfd8284d34_180_jpg.rf.e99b95cf757c4587cc9064c99873fcb3.jpg, 0, 1
73cca509-de66-4cbc-9421-8fcb263fefcc_180_jpg.rf.e988b12e63c4eb7669ca9d6e33856439.jpg, 0, 1
2d398321-1a08-4aec-98b9-eb3301da9d79_135_jpg.rf.e9afd81a25cb33832c900e2f768577fa.jpg, 0, 1
WIN_20221229_22_59_01_Pro_jpg.rf.e9b6875af0666215b4d055a52fff32ed.jpg, 1, 0
01b9d47e-ecba-48fd-a83f-ece6e05995fc_45_jpg.rf.e9deebb218b591acce58197635017173.jpg, 1, 0
108ca99a-5abc-4dca-8e9e-ad3551748f1a_45_jpg.rf.e9d717e9a9aaadbc1dc14fd1e441c195.jpg, 0, 1
9765b374-f3eb-4a26-903c-90d85bc9fe0a_270_jpg.rf.e9d42050d1e297f7574a3e8181e6296c.jpg, 0, 1
0c4d65e5-1985-47b2-8252-616ed898bd7c_jpg.rf.e9dfb09474072343edcb836e19ce7a94.jpg, 0, 1
233af445-c0e5-4bb1-ad5f-743becd76cab_90_jpg.rf.e9e4c1a1fb968d615929842c9d6c8847.jpg, 0, 1
72a2b8f8-c7ca-4222-b2a1-9b82ac7990f4_225_jpg.rf.e9b3f3f6d99d7a128eb93f8e57102c70.jpg, 0, 1
4f08fc98-7d4d-43f7-921d-b2ccf8ca726d_90_jpg.rf.e9ea6343b36901d94dda9b24fd3174c6.jpg, 1, 0
93a64c9f-678d-4302-94ea-5758bbf7451c_jpg.rf.e9f1e32f92b614948109a7eaace6a7ed.jpg, 0, 1
7e2e4fb2-dc94-46c6-a203-0db83ca84e81_jpg.rf.e9f50bd10b663a8a3ddb4aca1f53288c.jpg, 0, 1
898d6980-0ea3-4451-82f1-3bdabc8c6d9d_90_jpg.rf.e9f7bf7f283439a7bd69b379e474efc0.jpg, 0, 1
75f27827-8267-4ad8-8c7f-938a7c0c0a72_jpg.rf.e9ffeaa2f57fdee19470e71296bfdcca.jpg, 0, 1
708fb576-4b86-4d50-a652-cc0d64f5407a_90_jpg.rf.ea0a886e393268747d4bd30eea7e209a.jpg, 0, 1
0dc01fa2-4d5e-46ae-ad61-19485b378972_135_jpg.rf.ea0c31160af13cabf9f4ab57e53509fb.jpg, 0, 1
5d5357ec-e4b0-4f32-a45c-2dca5338324d_90_jpg.rf.ea1eba478fe81cfccbbeaa5f89478e6a.jpg, 0, 1
d02674ec-4a90-43c1-9aba-1cf70300a55a_270_jpg.rf.ea209e60acfa70ae1d0f6c34d4a072ef.jpg, 1, 0
1d4ead22-cc06-4fa2-9784-d9257f24ef86_90_jpg.rf.ea24896d22f5d40318b0346dbe02a909.jpg, 0, 1
fbe4f519-6225-4168-bcf9-4ccc4d0d82bf_225_jpg.rf.ea22f3ed654b4284467b536812f256d3.jpg, 1, 0
4dbf4259-4cc3-4ff3-8768-970703c6c8f9_225_jpg.rf.ea2a835e5397be703810175daf174925.jpg, 0, 1
92a893f4-8dd5-4f4a-9864-08811d4ed00a_45_jpg.rf.ea28d8c037044fe0101635cc32b59186.jpg, 0, 1
84f05969-c971-4d44-8df4-3a80a71a545d_jpg.rf.ea313c94d26a18c66c50a8a817570bc4.jpg, 0, 1
ba23ca74-9f22-43fe-8e97-1aaac5891d8d_180_jpg.rf.ea3c213a0b40312a2f39f8d8b8b80980.jpg, 0, 1
226b7023-757d-4c11-9b59-a0e8f02e5274_jpg.rf.ea287b39c2fa93c3e8dfb5fdfe2cdc81.jpg, 0, 1
665aeca5-e68c-49d3-ad8d-5755fad74dcf_45_jpg.rf.ea49ce9c08d4aa2e0b716d27f9e38d65.jpg, 0, 1
a936c90a-8f24-4289-b10b-4830ac9f3019_90_jpg.rf.ea3f2d4f80f986fe068af15cdb07922b.jpg, 0, 1
16117db8-0d07-4950-b684-370b7d0813ec_90_jpg.rf.ea411b64d40fec2b6aa5369153f8208a.jpg, 0, 1
f206736f-e48f-4e12-b367-144752c744e6_180_jpg.rf.ea4a00772fa8cb98a1707dc0d6f048b8.jpg, 1, 0
25365714-d0ec-4a39-aba3-ea056e686ce9_270_jpg.rf.ea4fe072e2a8d68711c30b036fe61d4d.jpg, 0, 1
96d467c2-fa44-474b-9e64-88f1f265aeaf_jpg.rf.ea4e274adc9d162fc7e1684092e9ad3d.jpg, 0, 1
503a19e2-d693-4ab0-aae9-9181b1789a94_180_jpg.rf.ea60c3efabff45ebf092745461f9363f.jpg, 0, 1
611513d3-0fb7-4068-8cd8-68a9bdb056c4_180_jpg.rf.ea61cffcd8efa64e9de0ccc5df2da0e7.jpg, 1, 0
5064456d-d977-4c88-a2f7-613db1f3f19b_225_jpg.rf.ea627c79dcb3839d24b957d0d1f38582.jpg, 0, 1
8ddce3ce-bc64-4942-93aa-940868007f64_270_jpg.rf.ea63b2cc3c1bb14fbe4e36accd74e1d2.jpg, 0, 1
507e6cd8-2041-47e5-b174-28a6d9328985_225_jpg.rf.ea6c3fd93b516391aa4b417607e2101b.jpg, 0, 1
0d2a4a7e-7b37-49eb-9ad6-8faaf457ad82_90_jpg.rf.ea7a3e729bf3bc6203a8c6f3bacf003b.jpg, 0, 1
WIN_20221229_22_42_04_Pro_jpg.rf.ea705421ee8b922410401ab999593604.jpg, 1, 0
5a3117dc-7932-4c34-ae3f-e5867c98ee0a_135_jpg.rf.ea7b29bde5eb6159b5eeb6b8295eafc5.jpg, 0, 1
488cb81f-a17e-44b8-bd1b-0e709bee4a92_135_jpg.rf.ea9021cb22967e6fbfc6025b90279819.jpg, 0, 1
0b521929-1734-47b8-86c9-093445af0697_45_jpg.rf.ea8d257770c41bafa773aaaab3e8012d.jpg, 0, 1
92fe0088-90bc-4eaa-8567-a9b3ad0645e8_45_jpg.rf.ea62dea37a31746c48fda73b683a7533.jpg, 0, 1
8d331829-b225-451b-8aaa-89058c62faf5_225_jpg.rf.ea938d66915f6711def96ab9773c702d.jpg, 0, 1
2da43d43-ad7b-435c-920d-0fbfebb88959_90_jpg.rf.ea91243fa8be497eee3e02f98672d911.jpg, 1, 0
a8ba45d9-69a1-4fc4-a6c3-74c50107e59c_135_jpg.rf.ea97db6dc48bfef4a5a3f38ad379f1db.jpg, 0, 1
642d6f5f-fa24-4c18-b7b2-6b24334629a3_90_jpg.rf.ea982faf87aff509ee90e240817d50f4.jpg, 0, 1
499ce0e3-7fe4-4fd4-bd8a-5aa00aab3f43_90_jpg.rf.eaa618abe9fd6a98d714e40f33589871.jpg, 0, 1
39c71820-6b5b-499e-b2c6-a957f48c62fa_180_jpg.rf.eab671f6c872ec122727b6c96b948978.jpg, 0, 1
WIN_20221229_22_11_22_Pro_jpg.rf.eace9853fa82c8e5df82dc512461e926.jpg, 1, 0
WIN_20221229_23_23_43_Pro_jpg.rf.eabaf2c68eb37881d783587fb0b9f442.jpg, 0, 1
d6faa4f5-e419-4c2d-b0be-316f48d5464a_jpg.rf.eabbda4867df19defcf17ba7dcf0aac0.jpg, 0, 1
33e3e3fe-8e37-4b4a-aa04-ad3864731632_90_jpg.rf.eabfe6f74cfef5da4c5e78abf1a3d2d9.jpg, 0, 1
2c59ee70-dc1c-4de3-83ab-aa36a5fb92c9_225_jpg.rf.eae11ac70dadec5c5d024c40c72fad40.jpg, 0, 1
WIN_20221229_23_29_16_Pro_jpg.rf.eae7a8a5f4c0cfb360a5b85821e98750.jpg, 0, 1
9dd803f6-3218-4e96-ad6e-55b3d36e8470_jpg.rf.eaddc79b2eaf3a40db79b8dfb42a4a3a.jpg, 0, 1
01c27009-f681-4495-8d82-599547aba120_225_jpg.rf.eae7c367d881f19b6ab712b4e6756637.jpg, 1, 0
0aa414bb-510b-40c9-85e1-f7a7163b3e2c_180_jpg.rf.eaec66457e56cf0f29d2086e02ba23cb.jpg, 0, 1
96d467c2-fa44-474b-9e64-88f1f265aeaf_45_jpg.rf.eaf898446b1383fdd8d29f4f5afb7456.jpg, 0, 1
3c36fca1-acb0-4a53-95be-087e2c614c76_135_jpg.rf.eafb754ca908238df86c49a3ceaad1a4.jpg, 1, 0
fbe4f519-6225-4168-bcf9-4ccc4d0d82bf_225_jpg.rf.ead07df933c3144fd1cc0fd1c7cac6e2.jpg, 1, 0
96383b0f-647d-4d8b-aae4-c525fb9365d6_45_jpg.rf.eafe09354769f3c6635bae53bb71cf4d.jpg, 0, 1
82dbf814-a3a3-4cba-9277-08c10de5c8a4_180_jpg.rf.eb0013eeb2e0432b7194389ca512c6ea.jpg, 0, 1
57ab1fc0-e755-40c3-82cb-cce0684f11f4_270_jpg.rf.eb0b145670e3d1ff3bfaa8d89188f4f2.jpg, 0, 1
94a26150-c197-425f-961b-0a4ae35825cf_225_jpg.rf.eb162e42a6c3bb034aae628db28d1032.jpg, 0, 1
00800bbf-203e-48bd-b64c-f14ef2579c8a_90_jpg.rf.eb20713abc44b56546ae775f87c875a5.jpg, 0, 1
868aed84-639d-46d3-9f59-3d71ba702ea0_90_jpg.rf.eb3421253b79cf4a071ab2d394cfe641.jpg, 1, 0
66ffa488-289b-4188-afe1-7764a1a1bb1a_135_jpg.rf.eb40d7526a8aa3627d83e6d4f13b5edc.jpg, 0, 1
0c04b448-fe60-4b89-bf5a-b18fe90a5870_270_jpg.rf.eb465344a6e2ce25b447c27b85c80eea.jpg, 0, 1
41ab7cda-4c88-47b8-98da-0c6ee6e07325_270_jpg.rf.eb4ea1a4728644e00f03b3a5a2426403.jpg, 0, 1
8a28aff5-8859-462a-bccf-e8d61dde3eff_45_jpg.rf.eb4f123ab747e7bc0696d20a214af529.jpg, 1, 0
a968e0be-061b-40ae-801e-5e286dcbb663_45_jpg.rf.eb54f1d582fa96afb859f9f6fa67618d.jpg, 0, 1
8e753e61-dd28-45b8-aa64-e6c1e71bd812_270_jpg.rf.eb480004475ef64b8719a7a2f41eb811.jpg, 0, 1
687d8151-bfed-420b-9a07-5213500e2964_jpg.rf.eb5624e10ed611f3f195ce54cfd6007b.jpg, 0, 1
1513532a-b352-4b17-b681-b02f3127b483_90_jpg.rf.eb665e34340abbc8f1950372a7d2fb8b.jpg, 0, 1
936d35a1-f617-4a9b-99c6-32cfd8284d34_225_jpg.rf.eb596751f96025f51bdc0fb801c3f22f.jpg, 0, 1
WIN_20221229_23_25_18_Pro_jpg.rf.eb597fb1d8f2dd462b47060a9787c77b.jpg, 0, 1
15fd3442-e84f-4c27-952b-ec415fe777d6_jpg.rf.eb71908730f9957d4f4961fbfd4272c8.jpg, 0, 1
9cb97279-36f3-438c-97d5-91da39c4e13a_180_jpg.rf.eb735a07942e7de3dbe4a2c531ba24ab.jpg, 0, 1
6343bade-4271-437b-84ea-e9756e715080_jpg.rf.eb74c5043cd50d4d9570a21a4bfaca6a.jpg, 0, 1
1d4ead22-cc06-4fa2-9784-d9257f24ef86_90_jpg.rf.eb75d4e0f896614d469854af9ea415cc.jpg, 0, 1
9ec72020-824e-4c15-b633-cba42d080364_90_jpg.rf.eb74658fac03d6521c1e13982b8583cd.jpg, 1, 0
WIN_20221229_22_36_08_Pro_jpg.rf.eb81483270817ff9bacaaf949a6ae73c.jpg, 1, 0
8bfe69f8-33fd-4fea-8a42-c821ffd94be0_180_jpg.rf.eb87dc1210461b2ec0e1855a6282fbdc.jpg, 1, 0
75fea9b7-7c08-4ea2-bb8d-50096fdf774b_135_jpg.rf.eb7543fc8523732bdda2b2ec38c42fd3.jpg, 0, 1
9aa3d151-a2d6-4d13-ad4f-f133f4552c4f_180_jpg.rf.eb8bb9ff17f2b1bb58ba93c060719d30.jpg, 0, 1
92fe0088-90bc-4eaa-8567-a9b3ad0645e8_90_jpg.rf.eb8d4d008f55c71730a9466f70722dc4.jpg, 0, 1
4d510781-6fad-4149-909f-5b3615711984_jpg.rf.eba41b9b83daf34ed2deb87f883d0801.jpg, 1, 0
0df87bae-ddf0-49e3-97af-b371d8544547_135_jpg.rf.eb9e92ac1ca696f58bf31a81004b4d9a.jpg, 0, 1
90dec1cd-f163-48fd-bcc4-58066e5acb09_225_jpg.rf.eba4b0f713029db1771c102b11dcf3c5.jpg, 0, 1
223d92bc-5ef8-450a-86d6-ab5d6e8c5b3e_45_jpg.rf.eba4ce5ab9a91b3d5fbb5c8e170ce472.jpg, 0, 1
2c59ee70-dc1c-4de3-83ab-aa36a5fb92c9_135_jpg.rf.eba66ff1445bc2bef2c7b3e91ab2aec5.jpg, 0, 1
0c4d65e5-1985-47b2-8252-616ed898bd7c_135_jpg.rf.eba5b2148fe85eb9246ca2357d69533d.jpg, 0, 1
dc2bb2f5-03e1-46c1-9886-bda5f5bee11b_180_jpg.rf.eba9a75a90eb7fc5a7f03c957ee72f87.jpg, 0, 1
90dec1cd-f163-48fd-bcc4-58066e5acb09_270_jpg.rf.ebac8bb232d147d858797d4c43b2632e.jpg, 0, 1
87cc591e-7e25-4d08-a519-6b5ec6d98cfa_45_jpg.rf.ebb0eecb4bee8d090432952d80b28dfa.jpg, 0, 1
73cca509-de66-4cbc-9421-8fcb263fefcc_180_jpg.rf.ebb238f13cff27e003d3a8901a19dcd3.jpg, 0, 1
4ded4873-2bd7-4d9b-80ae-7a8967c128ce_270_jpg.rf.ebb365b56f34f989c762bbc750402313.jpg, 1, 0
b361e99e-9c59-43b5-92f6-80ad77c3287f_jpg.rf.ebcfcb9fa04e5545b0a9b20d7d969025.jpg, 1, 0
6bb51206-67ec-431b-8484-93739b1fddad_225_jpg.rf.ebe6aba2418577f6ad9a81fa2cc75af7.jpg, 1, 0
488a316b-07fc-410e-a5fd-84f831acc653_135_jpg.rf.ebe0f606996f0d0c482df7e5845fe135.jpg, 0, 1
108ca99a-5abc-4dca-8e9e-ad3551748f1a_90_jpg.rf.ebecaccddc5a788b698064cf9f2a48a3.jpg, 0, 1
93bde728-be7b-4af0-a18e-67f00d6fdcac_270_jpg.rf.ebf692d0da18be779325175278830ea5.jpg, 0, 1
a936c90a-8f24-4289-b10b-4830ac9f3019_45_jpg.rf.ebefedfae331d294645e283e60fa7010.jpg, 0, 1
WIN_20221229_22_11_22_Pro_jpg.rf.ebf92fd68524f1a4fc94a0c723be71de.jpg, 1, 0
4de4ad31-de11-418b-a60d-a7192ea0c98a_45_jpg.rf.ebf9c3c05b783719b356df6c260013b5.jpg, 1, 0
69fc95bf-f644-4c92-8057-f05146da07f7_135_jpg.rf.ebfab6fe9a2158b708fda2c7054bff39.jpg, 0, 1
8ddce3ce-bc64-4942-93aa-940868007f64_45_jpg.rf.ebfccbc6630a06b3b963c3255b9cc8fb.jpg, 0, 1
5a3117dc-7932-4c34-ae3f-e5867c98ee0a_jpg.rf.ec026a68fc42e22e1f87182f2357a443.jpg, 0, 1
WIN_20221229_22_50_46_Pro_jpg.rf.ec26427328d82c1a40521ee14cd0beb5.jpg, 1, 0
69fc95bf-f644-4c92-8057-f05146da07f7_45_jpg.rf.ec361e6a8aa937c9a7f6de51fbaa4efe.jpg, 0, 1
4dbf4259-4cc3-4ff3-8768-970703c6c8f9_270_jpg.rf.ec42c4abbb19602b0046c0f7253d768c.jpg, 0, 1
0327f441-9a02-40a9-b280-251440ad4cec_135_jpg.rf.ec17de1bbfd6dc209d4277db42f24b13.jpg, 0, 1
0d2a4a7e-7b37-49eb-9ad6-8faaf457ad82_225_jpg.rf.ec472d1e28e9658c34f34b1f1e1c8fe9.jpg, 0, 1
51ba5ef7-fd64-4d52-9c3f-9d70e0ff040f_180_jpg.rf.ec46a795438f79af11d7cc3ecfb06f46.jpg, 0, 1
80c4e3b8-9502-4216-aad1-1b5f6f3d6b72_225_jpg.rf.ec4d1c115ea40636d6f2518632d34993.jpg, 0, 1
5522f66d-ad72-48d5-9767-5e7b23f6a206_90_jpg.rf.ec4eee396b729dc4d3c5d8d25b6ecfd7.jpg, 1, 0
aa8cc596-1881-4e18-a73f-fe60f6a6a031_225_jpg.rf.ec5215d4f5b5d6f4dbffbe9842ce8b56.jpg, 0, 1
01b9d47e-ecba-48fd-a83f-ece6e05995fc_45_jpg.rf.ec53ae48eaf23909b3a699cecb902cdc.jpg, 1, 0
6343bade-4271-437b-84ea-e9756e715080_180_jpg.rf.ec5b896f764d8c7462bd95733d3439bb.jpg, 0, 1
b84b2bd1-353d-4da0-80e6-da6df7b611b8_135_jpg.rf.ec55ae9daab90b81191b8113c5bf3363.jpg, 0, 1
66ba2553-31f1-473c-9602-d2df0c1bb3f0_270_jpg.rf.ec5da8cf86fee3920f7264f5107ff721.jpg, 0, 1
6e3c83a7-c5c6-46b5-8562-ffa8d99f4bb2_135_jpg.rf.ec5dc03aa89ba63714929718f217570d.jpg, 0, 1
6e3c83a7-c5c6-46b5-8562-ffa8d99f4bb2_jpg.rf.ec61124cce22c838792512b64154c324.jpg, 0, 1
2b3fa5f4-98bb-4565-b461-8ebc3db528ca_225_jpg.rf.ec70cf71487b731dfdfbe1fc2944e57f.jpg, 1, 0
51ba5ef7-fd64-4d52-9c3f-9d70e0ff040f_225_jpg.rf.ec6b6e58e93d046aad0372d3aa14ce31.jpg, 0, 1
0327f441-9a02-40a9-b280-251440ad4cec_45_jpg.rf.ec780c6f5d4cf4e2014e50a7afe532c8.jpg, 0, 1
680cc473-598d-49e7-847e-6b8c099e14fc_180_jpg.rf.ec7b94e34471fdf87e7e031f5404067d.jpg, 0, 1
98cb62e4-f491-47c7-b871-9d1aeeac307e_270_jpg.rf.ec7ef056b48a8ff4c31f74fd075a2d6f.jpg, 0, 1
97e4c08e-3475-4d77-8b54-a2231e38f6a2_180_jpg.rf.ec8112b4eca16ea4699f9b8d6d69c5f4.jpg, 0, 1
98cb62e4-f491-47c7-b871-9d1aeeac307e_270_jpg.rf.ec822e8dab6c6d7479df2791324710fd.jpg, 0, 1
91fd5e6d-6fa7-45ec-b8dd-a390713a150f_135_jpg.rf.ec8a7bfe7e2293cbc4ca043ed44b5eb2.jpg, 0, 1
811f5cf3-9a05-4b39-b1b3-174f31f7cec6_180_jpg.rf.ec830328ade3a033b3b4d1b25a5bb7ed.jpg, 0, 1
WIN_20221229_22_33_47_Pro_jpg.rf.ec98cb3ee5475cfead0bcd4f45c899aa.jpg, 1, 0
aa8cc596-1881-4e18-a73f-fe60f6a6a031_jpg.rf.ec998b55571193d19299d8a0e72eb1fa.jpg, 0, 1
01c27009-f681-4495-8d82-599547aba120_90_jpg.rf.ec99353281e6dc37b2df1ce33a276fd7.jpg, 1, 0
87e64a68-c898-4474-bd57-1e570902862f_135_jpg.rf.ec9e68ed155f4e40ab9f269adc508700.jpg, 0, 1
de7c5c69-6255-4087-9565-1732a07c986d_135_jpg.rf.ecac95f61280ba8a7ef6792913b5496e.jpg, 1, 0
WIN_20221229_22_25_58_Pro_jpg.rf.eccbc4ce086139ceb0d3eee469ae4659.jpg, 1, 0
1acf8679-d50f-446c-b806-def7d073e244_270_jpg.rf.ecd1691fbe2160a37c5f61fc488b80d5.jpg, 1, 0
0c4d65e5-1985-47b2-8252-616ed898bd7c_135_jpg.rf.ecd306f4634f2215897cb23e51a22f0a.jpg, 0, 1
ef757b72-613c-4d8f-b8e0-a3564581cb0f_180_jpg.rf.ecd832db38358e51427fd08e61e60e4a.jpg, 1, 0
0516cd97-ef6c-4542-a884-e01aaa597ac3_135_jpg.rf.ecd89fa92d62099e13ea7620a18a9141.jpg, 0, 1
69dc5c1e-a7ad-49aa-ba21-235545c312c6_225_jpg.rf.ecf31c7b6d5aa49b0dfb1365041c578c.jpg, 0, 1
25365714-d0ec-4a39-aba3-ea056e686ce9_180_jpg.rf.ed0700562c550e797faf0565cbc0edb8.jpg, 0, 1
97e4c08e-3475-4d77-8b54-a2231e38f6a2_135_jpg.rf.ed076abd72a267533747eef5f0ffc66c.jpg, 0, 1
2d398321-1a08-4aec-98b9-eb3301da9d79_180_jpg.rf.ed0bf17e9673250d0001ad95ba1d7ea3.jpg, 0, 1
WIN_20221229_22_32_08_Pro_jpg.rf.ed0f37866b108be698f1c415dacf4ef2.jpg, 1, 0
868aed84-639d-46d3-9f59-3d71ba702ea0_90_jpg.rf.ed10db0683005e4aac4ee42b52c3d6ba.jpg, 1, 0
WIN_20221229_23_29_36_Pro_jpg.rf.ed25db11fc9ba2920aff1c79949aee9c.jpg, 0, 1
41cfc0a3-c4ad-4285-9951-7a37d79f1c17_225_jpg.rf.ed29d0327ce1acdde53f1bbc681f5180.jpg, 0, 1
9cb97279-36f3-438c-97d5-91da39c4e13a_135_jpg.rf.ed2f7a64c093504697bb3e7be95b05ce.jpg, 0, 1
WIN_20221229_23_04_54_Pro_jpg.rf.ed30cccdf15740c6596b1fd7217ac1e8.jpg, 1, 0
a3f8b634-4b11-478d-bbfe-41a57317ad50_180_jpg.rf.ed45efe7f93e7d17be9f683431c570a8.jpg, 0, 1
96f68346-9256-416a-a050-9ec4b750ccc6_90_jpg.rf.ed47a941169f2928d26226e6f5a7f3c0.jpg, 0, 1
WIN_20221229_23_03_07_Pro_jpg.rf.ed1665f1689bb7627b01f430b1b4f0e1.jpg, 1, 0
93a64c9f-678d-4302-94ea-5758bbf7451c_135_jpg.rf.ed47decb0b9cc949aea6183115482c16.jpg, 0, 1
217fef04-2462-4dca-a170-f780b700b17e_45_jpg.rf.ed515bb4b95c1a6ca58372ca4bd1dfff.jpg, 0, 1
66ffa488-289b-4188-afe1-7764a1a1bb1a_135_jpg.rf.ed52c59159ed216ec8ca5040d3c7c314.jpg, 0, 1
a1690e8a-68f2-42fa-b0a0-6c59cc895c84_270_jpg.rf.ed1bbe9b28609e58607f4bfaed93e4a0.jpg, 0, 1
a57c3779-84b6-494f-a396-47718417b914_135_jpg.rf.ed4fb9bfb7f29b5e8a82ad284c3b62d7.jpg, 0, 1
ba23ca74-9f22-43fe-8e97-1aaac5891d8d_jpg.rf.ed530b483e1b4f948f098aa0a0bc61cd.jpg, 0, 1
4fac26f2-1588-4362-9e73-ffe2e8791cbb_90_jpg.rf.ed5ad4030e119e7fc3e76b004c6fb5be.jpg, 1, 0
06b95f3f-e2f5-4f58-95b1-6f9024e8e5d7_90_jpg.rf.ed55b6c2651dcf66009d0276306ac040.jpg, 0, 1
WIN_20221229_22_32_08_Pro_jpg.rf.ed6355fa7304f080e4c882984fd91335.jpg, 1, 0
2da43d43-ad7b-435c-920d-0fbfebb88959_270_jpg.rf.ed6870ce1857eb3b08701f06c16899ba.jpg, 1, 0
224748bb-08de-4a59-98e5-2bbef0629846_270_jpg.rf.ed7761f7dd0434242bf16d270b3efdb9.jpg, 1, 0
4d510781-6fad-4149-909f-5b3615711984_135_jpg.rf.ed6db81b6088d27faba25bddc2dbe922.jpg, 1, 0
WIN_20221229_22_48_00_Pro_jpg.rf.ed85adf94f1ff085f950287b03e9564f.jpg, 1, 0
adcb9cef-245f-4674-bd16-4c8ad789d0a8_225_jpg.rf.ed6ee5f5f0e4db304b61023b60c0d205.jpg, 0, 1
5c99f964-3704-402c-aa2d-42bd2fbacf4f_270_jpg.rf.ed874ef876d8a088c1e6e3ae252b2b90.jpg, 0, 1
9cb97279-36f3-438c-97d5-91da39c4e13a_225_jpg.rf.ed889c2680fe4368b8cfa6e984d11851.jpg, 0, 1
97e4c08e-3475-4d77-8b54-a2231e38f6a2_135_jpg.rf.ed8ccd34ff960022b730987cd796c592.jpg, 0, 1
afd44643-9287-4080-934f-7a13c66d9bfd_180_jpg.rf.ed8d16e47cac1267da6ba94bd4795059.jpg, 0, 1
499ce0e3-7fe4-4fd4-bd8a-5aa00aab3f43_180_jpg.rf.ed96e4e86a8db308a03b2c8fcc609ebd.jpg, 0, 1
b4b3a28f-aee8-402c-856a-b09db5dbeb4a_135_jpg.rf.eda105dad66ddd4241716def75bacdba.jpg, 1, 0
00a9637f-e5c9-4522-8d19-d6b3e8bae3f3_45_jpg.rf.eda302dddf62675fbd7e631a906082c5.jpg, 0, 1
3c36fca1-acb0-4a53-95be-087e2c614c76_225_jpg.rf.eda502e28717e6521793e65c07a21666.jpg, 1, 0
9dbe8a30-979a-4722-a1a9-712f4ecbb2a6_270_jpg.rf.edb2337aa2ae53dbdbab857a25838985.jpg, 0, 1
d4ea5845-ed1c-4bcd-b615-557884bb64c2_225_jpg.rf.edb20a9e1b7edc7c00b6919c8664cfcc.jpg, 1, 0
72a2b8f8-c7ca-4222-b2a1-9b82ac7990f4_45_jpg.rf.edba8ac026f94e080248a0649e284d1f.jpg, 0, 1
6343bade-4271-437b-84ea-e9756e715080_45_jpg.rf.edbf851e59e3921e36bc046be38d27b0.jpg, 0, 1
WIN_20221229_23_09_14_Pro_jpg.rf.edc26ddd01e831e3e6b4ec7f60478cf4.jpg, 1, 0
cfed691e-4738-45c4-a2bd-65fc9d5c2da8_jpg.rf.edc19a801f188033a19a456992de68f1.jpg, 1, 0
01c27009-f681-4495-8d82-599547aba120_jpg.rf.edc3ddb69c155b089376e89eed5a9483.jpg, 1, 0
4461774a-c193-43e6-9849-19c25ad533fb_45_jpg.rf.edc83ca9de9b7832c1c26d01c6a8e8b9.jpg, 1, 0
ccd5cdb4-3df2-4b3b-833b-3bdc7d43ee4d_45_jpg.rf.edcd99099bcf43339ec377b966009c6a.jpg, 0, 1
0516cd97-ef6c-4542-a884-e01aaa597ac3_45_jpg.rf.edcd02dfcd26d14be249c169ebf2e711.jpg, 0, 1
7ebb4762-7de4-4754-8cd2-2d4f743f512c_jpg.rf.edefa6735ad17b19b693378b589666f7.jpg, 0, 1
1f4613ea-1b60-4092-876c-1a474a8c51b9_135_jpg.rf.edc88299eda0865c1308d4f1f06e408f.jpg, 1, 0
a936c90a-8f24-4289-b10b-4830ac9f3019_135_jpg.rf.edf99ddc312bd637172ef25c56d4bd00.jpg, 0, 1
WIN_20221229_22_04_24_Pro_jpg.rf.edfa4e37ba04f6b51f5325f5c905dcfe.jpg, 1, 0
1acf8679-d50f-446c-b806-def7d073e244_270_jpg.rf.edf537f67ca1d54d402ba3a0c28b374f.jpg, 1, 0
41cfc0a3-c4ad-4285-9951-7a37d79f1c17_180_jpg.rf.ee02f7ee7d2e649a88c4d47ffb27c5eb.jpg, 0, 1
WIN_20221229_22_38_47_Pro_jpg.rf.ee06f0225ab60e5fde6aa76b63b754d2.jpg, 1, 0
6f8a29a3-8b83-47d6-8a5b-7baf97fd4469_90_jpg.rf.ee111b39247d7b815419555df9c0dc0e.jpg, 0, 1
5671fc02-681e-4da8-826f-c1a0b2dc5870_225_jpg.rf.ee14eaf8b0c6f741ea8e8a6072ee58d3.jpg, 0, 1
d141258d-4b06-4d47-9e08-82edbd725dd1_45_jpg.rf.ee1b55506ba8b65e3de251ec81f18aca.jpg, 0, 1
3c966d73-e030-422f-8e66-a2bfb35337dc_135_jpg.rf.ee0125e5d9f4e464667e8d5307dac9b0.jpg, 0, 1
8c678484-e530-433f-9265-cadfa51b5d6a_90_jpg.rf.ee2571efd4091ee58aa6c263a0b6f4ec.jpg, 0, 1
5064456d-d977-4c88-a2f7-613db1f3f19b_180_jpg.rf.ee2d153343c16f569c86f1ae06468728.jpg, 0, 1
220fcc53-6ef7-45d1-8122-fa1c19ca9ec5_225_jpg.rf.ee2b038315018315c7d52bb18b24a370.jpg, 0, 1
8140aed5-a61c-4048-81dc-c9e2149f60b2_270_jpg.rf.ee4a3d244d9f6db1832cc29d2f287593.jpg, 0, 1
00a9637f-e5c9-4522-8d19-d6b3e8bae3f3_90_jpg.rf.ee3858166246f0c2f6d88323891f89c9.jpg, 0, 1
c6d5a9cd-56bd-4e1a-9ca8-c3562c8140f8_90_jpg.rf.ee3baebfefc046ef85e0d472b934cf56.jpg, 0, 1
6343bade-4271-437b-84ea-e9756e715080_225_jpg.rf.ee41ff909040ad7a1f6485c1a30aae99.jpg, 0, 1
WIN_20221229_23_25_49_Pro_jpg.rf.ee518f7aa421623b0aadb1a42a927111.jpg, 0, 1
9765b374-f3eb-4a26-903c-90d85bc9fe0a_270_jpg.rf.ee5187644fec1b203ec7c90d43e69f15.jpg, 0, 1
82dbf814-a3a3-4cba-9277-08c10de5c8a4_180_jpg.rf.ee53d2042ad94936d390d044f0a06d48.jpg, 0, 1
WIN_20221229_23_04_54_Pro_jpg.rf.ee5e26200843b78437a51bbb2d881cad.jpg, 1, 0
WIN_20221229_22_08_02_Pro_jpg.rf.ee689faa56082c9556ca30c03d9e5f20.jpg, 1, 0
9dbe8a30-979a-4722-a1a9-712f4ecbb2a6_270_jpg.rf.ee65561f9e0d3b32d60dd015bcfc2185.jpg, 0, 1
ae88b11a-3c51-46c9-a74f-4f141d73ed73_jpg.rf.ee75b8dd311e805d54a1daf6ef3bdb2a.jpg, 0, 1
df1a716e-d93a-4e13-8144-399bae44a249_jpg.rf.ee767117bb874cae5c7bd7c88992beb3.jpg, 1, 0
8140aed5-a61c-4048-81dc-c9e2149f60b2_270_jpg.rf.ee8668f29a2048eeaf356e2d38be973e.jpg, 0, 1
WIN_20221229_23_32_40_Pro_jpg.rf.ee871310e323219f657d498592c3bba6.jpg, 0, 1
859bbe6e-7f46-4b86-acd1-86fea679de36_45_jpg.rf.ee83dfd1bcb298ecd108fff1c9becf5e.jpg, 0, 1
76d57cee-bb5c-4631-b737-fe16b92c2a28_225_jpg.rf.ee9f726130cdbc079cab3c74cf91f957.jpg, 0, 1
8140aed5-a61c-4048-81dc-c9e2149f60b2_45_jpg.rf.eeafebe852c34837040e2bb0f36b621f.jpg, 0, 1
a3f8b634-4b11-478d-bbfe-41a57317ad50_225_jpg.rf.eebbf79a33ad3a2ce818d091071264bb.jpg, 0, 1
WIN_20221229_23_23_35_Pro_jpg.rf.eec835e94b1f365f441d8f9b02c8e113.jpg, 0, 1
94a26150-c197-425f-961b-0a4ae35825cf_270_jpg.rf.eecce7cada017c1972bb20aa223601d0.jpg, 0, 1
2d398321-1a08-4aec-98b9-eb3301da9d79_225_jpg.rf.eed22318a6a167461ce19f8629048798.jpg, 0, 1
3c966d73-e030-422f-8e66-a2bfb35337dc_225_jpg.rf.eed1137cce19ed30f7059ac112190130.jpg, 0, 1
84c8c90b-b9c3-4290-bdff-f1946a11050a_180_jpg.rf.eecf51163259ccc042e899fb31f621f5.jpg, 0, 1
75f27827-8267-4ad8-8c7f-938a7c0c0a72_270_jpg.rf.eedc103fb06e7f473f610a67d2262e61.jpg, 0, 1
d65589fa-33dc-4e7f-9d37-a8763424d061_45_jpg.rf.eee715aa959e0bc6c103398f25bc348f.jpg, 1, 0
859bbe6e-7f46-4b86-acd1-86fea679de36_270_jpg.rf.eee4b51a501510885ce844e452db6e54.jpg, 0, 1
6e3c83a7-c5c6-46b5-8562-ffa8d99f4bb2_270_jpg.rf.eee8748ad9debf659d39c35b4f7c5281.jpg, 0, 1
WIN_20221229_23_32_28_Pro_jpg.rf.eeee044ccfd56c7a134b5fe95234a7bd.jpg, 0, 1
600d2167-2072-4825-9516-6c13af9fc382_90_jpg.rf.eefc89b28919fbde187565e864595f28.jpg, 0, 1
93bde728-be7b-4af0-a18e-67f00d6fdcac_270_jpg.rf.ef010309934cc8acbb3d093c8ed7a899.jpg, 0, 1
5d105570-fd52-46cd-a90a-9dfa42ef878a_225_jpg.rf.ef03ae864ad2f127fcf75f8141e92d88.jpg, 0, 1
a1690e8a-68f2-42fa-b0a0-6c59cc895c84_jpg.rf.ef03dfebecd58f70cdb29059d286ca20.jpg, 0, 1
8ddce3ce-bc64-4942-93aa-940868007f64_45_jpg.rf.ef0c1e706170e0b6734acdb9c686dade.jpg, 0, 1
76d57cee-bb5c-4631-b737-fe16b92c2a28_225_jpg.rf.ef1f64201ceb8b3ae8298b01be89f808.jpg, 0, 1
665aeca5-e68c-49d3-ad8d-5755fad74dcf_135_jpg.rf.ef17133d3ef1549687117617a638cdc7.jpg, 0, 1
217ac982-fddf-49ae-a311-27cf800d10f0_90_jpg.rf.ef258e644cb04b4152f2945c3787ffdd.jpg, 0, 1
9dd803f6-3218-4e96-ad6e-55b3d36e8470_135_jpg.rf.ef379b0b2ec13fb4ae411a79502ebd6e.jpg, 0, 1
69ab59e3-c1ad-4509-a8b8-bd8e4fac2ae6_45_jpg.rf.ef3bbe6906aff40a9972464f4ff6d2a3.jpg, 0, 1
7ebb4762-7de4-4754-8cd2-2d4f743f512c_jpg.rf.ef3b6c2831f271d5db8b5de6c69f6591.jpg, 0, 1
223d92bc-5ef8-450a-86d6-ab5d6e8c5b3e_45_jpg.rf.ef56a074cd09901583ebdcd5e57ab1c8.jpg, 0, 1
f206736f-e48f-4e12-b367-144752c744e6_270_jpg.rf.ef52997b55a987c912673db5c8b64c47.jpg, 1, 0
488a316b-07fc-410e-a5fd-84f831acc653_135_jpg.rf.ef5f756cecdb079bb0133dd7cdd1b858.jpg, 0, 1
3c5c4ffd-e4d4-45b7-a07c-64e2f6788de2_270_jpg.rf.ef648fd332b9c1d9dd3e833052140fd6.jpg, 1, 0
87ad76a7-bd79-4c43-86bb-4db4498e10f1_45_jpg.rf.ef433790e42ccb1ae1cc1b55af578bc2.jpg, 0, 1
WIN_20221229_21_59_55_Pro_jpg.rf.ef5c9b4bc27af3defc97bc72dcd15ce5.jpg, 1, 0
84c8c90b-b9c3-4290-bdff-f1946a11050a_45_jpg.rf.ef6980338f9d7dff83dfdf5d0ac81a48.jpg, 0, 1
8ddce3ce-bc64-4942-93aa-940868007f64_270_jpg.rf.ef79637285913250277f7dbca9b8404c.jpg, 0, 1
97e4c08e-3475-4d77-8b54-a2231e38f6a2_45_jpg.rf.ef79e29c02f3f15ce7b7a954901fde53.jpg, 0, 1
898d6980-0ea3-4451-82f1-3bdabc8c6d9d_225_jpg.rf.ef7bffd78769f65b8d2d30c13a2b841b.jpg, 0, 1
0df87bae-ddf0-49e3-97af-b371d8544547_135_jpg.rf.ef8fbac878febb58720dbe7aea0868e6.jpg, 0, 1
94a26150-c197-425f-961b-0a4ae35825cf_180_jpg.rf.ef8eb43d125ca971a5e0c1307274695f.jpg, 0, 1
8bfe69f8-33fd-4fea-8a42-c821ffd94be0_270_jpg.rf.ef99f6419a959f1c85b60d99c52b27f0.jpg, 1, 0
WIN_20221229_22_54_21_Pro_jpg.rf.ef9a535ec760d6ec43172e47d8193b4b.jpg, 1, 0
2eae8682-54b6-40b7-9684-d956300a4077_45_jpg.rf.efa3e53a29bca10b4c6e078eaf26e2c4.jpg, 0, 1
72a74631-171a-4cf4-b978-58f358afa95c_90_jpg.rf.efad38dce8180ccab5e6e814a2c7cf5f.jpg, 0, 1
WIN_20221229_23_31_43_Pro_jpg.rf.efb173a64f5400744e66bca7d1c81289.jpg, 0, 1
0c04b448-fe60-4b89-bf5a-b18fe90a5870_270_jpg.rf.efbbfcbfbddd4779340413e29ca021c6.jpg, 0, 1
1513532a-b352-4b17-b681-b02f3127b483_90_jpg.rf.efc6ee12ae975ea340083a0accc0960e.jpg, 0, 1
WIN_20221229_22_57_47_Pro_jpg.rf.efc7b14ae1e2dc135362a753798ae53f.jpg, 1, 0
d4ea5845-ed1c-4bcd-b615-557884bb64c2_45_jpg.rf.efd290ed39f12e44ac61b1274bf0da4f.jpg, 1, 0
69dc5c1e-a7ad-49aa-ba21-235545c312c6_270_jpg.rf.efd8a86cc79373d0854ffc395a1fb868.jpg, 0, 1
87ad76a7-bd79-4c43-86bb-4db4498e10f1_45_jpg.rf.efe03d244fd2ba366fa90ff99e07bb7a.jpg, 0, 1
dc2bb2f5-03e1-46c1-9886-bda5f5bee11b_225_jpg.rf.efe48895e3adf89c2636f020f156bbaa.jpg, 0, 1
233af445-c0e5-4bb1-ad5f-743becd76cab_90_jpg.rf.efe4a64d43397ea77756ce8798a706f5.jpg, 0, 1
41ab7cda-4c88-47b8-98da-0c6ee6e07325_180_jpg.rf.efe5fde6b0365ee5fff4ac99fe56169e.jpg, 0, 1
014bcc0a-10c7-41eb-80eb-e2f62bb652b3_90_jpg.rf.efe9748e8cc3016ae1e693ec54cede70.jpg, 0, 1
a1690e8a-68f2-42fa-b0a0-6c59cc895c84_45_jpg.rf.efed39a9be26d3bd7b0f3069f29ad332.jpg, 0, 1
859bbe6e-7f46-4b86-acd1-86fea679de36_225_jpg.rf.eff20b4a7ffce8559281457e8aa0d6fa.jpg, 0, 1
WIN_20221229_23_01_58_Pro_jpg.rf.eff092803a052ef202bb42f2cfcb20e3.jpg, 1, 0
a70cfd80-0fa8-48c8-ab56-7f7cc8b0bb9b_270_jpg.rf.efd3ab0698d64068e6dd0f39315d2fe7.jpg, 0, 1
WIN_20221229_23_22_26_Pro_jpg.rf.eff3279d4af87d4fb003a1c8e6b266ab.jpg, 0, 1
0c04b448-fe60-4b89-bf5a-b18fe90a5870_45_jpg.rf.f00192bf01763624e455cfb080234a68.jpg, 0, 1
91b94861-b751-4b86-b7a3-f6b2e3dbbd89_225_jpg.rf.f002f9bb5c9fbbd25456a6bcef4f3e83.jpg, 0, 1
4f08fc98-7d4d-43f7-921d-b2ccf8ca726d_225_jpg.rf.f0115e3265068b480dd072a68325f7fb.jpg, 1, 0
507e6cd8-2041-47e5-b174-28a6d9328985_135_jpg.rf.f00e449c31abab98b39af85da3e107d0.jpg, 0, 1
1d4ead22-cc06-4fa2-9784-d9257f24ef86_225_jpg.rf.f012cf2887ec59961e7bb07f722016de.jpg, 0, 1
ba23ca74-9f22-43fe-8e97-1aaac5891d8d_180_jpg.rf.f018acaa4423169b27cc974f9161001d.jpg, 0, 1
WIN_20221229_23_30_59_Pro_jpg.rf.f0178cc1df0532021c54a3bba364a391.jpg, 0, 1
805c86e2-7416-44fc-b8aa-f663db39cf8a_270_jpg.rf.f024938d04af90b9d08c12a1cfb9d931.jpg, 0, 1
0c04b448-fe60-4b89-bf5a-b18fe90a5870_270_jpg.rf.f0175fe321cf5d7161dd0b01b1058044.jpg, 0, 1
54619429-78f2-42b3-b007-8ea9c0984c4b_90_jpg.rf.f0343e8df7a93daa2d88d58e8160daa3.jpg, 0, 1
01c27009-f681-4495-8d82-599547aba120_225_jpg.rf.f03745a6bfb81fefaddff90445301482.jpg, 1, 0
c6d5a9cd-56bd-4e1a-9ca8-c3562c8140f8_45_jpg.rf.f02ec4d3e08cbf90532833035e2df8b9.jpg, 0, 1
bd17953c-5cc6-4fc5-8ade-fd7ece53be19_180_jpg.rf.f03d952d0f9f165e99d565f2dbd3c505.jpg, 0, 1
WIN_20221229_22_16_31_Pro_jpg.rf.f03f683490402cdd7333690270900a9e.jpg, 1, 0
9cc65155-05ca-40b0-b813-2892c3ff04a4_90_jpg.rf.f05e26cbd13444d81f73ab40d25ed718.jpg, 0, 1
72a2b8f8-c7ca-4222-b2a1-9b82ac7990f4_45_jpg.rf.f05eec9326952be1366b9de5ba15f33f.jpg, 0, 1
a8ba45d9-69a1-4fc4-a6c3-74c50107e59c_225_jpg.rf.f071e41210a3b0fcd4002610192d9e7c.jpg, 0, 1
2bf615ea-7241-4861-82d7-bb74c8b5dfba_270_jpg.rf.f07a140a476d80b5a08ebdae4aff441a.jpg, 0, 1
15fd3442-e84f-4c27-952b-ec415fe777d6_270_jpg.rf.f05ef2c0fe8a2419a5057f60cf968828.jpg, 0, 1
6fb259e3-002e-473c-a2bc-4a9f48c1ebe7_45_jpg.rf.f086c0f4c9f34547356831a26b2a73a4.jpg, 1, 0
7e2e4fb2-dc94-46c6-a203-0db83ca84e81_225_jpg.rf.f046d038740d400f11e01846ab949476.jpg, 0, 1
16179c8f-5a02-46d2-bcf1-145bf553fc58_225_jpg.rf.f095c89dfef793b049fda5ecc55dbef4.jpg, 0, 1
589950d7-088b-4c4b-abc1-9b824671ec8f_jpg.rf.f09ca6692e445a5345e19042fa0041a8.jpg, 1, 0
233af445-c0e5-4bb1-ad5f-743becd76cab_180_jpg.rf.f09e9162b002d6dc320dcc0258689d01.jpg, 0, 1
0df87bae-ddf0-49e3-97af-b371d8544547_90_jpg.rf.f08e5c4f558593c7db97e30d36b8e729.jpg, 0, 1
WIN_20221229_22_23_56_Pro_jpg.rf.f0b28540b48b835398cdb9d65bf89369.jpg, 1, 0
d141258d-4b06-4d47-9e08-82edbd725dd1_270_jpg.rf.f0a201ec378711937d72627504296b5c.jpg, 0, 1
91b94861-b751-4b86-b7a3-f6b2e3dbbd89_45_jpg.rf.f0b45599291cd429333b88c45222e544.jpg, 0, 1
936d35a1-f617-4a9b-99c6-32cfd8284d34_135_jpg.rf.f0c1a4eba9802b846c1d8852b72bb105.jpg, 0, 1
69dc5c1e-a7ad-49aa-ba21-235545c312c6_45_jpg.rf.f0c3f5e63c4aaa80efd633da017d2786.jpg, 0, 1
d02674ec-4a90-43c1-9aba-1cf70300a55a_270_jpg.rf.f0d833492868655bf9294b4b1eff098e.jpg, 1, 0
00a9637f-e5c9-4522-8d19-d6b3e8bae3f3_135_jpg.rf.f0d0adb20567d9ad169b1f5f864d59e1.jpg, 0, 1
75a3c3df-b678-4a55-aa92-02be5879a4cd_180_jpg.rf.f0e2f64de04d69f302c51a4af8319780.jpg, 0, 1
97e4c08e-3475-4d77-8b54-a2231e38f6a2_45_jpg.rf.f0ef6ab2a36fe46ee5097e93743d910a.jpg, 0, 1
00137db3-94aa-4aa5-aa3b-e3e09d6a5ef5_45_jpg.rf.f0e77b8b058b579fbf14244302a7ca62.jpg, 0, 1
76d57cee-bb5c-4631-b737-fe16b92c2a28_270_jpg.rf.f0f2e90f55b74b5818095f1ae9c1d4f5.jpg, 0, 1
93bde728-be7b-4af0-a18e-67f00d6fdcac_135_jpg.rf.f0e82db99d5b00f6b8994fa5c95cd8f1.jpg, 0, 1
3c5c4ffd-e4d4-45b7-a07c-64e2f6788de2_180_jpg.rf.f105de6ffced2a96151d8e43e857c8bf.jpg, 1, 0
7ebb4762-7de4-4754-8cd2-2d4f743f512c_180_jpg.rf.f1042e52a3b91d46008865daf3045ea3.jpg, 0, 1
de7c5c69-6255-4087-9565-1732a07c986d_225_jpg.rf.f11be6742a0b6d5c1b4d213fa8d060f2.jpg, 1, 0
WIN_20221229_23_30_00_Pro_jpg.rf.f122117372b7a0e15a8155f3ce6491e1.jpg, 0, 1
228a8b47-9459-4326-898b-1c5953d755b4_270_jpg.rf.f12b632b04574e27e63000e0e9dff15d.jpg, 0, 1
6343bade-4271-437b-84ea-e9756e715080_jpg.rf.f1400e0d688951a4021e3a58b4cdcc0e.jpg, 0, 1
6343bade-4271-437b-84ea-e9756e715080_225_jpg.rf.f1282702ee84779ccc06648aa30ab6d2.jpg, 0, 1
217fef04-2462-4dca-a170-f780b700b17e_jpg.rf.f1324825f2d6ea6881e5a0241100c111.jpg, 0, 1
WIN_20221229_23_09_14_Pro_jpg.rf.f1438a4eb5a8fbba1ca2dd8efc318290.jpg, 1, 0
cfed691e-4738-45c4-a2bd-65fc9d5c2da8_90_jpg.rf.f1457a7ef42aa221b88ae0f666ea5501.jpg, 1, 0
82743c35-e968-47ee-93f6-95270352fe13_225_jpg.rf.f14ff61d97f2f3a51a8a1ef2009c8c9e.jpg, 1, 0
3bde05ec-782e-445d-a221-38a8ecbc5dab_jpg.rf.f15f8ed61e4b6ec4f0cc4905a93bb7ba.jpg, 0, 1
2da43d43-ad7b-435c-920d-0fbfebb88959_180_jpg.rf.f15c8551e1175d84da7eea15e98146a8.jpg, 1, 0
91fd5e6d-6fa7-45ec-b8dd-a390713a150f_135_jpg.rf.f16267b3b3247d3c0f27cf83607e7732.jpg, 0, 1
d6ed6d4c-2acb-4507-bc4c-70480968eacb_270_jpg.rf.f164edf57fc0290044f80f053a15b749.jpg, 0, 1
44c7fb6b-7175-4aa3-98c2-9bc78d8a6f92_270_jpg.rf.f16663a1acd2018a77ced15066868ea6.jpg, 0, 1
ba25564d-c23a-450d-b0af-a191ed900fb1_jpg.rf.f168a084bfcc216851fecf880a2ead24.jpg, 1, 0
52c230c2-20b1-4769-978c-d0a859364b3e_135_jpg.rf.f16a3362359a28d33e0952155c1eb39d.jpg, 0, 1
57ab1fc0-e755-40c3-82cb-cce0684f11f4_90_jpg.rf.f177edc4faec945908f5310b80de5cbf.jpg, 0, 1
90dec1cd-f163-48fd-bcc4-58066e5acb09_270_jpg.rf.f1739abc6f665acf30cc2a2c9d514b9b.jpg, 0, 1
WIN_20221229_23_31_17_Pro_jpg.rf.f1799636e9edb376f5ee5f1a4c8b81e0.jpg, 0, 1
60f07eaa-f4a0-4939-9882-acce7b2ee256_180_jpg.rf.f17d0dff5991d770e3712a05f8f92cf4.jpg, 0, 1
1513532a-b352-4b17-b681-b02f3127b483_90_jpg.rf.f19db7b0da0437deec025320cf0f61fd.jpg, 0, 1
a4b1b05e-8f9a-4f68-98fe-52dd9e2a9663_135_jpg.rf.f19c74e1798c36d8662e5df393b5a22c.jpg, 1, 0
0c279d03-a83d-4404-b852-2b90d79e1ed3_jpg.rf.f1b95aa8462d42c4ec1c6d6d0b22124b.jpg, 0, 1
93bde728-be7b-4af0-a18e-67f00d6fdcac_270_jpg.rf.f1a89f633376fee85a40a8d9fb973731.jpg, 0, 1
WIN_20221229_22_48_59_Pro_jpg.rf.f1bae7ecc312b1d5af02e0e3ce154423.jpg, 1, 0
66ba2553-31f1-473c-9602-d2df0c1bb3f0_270_jpg.rf.f1c4097d15b6c6966eb8803bfd920c18.jpg, 0, 1
0dc01fa2-4d5e-46ae-ad61-19485b378972_270_jpg.rf.f1bf75d689bd3ea5ec0778817d86b1d5.jpg, 0, 1
06b95f3f-e2f5-4f58-95b1-6f9024e8e5d7_135_jpg.rf.f1c90d97fc5d80f29e012a3ab87e4399.jpg, 0, 1
44c7fb6b-7175-4aa3-98c2-9bc78d8a6f92_90_jpg.rf.f1bc0594a387df67b5260a0263e16632.jpg, 0, 1
80de665e-2077-4a83-9a40-20d2bcaeac43_135_jpg.rf.f1cddd84fe921546653c3ade2d972f30.jpg, 0, 1
680cc473-598d-49e7-847e-6b8c099e14fc_225_jpg.rf.f1cebbf8fe9874bcd4a74d358247831e.jpg, 0, 1
223d92bc-5ef8-450a-86d6-ab5d6e8c5b3e_90_jpg.rf.f1dcc0ff0d49e072d5dd208b5ee0098a.jpg, 0, 1
WIN_20221229_23_29_16_Pro_jpg.rf.f1d20df7a5a609f71d9867ddbc71917f.jpg, 0, 1
WIN_20221229_23_23_35_Pro_jpg.rf.f1d03699914f7b537ff00bd755c6cbcb.jpg, 0, 1
57ab1fc0-e755-40c3-82cb-cce0684f11f4_270_jpg.rf.f1e58b27fca104f2cd1be2fefbbed13d.jpg, 0, 1
878a59f0-76a6-4a7c-8e4a-45283cfb4465_90_jpg.rf.f1e42a38a967780fc677dc5f95c75570.jpg, 0, 1
589950d7-088b-4c4b-abc1-9b824671ec8f_180_jpg.rf.f1e716625a4bc9a2b11ef9e2a057bcfe.jpg, 1, 0
6bb51206-67ec-431b-8484-93739b1fddad_jpg.rf.f1e7eecb7ee1017bf65739487c807425.jpg, 1, 0
4eddf419-3396-43d2-8b40-3ccecf2a2620_180_jpg.rf.f1e9d5c0ef3b84d4649f360f83cfe4a3.jpg, 1, 0
15fd3442-e84f-4c27-952b-ec415fe777d6_jpg.rf.f1e8098859c066ab2dc47fed7bccb8bd.jpg, 0, 1
92a893f4-8dd5-4f4a-9864-08811d4ed00a_180_jpg.rf.f20195f2889f783aa8e2271ae70832c3.jpg, 0, 1
2da43d43-ad7b-435c-920d-0fbfebb88959_270_jpg.rf.f1f8137057a2d9c6e515188ccca84a61.jpg, 1, 0
84c8c90b-b9c3-4290-bdff-f1946a11050a_135_jpg.rf.f214ab1e5196475b38d062b8c934f367.jpg, 0, 1
0c04b448-fe60-4b89-bf5a-b18fe90a5870_45_jpg.rf.f22298cecded4ac1eb9edb9da83a85f0.jpg, 0, 1
01c27009-f681-4495-8d82-599547aba120_270_jpg.rf.f220df8014d3fb49121d759168004d34.jpg, 1, 0
6181c79d-f063-4fa4-be90-ae376d6b3bdc_225_jpg.rf.f225912bd2735dda8fa10686ee1d1561.jpg, 1, 0
3c36fca1-acb0-4a53-95be-087e2c614c76_180_jpg.rf.f226887ae4a9abd4711091cd3fddb3a5.jpg, 1, 0
91c2e56d-2549-4574-9414-86aa17e84ef4_135_jpg.rf.f23997aaec5554bd387c40291db15e09.jpg, 0, 1
2a99660b-f767-40aa-937f-c4cd68d2ceac_270_jpg.rf.f237cde01c7f92f2ee81f435e29eb055.jpg, 0, 1
2b560df3-ff42-4546-a0bd-11ff2ca590e2_135_jpg.rf.f2416ea0139e260e86cbbcf7206c887e.jpg, 1, 0
73cca509-de66-4cbc-9421-8fcb263fefcc_90_jpg.rf.f24cf5fd09a03a9057e0bbd1dc4995c6.jpg, 0, 1
15f5d196-2633-4a7b-9102-b33c659c6024_135_jpg.rf.f2533f3a9ad73f9a3cab0fa4ca4a49ff.jpg, 0, 1
233af445-c0e5-4bb1-ad5f-743becd76cab_270_jpg.rf.f25d6b8e5f9153f18926ed13a5c4041c.jpg, 0, 1
44c7fb6b-7175-4aa3-98c2-9bc78d8a6f92_jpg.rf.f25d0432800051a70294047ad38f39c5.jpg, 0, 1
WIN_20221229_22_00_37_Pro_jpg.rf.f26726f904c70080f8f0ec81525b4c62.jpg, 1, 0
5064456d-d977-4c88-a2f7-613db1f3f19b_270_jpg.rf.f25f3c01e5a75403072fa864392455f8.jpg, 0, 1
4fac26f2-1588-4362-9e73-ffe2e8791cbb_135_jpg.rf.f27b997ca694b42514680a1f61464a88.jpg, 1, 0
cce642b7-d4aa-4dc6-951b-e1b655f68334_jpg.rf.f26734ed1ebc96e6b8a1fab4e3243580.jpg, 1, 0
2b3fa5f4-98bb-4565-b461-8ebc3db528ca_180_jpg.rf.f2854197f9213b815ae4f6f83a6e8e64.jpg, 1, 0
4eddf419-3396-43d2-8b40-3ccecf2a2620_270_jpg.rf.f2926afa59669da477e89d498084bbc9.jpg, 1, 0
WIN_20221229_23_31_36_Pro_jpg.rf.f2926fe44c2a07f417e30562bfcb9993.jpg, 0, 1
215be899-dd62-42e0-b42e-8331622f5b9a_180_jpg.rf.f291224c8694aa7b0b6cfce83f2acacf.jpg, 0, 1
ccd5cdb4-3df2-4b3b-833b-3bdc7d43ee4d_jpg.rf.f298b3cb821b3c2a219c4ee465cadf74.jpg, 0, 1
05693239-35bd-4086-b8c3-e7b6aa763b4f_180_jpg.rf.f2aba27cd05ee4e8a4cef5c0654ebdd7.jpg, 0, 1
WIN_20221229_23_25_49_Pro_jpg.rf.f2981fe0fee87342f684fce8b56a112c.jpg, 0, 1
61bd5e75-cfb1-47e8-b4be-24447913359a_180_jpg.rf.f2ac7ecfdf8e84afff2e841feb67b266.jpg, 0, 1
4d510781-6fad-4149-909f-5b3615711984_jpg.rf.f2934c8f591b55dcf900ca4a7dfcdd4a.jpg, 1, 0
72ab964e-0b95-46ec-a135-1890eb300c53_180_jpg.rf.f2af6b6027cb16400e76d8cc904d52c8.jpg, 0, 1
WIN_20221229_22_19_45_Pro_jpg.rf.18872c6e39d33bfdd052b48c0047b4bc.jpg, 1, 0
600d2167-2072-4825-9516-6c13af9fc382_270_jpg.rf.1873b84ef014c359f0eb29d7f52f6192.jpg, 0, 1
2d6fa448-2f18-4db5-a942-7097acff076a_135_jpg.rf.186d395d2d811ff347a1723166e47709.jpg, 1, 0
2a99660b-f767-40aa-937f-c4cd68d2ceac_225_jpg.rf.18a8c545489bf77abb14be66d0373742.jpg, 0, 1
WIN_20221229_22_05_25_Pro_jpg.rf.18a17b36a16c3ebe18e51d90b67c88b8.jpg, 1, 0
72a2b8f8-c7ca-4222-b2a1-9b82ac7990f4_jpg.rf.18d14bc932abbb81e3e8e80bb104070a.jpg, 0, 1
84f05969-c971-4d44-8df4-3a80a71a545d_135_jpg.rf.18be7577c962338fde96fbfd18b283e7.jpg, 0, 1
5a3117dc-7932-4c34-ae3f-e5867c98ee0a_270_jpg.rf.1865c8628f269b04139bac0e9d2802ab.jpg, 0, 1
WIN_20221229_23_03_07_Pro_jpg.rf.18bcb25594d6e0dec908265d1b21f24f.jpg, 1, 0
5671fc02-681e-4da8-826f-c1a0b2dc5870_225_jpg.rf.188c4fe769b6a87bd64f34e1f93e4a47.jpg, 0, 1
76a872d2-5c22-4f33-82b4-18c0f78e1a1b_jpg.rf.18cb9b46bc7c7f67ba9a479c90f34e96.jpg, 0, 1
4eddf419-3396-43d2-8b40-3ccecf2a2620_225_jpg.rf.189371fcb2c9a47565b94dd8b569f26e.jpg, 1, 0
5d06dc79-9d5c-46d0-a720-e4898e65949c_45_jpg.rf.18c7b79dd091f111f16bcfb2f19eef11.jpg, 1, 0
52fd332d-b13d-4675-8292-bfb533d39432_45_jpg.rf.1896b497aa2ab2d23c74fbbe60a2e06a.jpg, 0, 1
1d4ead22-cc06-4fa2-9784-d9257f24ef86_90_jpg.rf.184f5560aabbeb1e94aed839fd2361a5.jpg, 0, 1
ac755961-63a0-4e01-b87e-eacd0b5d7899_180_jpg.rf.186cdba3f1acb22c193084122c1958ef.jpg, 0, 1
233af445-c0e5-4bb1-ad5f-743becd76cab_135_jpg.rf.18afe6394e69352409c3cf3d06b4a447.jpg, 0, 1
a8ba45d9-69a1-4fc4-a6c3-74c50107e59c_45_jpg.rf.1893b6978fd2d178e5fab957c038ad90.jpg, 0, 1
80c4e3b8-9502-4216-aad1-1b5f6f3d6b72_135_jpg.rf.18bc4efbee784b9de2b8812650253c7c.jpg, 0, 1
69c9cfea-cfbd-4dfe-a8a2-2ed31daafd85_180_jpg.rf.18d5733e087fd3562c124c6390a3e6d9.jpg, 0, 1
39c71820-6b5b-499e-b2c6-a957f48c62fa_90_jpg.rf.1874b30a17ca865ccc59160650a10423.jpg, 0, 1
589950d7-088b-4c4b-abc1-9b824671ec8f_225_jpg.rf.18bbcfad89ed0695eeccb1520133c428.jpg, 1, 0
6f8a29a3-8b83-47d6-8a5b-7baf97fd4469_45_jpg.rf.18ebb029233fb8c30e296a06874a0341.jpg, 0, 1
811f5cf3-9a05-4b39-b1b3-174f31f7cec6_135_jpg.rf.18d6d5d85f284b67a0a830f830973fd6.jpg, 0, 1
56863d51-82dd-432b-808a-bb09a5e65be6_225_jpg.rf.18e1ad410be51f87af85268ac2ec4db4.jpg, 0, 1
WIN_20221229_22_56_04_Pro_jpg.rf.186637f2062bf089fdc812310a187e9b.jpg, 1, 0
5671fc02-681e-4da8-826f-c1a0b2dc5870_90_jpg.rf.187d6480427295ecc5c79d3c71168aac.jpg, 0, 1
98cb62e4-f491-47c7-b871-9d1aeeac307e_225_jpg.rf.18a49ade571c6f9b7d6869a9daf04fbc.jpg, 0, 1
91fd5e6d-6fa7-45ec-b8dd-a390713a150f_jpg.rf.18ed3767f57b55ffccbb688cf4e70228.jpg, 0, 1
41ab7cda-4c88-47b8-98da-0c6ee6e07325_90_jpg.rf.18f88a215319646c1f9ba4dd73f472c6.jpg, 0, 1
75fea9b7-7c08-4ea2-bb8d-50096fdf774b_135_jpg.rf.19046f7280776f2e3063d7319b304c2e.jpg, 0, 1
a57c3779-84b6-494f-a396-47718417b914_135_jpg.rf.18faa9cb74d5116e80f5380b005ad9bb.jpg, 0, 1
52e703e1-69d2-44c7-a214-269fa0e09054_180_jpg.rf.1909be7424a4821b0728a7c2ecbf309e.jpg, 0, 1
6fb259e3-002e-473c-a2bc-4a9f48c1ebe7_225_jpg.rf.192177cf3052949683f6168b83dda73e.jpg, 1, 0
dc2d0160-f922-429c-8c3c-5a6f0f68c023_180_jpg.rf.190dfec2a4e344ee5a9e5602974256c7.jpg, 0, 1
WIN_20221229_23_19_44_Pro_jpg.rf.193760169d906ddfd2877af31bd09b64.jpg, 1, 0
7ebb4762-7de4-4754-8cd2-2d4f743f512c_270_jpg.rf.193cd0a85fa7abf6b170ee7da7cfe6b5.jpg, 0, 1
8140aed5-a61c-4048-81dc-c9e2149f60b2_jpg.rf.195286125a625df0a7fd500bb68519d6.jpg, 0, 1
60f07eaa-f4a0-4939-9882-acce7b2ee256_jpg.rf.193f8717e9833db8e27b50fbe1862451.jpg, 0, 1
WIN_20221229_23_27_05_Pro_jpg.rf.195ec13cf8ea28cd81ce83d2339bb58f.jpg, 0, 1
764af58e-c590-444a-aefd-b4bc11f74c40_jpg.rf.197290f43a4e5193e79206351ebc4e2c.jpg, 1, 0
09f44886-0cae-43b1-97fe-d8055d8d3616_270_jpg.rf.196d58c19a0eff0444744bcb6e8abf5b.jpg, 0, 1
WIN_20221229_22_48_25_Pro_jpg.rf.19607d6470fa5d5f26563faa7d0c8983.jpg, 1, 0
0dab9689-2c2d-4dc6-bb71-db1b6d82cb17_45_jpg.rf.1974a73b84454311f2cb97c41bdea266.jpg, 0, 1
642d6f5f-fa24-4c18-b7b2-6b24334629a3_225_jpg.rf.194f2fdf308cee45d678a93ca66c31c2.jpg, 0, 1
1ab90226-8889-4bcd-ad0c-ea01fedaaffd_180_jpg.rf.189b862ffe68e07a9cbd36f61b00b8db.jpg, 1, 0
WIN_20221229_22_24_12_Pro_jpg.rf.1974bbbda0abfe28d409e9b37fdae9d8.jpg, 1, 0
256d7e4e-e47b-466f-adb1-051bda40d918_90_jpg.rf.198510a875d8f4fe1337026cc3e03014.jpg, 0, 1
afd44643-9287-4080-934f-7a13c66d9bfd_45_jpg.rf.198829b621e971e2c416a2614b185296.jpg, 0, 1
56863d51-82dd-432b-808a-bb09a5e65be6_180_jpg.rf.199d0515284a58aad7411958df1098c6.jpg, 0, 1
WIN_20221229_23_24_05_Pro_jpg.rf.1995857b4e2203e4ff658daa4d96c5ad.jpg, 0, 1
57ab1fc0-e755-40c3-82cb-cce0684f11f4_45_jpg.rf.19a01d605e69b2690bd10dea5561b4da.jpg, 0, 1
WIN_20221229_22_52_24_Pro_jpg.rf.1993eac99c568594f9fe86267890e31f.jpg, 1, 0
811f5cf3-9a05-4b39-b1b3-174f31f7cec6_225_jpg.rf.19a27dc3f062343cc089f36d45959d88.jpg, 0, 1
898d6980-0ea3-4451-82f1-3bdabc8c6d9d_270_jpg.rf.19af46bca2a78846a4199ad64bfe2e3e.jpg, 0, 1
642d6f5f-fa24-4c18-b7b2-6b24334629a3_180_jpg.rf.19c0df39aed7ec665f0266f135e2126d.jpg, 0, 1
WIN_20221229_22_22_05_Pro_jpg.rf.19a2bc5e2bf82a326278c7a69a6954ee.jpg, 1, 0
6b316208-fce5-4562-a45b-736f29a3a697_45_jpg.rf.19c8dd173343e0cd4af65d46de60cef1.jpg, 1, 0
2b3188c7-77de-4b98-aaa5-012b0941ca45_90_jpg.rf.19d3f41b20b61e1c345230c04dea256d.jpg, 0, 1
24522061-cd21-4507-92da-432712838d1d_270_jpg.rf.19d8d1e4b054e1b426ef9bd20d437318.jpg, 0, 1
d65589fa-33dc-4e7f-9d37-a8763424d061_45_jpg.rf.19e3b4c8781684ba1b3becca70770952.jpg, 1, 0
0c279d03-a83d-4404-b852-2b90d79e1ed3_135_jpg.rf.19d9cddafe299e2c3dfe440d0362a3d9.jpg, 0, 1
a57c3779-84b6-494f-a396-47718417b914_270_jpg.rf.19eb3d32fd69a8e63d402c2233dc5a4d.jpg, 0, 1
82743c35-e968-47ee-93f6-95270352fe13_135_jpg.rf.19eff92f95d17fc3bbd368d848552480.jpg, 1, 0
8140aed5-a61c-4048-81dc-c9e2149f60b2_90_jpg.rf.19f70a821e28d11a4e44f70bf506e095.jpg, 0, 1
96d467c2-fa44-474b-9e64-88f1f265aeaf_225_jpg.rf.19f01adffcab9b7e6305e81a00ebf134.jpg, 0, 1
WIN_20221229_23_00_26_Pro_jpg.rf.19fbef20e22ecb8f805edc159e01d2b6.jpg, 1, 0
5aa96b87-9a19-4beb-971d-21bde07a9a0b_225_jpg.rf.1a038d848bfb28892cb604dddc2141a5.jpg, 1, 0
a3f8b634-4b11-478d-bbfe-41a57317ad50_jpg.rf.1a03a829b907d9b2292d664b6d0d6af0.jpg, 0, 1
52e703e1-69d2-44c7-a214-269fa0e09054_180_jpg.rf.1a03a8dd076c4e8ffe06685ad14b0b7b.jpg, 0, 1
15f5d196-2633-4a7b-9102-b33c659c6024_270_jpg.rf.1a08aafc8ca283389d6828c219674f2e.jpg, 0, 1
WIN_20221229_23_06_55_Pro_jpg.rf.1a1238f52eb3bcd0e08ea11b4e0f0ede.jpg, 1, 0
93bde728-be7b-4af0-a18e-67f00d6fdcac_270_jpg.rf.1a12c621577604d37c6154cdd15b1434.jpg, 0, 1
bd17953c-5cc6-4fc5-8ade-fd7ece53be19_225_jpg.rf.1a1435dcf7bc9a80df889606af8fcec2.jpg, 0, 1
3c36fca1-acb0-4a53-95be-087e2c614c76_225_jpg.rf.1a1d138d7ded2573fdb17c1e3129e52f.jpg, 1, 0
WIN_20221229_23_33_19_Pro_jpg.rf.1a195dd22d379cebfee9f054b5bfe8c4.jpg, 0, 1
d02674ec-4a90-43c1-9aba-1cf70300a55a_225_jpg.rf.1a176ab08c51ab4317dd0eb4001a3382.jpg, 1, 0
WIN_20221229_23_30_21_Pro_jpg.rf.1a1f07f15867a23ef2aed19b5c308c21.jpg, 0, 1
15fd3442-e84f-4c27-952b-ec415fe777d6_jpg.rf.1a225d94e5399e27819109114bc30c5e.jpg, 0, 1
680cc473-598d-49e7-847e-6b8c099e14fc_225_jpg.rf.1a221b8976c257f667d74d00e1589f2f.jpg, 0, 1
bd17953c-5cc6-4fc5-8ade-fd7ece53be19_135_jpg.rf.1a370977aead11f6c240364d7f859911.jpg, 0, 1
91fd5e6d-6fa7-45ec-b8dd-a390713a150f_jpg.rf.1a3891b651c791a4a154cbdf46189e59.jpg, 0, 1
1513532a-b352-4b17-b681-b02f3127b483_135_jpg.rf.1a3e7f56e48a5aca44550e17eeaee534.jpg, 0, 1
b361e99e-9c59-43b5-92f6-80ad77c3287f_90_jpg.rf.1a456ed4f5d769ca9bd07f830db85d36.jpg, 1, 0
41cfc0a3-c4ad-4285-9951-7a37d79f1c17_135_jpg.rf.1a4affa667664da35d4cb0e94eb80b8d.jpg, 0, 1
2b560df3-ff42-4546-a0bd-11ff2ca590e2_jpg.rf.1a4c3cb846eadd345b25a259510367ac.jpg, 1, 0
c6d5a9cd-56bd-4e1a-9ca8-c3562c8140f8_270_jpg.rf.1a6b16d805d57d9d24893707194f9f05.jpg, 0, 1
ac755961-63a0-4e01-b87e-eacd0b5d7899_270_jpg.rf.1a6c0a4ef0e4f28d8f828cb33481e668.jpg, 0, 1
WIN_20221229_22_33_19_Pro_jpg.rf.1a6dde9fdd85a3bacca721f360f304d2.jpg, 1, 0
fbe4f519-6225-4168-bcf9-4ccc4d0d82bf_135_jpg.rf.1a75648ef6aa22025be9f9a5d529a9a8.jpg, 1, 0
01c27009-f681-4495-8d82-599547aba120_45_jpg.rf.1a7739cfe15ec12bae2acf41a136c103.jpg, 1, 0
WIN_20221229_23_24_48_Pro_jpg.rf.1a605e346fc289e7c282c7fef776c65d.jpg, 0, 1
1ab90226-8889-4bcd-ad0c-ea01fedaaffd_180_jpg.rf.1a7c472859863e09ff0a42a30be96d36.jpg, 1, 0
0b521929-1734-47b8-86c9-093445af0697_90_jpg.rf.1a82a897f4b979122858498fed01059f.jpg, 0, 1
66c7508a-f4ff-4af6-a91b-5f33d3c4d20d_90_jpg.rf.1a98db890fccd2ab454c1bb8ff541ac5.jpg, 0, 1
15fd3442-e84f-4c27-952b-ec415fe777d6_jpg.rf.1aa0632c43d99908e6ac2fca85ecc61d.jpg, 0, 1
52fd332d-b13d-4675-8292-bfb533d39432_270_jpg.rf.1a89ee803c41ed6a2d6d0a6a03a26d30.jpg, 0, 1
84f05969-c971-4d44-8df4-3a80a71a545d_180_jpg.rf.1ab2658326b6dcf1b8750897169e3548.jpg, 0, 1
75fea9b7-7c08-4ea2-bb8d-50096fdf774b_180_jpg.rf.1ac1e20da99408645d57eb66d713e3e6.jpg, 0, 1
6181c79d-f063-4fa4-be90-ae376d6b3bdc_225_jpg.rf.1ac4dc54ed5053ebe9e30a9460ad5e4f.jpg, 1, 0
2bf615ea-7241-4861-82d7-bb74c8b5dfba_jpg.rf.1ab8a04be2f0abeb135688d0f831772b.jpg, 0, 1
7ceae77f-3a56-4262-a271-2a8d727efbe9_270_jpg.rf.1ad7059e07c17f56df78dd2574aa5df6.jpg, 0, 1
ccd5cdb4-3df2-4b3b-833b-3bdc7d43ee4d_jpg.rf.1ada863fc9e34e6c2fc4e1a66467e7a3.jpg, 0, 1
898d6980-0ea3-4451-82f1-3bdabc8c6d9d_180_jpg.rf.1ace8074102e114640b5f4a7a566f285.jpg, 0, 1
b84b2bd1-353d-4da0-80e6-da6df7b611b8_135_jpg.rf.1ae3914cfeb5b516d6c0ac9fbc502dea.jpg, 0, 1
9dd803f6-3218-4e96-ad6e-55b3d36e8470_45_jpg.rf.1ae4fce063e2aefa544e72b8caf1c5ee.jpg, 0, 1
014bcc0a-10c7-41eb-80eb-e2f62bb652b3_45_jpg.rf.1ae91f88830811a1f1548144b87c8658.jpg, 0, 1
90dec1cd-f163-48fd-bcc4-58066e5acb09_jpg.rf.1af27ce8534f1f1ffb4ae3f19c56c113.jpg, 0, 1
499ce0e3-7fe4-4fd4-bd8a-5aa00aab3f43_225_jpg.rf.1b006bf17584ebb5f92175dbbc5700d9.jpg, 0, 1
764af58e-c590-444a-aefd-b4bc11f74c40_180_jpg.rf.1b007d94b180428cc372606d744533f0.jpg, 1, 0
40cbb123-b3d1-4546-aa26-2fdd1090b075_45_jpg.rf.1b0176d5652e989ecfd0eede5f570807.jpg, 0, 1
WIN_20221229_22_06_29_Pro_jpg.rf.1b14d711d08bc9c54803ee6c7ddbe479.jpg, 1, 0
0df87bae-ddf0-49e3-97af-b371d8544547_45_jpg.rf.1b16ede2651ffd87216c126642d7f145.jpg, 0, 1
93bde728-be7b-4af0-a18e-67f00d6fdcac_90_jpg.rf.1b182405509a4eba1cf795a33b07de54.jpg, 0, 1
91b94861-b751-4b86-b7a3-f6b2e3dbbd89_180_jpg.rf.1b198b170775fa6f5ecdeabe572955aa.jpg, 0, 1
adcb9cef-245f-4674-bd16-4c8ad789d0a8_180_jpg.rf.1b18e5460a774b28b33114441158af2c.jpg, 0, 1
91b94861-b751-4b86-b7a3-f6b2e3dbbd89_135_jpg.rf.1ae72df7aad8511cb4f8163fd49b81d0.jpg, 0, 1
5522f66d-ad72-48d5-9767-5e7b23f6a206_180_jpg.rf.1b24adb75531d735d3962d973e0d8fec.jpg, 1, 0
79eb3e80-65d5-431c-b388-ea52ce593c7d_90_jpg.rf.1b26782a8b0d08c9cc66ca93efd41e7c.jpg, 1, 0
WIN_20221229_22_40_07_Pro_jpg.rf.1b277ae330852ee4e7533f3deefcc76f.jpg, 1, 0
1f4613ea-1b60-4092-876c-1a474a8c51b9_135_jpg.rf.1b33430ccc0a5dc25cd61ffcc7a0581a.jpg, 1, 0
d02674ec-4a90-43c1-9aba-1cf70300a55a_225_jpg.rf.1b352d0fb1f1162e247ee7c96c0d205d.jpg, 1, 0
87cc591e-7e25-4d08-a519-6b5ec6d98cfa_45_jpg.rf.1b39b1abf1d18a13195acbe516803da6.jpg, 0, 1
a70cfd80-0fa8-48c8-ab56-7f7cc8b0bb9b_90_jpg.rf.1b36e60a101f0f1256f315e492ce1a66.jpg, 0, 1
5671fc02-681e-4da8-826f-c1a0b2dc5870_180_jpg.rf.1b408f45e29984fdcbd3585d011b0bb0.jpg, 0, 1
41ab7cda-4c88-47b8-98da-0c6ee6e07325_jpg.rf.1b43474c0ecb8b6b57e6016c32355dd7.jpg, 0, 1
a936c90a-8f24-4289-b10b-4830ac9f3019_270_jpg.rf.1b4236e4b1957ee708d2c6fba748c3d9.jpg, 0, 1
8dfde29c-73a0-4bd6-a788-0a31baf572a0_180_jpg.rf.1b4b069c17ddf3452b4c0ad6d7d13852.jpg, 0, 1
224748bb-08de-4a59-98e5-2bbef0629846_135_jpg.rf.1b4a11d2d6ae2f4bee89a258c12e30fb.jpg, 1, 0
79eb3e80-65d5-431c-b388-ea52ce593c7d_135_jpg.rf.1b60756776ed37c866b011a973fa2f8b.jpg, 1, 0
93bde728-be7b-4af0-a18e-67f00d6fdcac_225_jpg.rf.1b6d0bf5b4e654bd7803d289a0a6a72d.jpg, 0, 1
27f3e57e-469f-4627-8144-2ce3e9d048b7_90_jpg.rf.1b6f68f62c63c5a037d03adac692705e.jpg, 0, 1
223d92bc-5ef8-450a-86d6-ab5d6e8c5b3e_270_jpg.rf.1b7914d0a9324e83a805b9990fdb3a52.jpg, 0, 1
256d7e4e-e47b-466f-adb1-051bda40d918_135_jpg.rf.1b7b89aace5fd23c2337a076ed92b6c7.jpg, 0, 1
84c8c90b-b9c3-4290-bdff-f1946a11050a_135_jpg.rf.1b9849150213ff6bc7c4bbdbfb6af581.jpg, 0, 1
5a3117dc-7932-4c34-ae3f-e5867c98ee0a_90_jpg.rf.1b7cd98062f0ea885ac8d7957c45a47b.jpg, 0, 1
92810cd4-1652-4556-bc0b-b2e953449143_90_jpg.rf.1b9ba2c13e5076e9547266048ba9826e.jpg, 0, 1
488cb81f-a17e-44b8-bd1b-0e709bee4a92_90_jpg.rf.1ba737e7b129babd4100ffb884e0fa78.jpg, 0, 1
dc2d0160-f922-429c-8c3c-5a6f0f68c023_225_jpg.rf.1ba77afef5936bd23a619b318b8f77df.jpg, 0, 1
75a3c3df-b678-4a55-aa92-02be5879a4cd_135_jpg.rf.1baa08de7941c6c4a09c3cd3897ffb7f.jpg, 0, 1
9dd803f6-3218-4e96-ad6e-55b3d36e8470_90_jpg.rf.1bb42b9f33f53764d9c86e5d9cad5fef.jpg, 0, 1
6cdbe5d2-04bc-4a25-b1a0-be0a00a136ae_225_jpg.rf.1bb48993865c33dbe04e8e9419a82fc5.jpg, 0, 1
1acf8679-d50f-446c-b806-def7d073e244_135_jpg.rf.1bbfc3fe0df63501ac1404d29e65d543.jpg, 1, 0
811f5cf3-9a05-4b39-b1b3-174f31f7cec6_225_jpg.rf.1bc2474b0b8baae7b67e71fd30abb02f.jpg, 0, 1
2d6fa448-2f18-4db5-a942-7097acff076a_225_jpg.rf.1bcf64f870066b3dcf914209f603123d.jpg, 1, 0
c01c35d2-7769-4a57-abff-c52f7def3900_270_jpg.rf.1bd10daaa383ccf20f3e93f1e51b6738.jpg, 1, 0
87595b49-d19a-4221-8418-57ee268de2d5_180_jpg.rf.1bf6a7c0c925b0ceba88a889b5bf8a30.jpg, 0, 1
ef757b72-613c-4d8f-b8e0-a3564581cb0f_135_jpg.rf.1bfb4f3543ad53f27e94ee7b0202ceb5.jpg, 1, 0
0fbac742-48ee-4857-ab82-3318c8fbdcb8_45_jpg.rf.1bfd2c26c4a4624a6d9b9534287c22cc.jpg, 0, 1
2da43d43-ad7b-435c-920d-0fbfebb88959_270_jpg.rf.1bfa77672413e6527a969b1321c36354.jpg, 1, 0
92810cd4-1652-4556-bc0b-b2e953449143_225_jpg.rf.1c02b73ed3f4f067346ce8ef1f16206d.jpg, 0, 1
d6ed6d4c-2acb-4507-bc4c-70480968eacb_225_jpg.rf.1c0880fc396434f0e364addfa5672736.jpg, 0, 1
c01c35d2-7769-4a57-abff-c52f7def3900_225_jpg.rf.1c0916615e818bb3f3ee43d2049d5366.jpg, 1, 0
15f5d196-2633-4a7b-9102-b33c659c6024_135_jpg.rf.1bfebdee999c1bdf402fe21710b9eec6.jpg, 0, 1
6181c79d-f063-4fa4-be90-ae376d6b3bdc_180_jpg.rf.1c0a615bada8a8d364f88aa234b2c873.jpg, 1, 0
WIN_20221229_23_31_53_Pro_jpg.rf.1c0d40762e5b0a728eb7f8402e981ff1.jpg, 0, 1
WIN_20221229_23_11_18_Pro_jpg.rf.1c127a7e31c4892fbdfb3e57c97f4a22.jpg, 1, 0
dc2d0160-f922-429c-8c3c-5a6f0f68c023_225_jpg.rf.1c1f07725b0568b58662cf724b01f688.jpg, 0, 1
b361e99e-9c59-43b5-92f6-80ad77c3287f_225_jpg.rf.1c214bc2642f89fdef631aa78ea8e9d9.jpg, 1, 0
936d35a1-f617-4a9b-99c6-32cfd8284d34_270_jpg.rf.1c21c2af4d0f9a2aec5bd89d13238984.jpg, 0, 1
0d2a4a7e-7b37-49eb-9ad6-8faaf457ad82_45_jpg.rf.1c2242fc753873a06f1f72a40d767270.jpg, 0, 1
WIN_20221229_22_54_55_Pro_jpg.rf.1c28e5f41347409a3246f89cc5edb160.jpg, 1, 0
52c230c2-20b1-4769-978c-d0a859364b3e_45_jpg.rf.1c3cacd4af4c12a34160d70ea9ce6735.jpg, 0, 1
93a64c9f-678d-4302-94ea-5758bbf7451c_135_jpg.rf.1c36f63b0abccbcfdb63c9c2eff3bd51.jpg, 0, 1
69ab59e3-c1ad-4509-a8b8-bd8e4fac2ae6_90_jpg.rf.1c30d824874e5c0383f6cfff579e2a86.jpg, 0, 1
WIN_20221229_22_52_24_Pro_jpg.rf.1c3e8e1b8fd90b9630cd2e1dbdaf333f.jpg, 1, 0
f206736f-e48f-4e12-b367-144752c744e6_jpg.rf.1c41c83064bcf1e63e9cb5592743a173.jpg, 1, 0
680cc473-598d-49e7-847e-6b8c099e14fc_jpg.rf.1c47f5592c2989109e30275b8e601b06.jpg, 0, 1
215be899-dd62-42e0-b42e-8331622f5b9a_jpg.rf.1c49d283eb441cc78e90d25dc59b9746.jpg, 0, 1
499ce0e3-7fe4-4fd4-bd8a-5aa00aab3f43_225_jpg.rf.1c597822c30ebbc67bafd06e10341695.jpg, 0, 1
06b95f3f-e2f5-4f58-95b1-6f9024e8e5d7_45_jpg.rf.1c4cb9a0792a0be38d3fba956fb087a5.jpg, 0, 1
9ef0276c-3a70-4027-8d1d-2503df2e9f56_225_jpg.rf.1c622bd9b7358cdbe1c0b8e8996e52cc.jpg, 0, 1
05693239-35bd-4086-b8c3-e7b6aa763b4f_225_jpg.rf.1c6472aa43f7a6f0e64d22970baa1a42.jpg, 0, 1
2eae8682-54b6-40b7-9684-d956300a4077_180_jpg.rf.1c6a2d636499bdaccaad3447694b8e06.jpg, 0, 1
92787dc3-1720-41c4-8acc-5c7f3fda0fa5_270_jpg.rf.1c725dde3b7b2a0b87e27f884fc363b6.jpg, 1, 0
09f44886-0cae-43b1-97fe-d8055d8d3616_135_jpg.rf.1c7cbc9bb5a8ea8b6c40d2590d19e990.jpg, 0, 1
2d398321-1a08-4aec-98b9-eb3301da9d79_jpg.rf.1c7a14fc19c1f7cc755d09ca47a66dea.jpg, 0, 1
2c59ee70-dc1c-4de3-83ab-aa36a5fb92c9_90_jpg.rf.1c838dda3bdf05fc964473070c9109b5.jpg, 0, 1
72ab964e-0b95-46ec-a135-1890eb300c53_225_jpg.rf.1c7e7e43ee4bd52553e3b39de7f255f6.jpg, 0, 1
afd3edfe-e4fe-4715-8429-5af060c5f0d9_135_jpg.rf.1c89a811a94ad5a8e4c1f9b721c5e8b1.jpg, 0, 1
0aa414bb-510b-40c9-85e1-f7a7163b3e2c_180_jpg.rf.1c93216f5bbcdf20ea17c9d5584a9188.jpg, 0, 1
9aa3d151-a2d6-4d13-ad4f-f133f4552c4f_90_jpg.rf.1ca0b4bf846235ed5e8a1e84fd2b4613.jpg, 0, 1
WIN_20221229_23_32_34_Pro_jpg.rf.1c9cb759058da0d78d1e38aaa5c42388.jpg, 0, 1
8efe1e18-4032-4f20-996f-60a19c62f547_180_jpg.rf.1c98214b098f0e5404eec166aed029c8.jpg, 0, 1
1ab90226-8889-4bcd-ad0c-ea01fedaaffd_135_jpg.rf.1cb185e6fb13d70b85486504e019f733.jpg, 1, 0
2d398321-1a08-4aec-98b9-eb3301da9d79_45_jpg.rf.1ca2553983829f512dc40e03eddabeba.jpg, 0, 1
WIN_20221229_22_48_00_Pro_jpg.rf.1cb94d84f496d65cabc5041c18fca917.jpg, 1, 0
WIN_20221229_22_03_10_Pro_jpg.rf.1cb62ceeb25c5a6f785d122963b2a912.jpg, 1, 0
233af445-c0e5-4bb1-ad5f-743becd76cab_jpg.rf.1cc46d5bf16814f86290ed0508f42eec.jpg, 0, 1
91b94861-b751-4b86-b7a3-f6b2e3dbbd89_jpg.rf.1cbcb245ad01ee23129b41384e665b1e.jpg, 0, 1
5522f66d-ad72-48d5-9767-5e7b23f6a206_135_jpg.rf.1cc740a9dacb534b66ba53345ded6e5b.jpg, 1, 0
87ad76a7-bd79-4c43-86bb-4db4498e10f1_135_jpg.rf.1cc4b9042d6f8c974b44e4e918d31901.jpg, 0, 1
d02674ec-4a90-43c1-9aba-1cf70300a55a_180_jpg.rf.1cd446c514c68dd4139e77ecd1517714.jpg, 1, 0
6bb51206-67ec-431b-8484-93739b1fddad_jpg.rf.1cdb317cec33fcf75e8b9046eaacb177.jpg, 1, 0
7ceae77f-3a56-4262-a271-2a8d727efbe9_jpg.rf.1cdce79a1b9146bf1acb48c873676c15.jpg, 0, 1
97e4c08e-3475-4d77-8b54-a2231e38f6a2_270_jpg.rf.1cde084847cba0f84d37d8a01666b0d0.jpg, 0, 1
33e3e3fe-8e37-4b4a-aa04-ad3864731632_45_jpg.rf.1cde2724058ded10e85d657247c5abcd.jpg, 0, 1
70be0397-922c-4185-bb84-728b59ab25f8_45_jpg.rf.1cde3588ba8138f5d4ae6e0f0e570a97.jpg, 0, 1
7d0322d1-3583-4a2b-ad25-e76d31603cee_90_jpg.rf.1ced39c08be05c8764a28a52f1f072e3.jpg, 0, 1
WIN_20221229_23_33_19_Pro_jpg.rf.1ce7cc003449a782658133d627b43f44.jpg, 0, 1
91e77c81-f2eb-4358-81d6-eea2509ae443_180_jpg.rf.1cedad3e04fa20f85b3b126e42557811.jpg, 0, 1
WIN_20221229_22_26_35_Pro_jpg.rf.1cefa3177ec07b31c8a5c21f0ddfdcee.jpg, 1, 0
52eb9c86-9714-4fb7-bc45-cbbe25a2b444_225_jpg.rf.1cf0950ae76be4ddf463feefb1ca1ca2.jpg, 0, 1
a3f8b634-4b11-478d-bbfe-41a57317ad50_90_jpg.rf.1cf306422122f2b81ab7f9f32752d881.jpg, 0, 1
de7c5c69-6255-4087-9565-1732a07c986d_270_jpg.rf.1d06b2c65a3f29ea111cc7ac656da086.jpg, 1, 0
aa8cc596-1881-4e18-a73f-fe60f6a6a031_jpg.rf.1d095f882ffa4bad513aaddfe81ff63a.jpg, 0, 1
2bf615ea-7241-4861-82d7-bb74c8b5dfba_90_jpg.rf.1d0caaebffbe3d87da7b149238203179.jpg, 0, 1
61e87bb2-b69a-4d10-afa1-6c1a3d0291df_45_jpg.rf.1d21bd0b4670f11ad0097b7cd6a08a91.jpg, 1, 0
WIN_20221229_22_08_20_Pro_jpg.rf.1d21eb6d327aff0c27280f7ff8cd122f.jpg, 1, 0
b361e99e-9c59-43b5-92f6-80ad77c3287f_90_jpg.rf.1d2abea8843211b1bdc4230806478ba5.jpg, 1, 0
8c678484-e530-433f-9265-cadfa51b5d6a_90_jpg.rf.1d42f0a00a2bdf0f717673f542d577c4.jpg, 0, 1
WIN_20221229_23_25_18_Pro_jpg.rf.1d51647844e51cefec9f074d7c150921.jpg, 0, 1
WIN_20221229_23_30_35_Pro_jpg.rf.1d499c164e673e4f43566a774c818436.jpg, 0, 1
b4b3a28f-aee8-402c-856a-b09db5dbeb4a_270_jpg.rf.1d51bbd4a12a57fcd3c64a6d5b502fff.jpg, 1, 0
ae88b11a-3c51-46c9-a74f-4f141d73ed73_jpg.rf.1d5f4dd74afe7f25b8ff218c7e48e420.jpg, 0, 1
859bbe6e-7f46-4b86-acd1-86fea679de36_45_jpg.rf.1d5fd634ee3ef70ab9a19503fbcfdcbb.jpg, 0, 1
WIN_20221229_23_21_35_Pro_jpg.rf.1d5fef6c77ce2b2ca93e3f326ee4c671.jpg, 0, 1
ba23ca74-9f22-43fe-8e97-1aaac5891d8d_270_jpg.rf.1d74fbc9ee9cffaa35744739b10c3d89.jpg, 0, 1
b361e99e-9c59-43b5-92f6-80ad77c3287f_jpg.rf.1d79e1eca3a605dd83b3eab48edeae43.jpg, 1, 0
3c966d73-e030-422f-8e66-a2bfb35337dc_270_jpg.rf.1d82e08f56fcfb81205750e03af91fb4.jpg, 0, 1
41ab7cda-4c88-47b8-98da-0c6ee6e07325_90_jpg.rf.1d6afb1f0120da47112cd4c94c161f25.jpg, 0, 1
303bf4f0-4e58-4f52-83e1-73f1a7ceabc5_jpg.rf.1d8e5e2a6019cfae7d6f27f2deb0ebda.jpg, 0, 1
2bf615ea-7241-4861-82d7-bb74c8b5dfba_jpg.rf.1d6e3b49589e7a51a29c11995469878b.jpg, 0, 1
0dab9689-2c2d-4dc6-bb71-db1b6d82cb17_225_jpg.rf.1d8b25e41bc1225e0b60561bb863a281.jpg, 0, 1
01b9d47e-ecba-48fd-a83f-ece6e05995fc_225_jpg.rf.1d8efcf0e23cd776bd8ff15fc095f4d4.jpg, 1, 0
01c27009-f681-4495-8d82-599547aba120_180_jpg.rf.1d91c36f412108a47a77624c647b550e.jpg, 1, 0
9765b374-f3eb-4a26-903c-90d85bc9fe0a_180_jpg.rf.1db1e068f6834890491203fdbac1d372.jpg, 0, 1
4dcbce83-654c-4125-9939-c4398187533a_225_jpg.rf.1da9f3bd1877b3a58d9840695cd42dfd.jpg, 1, 0
ccd5cdb4-3df2-4b3b-833b-3bdc7d43ee4d_90_jpg.rf.1dac53eaca20bab929d9817a6d0f2226.jpg, 0, 1
WIN_20221229_23_36_07_Pro_jpg.rf.1db478bc54b4d4cb852f48571aac4682.jpg, 0, 1
aa8cc596-1881-4e18-a73f-fe60f6a6a031_225_jpg.rf.1dc0b3ef17fdd92947d071c20874fba0.jpg, 0, 1
WIN_20221229_23_00_12_Pro_jpg.rf.1db6434a50440eab5bf8416ba14a9ec6.jpg, 1, 0
f206736f-e48f-4e12-b367-144752c744e6_270_jpg.rf.1dcaa81a970c1cad21cd81abf7ada968.jpg, 1, 0
01c27009-f681-4495-8d82-599547aba120_225_jpg.rf.1dd0f997e92b9c8c55e14633b803887b.jpg, 1, 0
WIN_20221229_23_29_36_Pro_jpg.rf.1dcb23c325d76e5143d068f04428e818.jpg, 0, 1
2b560df3-ff42-4546-a0bd-11ff2ca590e2_225_jpg.rf.1dc1671f52b6b09fe87d6f0601edc1dc.jpg, 1, 0
75fea9b7-7c08-4ea2-bb8d-50096fdf774b_jpg.rf.1ddca53698737ab32c48bdd8bfd4dd6e.jpg, 0, 1
6b316208-fce5-4562-a45b-736f29a3a697_90_jpg.rf.1de4e82ac2c93bd287f821e9b9e9c54c.jpg, 1, 0
014bcc0a-10c7-41eb-80eb-e2f62bb652b3_225_jpg.rf.1df242ca2510a9899952c8d1fb950fff.jpg, 0, 1
6cdbe5d2-04bc-4a25-b1a0-be0a00a136ae_135_jpg.rf.1deaba324149a2523ab4fb9e0276a831.jpg, 0, 1
6b30113e-141c-4956-964b-7b64918f694b_180_jpg.rf.1dfb210767c84bf215b3703ce4ffa8fa.jpg, 1, 0
0c279d03-a83d-4404-b852-2b90d79e1ed3_270_jpg.rf.1dfb677385b02540d3b71a2a8e7a566b.jpg, 0, 1
53f913e3-941b-4772-8446-2bad471e22b0_90_jpg.rf.1dfcb473e2e9127af1af805f96e6ec07.jpg, 0, 1
01c27009-f681-4495-8d82-599547aba120_225_jpg.rf.1dfc9990b82440e8d8729aad177193fc.jpg, 1, 0
9cc65155-05ca-40b0-b813-2892c3ff04a4_135_jpg.rf.1e03d3c67135f2bac8da5fd33c08d5a8.jpg, 0, 1
223d92bc-5ef8-450a-86d6-ab5d6e8c5b3e_135_jpg.rf.1e1369a29409f58c2984bad5776f8220.jpg, 0, 1
41cfc0a3-c4ad-4285-9951-7a37d79f1c17_135_jpg.rf.1e163e20f328c12ae66a493c499f4780.jpg, 0, 1
2b3188c7-77de-4b98-aaa5-012b0941ca45_180_jpg.rf.1e14f303acb4369ebccd70103d8e436b.jpg, 0, 1
1f4613ea-1b60-4092-876c-1a474a8c51b9_45_jpg.rf.1e15631c5372ed8f4d44ce46621f1c88.jpg, 1, 0
52e703e1-69d2-44c7-a214-269fa0e09054_90_jpg.rf.1e17cc932ad853edb0c36b77b24b59f0.jpg, 0, 1
665aeca5-e68c-49d3-ad8d-5755fad74dcf_90_jpg.rf.1e201400ccba6b39ea6aa714a25db390.jpg, 0, 1
76a872d2-5c22-4f33-82b4-18c0f78e1a1b_45_jpg.rf.1e35b40d0d796e743a23621f531182a8.jpg, 0, 1
01b9d47e-ecba-48fd-a83f-ece6e05995fc_225_jpg.rf.1e2bac3e4c6aabac32654d8dd19a7c7f.jpg, 1, 0
680cc473-598d-49e7-847e-6b8c099e14fc_90_jpg.rf.1e3a2e22043a6a196c09f9ae000bf34b.jpg, 0, 1
5a3117dc-7932-4c34-ae3f-e5867c98ee0a_270_jpg.rf.1e3c97892d4564fde25708cfa0afd685.jpg, 0, 1
014bcc0a-10c7-41eb-80eb-e2f62bb652b3_45_jpg.rf.1e3fad348b7e9121e429174f466e619e.jpg, 0, 1
2da43d43-ad7b-435c-920d-0fbfebb88959_135_jpg.rf.1e5389fb98fa151fb04a7d09b7a8ff1c.jpg, 1, 0
8e753e61-dd28-45b8-aa64-e6c1e71bd812_270_jpg.rf.1e55d7c82023e51032571909428a693f.jpg, 0, 1
499ce0e3-7fe4-4fd4-bd8a-5aa00aab3f43_135_jpg.rf.1e5dcaec88e0337ca57e785a3967fb4e.jpg, 0, 1
a8ba45d9-69a1-4fc4-a6c3-74c50107e59c_180_jpg.rf.1e5aba67bd6eb0106eb24fede5ba50dc.jpg, 0, 1
87e64a68-c898-4474-bd57-1e570902862f_180_jpg.rf.1e69ea3c53422b343cd6055c51df4f58.jpg, 0, 1
108ca99a-5abc-4dca-8e9e-ad3551748f1a_270_jpg.rf.1e742db2f6045e1081ec93542d712714.jpg, 0, 1
01b9d47e-ecba-48fd-a83f-ece6e05995fc_90_jpg.rf.1e6cee3955e99899210fb40619dce281.jpg, 1, 0
0c4d65e5-1985-47b2-8252-616ed898bd7c_180_jpg.rf.1e63d480bdebc9d488119beefb609200.jpg, 0, 1
70be0397-922c-4185-bb84-728b59ab25f8_135_jpg.rf.1e76ae7a63ad2d76a067d0256e3db595.jpg, 0, 1
73cca509-de66-4cbc-9421-8fcb263fefcc_135_jpg.rf.1e7b00d0f853df750311566a875d4a6d.jpg, 0, 1
00137db3-94aa-4aa5-aa3b-e3e09d6a5ef5_225_jpg.rf.1e80d4c69c67cf5b14c741ca49d75596.jpg, 0, 1
WIN_20221229_23_33_19_Pro_jpg.rf.1e81cc57091d2b069391e36f1e8c7b2d.jpg, 0, 1
WIN_20221229_22_12_46_Pro_jpg.rf.1e93f68738775f1ebda67e65df307d1f.jpg, 1, 0
WIN_20221229_23_22_35_Pro_jpg.rf.1ea2f8ea51a56ac2132f9ca242bfa22c.jpg, 0, 1
7a6523d6-ef65-4cca-8160-946936395ede_135_jpg.rf.1ea5db48d8a41e409481c4efaa3ecf22.jpg, 0, 1
27f3e57e-469f-4627-8144-2ce3e9d048b7_jpg.rf.1ea8de7e75f9fb857411bb5f04bfc9f4.jpg, 0, 1
3bde05ec-782e-445d-a221-38a8ecbc5dab_jpg.rf.1eba4b5392eea08ba345617dee370914.jpg, 0, 1
2be59dd5-7793-413c-96cb-c40098eba6f6_jpg.rf.1ebf821d35f124fbfb97ea7bcb7ed189.jpg, 0, 1
60f07eaa-f4a0-4939-9882-acce7b2ee256_270_jpg.rf.1ec0c908f7b04a1d1b603b1c0451e9f4.jpg, 0, 1
215be899-dd62-42e0-b42e-8331622f5b9a_90_jpg.rf.1ec80590197a858fc9f7be944e64f5db.jpg, 0, 1
60f07eaa-f4a0-4939-9882-acce7b2ee256_90_jpg.rf.1ec395dca0349c7d9e4b2bde4cf74152.jpg, 0, 1
a4b1b05e-8f9a-4f68-98fe-52dd9e2a9663_270_jpg.rf.1ee210beb6e03cbaeb09292fb3b26c69.jpg, 1, 0
ccd5cdb4-3df2-4b3b-833b-3bdc7d43ee4d_135_jpg.rf.1ed7595c0fb8f3aa2ae712ef9b1f6f03.jpg, 0, 1
4737a7d7-5d10-4912-b3e7-c8254a88af02_225_jpg.rf.1ed0a005135c3f0d4b4859888cc984ce.jpg, 0, 1
92fe0088-90bc-4eaa-8567-a9b3ad0645e8_225_jpg.rf.1eec853b1ba739e59e92734f4f399af2.jpg, 0, 1
8ddce3ce-bc64-4942-93aa-940868007f64_90_jpg.rf.1ef42a05a4da6d43e8895167d2817695.jpg, 0, 1
cce642b7-d4aa-4dc6-951b-e1b655f68334_jpg.rf.1eeef8ca52835779cc60d8322e54be75.jpg, 1, 0
15fd3442-e84f-4c27-952b-ec415fe777d6_jpg.rf.1ee80e74292d12e72b2f40d73825baa1.jpg, 0, 1
8d331829-b225-451b-8aaa-89058c62faf5_225_jpg.rf.1ef84971485b79bb71735724afc34113.jpg, 0, 1
16179c8f-5a02-46d2-bcf1-145bf553fc58_180_jpg.rf.1efc05069704c4ed352572494b3799d2.jpg, 0, 1
2b3fa5f4-98bb-4565-b461-8ebc3db528ca_180_jpg.rf.1efeb83a2a613f3a75da49f836c44d85.jpg, 1, 0
WIN_20221229_22_27_45_Pro_jpg.rf.1ef9bb10dc0d50b0fab339446fac6860.jpg, 1, 0
1d4ead22-cc06-4fa2-9784-d9257f24ef86_135_jpg.rf.1f000b33eebec707700ee1d8e99044d3.jpg, 0, 1
WIN_20221229_23_27_05_Pro_jpg.rf.1f02099dfd15db95154817b0210467f1.jpg, 0, 1
a70cfd80-0fa8-48c8-ab56-7f7cc8b0bb9b_45_jpg.rf.1f079b476950defbccb7adb45789fbd1.jpg, 0, 1
91b94861-b751-4b86-b7a3-f6b2e3dbbd89_90_jpg.rf.1f11d29a297c9a3c536cda18c2688c3c.jpg, 0, 1
WIN_20221229_23_35_54_Pro_jpg.rf.1f161fbdf3ef5bccbb7691e34199436e.jpg, 0, 1
d6ed6d4c-2acb-4507-bc4c-70480968eacb_180_jpg.rf.1f08b32edb6413384701f9bd0ea50df6.jpg, 0, 1
9765b374-f3eb-4a26-903c-90d85bc9fe0a_90_jpg.rf.1f203fe230bd491668e65ca389f94b6f.jpg, 0, 1
70f70f97-4a9e-4d42-a08b-3b7d1b9abef8_270_jpg.rf.1f1b0488faf329bf686e19e8341f102e.jpg, 0, 1
0b521929-1734-47b8-86c9-093445af0697_45_jpg.rf.1f2b5495e99520322ac016a1a5b97e78.jpg, 0, 1
WIN_20221229_23_00_48_Pro_jpg.rf.1f348a2d36462a552dbaba911768d285.jpg, 1, 0
70be0397-922c-4185-bb84-728b59ab25f8_180_jpg.rf.1f3613d15a5e6c9b9bcc4d4c1c39a112.jpg, 0, 1
611513d3-0fb7-4068-8cd8-68a9bdb056c4_135_jpg.rf.1f3f49dec538559948139694698a668d.jpg, 1, 0
01aff576-d811-4858-bc7b-e66af9db530f_180_jpg.rf.1f3e922d70aec55817dab6291f162691.jpg, 1, 0
b84b2bd1-353d-4da0-80e6-da6df7b611b8_225_jpg.rf.1f449dae6035693aad968240f275fb6d.jpg, 0, 1
cfed691e-4738-45c4-a2bd-65fc9d5c2da8_270_jpg.rf.1f46dab75102537c74ea81976c392c1f.jpg, 1, 0
b84b2bd1-353d-4da0-80e6-da6df7b611b8_270_jpg.rf.1f45f8da38c6fa63a344a68a43d05bb7.jpg, 0, 1
ba23ca74-9f22-43fe-8e97-1aaac5891d8d_270_jpg.rf.1f4e1ba212d4876859aedd166b3de168.jpg, 0, 1
fbe4f519-6225-4168-bcf9-4ccc4d0d82bf_180_jpg.rf.1f4e627e46fa9f25a727cb2e423c297a.jpg, 1, 0
66ba2553-31f1-473c-9602-d2df0c1bb3f0_135_jpg.rf.1f522d7a2f296f5b0b043d3c3a2a6e09.jpg, 0, 1
15fd3442-e84f-4c27-952b-ec415fe777d6_jpg.rf.1f4f56ab3cfd2a95de9d576fe7b40ebb.jpg, 0, 1
33e3e3fe-8e37-4b4a-aa04-ad3864731632_225_jpg.rf.1f52dce375059aedff3a41892dcda856.jpg, 0, 1
df1a716e-d93a-4e13-8144-399bae44a249_45_jpg.rf.1f627af3095e8115523ea218b52e10cc.jpg, 1, 0
cce642b7-d4aa-4dc6-951b-e1b655f68334_jpg.rf.1f67ccb62d291122d100946186f13e97.jpg, 1, 0
4ded4873-2bd7-4d9b-80ae-7a8967c128ce_jpg.rf.1f654f02985cc4e3026f14d5e91adbc6.jpg, 1, 0
2b3fa5f4-98bb-4565-b461-8ebc3db528ca_45_jpg.rf.1f7fe509f4159d741aa87f136e855669.jpg, 1, 0
WIN_20221229_23_11_44_Pro_jpg.rf.1f797a765a07ce95b9a6c629dd123b3a.jpg, 1, 0
82dbf814-a3a3-4cba-9277-08c10de5c8a4_180_jpg.rf.1f6902ba09d3d7097a9fc8ce42d8d594.jpg, 0, 1
217fef04-2462-4dca-a170-f780b700b17e_180_jpg.rf.1f7523e1490c2479ed5aaf48c9d3733e.jpg, 0, 1
WIN_20221229_23_02_14_Pro_jpg.rf.1f90c2c862e8741348c02648d92875ac.jpg, 1, 0
6181c79d-f063-4fa4-be90-ae376d6b3bdc_180_jpg.rf.1f8384880ce05ce3412b6daef9953cf9.jpg, 1, 0
233af445-c0e5-4bb1-ad5f-743becd76cab_270_jpg.rf.1f99797767d51bdb42ab42c521105e6f.jpg, 0, 1
665aeca5-e68c-49d3-ad8d-5755fad74dcf_180_jpg.rf.1f9d09ff85ced2990aebc89ebed15a3a.jpg, 0, 1
57ab1fc0-e755-40c3-82cb-cce0684f11f4_135_jpg.rf.1fa47f665c29b3062097036d4b3c5008.jpg, 0, 1
6b316208-fce5-4562-a45b-736f29a3a697_jpg.rf.1fa92ce60fadb3f1b341978c381f564f.jpg, 1, 0
811f5cf3-9a05-4b39-b1b3-174f31f7cec6_90_jpg.rf.1fc5a74942b2c012e92798d164ff289b.jpg, 0, 1
a3f8b634-4b11-478d-bbfe-41a57317ad50_180_jpg.rf.1fde3d6a1c74124860eb9cda2d7f6b55.jpg, 0, 1
WIN_20221229_23_25_18_Pro_jpg.rf.1fed5fd40df45f0bd7b7e56dbcefd77e.jpg, 0, 1
92009a81-ec1a-4dc0-99aa-c0898383287c_45_jpg.rf.1fed9badf4497f771559efe55fdcdda1.jpg, 0, 1
226b7023-757d-4c11-9b59-a0e8f02e5274_90_jpg.rf.1ffb03d5db74a91ad3ffcfbcf4fa1679.jpg, 0, 1
66ba2553-31f1-473c-9602-d2df0c1bb3f0_jpg.rf.1ff103642daa6bb3b0416df14bd6575a.jpg, 0, 1
4fac26f2-1588-4362-9e73-ffe2e8791cbb_225_jpg.rf.1fa60baaec4fa9dfbad7af8c76da1c34.jpg, 1, 0
9765b374-f3eb-4a26-903c-90d85bc9fe0a_jpg.rf.1ffea94afe5851aa06016a7f03e35536.jpg, 0, 1
f206736f-e48f-4e12-b367-144752c744e6_180_jpg.rf.20060f9f4d39847f4a7f41f2f852dbb8.jpg, 1, 0
75f27827-8267-4ad8-8c7f-938a7c0c0a72_135_jpg.rf.200948d20364e64c4ef9807ba9879f04.jpg, 0, 1
WIN_20221229_22_34_44_Pro_jpg.rf.20069d78e8c36e6b3cc91a37e870a592.jpg, 1, 0
1ab90226-8889-4bcd-ad0c-ea01fedaaffd_225_jpg.rf.200b2072958a35e851ab79186f65e502.jpg, 1, 0
09f44886-0cae-43b1-97fe-d8055d8d3616_45_jpg.rf.200c4565f6ca90499bab6dbde99be2b5.jpg, 0, 1
WIN_20221229_23_23_43_Pro_jpg.rf.200ea2ef5b8d84c42920216474bb2d89.jpg, 0, 1
2a99660b-f767-40aa-937f-c4cd68d2ceac_180_jpg.rf.200faf9815518af8a49b13f9d29d2c8b.jpg, 0, 1
66ffa488-289b-4188-afe1-7764a1a1bb1a_270_jpg.rf.20110f6865b2c8bc6f7ad353f5a0a3d1.jpg, 0, 1
600d2167-2072-4825-9516-6c13af9fc382_90_jpg.rf.2027a7d8e55ebc462e2f331cd08af699.jpg, 0, 1
8ddce3ce-bc64-4942-93aa-940868007f64_225_jpg.rf.202a0c4d09a1ea2c2338802c6caf028e.jpg, 0, 1
WIN_20221229_23_32_15_Pro_jpg.rf.202e40258088673906127bfcbc3fed33.jpg, 0, 1
936d35a1-f617-4a9b-99c6-32cfd8284d34_270_jpg.rf.202ebf0b7014a0c03eda4b9550183643.jpg, 0, 1
27f3e57e-469f-4627-8144-2ce3e9d048b7_225_jpg.rf.2031503ffeb8507d927941af171f5737.jpg, 0, 1
1d4ead22-cc06-4fa2-9784-d9257f24ef86_225_jpg.rf.2036f8859676d7984cba9d3750853026.jpg, 0, 1
4de4ad31-de11-418b-a60d-a7192ea0c98a_135_jpg.rf.201811133ac24410ceba85ed2d873267.jpg, 1, 0
92009a81-ec1a-4dc0-99aa-c0898383287c_225_jpg.rf.203740107f00db2115fb3935e9d43bc7.jpg, 0, 1
92a893f4-8dd5-4f4a-9864-08811d4ed00a_jpg.rf.2043cb948e02dbd5ac61572ec57f994f.jpg, 0, 1
0fbac742-48ee-4857-ab82-3318c8fbdcb8_225_jpg.rf.204767ab30a4f4652fa03393eb8f8f63.jpg, 0, 1
7ceae77f-3a56-4262-a271-2a8d727efbe9_90_jpg.rf.204be02aa337e7a08ba84c51d2bb8180.jpg, 0, 1
WIN_20221229_23_31_53_Pro_jpg.rf.20596e7d7437fafc2dc8ac3bf4d06a51.jpg, 0, 1
WIN_20221229_22_44_11_Pro_jpg.rf.205b42560064663cf94902d1eff4d629.jpg, 1, 0
WIN_20221229_23_23_14_Pro_jpg.rf.205b7047716f06233b5b6a7c72030993.jpg, 0, 1
51ba5ef7-fd64-4d52-9c3f-9d70e0ff040f_90_jpg.rf.205e58a47788c48052d0b50f96746e42.jpg, 0, 1
WIN_20221229_22_24_12_Pro_jpg.rf.2062a57c6eb40beab7a742827bc38b02.jpg, 1, 0
WIN_20221229_22_15_03_Pro_jpg.rf.206c184a03d21c62c7203e834ae47f04.jpg, 1, 0
81d526fb-cb95-4b9d-a013-dad7b3f083b3_90_jpg.rf.2062fd35a9e2401fb9d7e1e97519be05.jpg, 0, 1
00137db3-94aa-4aa5-aa3b-e3e09d6a5ef5_135_jpg.rf.206972ea21e8ab6bd0e7a9bd0358f466.jpg, 0, 1
4fac26f2-1588-4362-9e73-ffe2e8791cbb_225_jpg.rf.207614da5a36c6bf338d9852d900e0d9.jpg, 1, 0
5671fc02-681e-4da8-826f-c1a0b2dc5870_180_jpg.rf.2087359827c40f9d1f124dce3438f7f8.jpg, 0, 1
WIN_20221229_22_05_15_Pro_jpg.rf.208b5233b9f716c53ef6aa05c73736a0.jpg, 1, 0
811f5cf3-9a05-4b39-b1b3-174f31f7cec6_270_jpg.rf.208a7905f7d411d7ac594769ec65a2a9.jpg, 0, 1
b84b2bd1-353d-4da0-80e6-da6df7b611b8_jpg.rf.208ea6190dbcf796e9296f91939b2bb6.jpg, 0, 1
40cbb123-b3d1-4546-aa26-2fdd1090b075_90_jpg.rf.209268bfd3e660de0f89e3801be58a6a.jpg, 0, 1
69fc95bf-f644-4c92-8057-f05146da07f7_135_jpg.rf.209637c7835bc9731ce7357e8b564a1c.jpg, 0, 1
859bbe6e-7f46-4b86-acd1-86fea679de36_225_jpg.rf.2093d45fafde2995e409a873bbbe271a.jpg, 0, 1
0327f441-9a02-40a9-b280-251440ad4cec_90_jpg.rf.2099db03bdfa0e5e2345b928721a776c.jpg, 0, 1
16179c8f-5a02-46d2-bcf1-145bf553fc58_jpg.rf.20c12aed11de3646451184d0ce9f881d.jpg, 0, 1
6181c79d-f063-4fa4-be90-ae376d6b3bdc_225_jpg.rf.20bda727ce633d54eef86e5b4941a248.jpg, 1, 0
WIN_20221229_22_49_53_Pro_jpg.rf.20c864e3e63e826dc048352f6f205e91.jpg, 1, 0
d2936fba-871f-4fbe-97da-b6e6e347e889_225_jpg.rf.20cd5fdb5c3aaab53d9b204094970699.jpg, 1, 0
680cc473-598d-49e7-847e-6b8c099e14fc_225_jpg.rf.20cca2c8c3b1d58c5c012fb0d1012a55.jpg, 0, 1
92810cd4-1652-4556-bc0b-b2e953449143_jpg.rf.20ca3faee21fb840781f2f1134fda90b.jpg, 0, 1
93bde728-be7b-4af0-a18e-67f00d6fdcac_270_jpg.rf.20c69cc44d8f233d0686f22530b940b3.jpg, 0, 1
0d2a4a7e-7b37-49eb-9ad6-8faaf457ad82_180_jpg.rf.20cd912bb5b9d2d75d6cd0820d01bc37.jpg, 0, 1
7d0322d1-3583-4a2b-ad25-e76d31603cee_90_jpg.rf.20d12e02d1a92f840aa7badd6badace1.jpg, 0, 1
79eb3e80-65d5-431c-b388-ea52ce593c7d_270_jpg.rf.20d38c50c796ed6a55479a9bd7c79486.jpg, 1, 0
345b8a93-c7d2-4b34-9e0c-90f2561ada84_90_jpg.rf.20dfef177feee959a8f495114d60f76b.jpg, 0, 1
8140aed5-a61c-4048-81dc-c9e2149f60b2_270_jpg.rf.20e50f3eeed4039bb1d9a58dd4716ce6.jpg, 0, 1
52c230c2-20b1-4769-978c-d0a859364b3e_135_jpg.rf.20de9e27b43464e8b7d839bfd08c355c.jpg, 0, 1
WIN_20221229_23_11_44_Pro_jpg.rf.20f59e9a6fc5406fea66f7ac6f75224b.jpg, 1, 0
WIN_20221229_22_19_20_Pro_jpg.rf.20e64936a5e3d9d9a020cea4e5c052a5.jpg, 1, 0
ae88b11a-3c51-46c9-a74f-4f141d73ed73_225_jpg.rf.20fc13db41620603619a349da3d4846b.jpg, 0, 1
27f3e57e-469f-4627-8144-2ce3e9d048b7_jpg.rf.2102114735b4fd4a8d48c268fcccf13d.jpg, 0, 1
56863d51-82dd-432b-808a-bb09a5e65be6_225_jpg.rf.211104b8d763abb66bef15f4905b7f54.jpg, 0, 1
120bdf6d-39ea-4df8-b8a7-1a4362423b28_45_jpg.rf.210417567e2938be004197ebaae80c6c.jpg, 0, 1
WIN_20221229_22_06_17_Pro_jpg.rf.2125cdbd89cf42b17bb82db67a0c8210.jpg, 1, 0
cfed691e-4738-45c4-a2bd-65fc9d5c2da8_45_jpg.rf.21227b8938941c1bcc55dea0bf5a202f.jpg, 1, 0
WIN_20221229_22_28_19_Pro_jpg.rf.2122ef1e5e42a8f33c9e0a29f3451e74.jpg, 1, 0
108ca99a-5abc-4dca-8e9e-ad3551748f1a_135_jpg.rf.21151a950dad187c7925b06cdfe23033.jpg, 0, 1
0516cd97-ef6c-4542-a884-e01aaa597ac3_jpg.rf.212e08f6b79bdc9798293b941c17ecae.jpg, 0, 1
4fac26f2-1588-4362-9e73-ffe2e8791cbb_135_jpg.rf.2138a472e1b7dac6c0e48513e0320ded.jpg, 1, 0
96383b0f-647d-4d8b-aae4-c525fb9365d6_45_jpg.rf.21346d7058cddb6a2d3e79956ed03be4.jpg, 0, 1
085c4ff0-ec11-44e6-b865-d4a8e163bcee_90_jpg.rf.213bc7e7d0a07f9f08dcfe8d103ecc13.jpg, 0, 1
52fd332d-b13d-4675-8292-bfb533d39432_jpg.rf.213eeea075bfa0af4441e4d575f36ebe.jpg, 0, 1
WIN_20221229_22_07_46_Pro_jpg.rf.2148f345879a70e4065a4270968c9fba.jpg, 1, 0
a1690e8a-68f2-42fa-b0a0-6c59cc895c84_225_jpg.rf.2150966f2f2674af8b870cf02c7d33fb.jpg, 0, 1
3bde05ec-782e-445d-a221-38a8ecbc5dab_jpg.rf.214901fe4a5be3c6cce26cd895a422b8.jpg, 0, 1
15f5d196-2633-4a7b-9102-b33c659c6024_180_jpg.rf.21515d7ecb34b5bdc73d99774eaf1d5a.jpg, 0, 1
61bd5e75-cfb1-47e8-b4be-24447913359a_180_jpg.rf.215817b1251a2623033fc347464f2b05.jpg, 0, 1
8c678484-e530-433f-9265-cadfa51b5d6a_270_jpg.rf.216082dbea40c9f6d3be55eafbcab3f0.jpg, 0, 1
5522f66d-ad72-48d5-9767-5e7b23f6a206_45_jpg.rf.2168aefbd02faf7f9989871847c110d7.jpg, 1, 0
217fef04-2462-4dca-a170-f780b700b17e_90_jpg.rf.216fb9efd0cb18c5f062cc15e313fc90.jpg, 0, 1
4ded4873-2bd7-4d9b-80ae-7a8967c128ce_225_jpg.rf.21727ffa049960b600db765ea6945b84.jpg, 1, 0
811f5cf3-9a05-4b39-b1b3-174f31f7cec6_135_jpg.rf.21773460b5f8d85965bde95fd6921d07.jpg, 0, 1
2d398321-1a08-4aec-98b9-eb3301da9d79_135_jpg.rf.217a05f2717a76856a4dc4bb10e4d846.jpg, 0, 1
9ef0276c-3a70-4027-8d1d-2503df2e9f56_270_jpg.rf.217a1e50c59ccee39b2aff916b3d9905.jpg, 0, 1
687d8151-bfed-420b-9a07-5213500e2964_90_jpg.rf.218e83b389b037b7c45f1f983a4f419e.jpg, 0, 1
WIN_20221229_22_06_29_Pro_jpg.rf.218bdb8b0fb926857128fe06abb2ec7d.jpg, 1, 0
aa8cc596-1881-4e18-a73f-fe60f6a6a031_180_jpg.rf.21919f2f90a58f515182c8d74936ebfd.jpg, 0, 1
24a200ea-e903-4bcd-aee1-fb26e7bfd757_90_jpg.rf.2191d14537647bdd0d83487745242fb7.jpg, 0, 1
05693239-35bd-4086-b8c3-e7b6aa763b4f_jpg.rf.2195565c157afb9fe93a30a6b7653a9a.jpg, 0, 1
1513532a-b352-4b17-b681-b02f3127b483_45_jpg.rf.21a2a3c9fceeee200b7f594219ee851c.jpg, 0, 1
687de30d-714c-4d10-9b23-998af950a13a_180_jpg.rf.2196b30f92c7b7c3695f45c780058f01.jpg, 1, 0
24a200ea-e903-4bcd-aee1-fb26e7bfd757_135_jpg.rf.21ab278c1b59bf6111fe1b3ab01703fc.jpg, 0, 1
2d398321-1a08-4aec-98b9-eb3301da9d79_90_jpg.rf.21b0ac6d9429cc9dd992129a463f5f50.jpg, 0, 1
345b8a93-c7d2-4b34-9e0c-90f2561ada84_45_jpg.rf.21b2b4592d420f52eb5dae367b220da7.jpg, 0, 1
5d5357ec-e4b0-4f32-a45c-2dca5338324d_jpg.rf.21b30811e8031d01b379bdba6ed9fb5d.jpg, 0, 1
085c4ff0-ec11-44e6-b865-d4a8e163bcee_90_jpg.rf.21d08ca0321ab200f76dffaac149ed5b.jpg, 0, 1
bd17953c-5cc6-4fc5-8ade-fd7ece53be19_45_jpg.rf.21ba957be00093207446172e99be695c.jpg, 0, 1
39c71820-6b5b-499e-b2c6-a957f48c62fa_270_jpg.rf.21f7be65d3b8717f4129b40d9073db34.jpg, 0, 1
dc2bb2f5-03e1-46c1-9886-bda5f5bee11b_270_jpg.rf.21c30637ba9ea07def7616f1dd801d9d.jpg, 0, 1
69fc95bf-f644-4c92-8057-f05146da07f7_270_jpg.rf.2207e1fc10ece1c52cd404a5e1322e05.jpg, 0, 1
4de4ad31-de11-418b-a60d-a7192ea0c98a_90_jpg.rf.220c25e9758ad8ed5a2560de6eb9fb80.jpg, 1, 0
6e3c83a7-c5c6-46b5-8562-ffa8d99f4bb2_225_jpg.rf.22264ba0701a174774e3cb594ccf1305.jpg, 0, 1
256d7e4e-e47b-466f-adb1-051bda40d918_225_jpg.rf.221c966a2a798716648cfb66acc9c2ce.jpg, 0, 1
0c279d03-a83d-4404-b852-2b90d79e1ed3_135_jpg.rf.2228b1abc39e8b51c87a636ca4ccaf38.jpg, 0, 1
0327f441-9a02-40a9-b280-251440ad4cec_45_jpg.rf.22304b433af2f6fd7971317295aebfad.jpg, 0, 1
90dec1cd-f163-48fd-bcc4-58066e5acb09_180_jpg.rf.223a2b4ac56d6b00639006cb5147fdef.jpg, 0, 1
0dab9689-2c2d-4dc6-bb71-db1b6d82cb17_225_jpg.rf.22380814f9b36dcee41d45be11e43dd2.jpg, 0, 1
94a26150-c197-425f-961b-0a4ae35825cf_45_jpg.rf.225116d2bbbe5522b246d9ed1689670f.jpg, 0, 1
1d4ead22-cc06-4fa2-9784-d9257f24ef86_135_jpg.rf.225a819665377a4cf19fb406fb017241.jpg, 0, 1
41cfc0a3-c4ad-4285-9951-7a37d79f1c17_90_jpg.rf.225370ce2c1b5655e9eba01956c0cf63.jpg, 0, 1
2abea0f5-7c2a-4519-88c1-d33080ac7db2_180_jpg.rf.225ebbd295782890b55c7664a68021c1.jpg, 1, 0
4ded4873-2bd7-4d9b-80ae-7a8967c128ce_270_jpg.rf.22648cc0d9efcd618c17f1d0e5b7d329.jpg, 1, 0
f206736f-e48f-4e12-b367-144752c744e6_135_jpg.rf.2281724a8bbafaa6ccee5efb04454931.jpg, 1, 0
7ebb4762-7de4-4754-8cd2-2d4f743f512c_180_jpg.rf.227b879ea25a7c6cb95edd2cf2aa739a.jpg, 0, 1
6e3c83a7-c5c6-46b5-8562-ffa8d99f4bb2_135_jpg.rf.22a2106cda86c45e780ee81d350981cb.jpg, 0, 1
5d5357ec-e4b0-4f32-a45c-2dca5338324d_225_jpg.rf.22a505c33a695a6eb4e84aa837681a2c.jpg, 0, 1
687d8151-bfed-420b-9a07-5213500e2964_jpg.rf.22ab46307198fa28c44693e9f55227d5.jpg, 0, 1
WIN_20221229_22_03_41_Pro_jpg.rf.22b0ed96bb279d1f5d1d0b642e4577ec.jpg, 1, 0
WIN_20221229_22_45_31_Pro_jpg.rf.22b10113ae60bc2da01bca6f65824a16.jpg, 1, 0
8dfde29c-73a0-4bd6-a788-0a31baf572a0_180_jpg.rf.22b6a9a80308e89a1d690ce3bcad7f6a.jpg, 0, 1
WIN_20221229_23_23_14_Pro_jpg.rf.22b7015c0db14ea73b8e181d559408ab.jpg, 0, 1
4737a7d7-5d10-4912-b3e7-c8254a88af02_135_jpg.rf.22b450300a29cebe043067ff54ff51a4.jpg, 0, 1
d2936fba-871f-4fbe-97da-b6e6e347e889_270_jpg.rf.22b39149b3c143e089adc71c91b430be.jpg, 1, 0
61bd5e75-cfb1-47e8-b4be-24447913359a_180_jpg.rf.22bea4808c78a0889b83bf5e5776bc01.jpg, 0, 1
WIN_20221229_22_40_53_Pro_jpg.rf.22bdc52d050d7ec3e798f70cbced6480.jpg, 1, 0
2c59ee70-dc1c-4de3-83ab-aa36a5fb92c9_90_jpg.rf.22c78b75b480714234c260a74a733d2b.jpg, 0, 1
1acf8679-d50f-446c-b806-def7d073e244_135_jpg.rf.22bb9f9c2d7cba8fc164b50ce22164cd.jpg, 1, 0
01b9d47e-ecba-48fd-a83f-ece6e05995fc_45_jpg.rf.22c7f232dcbdaad52488b86cad54be26.jpg, 1, 0
d141258d-4b06-4d47-9e08-82edbd725dd1_180_jpg.rf.22e6ea0041cd302726ca390fc934329b.jpg, 0, 1
507e6cd8-2041-47e5-b174-28a6d9328985_135_jpg.rf.22eb9b6e8bf89eac5a2b981c4a7d0295.jpg, 0, 1
70be0397-922c-4185-bb84-728b59ab25f8_45_jpg.rf.22c8e7cbebfd73acbaf26adb58e05cab.jpg, 0, 1
345b8a93-c7d2-4b34-9e0c-90f2561ada84_135_jpg.rf.22cb394833b94f0c057e66c613efa031.jpg, 0, 1
c01c35d2-7769-4a57-abff-c52f7def3900_180_jpg.rf.22f468932b45b5ef3a4f2892b42d2b7e.jpg, 1, 0
52eb9c86-9714-4fb7-bc45-cbbe25a2b444_jpg.rf.23034aba47250f83ddb6d210684bb12c.jpg, 0, 1
52eb9c86-9714-4fb7-bc45-cbbe25a2b444_45_jpg.rf.23029f890e011d9ec35efaa55159eb2f.jpg, 0, 1
WIN_20221229_22_11_22_Pro_jpg.rf.2303baac573994c13eb9bb1b2b82a126.jpg, 1, 0
cfed691e-4738-45c4-a2bd-65fc9d5c2da8_90_jpg.rf.230c1ffc19e4c7f1f14f381a11b593d9.jpg, 1, 0
2be59dd5-7793-413c-96cb-c40098eba6f6_225_jpg.rf.2332ea00ed91e9c26f1e652b40744438.jpg, 0, 1
2d6fa448-2f18-4db5-a942-7097acff076a_135_jpg.rf.232dc8e0d3f6e9d41f62e209d7d3ffc7.jpg, 1, 0
9eaca121-9239-49f4-9d05-34ef9f10bcaa_225_jpg.rf.2334a1729f91db9b025b5a8adbf4ff3d.jpg, 0, 1
859bbe6e-7f46-4b86-acd1-86fea679de36_225_jpg.rf.2344e2efad2cb7e87f9826924b8ae8e6.jpg, 0, 1
WIN_20221229_22_04_24_Pro_jpg.rf.2349699e4f1492088d2d07429bbc1bd3.jpg, 1, 0
WIN_20221229_22_24_12_Pro_jpg.rf.233f721087630bae0360ffdaee319d04.jpg, 1, 0
05693239-35bd-4086-b8c3-e7b6aa763b4f_45_jpg.rf.234f5e3ba2d5ab984b14f9916eaf7971.jpg, 0, 1
90dec1cd-f163-48fd-bcc4-58066e5acb09_180_jpg.rf.23580ef8639b0fd0bb6bbaa5e1b57b51.jpg, 0, 1
0516cd97-ef6c-4542-a884-e01aaa597ac3_225_jpg.rf.235ae20a1e626b0bcca86d0ebb64bf84.jpg, 0, 1
9765b374-f3eb-4a26-903c-90d85bc9fe0a_45_jpg.rf.2356ae25fb7119af46e846544d3ee7eb.jpg, 0, 1
8d331829-b225-451b-8aaa-89058c62faf5_180_jpg.rf.235c84392f6c91b1ba8e344699824683.jpg, 0, 1
8140aed5-a61c-4048-81dc-c9e2149f60b2_90_jpg.rf.235d7f0d0e9d714313b9a4a6ba182091.jpg, 0, 1
600d2167-2072-4825-9516-6c13af9fc382_90_jpg.rf.2372d218d1a92587a8cc3a26a6882c96.jpg, 0, 1
4fac26f2-1588-4362-9e73-ffe2e8791cbb_135_jpg.rf.235f2b901601e312e062481363e094f1.jpg, 1, 0
1513532a-b352-4b17-b681-b02f3127b483_270_jpg.rf.237b494ad6a962c57695109530ccdd40.jpg, 0, 1
WIN_20221229_23_36_07_Pro_jpg.rf.23851090229ff652fb0027a604f53875.jpg, 0, 1
76a872d2-5c22-4f33-82b4-18c0f78e1a1b_45_jpg.rf.239ba18a32127a63a8f54909c5e0ad90.jpg, 0, 1
6b316208-fce5-4562-a45b-736f29a3a697_jpg.rf.23a14545f9a83ccebc498f26f166ff82.jpg, 1, 0
2c59ee70-dc1c-4de3-83ab-aa36a5fb92c9_90_jpg.rf.2375a810f8824bc9eac9b7a949b5a77d.jpg, 0, 1
82743c35-e968-47ee-93f6-95270352fe13_45_jpg.rf.23a1dca03b74bf4ad6391df0663df884.jpg, 1, 0
014bcc0a-10c7-41eb-80eb-e2f62bb652b3_90_jpg.rf.23a92762deb8005a5606d8206b19dcb8.jpg, 0, 1
5d06dc79-9d5c-46d0-a720-e4898e65949c_270_jpg.rf.23a5d8941f6b6b19aacc166b314e454b.jpg, 1, 0
5a3117dc-7932-4c34-ae3f-e5867c98ee0a_135_jpg.rf.23bcf23af2cc4bc6ff80cedb9c17180b.jpg, 0, 1
4de4ad31-de11-418b-a60d-a7192ea0c98a_270_jpg.rf.23bfd91c740dfd4b0a20d69c55114f2c.jpg, 1, 0
ba25564d-c23a-450d-b0af-a191ed900fb1_jpg.rf.23be5601b9b8443a16e04b0f6602edbc.jpg, 1, 0
220fcc53-6ef7-45d1-8122-fa1c19ca9ec5_45_jpg.rf.23c60468a6db19aac9791907d2b526fa.jpg, 0, 1
5c99f964-3704-402c-aa2d-42bd2fbacf4f_180_jpg.rf.23db42cd77f01d8d3c1ff5d0ede9a685.jpg, 0, 1
8e753e61-dd28-45b8-aa64-e6c1e71bd812_jpg.rf.23e81a256e5656dc4690b3472a927908.jpg, 0, 1
87cc591e-7e25-4d08-a519-6b5ec6d98cfa_225_jpg.rf.23cd50e1eda53ff8e5fdfde5ee2036dd.jpg, 0, 1
15f5d196-2633-4a7b-9102-b33c659c6024_135_jpg.rf.23fb1357a77f7ea16cd450764960a1cf.jpg, 0, 1
a968e0be-061b-40ae-801e-5e286dcbb663_225_jpg.rf.23f48fe99ebee92336f8cbbba41fa98a.jpg, 0, 1
0b521929-1734-47b8-86c9-093445af0697_90_jpg.rf.23fca2f32785005b7e881f3d6fa41b9e.jpg, 0, 1
WIN_20221229_22_56_26_Pro_jpg.rf.23ff0a4dff9e4c1c088d387503b45dc6.jpg, 1, 0
75f27827-8267-4ad8-8c7f-938a7c0c0a72_135_jpg.rf.23fd4e19c25a5173e61bde7cee5f32c2.jpg, 0, 1
a968e0be-061b-40ae-801e-5e286dcbb663_135_jpg.rf.24012b9dddd7427ae206c913c9b1cdb9.jpg, 0, 1
WIN_20221229_22_31_40_Pro_jpg.rf.2401fad24a35940500c562d10c88ffe5.jpg, 1, 0
a70cfd80-0fa8-48c8-ab56-7f7cc8b0bb9b_jpg.rf.2412ee10bdda07b28da3446ee30072fb.jpg, 0, 1
ba23ca74-9f22-43fe-8e97-1aaac5891d8d_180_jpg.rf.2409b966ec842833fbce203a2a49b5a9.jpg, 0, 1
6cdbe5d2-04bc-4a25-b1a0-be0a00a136ae_225_jpg.rf.2409ceb698592b114a1fb150adfdb056.jpg, 0, 1
b361e99e-9c59-43b5-92f6-80ad77c3287f_180_jpg.rf.24202c7c88e13654772efd939629c125.jpg, 1, 0
cce642b7-d4aa-4dc6-951b-e1b655f68334_270_jpg.rf.2420dcfcce399f7c43236e2ffaa47cfb.jpg, 1, 0
680cc473-598d-49e7-847e-6b8c099e14fc_jpg.rf.24215bbca14cf2dc1fa4f6feb3e1f48a.jpg, 0, 1
WIN_20221229_22_43_58_Pro_jpg.rf.24174c11a8c047fe176d42777eda0a46.jpg, 1, 0
665aeca5-e68c-49d3-ad8d-5755fad74dcf_225_jpg.rf.2429b562c3a61b3a712476c7282b565c.jpg, 0, 1
220fcc53-6ef7-45d1-8122-fa1c19ca9ec5_225_jpg.rf.2423465c3820360beef00a103703bea8.jpg, 0, 1
0c279d03-a83d-4404-b852-2b90d79e1ed3_45_jpg.rf.243034d9d74ce7df2e5da32d215cccdf.jpg, 0, 1
8c678484-e530-433f-9265-cadfa51b5d6a_135_jpg.rf.2433bc55f4e844dbc861c896f8eeca7c.jpg, 0, 1
69dc5c1e-a7ad-49aa-ba21-235545c312c6_180_jpg.rf.24471db00cda2a3531696ab309ee0179.jpg, 0, 1
ba23ca74-9f22-43fe-8e97-1aaac5891d8d_180_jpg.rf.244ef137369bcf1534fa69850841226f.jpg, 0, 1
84f05969-c971-4d44-8df4-3a80a71a545d_jpg.rf.245396aaf8c435edae81a0d17574eca2.jpg, 0, 1
91c2e56d-2549-4574-9414-86aa17e84ef4_jpg.rf.24564e42c302d82f12c114bc77de73a7.jpg, 0, 1
217fef04-2462-4dca-a170-f780b700b17e_jpg.rf.24651556cc56838dce36a2243d5b0d9d.jpg, 0, 1
d02674ec-4a90-43c1-9aba-1cf70300a55a_180_jpg.rf.2454003ec263227c2dcae5446dadc72f.jpg, 1, 0
98cb62e4-f491-47c7-b871-9d1aeeac307e_225_jpg.rf.2466a7d1fe6dc423cc3358fa25b0c1d2.jpg, 0, 1
WIN_20221229_22_31_15_Pro_jpg.rf.246a48a59b360e491114d000474f62c8.jpg, 1, 0
05693239-35bd-4086-b8c3-e7b6aa763b4f_225_jpg.rf.24511efff85083328d56688e4ad27fe8.jpg, 0, 1
d4ea5845-ed1c-4bcd-b615-557884bb64c2_225_jpg.rf.24722d7b4ecf2164fb5587225de6a0bb.jpg, 1, 0
0aa414bb-510b-40c9-85e1-f7a7163b3e2c_jpg.rf.24759a1cbc307a0cf7b69cd6d43c054a.jpg, 0, 1
4dbf4259-4cc3-4ff3-8768-970703c6c8f9_45_jpg.rf.2474f7f537970b0864b4001f45b37b46.jpg, 0, 1
24522061-cd21-4507-92da-432712838d1d_225_jpg.rf.24794ec29c164742cd01433258701d67.jpg, 0, 1
WIN_20221229_22_18_19_Pro_jpg.rf.247e1d1c7eeb4535210eb77f40af7a6e.jpg, 1, 0
bd17953c-5cc6-4fc5-8ade-fd7ece53be19_jpg.rf.248060d754955be03e521c1aaa7532fd.jpg, 0, 1
233af445-c0e5-4bb1-ad5f-743becd76cab_90_jpg.rf.2480a8eaba92bfd2740be318579bfc27.jpg, 0, 1
c01c35d2-7769-4a57-abff-c52f7def3900_jpg.rf.249e0ecc62240006f98d8476e7b49bb8.jpg, 1, 0
00a9637f-e5c9-4522-8d19-d6b3e8bae3f3_270_jpg.rf.2467277fcb293def46b98d6d43b52999.jpg, 0, 1
1b05898a-3be4-4b9e-b4a0-6d23dfdaabf0_90_jpg.rf.2488162fdceb0617eae52cc74dc67187.jpg, 0, 1
WIN_20221229_22_08_20_Pro_jpg.rf.24a12d53aaef9f485cc13fef865f80ff.jpg, 1, 0
WIN_20221229_23_27_48_Pro_jpg.rf.24a90d3ae2b01c9846981580a5580e85.jpg, 0, 1
96383b0f-647d-4d8b-aae4-c525fb9365d6_jpg.rf.24a7e090ac1af84022337a2b7bb73a99.jpg, 0, 1
708fb576-4b86-4d50-a652-cc0d64f5407a_135_jpg.rf.24ad29f192d394a4b76f77dc27c3d840.jpg, 0, 1
6b30113e-141c-4956-964b-7b64918f694b_225_jpg.rf.24bcc0ca2159bc2d3d03e2a3497e563b.jpg, 1, 0
4461774a-c193-43e6-9849-19c25ad533fb_jpg.rf.24bdc0cbafe3cf49267861630526f176.jpg, 1, 0
7e2e4fb2-dc94-46c6-a203-0db83ca84e81_45_jpg.rf.24ab42be826e2e1b4290506b24826c70.jpg, 0, 1
WIN_20221229_23_23_00_Pro_jpg.rf.24adecc2889809795dff2116d2a78771.jpg, 0, 1
a8ba45d9-69a1-4fc4-a6c3-74c50107e59c_225_jpg.rf.24bf679d1adbaeaae751a7a677fa35d9.jpg, 0, 1
0df87bae-ddf0-49e3-97af-b371d8544547_90_jpg.rf.24cf3250e06103e066c81070bcb96c66.jpg, 0, 1
2c59ee70-dc1c-4de3-83ab-aa36a5fb92c9_45_jpg.rf.24c43ac6fba67c6bedcd97e4d1e5ffe5.jpg, 0, 1
WIN_20221229_22_02_04_Pro_jpg.rf.24d229497c1056869a250d4c4266ec86.jpg, 1, 0
1d4ead22-cc06-4fa2-9784-d9257f24ef86_270_jpg.rf.24dd8fea6c3ed5ea93f66538f58cda19.jpg, 0, 1
0dc01fa2-4d5e-46ae-ad61-19485b378972_jpg.rf.24e23e0e010a7c8598480e5031fec7eb.jpg, 0, 1
24a200ea-e903-4bcd-aee1-fb26e7bfd757_270_jpg.rf.24ef412a54e9b08559bcf31ce8feb2bc.jpg, 0, 1
91c2e56d-2549-4574-9414-86aa17e84ef4_jpg.rf.24de8dd5f34e4121f68f0399e4d2a169.jpg, 0, 1
256d7e4e-e47b-466f-adb1-051bda40d918_45_jpg.rf.24fe514a2bc729fd5d555bc540805048.jpg, 0, 1
0c04b448-fe60-4b89-bf5a-b18fe90a5870_90_jpg.rf.24f5f3fdc3a107afa49ef38c96c28466.jpg, 0, 1
93bde728-be7b-4af0-a18e-67f00d6fdcac_135_jpg.rf.25012ea700da9cef593e74192290c26e.jpg, 0, 1
24a200ea-e903-4bcd-aee1-fb26e7bfd757_90_jpg.rf.24ff81628b914c8bc8e96382a62fcb4d.jpg, 0, 1
WIN_20221229_22_36_08_Pro_jpg.rf.25059375d40d30e141dc0304537eac10.jpg, 1, 0
2a99660b-f767-40aa-937f-c4cd68d2ceac_180_jpg.rf.2506db38d1556ceaf25e53f6794e57a3.jpg, 0, 1
224748bb-08de-4a59-98e5-2bbef0629846_90_jpg.rf.2506d1b92bb3f6ef8eca6fa6c6295f44.jpg, 1, 0
226b7023-757d-4c11-9b59-a0e8f02e5274_135_jpg.rf.25262e0df224f25d42dc624f15b8c719.jpg, 0, 1
52e703e1-69d2-44c7-a214-269fa0e09054_135_jpg.rf.2528a88af96552f209fd1b199e6e04ff.jpg, 0, 1
93a64c9f-678d-4302-94ea-5758bbf7451c_180_jpg.rf.2517b05733b6fd4204cadb90acd7ec97.jpg, 0, 1
01aff576-d811-4858-bc7b-e66af9db530f_135_jpg.rf.252e51b1d9e1fe243bec8aa4caa2823c.jpg, 1, 0
WIN_20221229_22_45_08_Pro_jpg.rf.252ef9a780b83f6a016706700f9f2d25.jpg, 1, 0
53f913e3-941b-4772-8446-2bad471e22b0_jpg.rf.2534596c04f616f77c874726982f5821.jpg, 0, 1
24522061-cd21-4507-92da-432712838d1d_45_jpg.rf.25391b610bbba62ac0725a05593c1a4b.jpg, 0, 1
87595b49-d19a-4221-8418-57ee268de2d5_45_jpg.rf.25388bb4a821bdf4ed785e8fd8b2f1a5.jpg, 0, 1
69dc5c1e-a7ad-49aa-ba21-235545c312c6_jpg.rf.254d4537a8bc303200b374d37336e8f7.jpg, 0, 1
3c966d73-e030-422f-8e66-a2bfb35337dc_135_jpg.rf.25446d781d2b4f4399774af45688d4f6.jpg, 0, 1
3c966d73-e030-422f-8e66-a2bfb35337dc_90_jpg.rf.254f5ba88ee52ede88ba46b5707d211f.jpg, 0, 1
bd17953c-5cc6-4fc5-8ade-fd7ece53be19_270_jpg.rf.2553d7e4b4639f23f36f374b38c56723.jpg, 0, 1
87e64a68-c898-4474-bd57-1e570902862f_180_jpg.rf.253cd8fa78061d3e6e937f6f42723b8e.jpg, 0, 1
cce642b7-d4aa-4dc6-951b-e1b655f68334_180_jpg.rf.257f0d3833e01d9bd5f9cef41347dec0.jpg, 1, 0
15fd3442-e84f-4c27-952b-ec415fe777d6_90_jpg.rf.2575b8d657f9a7612608d69f0cef41ac.jpg, 0, 1
WIN_20221229_23_22_26_Pro_jpg.rf.256f2627b6d9a626eedcdcb50bb4e245.jpg, 0, 1
82743c35-e968-47ee-93f6-95270352fe13_225_jpg.rf.258104aefda4d328f4bd71f2e19e1d1e.jpg, 1, 0
ba23ca74-9f22-43fe-8e97-1aaac5891d8d_270_jpg.rf.25879e97e3cbad79ba260f6958df587f.jpg, 0, 1
61bd5e75-cfb1-47e8-b4be-24447913359a_180_jpg.rf.2589c9a57eb3ef5d8354e2cee15874c9.jpg, 0, 1
WIN_20221229_23_22_26_Pro_jpg.rf.258875201ffb0f78a8b149607a3e9e3b.jpg, 0, 1
b84b2bd1-353d-4da0-80e6-da6df7b611b8_180_jpg.rf.259ab3699b167a29233ee2607285b8b5.jpg, 0, 1
WIN_20221229_23_30_21_Pro_jpg.rf.2597fcab7def39a75b792db6e17c8a45.jpg, 0, 1
811f5cf3-9a05-4b39-b1b3-174f31f7cec6_jpg.rf.259452bb42dece08da66dfd266a5ed93.jpg, 0, 1
c6d5a9cd-56bd-4e1a-9ca8-c3562c8140f8_225_jpg.rf.25a37d81d29bed580804302d730c0982.jpg, 0, 1
27f3e57e-469f-4627-8144-2ce3e9d048b7_135_jpg.rf.258f57bba1ca636fa0dffde2b46b76ea.jpg, 0, 1
0fbac742-48ee-4857-ab82-3318c8fbdcb8_270_jpg.rf.258a34c4c9344fd5ceecb0dc4b034f3e.jpg, 0, 1
WIN_20221229_22_45_17_Pro_jpg.rf.25b0d77fdcc6c482da271d36be10529a.jpg, 1, 0
2da43d43-ad7b-435c-920d-0fbfebb88959_180_jpg.rf.25a42f012ddf7199a036d85da472fc25.jpg, 1, 0
52eb9c86-9714-4fb7-bc45-cbbe25a2b444_225_jpg.rf.25bc72ea7cc5b99ee2fd3c9591976ea0.jpg, 0, 1
15f5d196-2633-4a7b-9102-b33c659c6024_45_jpg.rf.25ae096a8d91115d4e6b09447b408284.jpg, 0, 1
4de4ad31-de11-418b-a60d-a7192ea0c98a_jpg.rf.25c94afd9a37c210886a0db0bd68dd29.jpg, 1, 0
3c966d73-e030-422f-8e66-a2bfb35337dc_45_jpg.rf.25bccb0259933505d52133f23a66ad34.jpg, 0, 1
4f280435-14a2-4194-9f75-2e7ea72b39ba_225_jpg.rf.25d4e0d16b86ed582eb9f2d0f28bf164.jpg, 1, 0
70be0397-922c-4185-bb84-728b59ab25f8_jpg.rf.25e3bc4f42997e430789b88b02b83a1d.jpg, 0, 1
54619429-78f2-42b3-b007-8ea9c0984c4b_90_jpg.rf.25f53e1edbb6970ffc93773fa6350d14.jpg, 0, 1
WIN_20221229_22_06_17_Pro_jpg.rf.25f80a34afba3df60d78f0bc9d1d98fb.jpg, 1, 0
92a893f4-8dd5-4f4a-9864-08811d4ed00a_270_jpg.rf.260decc754290b449d1a14db79077dea.jpg, 0, 1
7089d907-9aaf-459e-ae22-53962285fbc8_135_jpg.rf.260a3b317bb9ba20cc39c68b05685c06.jpg, 0, 1
WIN_20221229_23_09_31_Pro_jpg.rf.26156fef94615be87adeb9e42cf2b480.jpg, 1, 0
5aa96b87-9a19-4beb-971d-21bde07a9a0b_jpg.rf.2621fa002fa1d100f1983e21fd69bb84.jpg, 1, 0
6343bade-4271-437b-84ea-e9756e715080_135_jpg.rf.261279506aaf47ef3fa221138eeeab7e.jpg, 0, 1
2d6fa448-2f18-4db5-a942-7097acff076a_180_jpg.rf.263e329704906a669062e78da5a774d9.jpg, 1, 0
8ddce3ce-bc64-4942-93aa-940868007f64_jpg.rf.263f5e4c55d3302164e6f5518f91bcab.jpg, 0, 1
92009a81-ec1a-4dc0-99aa-c0898383287c_180_jpg.rf.264cb67f7dd72767d841c8719da41ba6.jpg, 0, 1
3fa757aa-5f48-4acc-b2d9-edf0d584d79a_270_jpg.rf.2648a9363304d48425ffaa762106c217.jpg, 0, 1
233af445-c0e5-4bb1-ad5f-743becd76cab_225_jpg.rf.2655e23e40ba451cbaf55b63974b9c6c.jpg, 0, 1
4f08fc98-7d4d-43f7-921d-b2ccf8ca726d_270_jpg.rf.2663c03ada7af9258cd6ee0a3e966435.jpg, 1, 0
345b8a93-c7d2-4b34-9e0c-90f2561ada84_jpg.rf.266815888ee3f9db17c3ea56c653df56.jpg, 0, 1
1f4613ea-1b60-4092-876c-1a474a8c51b9_225_jpg.rf.2677f230c3234f02b1470375a1857973.jpg, 1, 0
256d7e4e-e47b-466f-adb1-051bda40d918_jpg.rf.2670282af91991d0fe28359b2dc32cae.jpg, 0, 1
WIN_20221229_23_23_43_Pro_jpg.rf.267ef8de570eab427428148605a5c9fb.jpg, 0, 1
66ba2553-31f1-473c-9602-d2df0c1bb3f0_90_jpg.rf.267cbaa3678af925f08fa96ef2ca58be.jpg, 0, 1
69ab59e3-c1ad-4509-a8b8-bd8e4fac2ae6_225_jpg.rf.268637fa0399933fcd618db2f4705654.jpg, 0, 1
fbe4f519-6225-4168-bcf9-4ccc4d0d82bf_90_jpg.rf.268aea98fc91c9df29b5f8ed22bdd04d.jpg, 1, 0
afd3edfe-e4fe-4715-8429-5af060c5f0d9_180_jpg.rf.268c71baf338227dbbacb29afb7bfe45.jpg, 0, 1
4de4ad31-de11-418b-a60d-a7192ea0c98a_jpg.rf.269c5643cf63d9cb06d21b3f794c112f.jpg, 1, 0
33e3e3fe-8e37-4b4a-aa04-ad3864731632_225_jpg.rf.268f0956f9bb1a7e4c61dca11abfebd7.jpg, 0, 1
24522061-cd21-4507-92da-432712838d1d_jpg.rf.269f0dd89678241441cdab67a0c9b908.jpg, 0, 1
01aff576-d811-4858-bc7b-e66af9db530f_135_jpg.rf.26b8138fdd1bc7fad896c000068b1a23.jpg, 1, 0
a4b1b05e-8f9a-4f68-98fe-52dd9e2a9663_225_jpg.rf.26bf3a7a63866585ceb7e22c0540aa56.jpg, 1, 0
345b8a93-c7d2-4b34-9e0c-90f2561ada84_270_jpg.rf.26bb8b07849f60e2692de82a18787dc7.jpg, 0, 1
6b316208-fce5-4562-a45b-736f29a3a697_225_jpg.rf.26c5c253495fd5985d92fdc77296da56.jpg, 1, 0
70f70f97-4a9e-4d42-a08b-3b7d1b9abef8_45_jpg.rf.26f01aee9de3fd845dcbde39922ba235.jpg, 0, 1
2abea0f5-7c2a-4519-88c1-d33080ac7db2_jpg.rf.26d524cc47c469c72b4b6d8d38760ac9.jpg, 1, 0
82dbf814-a3a3-4cba-9277-08c10de5c8a4_jpg.rf.2706877e17967b8ec12e8105bc82a587.jpg, 0, 1
72a2b8f8-c7ca-4222-b2a1-9b82ac7990f4_45_jpg.rf.270447af52a0e48ea1071ed3f1791cc6.jpg, 0, 1
8e753e61-dd28-45b8-aa64-e6c1e71bd812_270_jpg.rf.2712b7f24af64ffe0bee093cfcc9fbae.jpg, 0, 1
70be0397-922c-4185-bb84-728b59ab25f8_jpg.rf.27151ed1782e128d0ad0b8d749353295.jpg, 0, 1
WIN_20221229_22_03_51_Pro_jpg.rf.271ac62a42fb31d232e58ef201ad7d79.jpg, 1, 0
0dc01fa2-4d5e-46ae-ad61-19485b378972_jpg.rf.2730fd259e4d7e43384d8174506297e8.jpg, 0, 1
6cdbe5d2-04bc-4a25-b1a0-be0a00a136ae_225_jpg.rf.27397d717c79f75b2a80b2352b7548b6.jpg, 0, 1
93a64c9f-678d-4302-94ea-5758bbf7451c_jpg.rf.273431ac19540b18efb0bdb1b0aa9be5.jpg, 0, 1
87e64a68-c898-4474-bd57-1e570902862f_jpg.rf.27357b7f6590e54d5269666ccc4962c9.jpg, 0, 1
4737a7d7-5d10-4912-b3e7-c8254a88af02_225_jpg.rf.2740012e81aa02281d5d6cb89621713d.jpg, 0, 1
76d57cee-bb5c-4631-b737-fe16b92c2a28_90_jpg.rf.2745d16dbd6b15b64f153cc94324833e.jpg, 0, 1
8c678484-e530-433f-9265-cadfa51b5d6a_45_jpg.rf.2743f76fe56a86476bec30ae6a4fd54c.jpg, 0, 1
507e6cd8-2041-47e5-b174-28a6d9328985_180_jpg.rf.274659952340a016a1e72ef5223d6836.jpg, 0, 1
WIN_20221229_22_59_27_Pro_jpg.rf.274e382ec3a21bca5d3dbe6c688e9d7e.jpg, 1, 0
014bcc0a-10c7-41eb-80eb-e2f62bb652b3_180_jpg.rf.27548ce05541339143a195e1f3c860ed.jpg, 0, 1
90dec1cd-f163-48fd-bcc4-58066e5acb09_180_jpg.rf.275cfaff33ec4d81ab8aee3f00e81512.jpg, 0, 1
6e3c83a7-c5c6-46b5-8562-ffa8d99f4bb2_45_jpg.rf.276a4c12fce8a9eaf51e6a2856f3dcd1.jpg, 0, 1
WIN_20221229_22_12_22_Pro_jpg.rf.277b46554f88f60ab988259e1d048595.jpg, 1, 0
4ded4873-2bd7-4d9b-80ae-7a8967c128ce_270_jpg.rf.278d57238f61fee7917309250798693d.jpg, 1, 0
1acf8679-d50f-446c-b806-def7d073e244_45_jpg.rf.277e32db3b7a7e21cf73fb0bf5f125f0.jpg, 1, 0
97e4c08e-3475-4d77-8b54-a2231e38f6a2_270_jpg.rf.278f48883af3dc87290b1eedcda21c70.jpg, 0, 1
0df87bae-ddf0-49e3-97af-b371d8544547_180_jpg.rf.27983267e0e72707cba4b5c93a92d9f2.jpg, 0, 1
WIN_20221229_23_33_31_Pro_jpg.rf.27ac97c9aea431b64ff31bbbf0178f53.jpg, 0, 1
d6faa4f5-e419-4c2d-b0be-316f48d5464a_225_jpg.rf.279e6617c9e8f752f05e8a6e398c0795.jpg, 0, 1
4f08fc98-7d4d-43f7-921d-b2ccf8ca726d_225_jpg.rf.27bbf20c9a1408312af6ca4343646de8.jpg, 1, 0
75a3c3df-b678-4a55-aa92-02be5879a4cd_225_jpg.rf.27bff34c6183eb0c39c3bc93c96baec9.jpg, 0, 1
503a19e2-d693-4ab0-aae9-9181b1789a94_jpg.rf.27b6f41f39635ecc9da3ae71132c6327.jpg, 0, 1
9eaca121-9239-49f4-9d05-34ef9f10bcaa_225_jpg.rf.27bbf45f0ad79f820238fe803d9cb899.jpg, 0, 1
bd17953c-5cc6-4fc5-8ade-fd7ece53be19_90_jpg.rf.27c0ffe1c59792bda44e274be6235e7b.jpg, 0, 1
01c27009-f681-4495-8d82-599547aba120_135_jpg.rf.27cd5f85819d47b22571858bf44ac7b1.jpg, 1, 0
WIN_20221229_22_52_24_Pro_jpg.rf.27d999cbdc1d9024c43aa60dff637c4a.jpg, 1, 0
d4ea5845-ed1c-4bcd-b615-557884bb64c2_135_jpg.rf.27d4dd9f67c5bae7d767c3c4ca01c511.jpg, 1, 0
014bcc0a-10c7-41eb-80eb-e2f62bb652b3_180_jpg.rf.27dd3c2ddbc400e51d1f8173148731a3.jpg, 0, 1
adcb9cef-245f-4674-bd16-4c8ad789d0a8_90_jpg.rf.27e16fc0ab3c5b647ae17b4a50205548.jpg, 0, 1
WIN_20221229_23_10_12_Pro_jpg.rf.280166c2134d3a41d5a4cde986c58f5c.jpg, 1, 0
87ad76a7-bd79-4c43-86bb-4db4498e10f1_270_jpg.rf.280d03a1b2b2e25fde8f114a6fcaab9f.jpg, 0, 1
WIN_20221229_22_24_41_Pro_jpg.rf.281197396f21856fe9a2713386b7df32.jpg, 1, 0
b4b3a28f-aee8-402c-856a-b09db5dbeb4a_90_jpg.rf.282acaa0ea665b0c84793791879ea5ea.jpg, 1, 0
0fbac742-48ee-4857-ab82-3318c8fbdcb8_45_jpg.rf.27f0931eef60af6f5157018c72cc6a40.jpg, 0, 1
93a64c9f-678d-4302-94ea-5758bbf7451c_270_jpg.rf.2823ecc3108f9f005c64b73502a42001.jpg, 0, 1
2b3188c7-77de-4b98-aaa5-012b0941ca45_270_jpg.rf.283798b2f000ec4725a3968921822497.jpg, 0, 1
90dec1cd-f163-48fd-bcc4-58066e5acb09_jpg.rf.282dd0d666171382187b93a2f1f8d5a5.jpg, 0, 1
WIN_20221229_22_04_05_Pro_jpg.rf.28385a2a1b1c144e24d3d5c14e609989.jpg, 1, 0
4eddf419-3396-43d2-8b40-3ccecf2a2620_90_jpg.rf.283ac3fe1be4c98d4a70d2dacd4ddb1c.jpg, 1, 0
2d6fa448-2f18-4db5-a942-7097acff076a_jpg.rf.284f6ae91d4581b9d7764541d955e539.jpg, 1, 0
ba25564d-c23a-450d-b0af-a191ed900fb1_jpg.rf.28510e7ddcee2cafd8afc1d01a4e16b0.jpg, 1, 0
WIN_20221229_22_55_39_Pro_jpg.rf.2855e0ad2ec4952535dc5ea0cfcd235c.jpg, 1, 0
00137db3-94aa-4aa5-aa3b-e3e09d6a5ef5_225_jpg.rf.286f26d2be2adcc932849def9257e8b0.jpg, 0, 1
76a872d2-5c22-4f33-82b4-18c0f78e1a1b_45_jpg.rf.28652aaa998a8107eb6cd052886f6106.jpg, 0, 1
WIN_20221229_22_03_51_Pro_jpg.rf.28764842244bd46c3d46b4ad70b8f803.jpg, 1, 0
4de4ad31-de11-418b-a60d-a7192ea0c98a_270_jpg.rf.2877def1c125058c64e29f1bb48f0a1e.jpg, 1, 0
51ba5ef7-fd64-4d52-9c3f-9d70e0ff040f_jpg.rf.287eecfc41579667cad92c8324fc26d3.jpg, 0, 1
d141258d-4b06-4d47-9e08-82edbd725dd1_225_jpg.rf.2882abbdb3dd2ff6c79ac746c0cbfea0.jpg, 0, 1
1d4ead22-cc06-4fa2-9784-d9257f24ef86_90_jpg.rf.288a6ca1ca07766b78eaade45832197a.jpg, 0, 1
503a19e2-d693-4ab0-aae9-9181b1789a94_180_jpg.rf.289138e981fa48e5f3f73bf10db998c5.jpg, 0, 1
cce642b7-d4aa-4dc6-951b-e1b655f68334_180_jpg.rf.288c644e97bab0f2b01f9c5d1d358dae.jpg, 1, 0
96383b0f-647d-4d8b-aae4-c525fb9365d6_jpg.rf.28a0d3582b392bc6d6f47a051c38dbc3.jpg, 0, 1
82743c35-e968-47ee-93f6-95270352fe13_90_jpg.rf.28a2d1e950777ae42c8f7b24fe184dad.jpg, 1, 0
ef757b72-613c-4d8f-b8e0-a3564581cb0f_90_jpg.rf.28a7b4689e8e01746c015b8affdb7658.jpg, 1, 0
c6d5a9cd-56bd-4e1a-9ca8-c3562c8140f8_jpg.rf.28a839c7db346bff1c215b5a642ddee2.jpg, 0, 1
5d06dc79-9d5c-46d0-a720-e4898e65949c_225_jpg.rf.28b4231676893e86fccf71ecc5dd3b96.jpg, 1, 0
d6ed6d4c-2acb-4507-bc4c-70480968eacb_135_jpg.rf.28b4c31e9cf096e502a8989ca523039a.jpg, 0, 1
WIN_20221229_22_09_56_Pro_jpg.rf.28b87739cc91669de086756c1d5bc056.jpg, 1, 0
WIN_20221229_22_02_24_Pro_jpg.rf.28c6f8887a4537cb54752ae62e063aca.jpg, 1, 0
7ceae77f-3a56-4262-a271-2a8d727efbe9_jpg.rf.28ae64b8669065663c0560ac1940d026.jpg, 0, 1
WIN_20221229_22_02_16_Pro_jpg.rf.28bb563aba6a2dc0f518736363a9ef12.jpg, 1, 0
82dbf814-a3a3-4cba-9277-08c10de5c8a4_90_jpg.rf.28b905298d662a1342f36c7665331175.jpg, 0, 1
69ab59e3-c1ad-4509-a8b8-bd8e4fac2ae6_180_jpg.rf.28c63abeaf9c41ffd7777525d4120570.jpg, 0, 1
5522f66d-ad72-48d5-9767-5e7b23f6a206_jpg.rf.28c263deaa587e12d64a185e0bd8c641.jpg, 1, 0
6343bade-4271-437b-84ea-e9756e715080_jpg.rf.28cb721daeaa7022ab0d6fd258b06dd6.jpg, 0, 1
9eaca121-9239-49f4-9d05-34ef9f10bcaa_90_jpg.rf.28c9418117977424791d5b50a0ee1782.jpg, 0, 1
96d467c2-fa44-474b-9e64-88f1f265aeaf_90_jpg.rf.28d2c9c81347332b57fcff7b675d9387.jpg, 0, 1
80de665e-2077-4a83-9a40-20d2bcaeac43_45_jpg.rf.28dab760513e1bcd5e3c5b6b7ec20f86.jpg, 0, 1
00137db3-94aa-4aa5-aa3b-e3e09d6a5ef5_225_jpg.rf.28d436c8474eea2121d62fd6c8be0f2a.jpg, 0, 1
503a19e2-d693-4ab0-aae9-9181b1789a94_225_jpg.rf.28f932b694c8d544ee4c5197f6ea819d.jpg, 0, 1
5064456d-d977-4c88-a2f7-613db1f3f19b_270_jpg.rf.28f7cbcaf019598e628f27a9b636c7ef.jpg, 0, 1
0b521929-1734-47b8-86c9-093445af0697_jpg.rf.28e9b4ab75ace16746a7653d049e3b33.jpg, 0, 1
de7c5c69-6255-4087-9565-1732a07c986d_225_jpg.rf.28fc7c5927ce655b76d7c3082b12cb48.jpg, 1, 0
WIN_20221229_22_19_20_Pro_jpg.rf.290c8e78e0834cee5b92dcaa0b5c8d2e.jpg, 1, 0
66c7508a-f4ff-4af6-a91b-5f33d3c4d20d_45_jpg.rf.28fecbe96e943d48614998ef91d27ba4.jpg, 0, 1
5671fc02-681e-4da8-826f-c1a0b2dc5870_90_jpg.rf.290e508b10e3a3076957c3270122a1e0.jpg, 0, 1
96f68346-9256-416a-a050-9ec4b750ccc6_135_jpg.rf.2913a6f946df2bc1a84fb17a35c6e221.jpg, 0, 1
6f8a29a3-8b83-47d6-8a5b-7baf97fd4469_180_jpg.rf.291782483baf70e58f34d6f0f3f7720e.jpg, 0, 1
8bfe69f8-33fd-4fea-8a42-c821ffd94be0_135_jpg.rf.291637edcd0518e8aaa9ac7b234cabac.jpg, 1, 0
WIN_20221229_22_50_46_Pro_jpg.rf.2919d8f3f43ed2e5680f1d1d55ad5fa3.jpg, 1, 0
92787dc3-1720-41c4-8acc-5c7f3fda0fa5_225_jpg.rf.29223568f6c6a8c84a7fdb8de4dd1f05.jpg, 1, 0
24522061-cd21-4507-92da-432712838d1d_135_jpg.rf.291d930cb6deb94e943e84f51d6ca550.jpg, 0, 1
0df87bae-ddf0-49e3-97af-b371d8544547_jpg.rf.2928409faa07519f1235e1e9260467a5.jpg, 0, 1
bd17953c-5cc6-4fc5-8ade-fd7ece53be19_180_jpg.rf.29425db28d9c79044aceae40f9e06437.jpg, 0, 1
bd17953c-5cc6-4fc5-8ade-fd7ece53be19_jpg.rf.2949da752d535499b9be12f247b4bfe4.jpg, 0, 1
0df87bae-ddf0-49e3-97af-b371d8544547_135_jpg.rf.294d39e8b1609981b46a6569618f3a72.jpg, 0, 1
WIN_20221229_23_32_51_Pro_jpg.rf.294b3ecadb507ee9d984bb5dc6aa3972.jpg, 0, 1
708fb576-4b86-4d50-a652-cc0d64f5407a_225_jpg.rf.2952516ee801fcd9aeff06953a448e39.jpg, 0, 1
fbe4f519-6225-4168-bcf9-4ccc4d0d82bf_270_jpg.rf.295a1b93e73a16bbd35d9f19dd237f1a.jpg, 1, 0
503a19e2-d693-4ab0-aae9-9181b1789a94_270_jpg.rf.2973765fe7044914b46a4a93249518e6.jpg, 0, 1
8a28aff5-8859-462a-bccf-e8d61dde3eff_135_jpg.rf.295ee2d9b8763e22aa2c22c644b860fe.jpg, 1, 0
93bde728-be7b-4af0-a18e-67f00d6fdcac_90_jpg.rf.29764e1f78c86be976c63375d6d72154.jpg, 0, 1
a4b1b05e-8f9a-4f68-98fe-52dd9e2a9663_45_jpg.rf.2983cf4943f4273acb7315d0174c2492.jpg, 1, 0
4dcbce83-654c-4125-9939-c4398187533a_270_jpg.rf.298d8be3f937dc7aee04dbeeb49a62aa.jpg, 1, 0
70f70f97-4a9e-4d42-a08b-3b7d1b9abef8_jpg.rf.29a32d47b5f2b50e142537b3c7000989.jpg, 0, 1
7e2e4fb2-dc94-46c6-a203-0db83ca84e81_jpg.rf.29a0348fa6fd4a16bb6e55bf782d569e.jpg, 0, 1
9eaca121-9239-49f4-9d05-34ef9f10bcaa_90_jpg.rf.29bacc88546e3fb1e8a4ca1e5f405f73.jpg, 0, 1
06b95f3f-e2f5-4f58-95b1-6f9024e8e5d7_225_jpg.rf.29904138130c3bdc06c2e13e9462f325.jpg, 0, 1
708fb576-4b86-4d50-a652-cc0d64f5407a_90_jpg.rf.29c5d48ce33b6eb641d99b10bba4f618.jpg, 0, 1
a4b1b05e-8f9a-4f68-98fe-52dd9e2a9663_270_jpg.rf.29c12d52ddb0a43b3791a744a7c26d70.jpg, 1, 0
7d0322d1-3583-4a2b-ad25-e76d31603cee_180_jpg.rf.29cb8c305bb298e5ba9898d5804de104.jpg, 0, 1
642d6f5f-fa24-4c18-b7b2-6b24334629a3_45_jpg.rf.29e6054dae360dd2875702db43a768db.jpg, 0, 1
6f8a29a3-8b83-47d6-8a5b-7baf97fd4469_135_jpg.rf.29e6f2d22cd9a9ff8582fe2b3a270ac6.jpg, 0, 1
2d398321-1a08-4aec-98b9-eb3301da9d79_180_jpg.rf.29dbb2fe443eb19b0df2b17f0c69cba2.jpg, 0, 1
5064456d-d977-4c88-a2f7-613db1f3f19b_225_jpg.rf.29eebe4d3d080a1e0194b251a0f363ab.jpg, 0, 1
33e3e3fe-8e37-4b4a-aa04-ad3864731632_90_jpg.rf.29facfe2feb100099c0b6305bf59bd27.jpg, 0, 1
5064456d-d977-4c88-a2f7-613db1f3f19b_jpg.rf.29f17fc46b2d249dac22ad7efda296ab.jpg, 0, 1
7d0322d1-3583-4a2b-ad25-e76d31603cee_45_jpg.rf.29f4da8c6fa88e96b4e98b8b612ff60a.jpg, 0, 1
6e3c83a7-c5c6-46b5-8562-ffa8d99f4bb2_225_jpg.rf.29fff731498c08ef55df2559dcd76fc0.jpg, 0, 1
WIN_20221229_23_07_10_Pro_jpg.rf.2a03c39dca1ace454b5776c8f2e0631d.jpg, 1, 0
92810cd4-1652-4556-bc0b-b2e953449143_90_jpg.rf.2a18ac350fac2362ebf8b359e8e2a2a5.jpg, 0, 1
cfed691e-4738-45c4-a2bd-65fc9d5c2da8_180_jpg.rf.2a1a5e27960972c78dc9230a86757684.jpg, 1, 0
4ded4873-2bd7-4d9b-80ae-7a8967c128ce_225_jpg.rf.2a2385155e94ea048339e6f0f2d06a44.jpg, 1, 0
91c2e56d-2549-4574-9414-86aa17e84ef4_45_jpg.rf.2a0bc3597d16aa3205db3c0d822824d3.jpg, 0, 1
600d2167-2072-4825-9516-6c13af9fc382_180_jpg.rf.2a20e0bb2f9830aa0f9e4a372766dd1e.jpg, 0, 1
d02674ec-4a90-43c1-9aba-1cf70300a55a_135_jpg.rf.2a24abbd29eff71e0aef53a0b4ea50e9.jpg, 1, 0
79eb3e80-65d5-431c-b388-ea52ce593c7d_180_jpg.rf.2a2508067203476eea818d175df0ce5f.jpg, 1, 0
488cb81f-a17e-44b8-bd1b-0e709bee4a92_225_jpg.rf.2a259edb6184d88a82cf2a62ae3f3692.jpg, 0, 1
303bf4f0-4e58-4f52-83e1-73f1a7ceabc5_270_jpg.rf.2a28be55b6e5303b520b0b1154aee3b1.jpg, 0, 1
16179c8f-5a02-46d2-bcf1-145bf553fc58_90_jpg.rf.2a317430470f4817f13bd2e1f5f8945e.jpg, 0, 1
WIN_20221229_22_39_03_Pro_jpg.rf.2a37da63edc4a2b0ac8a47b407321672.jpg, 1, 0
2abea0f5-7c2a-4519-88c1-d33080ac7db2_225_jpg.rf.2a385546ef545965d0197a27e51f0a79.jpg, 1, 0
WIN_20221229_22_44_11_Pro_jpg.rf.2a4037f95f109945d006e0f266a803af.jpg, 1, 0
9cb97279-36f3-438c-97d5-91da39c4e13a_90_jpg.rf.2a396048729c9273517a9ba8070feec7.jpg, 0, 1
WIN_20221229_22_39_39_Pro_jpg.rf.2a5002555f12b4e14e7027691a434e45.jpg, 1, 0
507e6cd8-2041-47e5-b174-28a6d9328985_90_jpg.rf.2a5532fce2278304d253a04151ce2c16.jpg, 0, 1
52c230c2-20b1-4769-978c-d0a859364b3e_135_jpg.rf.2a5739274dfe575d1056c3f4e4f66b19.jpg, 0, 1
09f44886-0cae-43b1-97fe-d8055d8d3616_jpg.rf.2a47776baec74a46da999d46038b8dc1.jpg, 0, 1
84f05969-c971-4d44-8df4-3a80a71a545d_45_jpg.rf.2a5ef8b414913179879387e8d0c79ccd.jpg, 0, 1
4dcbce83-654c-4125-9939-c4398187533a_225_jpg.rf.2a55714cee6162343d2d954bd067cb33.jpg, 1, 0
5d06dc79-9d5c-46d0-a720-e4898e65949c_225_jpg.rf.2a6692365e179e7460e8540dc7040e35.jpg, 1, 0
WIN_20221229_22_05_40_Pro_jpg.rf.2a6b030d1a09bc2238a305da276027a0.jpg, 1, 0
afd44643-9287-4080-934f-7a13c66d9bfd_270_jpg.rf.2a7e0572684efa8966bfa70df6435c83.jpg, 0, 1
WIN_20221229_23_27_48_Pro_jpg.rf.2a78c3b00157022071ac3f756821f9e6.jpg, 0, 1
8a28aff5-8859-462a-bccf-e8d61dde3eff_225_jpg.rf.2a6997513822881ad79d14bf7ec3005b.jpg, 1, 0
84f05969-c971-4d44-8df4-3a80a71a545d_90_jpg.rf.2a6fef40d28a604be814c09a7fd2dbc7.jpg, 0, 1
53f913e3-941b-4772-8446-2bad471e22b0_90_jpg.rf.2a8041f969537bbfd6585a636536b955.jpg, 0, 1
d65589fa-33dc-4e7f-9d37-a8763424d061_90_jpg.rf.2a8acac13700c30b5fea29fd98ba92f6.jpg, 1, 0
WIN_20221229_22_45_31_Pro_jpg.rf.2a831bb480e888f284e394d82e2263fb.jpg, 1, 0
0d2a4a7e-7b37-49eb-9ad6-8faaf457ad82_45_jpg.rf.2a9c21e0bf7c6c20b64e017a8c34e8f4.jpg, 0, 1
96f68346-9256-416a-a050-9ec4b750ccc6_90_jpg.rf.2a9fbec6b76dfeaf08a0590eeb7a8065.jpg, 0, 1
01b9d47e-ecba-48fd-a83f-ece6e05995fc_270_jpg.rf.2aab8a4a6754811634ca111f3222a634.jpg, 1, 0
706a501b-940f-4252-89a9-1afae476d3b1_180_jpg.rf.2ab20cfab22d640726d0919702729021.jpg, 0, 1
d4ea5845-ed1c-4bcd-b615-557884bb64c2_jpg.rf.2a96f9af2bd3abd2c8bf67be43c24587.jpg, 1, 0
217ac982-fddf-49ae-a311-27cf800d10f0_225_jpg.rf.2ab98aafa81b6a7dcd7821f78422b1b2.jpg, 0, 1
WIN_20221229_22_11_51_Pro_jpg.rf.2abfc8cbefaa073cc166857bcc930a65.jpg, 1, 0
233af445-c0e5-4bb1-ad5f-743becd76cab_225_jpg.rf.2ac5782946395c14bd7633323b5ea8e3.jpg, 0, 1
303bf4f0-4e58-4f52-83e1-73f1a7ceabc5_270_jpg.rf.2aba9536e3bfa2e36b9f676789462670.jpg, 0, 1
d6ed6d4c-2acb-4507-bc4c-70480968eacb_270_jpg.rf.2af1221827d02a07709e574d0929efa7.jpg, 0, 1
87e64a68-c898-4474-bd57-1e570902862f_45_jpg.rf.2ae535b6536dc7c7391f84277b501d36.jpg, 0, 1
WIN_20221229_22_58_25_Pro_jpg.rf.2b0611783ce79f9867175f5861a36c03.jpg, 1, 0
WIN_20221229_23_01_58_Pro_jpg.rf.2b0beb04d40567d21ba40e798efcf693.jpg, 1, 0
WIN_20221229_23_09_14_Pro_jpg.rf.2b0ed269fc0fe791d26e8aa5ad15b4a5.jpg, 1, 0
a968e0be-061b-40ae-801e-5e286dcbb663_225_jpg.rf.2b1a6b146e665d7a621b6fb3c8460f34.jpg, 0, 1
66c7508a-f4ff-4af6-a91b-5f33d3c4d20d_270_jpg.rf.2b25d2a41d096d7edcdc8cb5f733772e.jpg, 0, 1
WIN_20221229_22_11_22_Pro_jpg.rf.2b2ad2b22191e23b3f15bd7e1b93eee1.jpg, 1, 0
75f27827-8267-4ad8-8c7f-938a7c0c0a72_jpg.rf.2b17a39de4773ab2b24392f267951264.jpg, 0, 1
dc2d0160-f922-429c-8c3c-5a6f0f68c023_135_jpg.rf.2b26eef1ac12646b146dd4b336293c26.jpg, 0, 1
665aeca5-e68c-49d3-ad8d-5755fad74dcf_270_jpg.rf.2b2a670386bceb69b47e24d6871cd45f.jpg, 0, 1
233af445-c0e5-4bb1-ad5f-743becd76cab_270_jpg.rf.2b36e3e108f501885e66df4e1c00e3d4.jpg, 0, 1
7a6523d6-ef65-4cca-8160-946936395ede_180_jpg.rf.2b41984eb230731c9dd354eca6eba439.jpg, 0, 1
afd3edfe-e4fe-4715-8429-5af060c5f0d9_270_jpg.rf.2b5ffcaea3f3bfc87890940679d49b44.jpg, 0, 1
6f8a29a3-8b83-47d6-8a5b-7baf97fd4469_45_jpg.rf.2b6f7e107c443267a20ce91424b7133a.jpg, 0, 1
91b94861-b751-4b86-b7a3-f6b2e3dbbd89_270_jpg.rf.2b822a9773fa413f7378c34a8d22b362.jpg, 0, 1
WIN_20221229_22_06_46_Pro_jpg.rf.2b8c95a08ff1419148c81a0fef9e4c28.jpg, 1, 0
8140aed5-a61c-4048-81dc-c9e2149f60b2_270_jpg.rf.2b9533d1b3cbc0593383f2a14c9b38cd.jpg, 0, 1
706a501b-940f-4252-89a9-1afae476d3b1_270_jpg.rf.2b810c7a2b34955573f8a8185e52394f.jpg, 0, 1
6e3c83a7-c5c6-46b5-8562-ffa8d99f4bb2_270_jpg.rf.2b9a8b98b77d4c6b031c8331535e44f2.jpg, 0, 1
WIN_20221229_23_11_02_Pro_jpg.rf.2b9d047957cbfba9c39c51f4b642852c.jpg, 1, 0
5d5357ec-e4b0-4f32-a45c-2dca5338324d_45_jpg.rf.2b9dc48947de3032d806d80ebb518819.jpg, 0, 1
499ce0e3-7fe4-4fd4-bd8a-5aa00aab3f43_225_jpg.rf.2ba8a87609b704f2fc2d333b1ad56f41.jpg, 0, 1
52fd332d-b13d-4675-8292-bfb533d39432_135_jpg.rf.2bad50324c11d14ca0ec9862177945f5.jpg, 0, 1
256d7e4e-e47b-466f-adb1-051bda40d918_45_jpg.rf.2bb3d876d2ad193193419e11af005986.jpg, 0, 1
0b521929-1734-47b8-86c9-093445af0697_270_jpg.rf.2bc1263100c227c218d6c21e17e600bc.jpg, 0, 1
WIN_20221229_22_08_02_Pro_jpg.rf.2bb8386c049d3c348bb135147073603e.jpg, 1, 0
66ba2553-31f1-473c-9602-d2df0c1bb3f0_135_jpg.rf.2bc590885bf06e478609d5807e7ce67b.jpg, 0, 1
80de665e-2077-4a83-9a40-20d2bcaeac43_90_jpg.rf.2bb96d3b337839273257cf1afeb584b1.jpg, 0, 1
3fa757aa-5f48-4acc-b2d9-edf0d584d79a_45_jpg.rf.2bc983ab61550bd3e258c27d5ea927c6.jpg, 0, 1
9ef0276c-3a70-4027-8d1d-2503df2e9f56_jpg.rf.2bca67c0149e1343f13820235b9ba9c9.jpg, 0, 1
92787dc3-1720-41c4-8acc-5c7f3fda0fa5_225_jpg.rf.2bc62de8a46776c2c388d621476900fa.jpg, 1, 0
7d0322d1-3583-4a2b-ad25-e76d31603cee_45_jpg.rf.2bccc0c4a92f94820851eb70c93e6fce.jpg, 0, 1
b4b3a28f-aee8-402c-856a-b09db5dbeb4a_135_jpg.rf.2bd7998b8cafd5b3b189c71ad7aaa26e.jpg, 1, 0
6cdbe5d2-04bc-4a25-b1a0-be0a00a136ae_180_jpg.rf.2bd93d68283e3f5d90009a6521b552b7.jpg, 0, 1
WIN_20221229_22_50_13_Pro_jpg.rf.2be21b1db69dbcf8b6e550249699c23f.jpg, 1, 0
33e3e3fe-8e37-4b4a-aa04-ad3864731632_90_jpg.rf.2beadda055f6d88550893e1daa3c79ae.jpg, 0, 1
d02674ec-4a90-43c1-9aba-1cf70300a55a_135_jpg.rf.2bf396acb44044503dccc1667e872f4f.jpg, 1, 0
de7c5c69-6255-4087-9565-1732a07c986d_135_jpg.rf.2bf7a965a90bdc954abb9a94c93a8b53.jpg, 1, 0
33e3e3fe-8e37-4b4a-aa04-ad3864731632_180_jpg.rf.2be271d3467c489de8fd8dba4152a9c1.jpg, 0, 1
ae88b11a-3c51-46c9-a74f-4f141d73ed73_jpg.rf.2bfdd9c35da584b4c732856527b1f859.jpg, 0, 1
09f44886-0cae-43b1-97fe-d8055d8d3616_270_jpg.rf.2c011f1ab2784014f977d4fe01d61316.jpg, 0, 1
52e703e1-69d2-44c7-a214-269fa0e09054_180_jpg.rf.2c1b0b26866dcf0947b51f8ac9478119.jpg, 0, 1
bd17953c-5cc6-4fc5-8ade-fd7ece53be19_135_jpg.rf.2c220bceff12c0e030cc55d7f29a143d.jpg, 0, 1
7d0322d1-3583-4a2b-ad25-e76d31603cee_225_jpg.rf.2c3015252b1883a94a004d6e5081f7d8.jpg, 0, 1
2da43d43-ad7b-435c-920d-0fbfebb88959_270_jpg.rf.2c35e549c8448b2fc396569e7775b2e6.jpg, 1, 0
687d8151-bfed-420b-9a07-5213500e2964_90_jpg.rf.2c31c3d9affb8b199491f062d33aab56.jpg, 0, 1
94a26150-c197-425f-961b-0a4ae35825cf_180_jpg.rf.2c38cd0c0524a2cd59927adeec7586ed.jpg, 0, 1
215be899-dd62-42e0-b42e-8331622f5b9a_180_jpg.rf.2c41ed78080eea78e2dad999750521ba.jpg, 0, 1
708fb576-4b86-4d50-a652-cc0d64f5407a_270_jpg.rf.2c42f6fef64aa6b973b2a6352b587d87.jpg, 0, 1
b84b2bd1-353d-4da0-80e6-da6df7b611b8_180_jpg.rf.2c3f454935a94a278a23721b3ec35982.jpg, 0, 1
878a59f0-76a6-4a7c-8e4a-45283cfb4465_180_jpg.rf.2c44e5194d8700f685fd36de8d8f6ab5.jpg, 0, 1
d6faa4f5-e419-4c2d-b0be-316f48d5464a_90_jpg.rf.2c49e276330a49d178366026232056c5.jpg, 0, 1
72ab964e-0b95-46ec-a135-1890eb300c53_45_jpg.rf.2c5b0bbcc115e168e451f41fd97b3b87.jpg, 0, 1
dc2bb2f5-03e1-46c1-9886-bda5f5bee11b_jpg.rf.2c581a664e1dcb542989c7e7941fcb4d.jpg, 0, 1
9ec72020-824e-4c15-b633-cba42d080364_225_jpg.rf.2c6a3731d26901dd46a41a92608107e6.jpg, 1, 0
82743c35-e968-47ee-93f6-95270352fe13_270_jpg.rf.2c741bd6c1809c624aacb107db40ef5e.jpg, 1, 0
WIN_20221229_23_26_54_Pro_jpg.rf.2c7b281858754c37073fdc6ff907a3a2.jpg, 0, 1
52eb9c86-9714-4fb7-bc45-cbbe25a2b444_225_jpg.rf.2c7bd443f541b9a1c6f0b705211d10b9.jpg, 0, 1
87e64a68-c898-4474-bd57-1e570902862f_270_jpg.rf.2c85bf1120e14dbd821708a036cdf187.jpg, 0, 1
33dd040e-50b6-44e7-afc7-230da49bcf12_jpg.rf.2c965dd63f8f59bedd3a52b4e097e348.jpg, 0, 1
WIN_20221229_22_16_50_Pro_jpg.rf.2c9ab733942d980d9de8a7380e5bc01a.jpg, 1, 0
dc2d0160-f922-429c-8c3c-5a6f0f68c023_180_jpg.rf.2cac140e5548cbac7b6ddac9c9249276.jpg, 0, 1
226b7023-757d-4c11-9b59-a0e8f02e5274_jpg.rf.2cb68d3bb93aa81efd67c657aed420f8.jpg, 0, 1
66ba2553-31f1-473c-9602-d2df0c1bb3f0_270_jpg.rf.2cc898e04c46e727d706a7eea04d8fa4.jpg, 0, 1
WIN_20221229_23_02_35_Pro_jpg.rf.2ccdefad7949c3e8e8b68f32d97fd80a.jpg, 1, 0
6181c79d-f063-4fa4-be90-ae376d6b3bdc_225_jpg.rf.2ccd126845e984b95a4c284ef953bcc6.jpg, 1, 0
94a26150-c197-425f-961b-0a4ae35825cf_270_jpg.rf.2cd1130264df3eb103f0f78c6145c36b.jpg, 0, 1
499ce0e3-7fe4-4fd4-bd8a-5aa00aab3f43_135_jpg.rf.2cd345fe27307388452f33ac265ce4c6.jpg, 0, 1
5064456d-d977-4c88-a2f7-613db1f3f19b_225_jpg.rf.2cd684329afb06ffc6f674feb13f4650.jpg, 0, 1
82743c35-e968-47ee-93f6-95270352fe13_45_jpg.rf.2cddab4d5885bee5ace2383f80bb88e9.jpg, 1, 0
2eae8682-54b6-40b7-9684-d956300a4077_180_jpg.rf.2cce03c3ee8af9a5962ad72e1bb9dcee.jpg, 0, 1
70f70f97-4a9e-4d42-a08b-3b7d1b9abef8_270_jpg.rf.2ce27fecfbae0556d6c3b3c3417d3810.jpg, 0, 1
WIN_20221229_23_29_16_Pro_jpg.rf.2ce53f823c33104a8d02b3864e2de97a.jpg, 0, 1
93a64c9f-678d-4302-94ea-5758bbf7451c_180_jpg.rf.2ce97c056b15a5634781c60499d404d4.jpg, 0, 1
00800bbf-203e-48bd-b64c-f14ef2579c8a_270_jpg.rf.2ceb0896d79d5fe454020967e1480c1a.jpg, 0, 1
WIN_20221229_23_30_35_Pro_jpg.rf.2cf5ad46d805b13beda9bb16534b6f3c.jpg, 0, 1
f206736f-e48f-4e12-b367-144752c744e6_180_jpg.rf.2cfa3b335184c5a38c7e30c3c881825a.jpg, 1, 0
d4ea5845-ed1c-4bcd-b615-557884bb64c2_180_jpg.rf.2cfe31015d9dc25b1cc2aa2522959e15.jpg, 1, 0
5671fc02-681e-4da8-826f-c1a0b2dc5870_45_jpg.rf.2d05e3b4de28a52aac6d7cf03e2de7f7.jpg, 0, 1
87e64a68-c898-4474-bd57-1e570902862f_jpg.rf.2d0a790b100eea0e3861c558a447a730.jpg, 0, 1
WIN_20221229_22_55_27_Pro_jpg.rf.2d0c6e2b1117a9616b5207a3f8db1cd4.jpg, 1, 0
WIN_20221229_23_05_09_Pro_jpg.rf.2d0ca5f870822d2bf9d6acfbb90743d5.jpg, 1, 0
3fa757aa-5f48-4acc-b2d9-edf0d584d79a_90_jpg.rf.2d1a0a9c40d85fbfa63be6e68011b678.jpg, 0, 1
4737a7d7-5d10-4912-b3e7-c8254a88af02_jpg.rf.2d1f5bffe18589d555aadf15e6cf59dd.jpg, 0, 1
WIN_20221229_22_45_36_Pro_jpg.rf.2d200502ab71d2741ed100c6248d24e0.jpg, 1, 0
WIN_20221229_22_46_15_Pro_jpg.rf.2d2d51da5249d1ae1bbccc2680b5d25c.jpg, 1, 0
96d467c2-fa44-474b-9e64-88f1f265aeaf_45_jpg.rf.2d45c372d5c250375d86b52b8a8ab697.jpg, 0, 1
WIN_20221229_23_21_27_Pro_jpg.rf.2d2d785bc2acaaea3474eb08662137a9.jpg, 0, 1
WIN_20221229_22_07_46_Pro_jpg.rf.2d37709290323c20cb33d96fbd87f36c.jpg, 1, 0
d02674ec-4a90-43c1-9aba-1cf70300a55a_90_jpg.rf.2d20432416192561a2c1a41c3d2b8284.jpg, 1, 0
94a26150-c197-425f-961b-0a4ae35825cf_135_jpg.rf.2d565e058fb3bb65cf9cb34310594a52.jpg, 0, 1
207aff1c-09cf-47d1-ae76-474c6c31b0e4_270_jpg.rf.2d617490cce3b9eb10d229b64fbd8f02.jpg, 0, 1
09e044e6-a2b6-4827-9853-beb7d392347f_45_jpg.rf.2d65d07a1b26ce9897a8e338fdbc5390.jpg, 0, 1
8d331829-b225-451b-8aaa-89058c62faf5_270_jpg.rf.2d7030472742c0307afc4209d1e45ee8.jpg, 0, 1
9a5fc62c-6820-4cb6-ba66-1063e612d144_45_jpg.rf.2d742a9ae693cf7550fc1526b4f3d784.jpg, 0, 1
d6faa4f5-e419-4c2d-b0be-316f48d5464a_180_jpg.rf.2d82a5ea51851504968b94ff2ab3f99d.jpg, 0, 1
6bb51206-67ec-431b-8484-93739b1fddad_45_jpg.rf.2d845c5bdd31576fcd29dead0abaa199.jpg, 1, 0
2bf615ea-7241-4861-82d7-bb74c8b5dfba_180_jpg.rf.2d883de06e5b52df1370d15e4f50d91f.jpg, 0, 1
228a8b47-9459-4326-898b-1c5953d755b4_90_jpg.rf.2d8571164f713e8c008230a2c0c19976.jpg, 0, 1
9ef0276c-3a70-4027-8d1d-2503df2e9f56_270_jpg.rf.2d9a42d411cec49d98b9625ea4fda627.jpg, 0, 1
de7c5c69-6255-4087-9565-1732a07c986d_225_jpg.rf.2d8d630089c28fb3961c80c486e3ab58.jpg, 1, 0
014bcc0a-10c7-41eb-80eb-e2f62bb652b3_180_jpg.rf.2da046c6401fcfa5f48f683097798964.jpg, 0, 1
611513d3-0fb7-4068-8cd8-68a9bdb056c4_225_jpg.rf.2d96277d50622fe7e75ea5927c7d8240.jpg, 1, 0
24522061-cd21-4507-92da-432712838d1d_135_jpg.rf.2dab5ff65d5f77f7a861d57bdff25294.jpg, 0, 1
108ca99a-5abc-4dca-8e9e-ad3551748f1a_45_jpg.rf.2da4a8bd43b60905a2005725885044e5.jpg, 0, 1
0c04b448-fe60-4b89-bf5a-b18fe90a5870_45_jpg.rf.2db2063eb41fa33525678a1421ef21ef.jpg, 0, 1
0b521929-1734-47b8-86c9-093445af0697_45_jpg.rf.2db2e1922994b74799ea14ce81239611.jpg, 0, 1
ac755961-63a0-4e01-b87e-eacd0b5d7899_90_jpg.rf.2dc1c6ea28bb82789d1b47ffa9ad0060.jpg, 0, 1
79eb3e80-65d5-431c-b388-ea52ce593c7d_45_jpg.rf.2dc281508dc8ff9d80058f07f22c38dd.jpg, 1, 0
4737a7d7-5d10-4912-b3e7-c8254a88af02_180_jpg.rf.2dd1d2b42f817a735187d20d906d487f.jpg, 0, 1
79eb3e80-65d5-431c-b388-ea52ce593c7d_90_jpg.rf.2dc309f853a8eb0f85e7382477e6f297.jpg, 1, 0
9ec72020-824e-4c15-b633-cba42d080364_45_jpg.rf.2ddf0f2935a974aae745f914003a9a6a.jpg, 1, 0
a8ba45d9-69a1-4fc4-a6c3-74c50107e59c_135_jpg.rf.2dfa79f781ef5adce1d77def26acfde4.jpg, 0, 1
4eddf419-3396-43d2-8b40-3ccecf2a2620_135_jpg.rf.2de3b8622c650e79b5eb4324a4779432.jpg, 1, 0
ccd5cdb4-3df2-4b3b-833b-3bdc7d43ee4d_90_jpg.rf.2de9bab2e1df4e28a364af4f20487e9c.jpg, 0, 1
70be0397-922c-4185-bb84-728b59ab25f8_45_jpg.rf.2e09c8ac7d730a4b76facb46346e4986.jpg, 0, 1
220fcc53-6ef7-45d1-8122-fa1c19ca9ec5_180_jpg.rf.2e142dbcc747dcf918457f812f258cba.jpg, 0, 1
15fd3442-e84f-4c27-952b-ec415fe777d6_45_jpg.rf.2e1d53170d098926758ca7c7a4704abc.jpg, 0, 1
a70cfd80-0fa8-48c8-ab56-7f7cc8b0bb9b_180_jpg.rf.2e0e0c837efeefab13150f2e525961c9.jpg, 0, 1
91b94861-b751-4b86-b7a3-f6b2e3dbbd89_180_jpg.rf.2e2274c239ebccb40f60f832802d4a13.jpg, 0, 1
09e044e6-a2b6-4827-9853-beb7d392347f_270_jpg.rf.2e2336dc7034fd259f530e2bb8850956.jpg, 0, 1
233af445-c0e5-4bb1-ad5f-743becd76cab_90_jpg.rf.2e2b09727128c0a7bd0c645df19401c6.jpg, 0, 1
233af445-c0e5-4bb1-ad5f-743becd76cab_135_jpg.rf.2e23c42f4d9a83c903fb0b5e03fa0275.jpg, 0, 1
0327f441-9a02-40a9-b280-251440ad4cec_225_jpg.rf.2e2c5ff76e528bb3c996cc7762362a1b.jpg, 0, 1
7d0322d1-3583-4a2b-ad25-e76d31603cee_270_jpg.rf.2e46b3c2182aaa55294e3a5feeec44ef.jpg, 0, 1
0c04b448-fe60-4b89-bf5a-b18fe90a5870_90_jpg.rf.2e49042f9c69e21169ea3419df3008f1.jpg, 0, 1
87ad76a7-bd79-4c43-86bb-4db4498e10f1_135_jpg.rf.2e435420c19d0ad8e7209b1db995ffca.jpg, 0, 1
256d7e4e-e47b-466f-adb1-051bda40d918_135_jpg.rf.2e54c8fa35819abe60ace5cce17312ef.jpg, 0, 1
4ded4873-2bd7-4d9b-80ae-7a8967c128ce_225_jpg.rf.2e4f1060f2b0830b1970df081b63ac68.jpg, 1, 0
2c59ee70-dc1c-4de3-83ab-aa36a5fb92c9_90_jpg.rf.2e5b4f54bd42b068eeab0318ea32a78a.jpg, 0, 1
215be899-dd62-42e0-b42e-8331622f5b9a_jpg.rf.2e6665ac9b9ad73ba849b139400ea3c4.jpg, 0, 1
60f07eaa-f4a0-4939-9882-acce7b2ee256_jpg.rf.2e4bc80b0c959e76a688a3229798ece8.jpg, 0, 1
085c4ff0-ec11-44e6-b865-d4a8e163bcee_225_jpg.rf.2e66af0549965568c3a5eed565d48121.jpg, 0, 1
WIN_20221229_22_20_31_Pro_jpg.rf.2e625380a9dfb9652bcf61088bc2225c.jpg, 1, 0
0d2a4a7e-7b37-49eb-9ad6-8faaf457ad82_jpg.rf.2e606fba52c311f936f2b300900cb186.jpg, 0, 1
01aff576-d811-4858-bc7b-e66af9db530f_45_jpg.rf.2e67b5ec4874e437da5262d733efb111.jpg, 1, 0
24a200ea-e903-4bcd-aee1-fb26e7bfd757_jpg.rf.2e760ee846c526ef24cb301727137684.jpg, 0, 1
72ab964e-0b95-46ec-a135-1890eb300c53_jpg.rf.2e7d30d39247a886f3b4298f3d6bd2f5.jpg, 0, 1
d02674ec-4a90-43c1-9aba-1cf70300a55a_225_jpg.rf.2e7e92143f99fa01782178e46331a2f1.jpg, 1, 0
8bfe69f8-33fd-4fea-8a42-c821ffd94be0_225_jpg.rf.2e8954a19a61830e38a655baaab20db2.jpg, 1, 0
6343bade-4271-437b-84ea-e9756e715080_jpg.rf.2e8e79fe9face19df71f3bba53d3983c.jpg, 0, 1
2b560df3-ff42-4546-a0bd-11ff2ca590e2_jpg.rf.2e95a658d5b41020289a10ac2dc0d845.jpg, 1, 0
ac755961-63a0-4e01-b87e-eacd0b5d7899_90_jpg.rf.2e8ffe4026de68b70750b897be27f9ce.jpg, 0, 1
80c4e3b8-9502-4216-aad1-1b5f6f3d6b72_135_jpg.rf.2e9d75406917b5b03ee14e9fae4ac92c.jpg, 0, 1
014bcc0a-10c7-41eb-80eb-e2f62bb652b3_90_jpg.rf.2ea5edaba32d231944a284d8510b1a12.jpg, 0, 1
40cbb123-b3d1-4546-aa26-2fdd1090b075_225_jpg.rf.2ea3be2f0f331ab5d17a3da7fb940d93.jpg, 0, 1
0dc01fa2-4d5e-46ae-ad61-19485b378972_225_jpg.rf.2ee24048876eef302160faf647e11b24.jpg, 0, 1
5c99f964-3704-402c-aa2d-42bd2fbacf4f_135_jpg.rf.2ecfc50bdc1a104d04039efcd26a384f.jpg, 0, 1
WIN_20221229_22_25_34_Pro_jpg.rf.2ec4f7a4666c497977f5c3f0c57b6d37.jpg, 1, 0
2bf615ea-7241-4861-82d7-bb74c8b5dfba_270_jpg.rf.2ed18bf17f8546a3a2822efb91f65a0e.jpg, 0, 1
488cb81f-a17e-44b8-bd1b-0e709bee4a92_225_jpg.rf.2ed1d836258df2e4e904f343a69b806c.jpg, 0, 1
69ab59e3-c1ad-4509-a8b8-bd8e4fac2ae6_45_jpg.rf.2ee2d9db9a5183914b81803a4ac3bde8.jpg, 0, 1
859bbe6e-7f46-4b86-acd1-86fea679de36_180_jpg.rf.2ee80470f97fe7312eea91d9e8d3379d.jpg, 0, 1
06b95f3f-e2f5-4f58-95b1-6f9024e8e5d7_45_jpg.rf.2f002c4bc5d34c85af332ce464ef2083.jpg, 0, 1
226b7023-757d-4c11-9b59-a0e8f02e5274_90_jpg.rf.2ef15858d04a286f0cf866b99f9cc475.jpg, 0, 1
7e2e4fb2-dc94-46c6-a203-0db83ca84e81_135_jpg.rf.2efcab3b392100d2844b3bb9c960b6b8.jpg, 0, 1
WIN_20221229_22_50_13_Pro_jpg.rf.2f156fb6300ec29f280f0774eec440e8.jpg, 1, 0
72a74631-171a-4cf4-b978-58f358afa95c_90_jpg.rf.2f073e7f02d11e797440067b8555e187.jpg, 0, 1
4dcbce83-654c-4125-9939-c4398187533a_jpg.rf.2f2245af202d0e86184d8704e148ffd0.jpg, 1, 0
b4b3a28f-aee8-402c-856a-b09db5dbeb4a_180_jpg.rf.2f22c3f64f6937091235a57db2ac5239.jpg, 1, 0
a936c90a-8f24-4289-b10b-4830ac9f3019_270_jpg.rf.2f23e526f9d38ac927829c0f8ea160e6.jpg, 0, 1
79eb3e80-65d5-431c-b388-ea52ce593c7d_225_jpg.rf.2f25c8da99b5441c0c24fcbf2b059b75.jpg, 1, 0
8d331829-b225-451b-8aaa-89058c62faf5_225_jpg.rf.2f380e7b56dd06460e359fbb5a139e5f.jpg, 0, 1
80de665e-2077-4a83-9a40-20d2bcaeac43_jpg.rf.2f44fa4997798397e5357e62231e1057.jpg, 0, 1
40cbb123-b3d1-4546-aa26-2fdd1090b075_jpg.rf.2f305371e9c828eca3eeaca39c44645f.jpg, 0, 1
3fa757aa-5f48-4acc-b2d9-edf0d584d79a_270_jpg.rf.2f39051e8ccd6539c43fd18c7c9d7a57.jpg, 0, 1
82dbf814-a3a3-4cba-9277-08c10de5c8a4_jpg.rf.2f57df05a5a2d3d080f5c9ae880a4b9b.jpg, 0, 1
96383b0f-647d-4d8b-aae4-c525fb9365d6_270_jpg.rf.2f4fb989b537cab3dd7456d967b59d06.jpg, 0, 1
d6faa4f5-e419-4c2d-b0be-316f48d5464a_jpg.rf.2f585e27e3597af1a56ea21a7737b908.jpg, 0, 1
WIN_20221229_23_24_48_Pro_jpg.rf.2f5ea7c8d6461eee4516b8a31236e5c4.jpg, 0, 1
00800bbf-203e-48bd-b64c-f14ef2579c8a_jpg.rf.2f5a377090099d24c7a01490bcab0d63.jpg, 0, 1
69fc95bf-f644-4c92-8057-f05146da07f7_jpg.rf.2f61ffa8d172f0da17931a15435a45ae.jpg, 0, 1
92810cd4-1652-4556-bc0b-b2e953449143_jpg.rf.2f6bed426d7812d45a955136d1edcea9.jpg, 0, 1
01c27009-f681-4495-8d82-599547aba120_jpg.rf.2f7590b568c991264fa90be71d4674d1.jpg, 1, 0
600d2167-2072-4825-9516-6c13af9fc382_270_jpg.rf.2f75c1d91e9a6ca0c627cd7215f8125d.jpg, 0, 1
92fe0088-90bc-4eaa-8567-a9b3ad0645e8_180_jpg.rf.2f7750b6e420049ae18a4313d41f8a53.jpg, 0, 1
507e6cd8-2041-47e5-b174-28a6d9328985_90_jpg.rf.2f8da04b97249b3993e15bcc979c3d9e.jpg, 0, 1
7ceae77f-3a56-4262-a271-2a8d727efbe9_180_jpg.rf.2fa92401eb2acf8d67090d9b8f364bde.jpg, 0, 1
233af445-c0e5-4bb1-ad5f-743becd76cab_90_jpg.rf.2faad9f493efda6695aa4b8233b2cec6.jpg, 0, 1
24522061-cd21-4507-92da-432712838d1d_45_jpg.rf.2fa8ac6dd4ae090196b9ce2149873802.jpg, 0, 1
WIN_20221229_22_24_12_Pro_jpg.rf.2fb105ec2afe1a6fa145c5d791eff0a9.jpg, 1, 0
80de665e-2077-4a83-9a40-20d2bcaeac43_jpg.rf.2fb2fdefaaf1b3d5f65dc87cf0e8cd80.jpg, 0, 1
61e87bb2-b69a-4d10-afa1-6c1a3d0291df_180_jpg.rf.2fc238a4ea0f5205aef273d870def11d.jpg, 1, 0
2d398321-1a08-4aec-98b9-eb3301da9d79_135_jpg.rf.2fad8fd8b283510f62d61854727049cb.jpg, 0, 1
7ebb4762-7de4-4754-8cd2-2d4f743f512c_270_jpg.rf.2fd04a935d9f061d545cf222924699de.jpg, 0, 1
72ab964e-0b95-46ec-a135-1890eb300c53_180_jpg.rf.2fca8ab29187b73143cec22cd11b296a.jpg, 0, 1
00137db3-94aa-4aa5-aa3b-e3e09d6a5ef5_225_jpg.rf.2fd4f3d84edba6dec88e53846df265c9.jpg, 0, 1
8d331829-b225-451b-8aaa-89058c62faf5_45_jpg.rf.2fd67c45029debdb3df9a86d8a87db76.jpg, 0, 1
4dbf4259-4cc3-4ff3-8768-970703c6c8f9_jpg.rf.2fda5d0a6a749d5364b0fd346482e66a.jpg, 0, 1
878a59f0-76a6-4a7c-8e4a-45283cfb4465_135_jpg.rf.2fdb40d23f42d7bf6ade3e2dc56354dc.jpg, 0, 1
73cca509-de66-4cbc-9421-8fcb263fefcc_225_jpg.rf.2fe04573269bf0ef9552e04183769cf6.jpg, 0, 1
611513d3-0fb7-4068-8cd8-68a9bdb056c4_270_jpg.rf.2fe1b05440e6edc29fcdf472a6ca479e.jpg, 1, 0
57ab1fc0-e755-40c3-82cb-cce0684f11f4_135_jpg.rf.2fdccfbb67bb11b94a2757ee6e5c31a8.jpg, 0, 1
878a59f0-76a6-4a7c-8e4a-45283cfb4465_90_jpg.rf.2feb50684f70d609ddd514151adf3f84.jpg, 0, 1
dc2bb2f5-03e1-46c1-9886-bda5f5bee11b_270_jpg.rf.2fee4e850207d6bd45d2ab40e6485997.jpg, 0, 1
0dab9689-2c2d-4dc6-bb71-db1b6d82cb17_225_jpg.rf.2ff871199db0c3e2ad0f1bd4900efbd0.jpg, 0, 1
0fbac742-48ee-4857-ab82-3318c8fbdcb8_225_jpg.rf.300503a1e34890c93fa7657b4279665f.jpg, 0, 1
7ceae77f-3a56-4262-a271-2a8d727efbe9_45_jpg.rf.3013cbbf922ae0cd6b30521ff5a559bf.jpg, 0, 1
WIN_20221229_22_45_36_Pro_jpg.rf.300c2a5679433b69bb0968c01b4060d3.jpg, 1, 0
9ec72020-824e-4c15-b633-cba42d080364_135_jpg.rf.301de182b3cb190cdc30dd0036488c6f.jpg, 1, 0
224748bb-08de-4a59-98e5-2bbef0629846_135_jpg.rf.302353fd0d36e7ebe4db18881270ee9b.jpg, 1, 0
WIN_20221229_22_49_53_Pro_jpg.rf.302fb2704adae18ebba1f9a18885601c.jpg, 1, 0
WIN_20221229_22_16_50_Pro_jpg.rf.302dc6ae64047effb764ab9fd76652cd.jpg, 1, 0
WIN_20221229_22_28_38_Pro_jpg.rf.30334f6340d39e06132583c6ff4c4cac.jpg, 1, 0
WIN_20221229_22_24_41_Pro_jpg.rf.3039dad314267d4013f9aa6eef3a90ee.jpg, 1, 0
9ec72020-824e-4c15-b633-cba42d080364_jpg.rf.305a96f1ede01d3ba9058b8997461acf.jpg, 1, 0
6bb51206-67ec-431b-8484-93739b1fddad_45_jpg.rf.30475eadd329eff3f4121d50f930cad1.jpg, 1, 0
00800bbf-203e-48bd-b64c-f14ef2579c8a_90_jpg.rf.305e3e9449c92a17b919b7b625f4e4a7.jpg, 0, 1
9cb97279-36f3-438c-97d5-91da39c4e13a_jpg.rf.306543227122f648c8f6c647bdf25c3b.jpg, 0, 1
4eddf419-3396-43d2-8b40-3ccecf2a2620_225_jpg.rf.306c7d526e0af1df29442e34765f7002.jpg, 1, 0
75fea9b7-7c08-4ea2-bb8d-50096fdf774b_90_jpg.rf.3076c5df1e8ffdcdb2f3ebf8cb59890c.jpg, 0, 1
6343bade-4271-437b-84ea-e9756e715080_225_jpg.rf.307ec1b7222df6b60b19369f3cd59ea3.jpg, 0, 1
ba23ca74-9f22-43fe-8e97-1aaac5891d8d_225_jpg.rf.3086b76d3288839d13cca215166eb81a.jpg, 0, 1
WIN_20221229_22_33_47_Pro_jpg.rf.30871383a1ff752b5d60ecf69eb0447c.jpg, 1, 0
01c27009-f681-4495-8d82-599547aba120_135_jpg.rf.3085c098bace8a24c26fcf9130ced50c.jpg, 1, 0
ae88b11a-3c51-46c9-a74f-4f141d73ed73_90_jpg.rf.308c88702bef245096910003d25299e2.jpg, 0, 1
97e4c08e-3475-4d77-8b54-a2231e38f6a2_jpg.rf.3094d74dbdb0d8e25b3b63c66f7da7c0.jpg, 0, 1
69dc5c1e-a7ad-49aa-ba21-235545c312c6_90_jpg.rf.3091bf55b9b2150fab6250c63238f882.jpg, 0, 1
84c8c90b-b9c3-4290-bdff-f1946a11050a_90_jpg.rf.309a4903eccb246cd75a0d9af11efad1.jpg, 0, 1
ba23ca74-9f22-43fe-8e97-1aaac5891d8d_90_jpg.rf.30ba5b8bfa0da984cb9b641266e936ed.jpg, 0, 1
4de4ad31-de11-418b-a60d-a7192ea0c98a_225_jpg.rf.30c0f57a3b75459f73adc3dc66607a55.jpg, 1, 0
6343bade-4271-437b-84ea-e9756e715080_270_jpg.rf.30a14ba9c35c4924c9a1b904d0925a19.jpg, 0, 1
805c86e2-7416-44fc-b8aa-f663db39cf8a_135_jpg.rf.30c22df5366ac8aa7758fe89440338c5.jpg, 0, 1
3c966d73-e030-422f-8e66-a2bfb35337dc_135_jpg.rf.30c32413d61f11ca619bdc6c8f616483.jpg, 0, 1
5d5357ec-e4b0-4f32-a45c-2dca5338324d_135_jpg.rf.30c66461c2c4a0e61677c4f5a9576a2f.jpg, 0, 1
d65589fa-33dc-4e7f-9d37-a8763424d061_45_jpg.rf.30c5657e91cc2b808bb08fd3ed5b749a.jpg, 1, 0
2eae8682-54b6-40b7-9684-d956300a4077_180_jpg.rf.30ca25a6d9d577f8e8b61c08a26dc306.jpg, 0, 1
01c27009-f681-4495-8d82-599547aba120_90_jpg.rf.30e9e94ce8e8b6705817650b27da3d06.jpg, 1, 0
6b30113e-141c-4956-964b-7b64918f694b_270_jpg.rf.30d06ac4dbdd9fe7078ea702939da222.jpg, 1, 0
54619429-78f2-42b3-b007-8ea9c0984c4b_270_jpg.rf.30ec5761b721d23d8128836ec59b113e.jpg, 0, 1
de7c5c69-6255-4087-9565-1732a07c986d_270_jpg.rf.30ee2da6758a62949ff213701173c5b5.jpg, 1, 0
d141258d-4b06-4d47-9e08-82edbd725dd1_270_jpg.rf.3106fcdc4a8e9bc984a2a79682d41d4f.jpg, 0, 1
4ded4873-2bd7-4d9b-80ae-7a8967c128ce_270_jpg.rf.3109f0c48829a2ea477fbaa90de76fa1.jpg, 1, 0
345b8a93-c7d2-4b34-9e0c-90f2561ada84_180_jpg.rf.312670b111bf761721e40bc70b8da825.jpg, 0, 1
WIN_20221229_23_09_14_Pro_jpg.rf.311ca927662748f3cc3ee9efb022bb9b.jpg, 1, 0
4eddf419-3396-43d2-8b40-3ccecf2a2620_180_jpg.rf.312da9fba4d3b148ef52c14d253e8532.jpg, 1, 0
c6d5a9cd-56bd-4e1a-9ca8-c3562c8140f8_180_jpg.rf.313c63f26525b385dd1089b51e8c72da.jpg, 0, 1
2da43d43-ad7b-435c-920d-0fbfebb88959_135_jpg.rf.313eaac622c828661eac2dedc7fcf114.jpg, 1, 0
2abea0f5-7c2a-4519-88c1-d33080ac7db2_90_jpg.rf.3141021b292a74349d122c0b7affb92b.jpg, 1, 0
WIN_20221229_22_10_20_Pro_jpg.rf.3132a2ef875c5b0673d9a2482bddc034.jpg, 1, 0
WIN_20221229_22_15_03_Pro_jpg.rf.31475ec3e08e513608dba7f879ffe236.jpg, 1, 0
72a74631-171a-4cf4-b978-58f358afa95c_135_jpg.rf.314962f5a35114af2aaed3e58a51cb13.jpg, 0, 1
7ebb4762-7de4-4754-8cd2-2d4f743f512c_135_jpg.rf.314d5c864c81c79267bdd293d6b04d91.jpg, 0, 1
2abea0f5-7c2a-4519-88c1-d33080ac7db2_45_jpg.rf.314d89ef7beaaab95710b9c1e7711939.jpg, 1, 0
94a26150-c197-425f-961b-0a4ae35825cf_270_jpg.rf.315223c4e333986815f0c7b14401172f.jpg, 0, 1
WIN_20221229_22_45_08_Pro_jpg.rf.314f35aff042ee60285e575e531810c5.jpg, 1, 0
2b560df3-ff42-4546-a0bd-11ff2ca590e2_225_jpg.rf.31625613515857445c7dcbd4cbe5d13d.jpg, 1, 0
3c5c4ffd-e4d4-45b7-a07c-64e2f6788de2_180_jpg.rf.316483007e9fcb75d7834ca208c04335.jpg, 1, 0
4ded4873-2bd7-4d9b-80ae-7a8967c128ce_180_jpg.rf.31731e5614120b602ec2cd85f68e03f4.jpg, 1, 0
WIN_20221229_22_09_56_Pro_jpg.rf.315a9cd7a398750e32bd8b39c30bca0e.jpg, 1, 0
9cb97279-36f3-438c-97d5-91da39c4e13a_135_jpg.rf.3175382a27f462fb9d0c3b1dfaf76576.jpg, 0, 1
2b3188c7-77de-4b98-aaa5-012b0941ca45_180_jpg.rf.317c8e62c233f93e466bdfec2016640d.jpg, 0, 1
bd17953c-5cc6-4fc5-8ade-fd7ece53be19_45_jpg.rf.31873b998b043b79fbb44f77732fa1f7.jpg, 0, 1
a70cfd80-0fa8-48c8-ab56-7f7cc8b0bb9b_45_jpg.rf.3180d1cde786df9e01a3a2a824d3c2c8.jpg, 0, 1
a3f8b634-4b11-478d-bbfe-41a57317ad50_135_jpg.rf.316e8635a61694c4c581aea3771d85c4.jpg, 0, 1
WIN_20221229_23_01_58_Pro_jpg.rf.318df909f1c291a5ba6a7d8d4e64d5d7.jpg, 1, 0
0c4d65e5-1985-47b2-8252-616ed898bd7c_90_jpg.rf.31995eb442e70084f97b9dd6108342f5.jpg, 0, 1
0aa414bb-510b-40c9-85e1-f7a7163b3e2c_90_jpg.rf.31adf1b65fecd5aba48cc6a40024e135.jpg, 0, 1
WIN_20221229_22_23_15_Pro_jpg.rf.31ac6f6e4bb02b59d8bb41587fc4644f.jpg, 1, 0
503a19e2-d693-4ab0-aae9-9181b1789a94_180_jpg.rf.31af3f58633b58f11f4ea4cadb6269bc.jpg, 0, 1
345b8a93-c7d2-4b34-9e0c-90f2561ada84_270_jpg.rf.31b2e28fffcf65017f550703c2186514.jpg, 0, 1
226b7023-757d-4c11-9b59-a0e8f02e5274_225_jpg.rf.31b4e457e482fc68462b52302be4a420.jpg, 0, 1
9cb97279-36f3-438c-97d5-91da39c4e13a_180_jpg.rf.31b318838504b738fe1f0a174481e43a.jpg, 0, 1
d02674ec-4a90-43c1-9aba-1cf70300a55a_270_jpg.rf.31b863babcde7523adba4d477fd4dab5.jpg, 1, 0
75fea9b7-7c08-4ea2-bb8d-50096fdf774b_90_jpg.rf.31c63b34bb3721766b999fdb5b9ae818.jpg, 0, 1
6343bade-4271-437b-84ea-e9756e715080_45_jpg.rf.31c962f93ba6a7c9ad6249c9238241b6.jpg, 0, 1
7d0322d1-3583-4a2b-ad25-e76d31603cee_jpg.rf.31bea291f575fdf68197db4f3bf2421c.jpg, 0, 1
00137db3-94aa-4aa5-aa3b-e3e09d6a5ef5_90_jpg.rf.31c3433dd1a3ba3ef75c9cb5c7781b16.jpg, 0, 1
87cc591e-7e25-4d08-a519-6b5ec6d98cfa_180_jpg.rf.31d4a6402250085083d118c9ca8d366d.jpg, 0, 1
70be0397-922c-4185-bb84-728b59ab25f8_270_jpg.rf.31cfa400989384c6773ebb55c94b5765.jpg, 0, 1
24522061-cd21-4507-92da-432712838d1d_45_jpg.rf.31d45bd9b063ddb74317d031eacae3c7.jpg, 0, 1
6cdbe5d2-04bc-4a25-b1a0-be0a00a136ae_45_jpg.rf.31d4f289403cc8dbfac364be839ed0ed.jpg, 0, 1
a70cfd80-0fa8-48c8-ab56-7f7cc8b0bb9b_jpg.rf.31e1594f900674f68d56622c69a82a1f.jpg, 0, 1
4f08fc98-7d4d-43f7-921d-b2ccf8ca726d_225_jpg.rf.31d659648d73d0f3a1fe21b4c99677f4.jpg, 1, 0
WIN_20221229_22_28_19_Pro_jpg.rf.31dc1d2a1dd55b6cd9daa5d721f9a61d.jpg, 1, 0
2bf615ea-7241-4861-82d7-bb74c8b5dfba_270_jpg.rf.31e5a24cfbfe1335cb5dbe46caf94139.jpg, 0, 1
226b7023-757d-4c11-9b59-a0e8f02e5274_270_jpg.rf.3206012de84fe2b8aa4b0ff02ad0397a.jpg, 0, 1
a1690e8a-68f2-42fa-b0a0-6c59cc895c84_jpg.rf.31e640b21c6983059e65fa0b6240f72c.jpg, 0, 1
aa8cc596-1881-4e18-a73f-fe60f6a6a031_225_jpg.rf.31f6ce1345c5fae800e40be8bc7d626d.jpg, 0, 1
b84b2bd1-353d-4da0-80e6-da6df7b611b8_90_jpg.rf.320d07fda66b5ee847022d736d202c10.jpg, 0, 1
6e3c83a7-c5c6-46b5-8562-ffa8d99f4bb2_45_jpg.rf.3211d38beab6401c8b368d5cc3016442.jpg, 0, 1
611513d3-0fb7-4068-8cd8-68a9bdb056c4_90_jpg.rf.323e43cb63f70f1c23537343f8bd69f1.jpg, 1, 0
52e703e1-69d2-44c7-a214-269fa0e09054_180_jpg.rf.323b0d3f751e8ad869947f3e769ff32a.jpg, 0, 1
0aa414bb-510b-40c9-85e1-f7a7163b3e2c_180_jpg.rf.3240e75694d8c217108bdaf9af9964eb.jpg, 0, 1
b361e99e-9c59-43b5-92f6-80ad77c3287f_135_jpg.rf.32405d57023f0ce45617d03de14df9ab.jpg, 1, 0
8dfde29c-73a0-4bd6-a788-0a31baf572a0_135_jpg.rf.324173fd9c6a7c48c43b83ea8978cb1c.jpg, 0, 1
a3f8b634-4b11-478d-bbfe-41a57317ad50_45_jpg.rf.324855efe352b9ab3390a2fa2c6df85f.jpg, 0, 1
ba25564d-c23a-450d-b0af-a191ed900fb1_225_jpg.rf.324c06ffb4bb38a2f47c1acfd4909f52.jpg, 1, 0
226b7023-757d-4c11-9b59-a0e8f02e5274_90_jpg.rf.32559d8b5f81bad840faa98123709d0a.jpg, 0, 1
4de4ad31-de11-418b-a60d-a7192ea0c98a_225_jpg.rf.32593832514686977f0a81d330912958.jpg, 1, 0
61e87bb2-b69a-4d10-afa1-6c1a3d0291df_45_jpg.rf.326154f9c28d3e69e6d18811e6f7661e.jpg, 1, 0
52fd332d-b13d-4675-8292-bfb533d39432_jpg.rf.326854d6fee0c55974f50d2fba28a1cc.jpg, 0, 1
WIN_20221229_23_33_10_Pro_jpg.rf.326e4ade2a822ac870c35ec292f5ba06.jpg, 0, 1
6bb51206-67ec-431b-8484-93739b1fddad_225_jpg.rf.326eb6685d3141306e62bdaecca66cc5.jpg, 1, 0
15f5d196-2633-4a7b-9102-b33c659c6024_90_jpg.rf.327c4c443e3e227aada388933eb13546.jpg, 0, 1
57ab1fc0-e755-40c3-82cb-cce0684f11f4_135_jpg.rf.327f8a84a58d19a6d3733b10a16271d0.jpg, 0, 1
WIN_20221229_22_42_36_Pro_jpg.rf.328bf6a4e03a60cd1fa81c26d5364799.jpg, 1, 0
66ffa488-289b-4188-afe1-7764a1a1bb1a_135_jpg.rf.3297ff7bf6ef92b1c519164514b2846e.jpg, 0, 1
687d8151-bfed-420b-9a07-5213500e2964_jpg.rf.329a13d5c12d410389cf760906906435.jpg, 0, 1
53f913e3-941b-4772-8446-2bad471e22b0_90_jpg.rf.32a07d85e1280c55ddda903ae0c280ed.jpg, 0, 1
8bfe69f8-33fd-4fea-8a42-c821ffd94be0_jpg.rf.32a36d7da8daf4edcaf32158d3987b07.jpg, 1, 0
2be59dd5-7793-413c-96cb-c40098eba6f6_90_jpg.rf.32a4081b424cbcf2f02bc0d40ed56ea0.jpg, 0, 1
f206736f-e48f-4e12-b367-144752c744e6_45_jpg.rf.32b2a436bba3ca5cfaace8f2f05094f3.jpg, 1, 0
503a19e2-d693-4ab0-aae9-9181b1789a94_225_jpg.rf.32cf7358c57be904f1e8a8f5dac6096c.jpg, 0, 1
91c2e56d-2549-4574-9414-86aa17e84ef4_180_jpg.rf.32cb386f0635c91c63f67af6b34aca62.jpg, 0, 1
8efe1e18-4032-4f20-996f-60a19c62f547_270_jpg.rf.32d285bd2acc084f9d86c91639fa2985.jpg, 0, 1
4737a7d7-5d10-4912-b3e7-c8254a88af02_180_jpg.rf.32b415a4f09d5131ab6d16ff69d7c180.jpg, 0, 1
499ce0e3-7fe4-4fd4-bd8a-5aa00aab3f43_jpg.rf.32d90b8b114f39ea2d0f1ecdd157525c.jpg, 0, 1
3fa757aa-5f48-4acc-b2d9-edf0d584d79a_135_jpg.rf.32bf96e61bab2bb63995c873d05c18ba.jpg, 0, 1
WIN_20221229_22_16_31_Pro_jpg.rf.32e4795e129b73b544995943f182756f.jpg, 1, 0
8a28aff5-8859-462a-bccf-e8d61dde3eff_90_jpg.rf.32eaf6ec84c6edd5df2651bce00c92fe.jpg, 1, 0
0df87bae-ddf0-49e3-97af-b371d8544547_180_jpg.rf.33018ce83fe19e108e5e8cfa3fe0367c.jpg, 0, 1
8ddce3ce-bc64-4942-93aa-940868007f64_jpg.rf.32f624cabaaa0baa6423f362ee426112.jpg, 0, 1
91c2e56d-2549-4574-9414-86aa17e84ef4_45_jpg.rf.32ef1ebb37a7671e18b6aa217c1009a9.jpg, 0, 1
7ebb4762-7de4-4754-8cd2-2d4f743f512c_180_jpg.rf.33039c594128811d1a2baab122ed84fc.jpg, 0, 1
220fcc53-6ef7-45d1-8122-fa1c19ca9ec5_180_jpg.rf.330643c40021b4bde37aaba1550d9ea7.jpg, 0, 1
afd3edfe-e4fe-4715-8429-5af060c5f0d9_225_jpg.rf.330960bf6f240856dc11aaa1a5959677.jpg, 0, 1
4461774a-c193-43e6-9849-19c25ad533fb_225_jpg.rf.33196ae48fd66ae6c8972a48a2d8e4c9.jpg, 1, 0
1acf8679-d50f-446c-b806-def7d073e244_90_jpg.rf.3312daa458e77eac07b42f2e1cc41b24.jpg, 1, 0
61e87bb2-b69a-4d10-afa1-6c1a3d0291df_135_jpg.rf.332245199c89211831b62000dd9333a0.jpg, 1, 0
2b560df3-ff42-4546-a0bd-11ff2ca590e2_jpg.rf.332355ad7223dbfe87241d409a9bdac3.jpg, 1, 0
2da43d43-ad7b-435c-920d-0fbfebb88959_45_jpg.rf.3322aa3c6589f12191900fe1baf88cf7.jpg, 1, 0
5c99f964-3704-402c-aa2d-42bd2fbacf4f_180_jpg.rf.33261eab0762750b468575da10953220.jpg, 0, 1
0df87bae-ddf0-49e3-97af-b371d8544547_135_jpg.rf.332882f19c54de8d10adf7df186f094f.jpg, 0, 1
WIN_20221229_23_21_35_Pro_jpg.rf.32ea2e4f1468e4aaa09652a5d9759678.jpg, 0, 1
16179c8f-5a02-46d2-bcf1-145bf553fc58_jpg.rf.33323abb7fbf679bd9b1b1e8d980f9cf.jpg, 0, 1
WIN_20221229_22_11_51_Pro_jpg.rf.333b59cf7912ffaba0399a2aa9544e55.jpg, 1, 0
5aa96b87-9a19-4beb-971d-21bde07a9a0b_90_jpg.rf.3333bd4e54a004a52847c07363ee8a3b.jpg, 1, 0
0516cd97-ef6c-4542-a884-e01aaa597ac3_45_jpg.rf.33458884d2b245d1aa4fa8e366f5bd3d.jpg, 0, 1
215be899-dd62-42e0-b42e-8331622f5b9a_180_jpg.rf.333b5bd9717cdd813ee305593a8f13c4.jpg, 0, 1
WIN_20221229_23_30_21_Pro_jpg.rf.33430c5635e2b143a1e074207452d720.jpg, 0, 1
bd17953c-5cc6-4fc5-8ade-fd7ece53be19_270_jpg.rf.334f6a1f14488658747eefa9b3895c90.jpg, 0, 1
WIN_20221229_23_09_14_Pro_jpg.rf.335a6fcb3d958b65c17de8f7a482f77b.jpg, 1, 0
56863d51-82dd-432b-808a-bb09a5e65be6_jpg.rf.334f9a248d5a4195828ecc4fdb95eed0.jpg, 0, 1
503a19e2-d693-4ab0-aae9-9181b1789a94_45_jpg.rf.33556de907f73487a53e3ee2a0e97622.jpg, 0, 1
9aa3d151-a2d6-4d13-ad4f-f133f4552c4f_jpg.rf.335b2581a76ba9c8ad1b2aef1eb58100.jpg, 0, 1
cce642b7-d4aa-4dc6-951b-e1b655f68334_jpg.rf.336060b044ae571836f57dfb26910fa2.jpg, 1, 0
00a9637f-e5c9-4522-8d19-d6b3e8bae3f3_225_jpg.rf.336512eac17bf4a986ab0c5bf4d4b2c0.jpg, 0, 1
6e3c83a7-c5c6-46b5-8562-ffa8d99f4bb2_225_jpg.rf.33658309446fb89f94a831e1192a59e2.jpg, 0, 1
3fa757aa-5f48-4acc-b2d9-edf0d584d79a_jpg.rf.3372a47bc2adbabe4b999f85f4ca49e9.jpg, 0, 1
4dcbce83-654c-4125-9939-c4398187533a_270_jpg.rf.338cf8d083cde5ef82e2bba4e750cb61.jpg, 1, 0
84f05969-c971-4d44-8df4-3a80a71a545d_225_jpg.rf.337e07c31863f4f23cb70066b09326f5.jpg, 0, 1
df1a716e-d93a-4e13-8144-399bae44a249_135_jpg.rf.338fc7865f0508e6ee73da304bbd497a.jpg, 1, 0
7e2e4fb2-dc94-46c6-a203-0db83ca84e81_225_jpg.rf.3385a148881653b1194336fa8183cb47.jpg, 0, 1
16179c8f-5a02-46d2-bcf1-145bf553fc58_jpg.rf.3393683e1021bb5d3fd81756e7b5212c.jpg, 0, 1
878a59f0-76a6-4a7c-8e4a-45283cfb4465_225_jpg.rf.33982c16b063f9cc47d81d8c5234ee1f.jpg, 0, 1
82743c35-e968-47ee-93f6-95270352fe13_225_jpg.rf.339e84ee4be5938e79aec56c821d5160.jpg, 1, 0
84f05969-c971-4d44-8df4-3a80a71a545d_180_jpg.rf.3393cc44a04e2d1614de69a08b156a66.jpg, 0, 1
WIN_20221229_22_23_56_Pro_jpg.rf.339facb6457defb2f795c54410fd06cf.jpg, 1, 0
2abea0f5-7c2a-4519-88c1-d33080ac7db2_270_jpg.rf.33a17ab30fa2f0271f94683ad5a89488.jpg, 1, 0
73cca509-de66-4cbc-9421-8fcb263fefcc_270_jpg.rf.33a128b9c60e4a1f2db6d9b1359b46d7.jpg, 0, 1
3c966d73-e030-422f-8e66-a2bfb35337dc_270_jpg.rf.33a4dc0a2de103ee4811832eff810b61.jpg, 0, 1
92009a81-ec1a-4dc0-99aa-c0898383287c_270_jpg.rf.33a6958f25c0f19132d85edf8151c5bb.jpg, 0, 1
WIN_20221229_22_14_48_Pro_jpg.rf.33ab4424dbb5db67bf2bb7a8c5547662.jpg, 1, 0
2da43d43-ad7b-435c-920d-0fbfebb88959_180_jpg.rf.33ae271478abe344dbb7e544c3596deb.jpg, 1, 0
0b521929-1734-47b8-86c9-093445af0697_45_jpg.rf.33c55e3bbf504ff8bdbe8aaff3ff21d5.jpg, 0, 1
1af687ed-553d-491e-a213-8ddfbfea61ec_jpg.rf.33ba47d2aad9b9d649a8cb20dc42b34c.jpg, 1, 0
87595b49-d19a-4221-8418-57ee268de2d5_45_jpg.rf.33d0c39cac8466eb11f1ed0ad3ff5825.jpg, 0, 1
97e4c08e-3475-4d77-8b54-a2231e38f6a2_jpg.rf.33cc2032df67ff98e8bf6564f9b17afd.jpg, 0, 1
2da43d43-ad7b-435c-920d-0fbfebb88959_90_jpg.rf.33d5632ae6cadfaab00de1c5e0df808d.jpg, 1, 0
91e77c81-f2eb-4358-81d6-eea2509ae443_270_jpg.rf.33d9c8923bf79c74d49d4a91e704390a.jpg, 0, 1
94a26150-c197-425f-961b-0a4ae35825cf_135_jpg.rf.33dbd9894d4af6688ec6e6c251d0a645.jpg, 0, 1
16117db8-0d07-4950-b684-370b7d0813ec_jpg.rf.33e2beb5440790c764abc9e95861e7cd.jpg, 0, 1
a8ba45d9-69a1-4fc4-a6c3-74c50107e59c_225_jpg.rf.33e6f8e1fede3b1fc738bbb9ca1301f7.jpg, 0, 1
878a59f0-76a6-4a7c-8e4a-45283cfb4465_90_jpg.rf.33f6de7519f6d05372e756b317838722.jpg, 0, 1
9ec72020-824e-4c15-b633-cba42d080364_90_jpg.rf.33ed8377c547e636cf9fbf080e2bdad6.jpg, 1, 0
6cdbe5d2-04bc-4a25-b1a0-be0a00a136ae_135_jpg.rf.33d40f62b423ce21f82516f713ad7f84.jpg, 0, 1
220fcc53-6ef7-45d1-8122-fa1c19ca9ec5_180_jpg.rf.33fd1fbb37468a7537daea4e380a819e.jpg, 0, 1
92810cd4-1652-4556-bc0b-b2e953449143_45_jpg.rf.340acc57982092020d0ecb1c6fc3538d.jpg, 0, 1
92a893f4-8dd5-4f4a-9864-08811d4ed00a_270_jpg.rf.3417f68e72e809c3322c5aae559f717d.jpg, 0, 1
66c7508a-f4ff-4af6-a91b-5f33d3c4d20d_90_jpg.rf.3419df8b3d94252383a1b33115072777.jpg, 0, 1
d2936fba-871f-4fbe-97da-b6e6e347e889_270_jpg.rf.34250bdf53066be5fa0178499489d250.jpg, 1, 0
94a26150-c197-425f-961b-0a4ae35825cf_jpg.rf.34458cb46230d70e719a7cb16a800eb1.jpg, 0, 1
75fea9b7-7c08-4ea2-bb8d-50096fdf774b_jpg.rf.344960fe41b6af279b608740eec64406.jpg, 0, 1
WIN_20221229_23_33_10_Pro_jpg.rf.345baf3695d530dcf81c3e66cf44d4cf.jpg, 0, 1
8140aed5-a61c-4048-81dc-c9e2149f60b2_270_jpg.rf.345f670435af8f03b0fc7671a6be7e09.jpg, 0, 1
24a200ea-e903-4bcd-aee1-fb26e7bfd757_jpg.rf.34742ba8aca28bffd01b00acaa0b9a42.jpg, 0, 1
84f05969-c971-4d44-8df4-3a80a71a545d_45_jpg.rf.346bed42049cefaa5f9d06ab4d41c3f0.jpg, 0, 1
afd3edfe-e4fe-4715-8429-5af060c5f0d9_225_jpg.rf.347f6aa27a4918cc14516edbccb861d4.jpg, 0, 1
98cb62e4-f491-47c7-b871-9d1aeeac307e_270_jpg.rf.347237ad46bdfff71a40fc1cf073f218.jpg, 0, 1
afd3edfe-e4fe-4715-8429-5af060c5f0d9_jpg.rf.348dbcb907d6f0244a747cc161156182.jpg, 0, 1
2da43d43-ad7b-435c-920d-0fbfebb88959_270_jpg.rf.3497d957c08b5b1fa73fdd6963c71eed.jpg, 1, 0
22ada72b-340c-4d68-9534-2729e3347cab_225_jpg.rf.3490acf724dcd8c979178eb069238e97.jpg, 0, 1
ef757b72-613c-4d8f-b8e0-a3564581cb0f_jpg.rf.3499db40afb941bd34694cee7d27c51a.jpg, 1, 0
8dfde29c-73a0-4bd6-a788-0a31baf572a0_45_jpg.rf.349c6a48b29ffac0510a1de382a262b0.jpg, 0, 1
39c71820-6b5b-499e-b2c6-a957f48c62fa_jpg.rf.34a21c0b557ddde8febad663bc7ea7ca.jpg, 0, 1
8140aed5-a61c-4048-81dc-c9e2149f60b2_45_jpg.rf.34a42169ef4842056cfd6ce632a536ca.jpg, 0, 1
WIN_20221229_22_46_47_Pro_jpg.rf.34ac0db67b5b905855fb0945753df809.jpg, 1, 0
0c4d65e5-1985-47b2-8252-616ed898bd7c_270_jpg.rf.34adc67504ec306b4a6b30e7f8868923.jpg, 0, 1
1ab90226-8889-4bcd-ad0c-ea01fedaaffd_270_jpg.rf.34b0313f8a601a2bc5ce0e557408f7bc.jpg, 1, 0
9765b374-f3eb-4a26-903c-90d85bc9fe0a_180_jpg.rf.34b0e062cfa2484712e510fd8a120448.jpg, 0, 1
69ab59e3-c1ad-4509-a8b8-bd8e4fac2ae6_45_jpg.rf.34b1c03d75b888f6ddcfa98b77676f56.jpg, 0, 1
66ba2553-31f1-473c-9602-d2df0c1bb3f0_jpg.rf.34c3bbe4813d0eac19479856da28f305.jpg, 0, 1
2eae8682-54b6-40b7-9684-d956300a4077_135_jpg.rf.34c7b230650ae399ca561f8b505fd947.jpg, 0, 1
6b30113e-141c-4956-964b-7b64918f694b_90_jpg.rf.34ce57bdbb842cdf1a0b215d380ab6e6.jpg, 1, 0
15fd3442-e84f-4c27-952b-ec415fe777d6_90_jpg.rf.34ddd4ddbf2e177e40400b5155008894.jpg, 0, 1
52e703e1-69d2-44c7-a214-269fa0e09054_jpg.rf.34ee8472d83443558ccbb2474e50b9ed.jpg, 0, 1
52c230c2-20b1-4769-978c-d0a859364b3e_45_jpg.rf.34e977f8f2a48eb53e1837cb04ffd9ac.jpg, 0, 1
7e2e4fb2-dc94-46c6-a203-0db83ca84e81_90_jpg.rf.34c3a5e41cc449f3b3d605d3308990be.jpg, 0, 1
9dd803f6-3218-4e96-ad6e-55b3d36e8470_jpg.rf.34f72fd7b316997c2f774350216776d9.jpg, 0, 1
09e044e6-a2b6-4827-9853-beb7d392347f_180_jpg.rf.3509d871923c95ac7b161346b83c02c9.jpg, 0, 1
600d2167-2072-4825-9516-6c13af9fc382_225_jpg.rf.3512b78a8183ab596b0eeb815e9ae33d.jpg, 0, 1
56863d51-82dd-432b-808a-bb09a5e65be6_45_jpg.rf.350d78e78f5982ce2c6309af3941d831.jpg, 0, 1
805c86e2-7416-44fc-b8aa-f663db39cf8a_jpg.rf.3518f4d530d163ac770d1e62be6d1543.jpg, 0, 1
9dd803f6-3218-4e96-ad6e-55b3d36e8470_270_jpg.rf.351aa1afccce20774eba6abc793d79ce.jpg, 0, 1
97e4c08e-3475-4d77-8b54-a2231e38f6a2_135_jpg.rf.3521086359e383a5849f13e04284bc20.jpg, 0, 1
d6faa4f5-e419-4c2d-b0be-316f48d5464a_135_jpg.rf.3523e4caec6408ec5b85b54af1a70e7e.jpg, 0, 1
WIN_20221229_23_32_28_Pro_jpg.rf.3526ffd84ebc7a60f2e3b3292c2c94f8.jpg, 0, 1
2d6fa448-2f18-4db5-a942-7097acff076a_270_jpg.rf.3533767659e6eabcac1e62a8a7e45d8f.jpg, 1, 0
WIN_20221229_22_48_25_Pro_jpg.rf.3544c6add77c5e91e9c984fff03a7b96.jpg, 1, 0
79eb3e80-65d5-431c-b388-ea52ce593c7d_225_jpg.rf.3548ce3722d291cd2f07a3c82fa4fa03.jpg, 1, 0
2d398321-1a08-4aec-98b9-eb3301da9d79_270_jpg.rf.353c589aae180ba8fa077b64d7d54252.jpg, 0, 1
WIN_20221229_22_20_31_Pro_jpg.rf.354baf5e4374cdcac201e5e405c2ada5.jpg, 1, 0
WIN_20221229_22_41_15_Pro_jpg.rf.354931919f2810d25e71a62bde2ea7c0.jpg, 1, 0
4f08fc98-7d4d-43f7-921d-b2ccf8ca726d_270_jpg.rf.35494c5be50515b1a919c9cf87404468.jpg, 1, 0
1513532a-b352-4b17-b681-b02f3127b483_135_jpg.rf.356960dbc0b4f2f40910af1634334c38.jpg, 0, 1
1513532a-b352-4b17-b681-b02f3127b483_90_jpg.rf.356b73f3cad45c3d0386d3eae8e6ceb7.jpg, 0, 1
4ded4873-2bd7-4d9b-80ae-7a8967c128ce_180_jpg.rf.3571e25df848fb6c657cb1752cab58a0.jpg, 1, 0
b4b3a28f-aee8-402c-856a-b09db5dbeb4a_45_jpg.rf.3571e4618099313f1ed0d149aebb74c7.jpg, 1, 0
224748bb-08de-4a59-98e5-2bbef0629846_jpg.rf.3559661c09a8c2a3556716cd778ab74e.jpg, 1, 0
41ab7cda-4c88-47b8-98da-0c6ee6e07325_90_jpg.rf.357a70b183ea7cf218afb070f040b7eb.jpg, 0, 1
9ec72020-824e-4c15-b633-cba42d080364_225_jpg.rf.357cc18a065720b96867342d6acc8bf8.jpg, 1, 0
014bcc0a-10c7-41eb-80eb-e2f62bb652b3_270_jpg.rf.3594fbfbaa883a5eda137b19daecb21a.jpg, 0, 1
878a59f0-76a6-4a7c-8e4a-45283cfb4465_270_jpg.rf.35936d634fafaad0e0d139239838d383.jpg, 0, 1
bd17953c-5cc6-4fc5-8ade-fd7ece53be19_225_jpg.rf.359980e0ddfe30779c366f919b0f479c.jpg, 0, 1
d6faa4f5-e419-4c2d-b0be-316f48d5464a_90_jpg.rf.35ac9a1bb0e62028e710e7c187096c03.jpg, 0, 1
217fef04-2462-4dca-a170-f780b700b17e_270_jpg.rf.35a0a419077b10c1e55d60d35bfc60c8.jpg, 0, 1
4eddf419-3396-43d2-8b40-3ccecf2a2620_90_jpg.rf.359e89f6b588024a9c757f43a74e8577.jpg, 1, 0
5d06dc79-9d5c-46d0-a720-e4898e65949c_180_jpg.rf.35b57ccc553f5fbe12afc6a8e7af8884.jpg, 1, 0
9765b374-f3eb-4a26-903c-90d85bc9fe0a_45_jpg.rf.35ae14b556d5c7a43afecf0fa826cf8a.jpg, 0, 1
WIN_20221229_23_11_44_Pro_jpg.rf.35c070a4b640fca4e9aa804ab1b571c6.jpg, 1, 0
9eaca121-9239-49f4-9d05-34ef9f10bcaa_135_jpg.rf.35c1e9eaf4f2f37e4945560087410635.jpg, 0, 1
859bbe6e-7f46-4b86-acd1-86fea679de36_jpg.rf.35e9775362e1c0f59ca2f7a3feb93a3d.jpg, 0, 1
5d105570-fd52-46cd-a90a-9dfa42ef878a_90_jpg.rf.35d872bd45d1aa3e4b63fe29dbe113cb.jpg, 0, 1
adcb9cef-245f-4674-bd16-4c8ad789d0a8_270_jpg.rf.35e33359d547df6b88a0c7173aef12ce.jpg, 0, 1
WIN_20221229_22_45_31_Pro_jpg.rf.35eb973ccdf35a048a3535dfb90532e5.jpg, 1, 0
7d0322d1-3583-4a2b-ad25-e76d31603cee_45_jpg.rf.35ef39379dd55382852258c0b1ef831e.jpg, 0, 1
WIN_20221229_23_30_48_Pro_jpg.rf.35f4507bb95cae0023d66eee63bb86ee.jpg, 0, 1
0aa414bb-510b-40c9-85e1-f7a7163b3e2c_90_jpg.rf.35fa53d840073ab2f384e5f7af276a4e.jpg, 0, 1
600d2167-2072-4825-9516-6c13af9fc382_225_jpg.rf.3604325708ccdf0ead28c94bfb6699ca.jpg, 0, 1
8efe1e18-4032-4f20-996f-60a19c62f547_90_jpg.rf.361f72aa8dee5f8d97e43fa1d01d7e54.jpg, 0, 1
bd17953c-5cc6-4fc5-8ade-fd7ece53be19_45_jpg.rf.360612b407eb8e3d7192183aeb65972a.jpg, 0, 1
0fbac742-48ee-4857-ab82-3318c8fbdcb8_45_jpg.rf.35ec21318b9c3f3a097f0da02faeeab6.jpg, 0, 1
82743c35-e968-47ee-93f6-95270352fe13_180_jpg.rf.36298e384e28e2ed1d7732ea04a60f67.jpg, 1, 0
9ef0276c-3a70-4027-8d1d-2503df2e9f56_45_jpg.rf.362a2650582435aa787eca0a29217ef7.jpg, 0, 1
52e703e1-69d2-44c7-a214-269fa0e09054_45_jpg.rf.3630ae7906d92f2f81eb4ab69f24e330.jpg, 0, 1
8bfe69f8-33fd-4fea-8a42-c821ffd94be0_jpg.rf.362a92685e11b7a17443a96a46ceb2bc.jpg, 1, 0
2d6fa448-2f18-4db5-a942-7097acff076a_45_jpg.rf.362e662c4a1cfc8d88f6c215e2673a19.jpg, 1, 0
93a64c9f-678d-4302-94ea-5758bbf7451c_90_jpg.rf.36346a2449a31bd5a0325278fdc0a369.jpg, 0, 1
cfed691e-4738-45c4-a2bd-65fc9d5c2da8_270_jpg.rf.36369bd35dcdc220ba459ec55c699ae5.jpg, 1, 0
33dd040e-50b6-44e7-afc7-230da49bcf12_90_jpg.rf.363ccf06eec560a740492e78caa087ed.jpg, 0, 1
ccd5cdb4-3df2-4b3b-833b-3bdc7d43ee4d_225_jpg.rf.3636b651569051912b1eae58f41634cc.jpg, 0, 1
92009a81-ec1a-4dc0-99aa-c0898383287c_225_jpg.rf.36412b73a4a1345c8af9398f3937743e.jpg, 0, 1
WIN_20221229_22_40_07_Pro_jpg.rf.3643baac542fcc7f5918d4eab54ec74b.jpg, 1, 0
91c2e56d-2549-4574-9414-86aa17e84ef4_jpg.rf.365f5a79c980e1611880dbaa54be3e39.jpg, 0, 1
dc2bb2f5-03e1-46c1-9886-bda5f5bee11b_45_jpg.rf.3670ef9a4a5a8c0e81e40e54c05f7b15.jpg, 0, 1
a936c90a-8f24-4289-b10b-4830ac9f3019_90_jpg.rf.3672764258f5a9ba9921571b3e9ace04.jpg, 0, 1
217ac982-fddf-49ae-a311-27cf800d10f0_45_jpg.rf.365fb92de591429cc534cb0892ad0d1e.jpg, 0, 1
09e044e6-a2b6-4827-9853-beb7d392347f_225_jpg.rf.36763dff0452bc9735c79f937561ffb3.jpg, 0, 1
WIN_20221229_22_28_38_Pro_jpg.rf.367d0b528a63c93f1f092875144e50c5.jpg, 1, 0
2b3188c7-77de-4b98-aaa5-012b0941ca45_jpg.rf.36815310882b98f6fab386eee60eaf2c.jpg, 0, 1
52fd332d-b13d-4675-8292-bfb533d39432_jpg.rf.36891640468ce5d738586b6e29b277be.jpg, 0, 1
5064456d-d977-4c88-a2f7-613db1f3f19b_90_jpg.rf.36922d665c8a4d2d9d9c16bb3feca12e.jpg, 0, 1
WIN_20221229_22_04_24_Pro_jpg.rf.3698d68325ac06c5c6af9c04ee76366d.jpg, 1, 0
91c2e56d-2549-4574-9414-86aa17e84ef4_270_jpg.rf.368b884080756acd94dd3192d4843da6.jpg, 0, 1
3bde05ec-782e-445d-a221-38a8ecbc5dab_225_jpg.rf.369d653336b2a12ac5078b08414eaa2c.jpg, 0, 1
WIN_20221229_22_30_25_Pro_jpg.rf.36a1c0179504f8346c23c91c036c2c0b.jpg, 1, 0
WIN_20221229_23_26_46_Pro_jpg.rf.36aaeff54e9cf4682df54a1a2598822a.jpg, 0, 1
WIN_20221229_23_23_00_Pro_jpg.rf.36aef0a479d1857cb7f9ab5444e473a1.jpg, 0, 1
44c7fb6b-7175-4aa3-98c2-9bc78d8a6f92_45_jpg.rf.36ae17db26c4999d6aa70cf74cb364c3.jpg, 0, 1
dc2bb2f5-03e1-46c1-9886-bda5f5bee11b_45_jpg.rf.36b98c8c262ac5df10a4a0182c027856.jpg, 0, 1
7d0322d1-3583-4a2b-ad25-e76d31603cee_jpg.rf.36acbf7beb1788149ac5f51cfd03f2ce.jpg, 0, 1
4ded4873-2bd7-4d9b-80ae-7a8967c128ce_270_jpg.rf.36c00021753611dc0ae89905b9b49daf.jpg, 1, 0
WIN_20221229_23_13_03_Pro_jpg.rf.36bf4ebfc349bac5070354187ad6079d.jpg, 1, 0
207aff1c-09cf-47d1-ae76-474c6c31b0e4_270_jpg.rf.36ce8ee39804a3474e8d2ed20ba57813.jpg, 0, 1
9dd803f6-3218-4e96-ad6e-55b3d36e8470_180_jpg.rf.36cb7ef38d0df8ff76ade40b81c6e7dd.jpg, 0, 1
11037d07-18b3-4fc4-8025-f06dcbc0500d_270_jpg.rf.36e3bb3380ab39c5123bfe81ecc9c13c.jpg, 1, 0
9cb97279-36f3-438c-97d5-91da39c4e13a_135_jpg.rf.36edaa8282e5b3308eae98e3ba946c6f.jpg, 0, 1
52c230c2-20b1-4769-978c-d0a859364b3e_135_jpg.rf.36d48ed3391badf978bde7b19ea20156.jpg, 0, 1
7e2e4fb2-dc94-46c6-a203-0db83ca84e81_45_jpg.rf.36ef2aa6ec41aadeb36d4adbc636dafa.jpg, 0, 1
01c27009-f681-4495-8d82-599547aba120_90_jpg.rf.36f5c3b6cf8f75d310733cd3085264ae.jpg, 1, 0
1b05898a-3be4-4b9e-b4a0-6d23dfdaabf0_jpg.rf.37069d390429f7ab60f10efbff956b83.jpg, 0, 1
33dd040e-50b6-44e7-afc7-230da49bcf12_270_jpg.rf.3707aa3bec8158353c6e67d61eff0a94.jpg, 0, 1
70f70f97-4a9e-4d42-a08b-3b7d1b9abef8_225_jpg.rf.37109428df7c7a790d868a313551a125.jpg, 0, 1
6181c79d-f063-4fa4-be90-ae376d6b3bdc_180_jpg.rf.371df15529ae7a966f0d6eaa1ebb7c69.jpg, 1, 0
878a59f0-76a6-4a7c-8e4a-45283cfb4465_225_jpg.rf.372858919799bb9740f8c95eb1d85753.jpg, 0, 1
708fb576-4b86-4d50-a652-cc0d64f5407a_90_jpg.rf.372f1fe875eb5c3b2759fe89700fbae5.jpg, 0, 1
2b3fa5f4-98bb-4565-b461-8ebc3db528ca_270_jpg.rf.3735c26d7d8ee053a6959da147c60134.jpg, 1, 0
8ddce3ce-bc64-4942-93aa-940868007f64_jpg.rf.37416f7eba4e9f65ee67a4032ad5bfab.jpg, 0, 1
a936c90a-8f24-4289-b10b-4830ac9f3019_180_jpg.rf.3741484f0108a68aaf2ca5417ad96756.jpg, 0, 1
708fb576-4b86-4d50-a652-cc0d64f5407a_90_jpg.rf.37530e9ae48a3ea4b36b5c89c0b16ee8.jpg, 0, 1
WIN_20221229_22_36_08_Pro_jpg.rf.37383517e8c3f0be17805c2dcab85efc.jpg, 1, 0
96f68346-9256-416a-a050-9ec4b750ccc6_135_jpg.rf.37586d8c2a7bfd2e35f009757d3d4ab6.jpg, 0, 1
c6d5a9cd-56bd-4e1a-9ca8-c3562c8140f8_135_jpg.rf.375899b6d0257f52e03a5cf987daf79b.jpg, 0, 1
9cb97279-36f3-438c-97d5-91da39c4e13a_jpg.rf.375a66971714566892c2adc4af16f114.jpg, 0, 1
91fd5e6d-6fa7-45ec-b8dd-a390713a150f_135_jpg.rf.3755d6cfe10841979384b0d3fd4c99b1.jpg, 0, 1
0b521929-1734-47b8-86c9-093445af0697_180_jpg.rf.376a9ba9ed3332931b55607cd27fbdd3.jpg, 0, 1
WIN_20221229_23_21_27_Pro_jpg.rf.376f40984ef13ff3915f8cb6bf3da315.jpg, 0, 1
c6d5a9cd-56bd-4e1a-9ca8-c3562c8140f8_225_jpg.rf.377b0f759ae77bc9a19b28e20995ec62.jpg, 0, 1
cfed691e-4738-45c4-a2bd-65fc9d5c2da8_90_jpg.rf.37815b2d37255b3e680326cc0eca938f.jpg, 1, 0
3c36fca1-acb0-4a53-95be-087e2c614c76_270_jpg.rf.3787d5a80a455c8a865c5e20a884717a.jpg, 1, 0
0c279d03-a83d-4404-b852-2b90d79e1ed3_270_jpg.rf.3788de918f65af7d1244c73f98bd2c01.jpg, 0, 1
708fb576-4b86-4d50-a652-cc0d64f5407a_270_jpg.rf.3789b0d7ce97d796d8220eb634a07b7a.jpg, 0, 1
507e6cd8-2041-47e5-b174-28a6d9328985_jpg.rf.378a6880a94458582ba4d1466f5d2510.jpg, 0, 1
WIN_20221229_22_19_20_Pro_jpg.rf.378d2cdb9200487aa091efce953af0b7.jpg, 1, 0
8a28aff5-8859-462a-bccf-e8d61dde3eff_90_jpg.rf.379018fc95fe3d4d14c87c8b5aceca17.jpg, 1, 0
499ce0e3-7fe4-4fd4-bd8a-5aa00aab3f43_90_jpg.rf.37992060f8c1b925eb60016aeea58cdd.jpg, 0, 1
108ca99a-5abc-4dca-8e9e-ad3551748f1a_270_jpg.rf.379ae0542456a355faa257fed3a6e4a6.jpg, 0, 1
75a3c3df-b678-4a55-aa92-02be5879a4cd_180_jpg.rf.379ea064c620b8c7e1b84a07bf29b230.jpg, 0, 1
40cbb123-b3d1-4546-aa26-2fdd1090b075_225_jpg.rf.37a42d0fc1324e7ee7c4a50a20a8dcff.jpg, 0, 1
499ce0e3-7fe4-4fd4-bd8a-5aa00aab3f43_135_jpg.rf.37a026237648bbcf84b27c26e158b127.jpg, 0, 1
303bf4f0-4e58-4f52-83e1-73f1a7ceabc5_225_jpg.rf.37a82b0d641c1bca9adf2d0fcff18b7f.jpg, 0, 1
345b8a93-c7d2-4b34-9e0c-90f2561ada84_45_jpg.rf.37ae7c0e80ac73ce84ba8cec52a2e7b4.jpg, 0, 1
39c71820-6b5b-499e-b2c6-a957f48c62fa_45_jpg.rf.37b416766567110856e7726d3595cd4e.jpg, 0, 1
120bdf6d-39ea-4df8-b8a7-1a4362423b28_jpg.rf.37b493a5865848494582a0291c84d70f.jpg, 0, 1
90dec1cd-f163-48fd-bcc4-58066e5acb09_135_jpg.rf.37aedc35f08e04beb60c94b2b0e4d1e7.jpg, 0, 1
WIN_20221229_23_31_36_Pro_jpg.rf.37ca9b4946f7de782be65ebf936c1610.jpg, 0, 1
72ab964e-0b95-46ec-a135-1890eb300c53_270_jpg.rf.37c88df6b84edef050157478f9210e08.jpg, 0, 1
afd44643-9287-4080-934f-7a13c66d9bfd_90_jpg.rf.37ceb0dca92dc41f63876a1cec99d5ba.jpg, 0, 1
488cb81f-a17e-44b8-bd1b-0e709bee4a92_225_jpg.rf.37d367743717cf9078687dada38a9a6a.jpg, 0, 1
01c27009-f681-4495-8d82-599547aba120_180_jpg.rf.37be50e655e67c3596eb72c7c2772563.jpg, 1, 0
5aa96b87-9a19-4beb-971d-21bde07a9a0b_90_jpg.rf.37d61c02f42269ca588bdfe0e56897b6.jpg, 1, 0
4eddf419-3396-43d2-8b40-3ccecf2a2620_90_jpg.rf.37d640ffc3b8afa141c302a19db407e5.jpg, 1, 0
69ab59e3-c1ad-4509-a8b8-bd8e4fac2ae6_225_jpg.rf.37e0ce7c5246c05ac05be12128a0cc43.jpg, 0, 1
87cc591e-7e25-4d08-a519-6b5ec6d98cfa_180_jpg.rf.37f43d7324e766d679c26eec24a5a0b4.jpg, 0, 1
66ba2553-31f1-473c-9602-d2df0c1bb3f0_90_jpg.rf.37e6ee5e38ba9307e9dae38516cc3a8a.jpg, 0, 1
96f68346-9256-416a-a050-9ec4b750ccc6_270_jpg.rf.37f1840039564c2824eb35e740b29f72.jpg, 0, 1
207aff1c-09cf-47d1-ae76-474c6c31b0e4_180_jpg.rf.37f7001146b11eae99ed3da06746b933.jpg, 0, 1
8bfe69f8-33fd-4fea-8a42-c821ffd94be0_135_jpg.rf.37ff37f91c45c69a87292c6daa587904.jpg, 1, 0
87cc591e-7e25-4d08-a519-6b5ec6d98cfa_225_jpg.rf.3824b4d617ba52eacf9fd401041d7e0f.jpg, 0, 1
a8ba45d9-69a1-4fc4-a6c3-74c50107e59c_135_jpg.rf.3811e6118b397d48ad309367b24f8863.jpg, 0, 1
5064456d-d977-4c88-a2f7-613db1f3f19b_225_jpg.rf.3823c0dd71282e20b528b956e6131cb6.jpg, 0, 1
680cc473-598d-49e7-847e-6b8c099e14fc_90_jpg.rf.382d2f3a778b2cea86e52bc53c958b33.jpg, 0, 1
868aed84-639d-46d3-9f59-3d71ba702ea0_jpg.rf.383ba41fa2388b73c30d6f51a6f75543.jpg, 1, 0
9dbe8a30-979a-4722-a1a9-712f4ecbb2a6_jpg.rf.383c423ca1ae5288547cfdefcc00b505.jpg, 0, 1
2c59ee70-dc1c-4de3-83ab-aa36a5fb92c9_135_jpg.rf.3840ac9533473658d3eaf84980c6e26b.jpg, 0, 1
8d331829-b225-451b-8aaa-89058c62faf5_225_jpg.rf.38534546ef92670e12866a0473dd8c70.jpg, 0, 1
WIN_20221229_22_50_46_Pro_jpg.rf.3859053a481a795cab913d35401d4eaa.jpg, 1, 0
8bfe69f8-33fd-4fea-8a42-c821ffd94be0_270_jpg.rf.385d304de7558e393116b19bc89913c8.jpg, 1, 0
7a6523d6-ef65-4cca-8160-946936395ede_jpg.rf.385e1c6d78596be9291ec8c70e0ad881.jpg, 0, 1
0c4d65e5-1985-47b2-8252-616ed898bd7c_270_jpg.rf.386ad523b14f52dce4fe0d04e0f9e3fe.jpg, 0, 1
WIN_20221229_22_58_53_Pro_jpg.rf.386dc1d1befaed49a9f0a79e5a8db715.jpg, 1, 0
8bfe69f8-33fd-4fea-8a42-c821ffd94be0_225_jpg.rf.386c595912fa2fa11edae466c22533a7.jpg, 1, 0
868aed84-639d-46d3-9f59-3d71ba702ea0_90_jpg.rf.38758b1db91496f21557a3a6835a02c3.jpg, 1, 0
499ce0e3-7fe4-4fd4-bd8a-5aa00aab3f43_90_jpg.rf.3879d1500d103d1c1432842a9326c874.jpg, 0, 1
600d2167-2072-4825-9516-6c13af9fc382_135_jpg.rf.388bbaa4b95fa19a0a45875704cac554.jpg, 0, 1
de7c5c69-6255-4087-9565-1732a07c986d_225_jpg.rf.3885631da497dde5895a02206134546a.jpg, 1, 0
d6ed6d4c-2acb-4507-bc4c-70480968eacb_135_jpg.rf.38961fbf07d8d5d8498e43c207ad58c3.jpg, 0, 1
WIN_20221229_23_30_29_Pro_jpg.rf.38a1e4e1aecbeef61cd8cd6b0a32c3f5.jpg, 0, 1
73cca509-de66-4cbc-9421-8fcb263fefcc_135_jpg.rf.38cebcbaeb396b92267805c20d3aa472.jpg, 0, 1
507e6cd8-2041-47e5-b174-28a6d9328985_225_jpg.rf.38d4f9a3162ca4d5e945dd5dd763d5d1.jpg, 0, 1
WIN_20221229_23_31_17_Pro_jpg.rf.38be3c6ee33f3d1f8ff00f7cd8fd345a.jpg, 0, 1
3c5c4ffd-e4d4-45b7-a07c-64e2f6788de2_90_jpg.rf.38d3c8f02ef7895b7f60ac0afc58d3a4.jpg, 1, 0
687de30d-714c-4d10-9b23-998af950a13a_225_jpg.rf.38d59c8749c94145ebc01cf84899fd58.jpg, 1, 0
4eddf419-3396-43d2-8b40-3ccecf2a2620_135_jpg.rf.38d97ded18e341f037daec72a3065ba0.jpg, 1, 0
dc2d0160-f922-429c-8c3c-5a6f0f68c023_45_jpg.rf.38dad2ca95086d863ee42a11502bfa4a.jpg, 0, 1
1b05898a-3be4-4b9e-b4a0-6d23dfdaabf0_90_jpg.rf.38971242a688aa1c7fd8eafff94feea9.jpg, 0, 1
87ad76a7-bd79-4c43-86bb-4db4498e10f1_270_jpg.rf.38de63fe6991975ef33e25856e0755cb.jpg, 0, 1
94a26150-c197-425f-961b-0a4ae35825cf_135_jpg.rf.38df556bc154db304725d0980c40aaaa.jpg, 0, 1
80de665e-2077-4a83-9a40-20d2bcaeac43_90_jpg.rf.38e2457cecd2d7451d79e199e6b5fa21.jpg, 0, 1
84c8c90b-b9c3-4290-bdff-f1946a11050a_90_jpg.rf.38e8a7ee61552806ef09a24e886a9241.jpg, 0, 1
69ab59e3-c1ad-4509-a8b8-bd8e4fac2ae6_jpg.rf.38e4ab4fc0531a968301429c4f417a28.jpg, 0, 1
15fd3442-e84f-4c27-952b-ec415fe777d6_225_jpg.rf.38e43f73b0d6af73e007b6ea97f1d76e.jpg, 0, 1
5522f66d-ad72-48d5-9767-5e7b23f6a206_135_jpg.rf.38ecfab21796e6273bf5b5aaa25c7b5f.jpg, 1, 0
d4ea5845-ed1c-4bcd-b615-557884bb64c2_45_jpg.rf.38f447dd135f5e03c140ff200abd9083.jpg, 1, 0
a4b1b05e-8f9a-4f68-98fe-52dd9e2a9663_jpg.rf.38f5dcab8a37f5ac01dbf25fef4c2313.jpg, 1, 0
2d6fa448-2f18-4db5-a942-7097acff076a_180_jpg.rf.38fbf9c175f67efa87ec22727fc22bef.jpg, 1, 0
8140aed5-a61c-4048-81dc-c9e2149f60b2_225_jpg.rf.38fed9390d72240d339a4d1e48782dac.jpg, 0, 1
01c27009-f681-4495-8d82-599547aba120_135_jpg.rf.3900631e62fc3d9c0d0870dde33bc334.jpg, 1, 0
WIN_20221229_22_06_17_Pro_jpg.rf.3906a1f98541b44207e5b793993b6068.jpg, 1, 0
878a59f0-76a6-4a7c-8e4a-45283cfb4465_180_jpg.rf.390598176aa34e01ada9d54ad1dcbd1c.jpg, 0, 1
79eb3e80-65d5-431c-b388-ea52ce593c7d_225_jpg.rf.39038922ae7bde4bf2eb60d7575d5661.jpg, 1, 0
WIN_20221229_23_04_03_Pro_jpg.rf.3926e796011c39e115e2119fc1a0425f.jpg, 1, 0
5522f66d-ad72-48d5-9767-5e7b23f6a206_270_jpg.rf.391a0c9d7dbdd8773c2794f0b525ce46.jpg, 1, 0
d141258d-4b06-4d47-9e08-82edbd725dd1_225_jpg.rf.390bfdf2fa344f9f1f62e02237239a79.jpg, 0, 1
de7c5c69-6255-4087-9565-1732a07c986d_jpg.rf.392780bcf43bf78881abbcdcabc4e213.jpg, 1, 0
91fd5e6d-6fa7-45ec-b8dd-a390713a150f_180_jpg.rf.392b85fc2990937ca49ec6764ff43052.jpg, 0, 1
1f4613ea-1b60-4092-876c-1a474a8c51b9_180_jpg.rf.392fa0f16b5df1f6c35ee58378a6609d.jpg, 1, 0
27f3e57e-469f-4627-8144-2ce3e9d048b7_270_jpg.rf.392b9123100c0c1bbf2248a05207d96f.jpg, 0, 1
c6d5a9cd-56bd-4e1a-9ca8-c3562c8140f8_225_jpg.rf.39307f107b0e61382f4723d7ad748bf3.jpg, 0, 1
96d467c2-fa44-474b-9e64-88f1f265aeaf_270_jpg.rf.393c78d61dd6dd6eb7eda4ea8cada0e7.jpg, 0, 1
09f44886-0cae-43b1-97fe-d8055d8d3616_jpg.rf.39376d45ad3c6221caf923e512cb291a.jpg, 0, 1
69ab59e3-c1ad-4509-a8b8-bd8e4fac2ae6_45_jpg.rf.393d054d9644a853db8826c14c321a23.jpg, 0, 1
d6faa4f5-e419-4c2d-b0be-316f48d5464a_jpg.rf.39360d20575ef831bf6d2933cd30df3d.jpg, 0, 1
a1690e8a-68f2-42fa-b0a0-6c59cc895c84_45_jpg.rf.39431e27aa26d5de5019627279928092.jpg, 0, 1
859bbe6e-7f46-4b86-acd1-86fea679de36_90_jpg.rf.394d02dd994520dfe9010e53d6ba4c90.jpg, 0, 1
0327f441-9a02-40a9-b280-251440ad4cec_225_jpg.rf.39535e25d62c45dc869608cca27924ea.jpg, 0, 1
2be59dd5-7793-413c-96cb-c40098eba6f6_225_jpg.rf.39412975a9645e97f60653ea5f5048ac.jpg, 0, 1
687d8151-bfed-420b-9a07-5213500e2964_135_jpg.rf.395cf782ac02b46122d7a547bbc3bc6a.jpg, 0, 1
69c9cfea-cfbd-4dfe-a8a2-2ed31daafd85_135_jpg.rf.3960d3e90bbdb7247eb6f9746af96861.jpg, 0, 1
4737a7d7-5d10-4912-b3e7-c8254a88af02_jpg.rf.39727f74b208a7fb7b07d8e5078a81f5.jpg, 0, 1
d6faa4f5-e419-4c2d-b0be-316f48d5464a_jpg.rf.3973b4c7574887e8a5b25c0f667c1c32.jpg, 0, 1
085c4ff0-ec11-44e6-b865-d4a8e163bcee_90_jpg.rf.397858aa645d7681639fd98eb2220355.jpg, 0, 1
1acf8679-d50f-446c-b806-def7d073e244_135_jpg.rf.397a1e6e990356cd979c661510477c8c.jpg, 1, 0
WIN_20221229_23_30_00_Pro_jpg.rf.397abecdd6087e823da65da31e38a8e0.jpg, 0, 1
4f280435-14a2-4194-9f75-2e7ea72b39ba_225_jpg.rf.396f390132a21442c6e9126f20615c32.jpg, 1, 0
22ada72b-340c-4d68-9534-2729e3347cab_270_jpg.rf.398025c6ac2e0fefad9309dace809f78.jpg, 0, 1
cce642b7-d4aa-4dc6-951b-e1b655f68334_225_jpg.rf.398919a84db1d2362e8c07eb36d80e6e.jpg, 1, 0
WIN_20221229_22_46_47_Pro_jpg.rf.397bad01020f6a34594cdd0df2d6ae55.jpg, 1, 0
9cb97279-36f3-438c-97d5-91da39c4e13a_jpg.rf.397ff62dfc5ec7e278a0c390db8f38e0.jpg, 0, 1
72a74631-171a-4cf4-b978-58f358afa95c_225_jpg.rf.399cb31bdb770f0dd5e0df0af4b25224.jpg, 0, 1
9eaca121-9239-49f4-9d05-34ef9f10bcaa_270_jpg.rf.398c285bef5df35294d7e09d132ce215.jpg, 0, 1
014bcc0a-10c7-41eb-80eb-e2f62bb652b3_90_jpg.rf.39af6d953fb2eb41c4c8a98d2a98600a.jpg, 0, 1
6cdbe5d2-04bc-4a25-b1a0-be0a00a136ae_180_jpg.rf.39a16588e18fe420d120783a3f86c837.jpg, 0, 1
0df87bae-ddf0-49e3-97af-b371d8544547_45_jpg.rf.39b620e46c47b5b7f4638c5ca35cd124.jpg, 0, 1
79eb3e80-65d5-431c-b388-ea52ce593c7d_90_jpg.rf.39c0d07b7f3cac880b62ede6fc769d27.jpg, 1, 0
2a99660b-f767-40aa-937f-c4cd68d2ceac_180_jpg.rf.39d70eb97e510e6d0851fb72ec676384.jpg, 0, 1
39c71820-6b5b-499e-b2c6-a957f48c62fa_225_jpg.rf.39e261a61417657e5fd812575230e6fe.jpg, 0, 1
afd44643-9287-4080-934f-7a13c66d9bfd_135_jpg.rf.39f0047863d88efff588fe1dc49f76d7.jpg, 0, 1
228a8b47-9459-4326-898b-1c5953d755b4_90_jpg.rf.39f297ed3dcb7ae8537cfd7863d3ac9a.jpg, 0, 1
9dd803f6-3218-4e96-ad6e-55b3d36e8470_135_jpg.rf.3a01c0b0f42728f462641a595f43b6cc.jpg, 0, 1
01b9d47e-ecba-48fd-a83f-ece6e05995fc_90_jpg.rf.3a077f5a8e15aabdef6669690d33e9a9.jpg, 1, 0
9ec72020-824e-4c15-b633-cba42d080364_90_jpg.rf.3a0d3f13fac59aef228ce716d5c9db59.jpg, 1, 0
859bbe6e-7f46-4b86-acd1-86fea679de36_180_jpg.rf.3a13a311346f376390634675db050105.jpg, 0, 1
3c966d73-e030-422f-8e66-a2bfb35337dc_180_jpg.rf.3a128c58d4b68940c1d6d95e74702c62.jpg, 0, 1
WIN_20221229_22_01_11_Pro_jpg.rf.3a1cb70e4f092d50c8d7da81cf65cd1d.jpg, 1, 0
5c99f964-3704-402c-aa2d-42bd2fbacf4f_45_jpg.rf.3a129c8005f5d93bc74098466f566219.jpg, 0, 1
9dbe8a30-979a-4722-a1a9-712f4ecbb2a6_45_jpg.rf.3a1cc0826778aaefc4abbcc95d950e48.jpg, 0, 1
0c279d03-a83d-4404-b852-2b90d79e1ed3_jpg.rf.3a1c46233629e7a88d26c8a3bb83a56b.jpg, 0, 1
5d105570-fd52-46cd-a90a-9dfa42ef878a_135_jpg.rf.3a2f8862a02f8353e672c87ec48500c6.jpg, 0, 1
69ab59e3-c1ad-4509-a8b8-bd8e4fac2ae6_45_jpg.rf.3a3031b63f06cd60ee970d40d14353c9.jpg, 0, 1
811f5cf3-9a05-4b39-b1b3-174f31f7cec6_225_jpg.rf.3a269aa7cff1e991ea2d82337e658da9.jpg, 0, 1
70be0397-922c-4185-bb84-728b59ab25f8_90_jpg.rf.3a30bef76c216a09e039c6a0075d4f6e.jpg, 0, 1
226b7023-757d-4c11-9b59-a0e8f02e5274_180_jpg.rf.3a3534dc52fb0a524251ff9fe9140df1.jpg, 0, 1
d6faa4f5-e419-4c2d-b0be-316f48d5464a_90_jpg.rf.3a369ef9b241109afd4a940c446fc54b.jpg, 0, 1
611513d3-0fb7-4068-8cd8-68a9bdb056c4_90_jpg.rf.3a37a60b2788155f287c36a3d28d1f2a.jpg, 1, 0
a4b1b05e-8f9a-4f68-98fe-52dd9e2a9663_jpg.rf.3a37ecf657410bc360ff6debc470ad44.jpg, 1, 0
WIN_20221229_22_58_53_Pro_jpg.rf.3a37b52b3228946787d18a054861a306.jpg, 1, 0
adcb9cef-245f-4674-bd16-4c8ad789d0a8_225_jpg.rf.3a58b37097a857b2d88bef09c74df049.jpg, 0, 1
91b94861-b751-4b86-b7a3-f6b2e3dbbd89_225_jpg.rf.3a3e8eab6c66b82cb768421f1cff5802.jpg, 0, 1
4737a7d7-5d10-4912-b3e7-c8254a88af02_180_jpg.rf.3a4e029253890182efc65fcc5a6ad885.jpg, 0, 1
dc2d0160-f922-429c-8c3c-5a6f0f68c023_225_jpg.rf.3a39df0bedaa7c00ca998a20191e9e48.jpg, 0, 1
84c8c90b-b9c3-4290-bdff-f1946a11050a_45_jpg.rf.3a7dddc0fdbe87936785000f245e469a.jpg, 0, 1
6e3c83a7-c5c6-46b5-8562-ffa8d99f4bb2_225_jpg.rf.3a9234755c091a853f3316266f874fb1.jpg, 0, 1
44c7fb6b-7175-4aa3-98c2-9bc78d8a6f92_135_jpg.rf.3a936a66c52816f59519f4cc724362d1.jpg, 0, 1
0c4d65e5-1985-47b2-8252-616ed898bd7c_180_jpg.rf.3a9437b8dd25779a24190f36885ed9be.jpg, 0, 1
0c4d65e5-1985-47b2-8252-616ed898bd7c_90_jpg.rf.3a96a67d0b4a1b6a76e25aeb560dc4a0.jpg, 0, 1
805c86e2-7416-44fc-b8aa-f663db39cf8a_180_jpg.rf.3a9b033fcc93ed4f4f39a4cab43e1aba.jpg, 0, 1
WIN_20221229_23_21_35_Pro_jpg.rf.3a9c72c6851cd17d7382de16626c1a5c.jpg, 0, 1
75fea9b7-7c08-4ea2-bb8d-50096fdf774b_90_jpg.rf.3aab5cdd51b26de8ffe3c907160bf5fc.jpg, 0, 1
b84b2bd1-353d-4da0-80e6-da6df7b611b8_180_jpg.rf.3a9b06bcb6b6a0870b0ceafd68bb224c.jpg, 0, 1
0c279d03-a83d-4404-b852-2b90d79e1ed3_180_jpg.rf.3aaf0bc4b09d601b303beccc4de63609.jpg, 0, 1
ccd5cdb4-3df2-4b3b-833b-3bdc7d43ee4d_45_jpg.rf.3ab4e4aee45718b5721b23233b042d18.jpg, 0, 1
687de30d-714c-4d10-9b23-998af950a13a_jpg.rf.3abe6ec9f5a7458d24e4870288145751.jpg, 1, 0
00800bbf-203e-48bd-b64c-f14ef2579c8a_45_jpg.rf.3abeb14ff7a348d7d92064b48bb92bff.jpg, 0, 1
8ddce3ce-bc64-4942-93aa-940868007f64_180_jpg.rf.3ab657e1d96aec9d66e4ad5de5c9aa80.jpg, 0, 1
2bf615ea-7241-4861-82d7-bb74c8b5dfba_jpg.rf.3ac9ee658ea5ee2d55760e61b70c17c9.jpg, 0, 1
7ceae77f-3a56-4262-a271-2a8d727efbe9_180_jpg.rf.3ac9254ab040357e60fefc26dc44dee2.jpg, 0, 1
75fea9b7-7c08-4ea2-bb8d-50096fdf774b_180_jpg.rf.3aceadbe3fa7307a7c57652a637c4db4.jpg, 0, 1
93a64c9f-678d-4302-94ea-5758bbf7451c_270_jpg.rf.3add9cc8f34362f2731442b33c81549f.jpg, 0, 1
8ddce3ce-bc64-4942-93aa-940868007f64_45_jpg.rf.3ad82e01cf820b2f12b5e9e85d0b62f4.jpg, 0, 1
1ab90226-8889-4bcd-ad0c-ea01fedaaffd_135_jpg.rf.3ae517dbd2e97781a041e5c51bfaa83c.jpg, 1, 0
0b521929-1734-47b8-86c9-093445af0697_45_jpg.rf.3aed15cfe533b01e746cdb22c76f413b.jpg, 0, 1
WIN_20221229_23_31_36_Pro_jpg.rf.3aed8043b3e6b6e8fb8964d9f4578758.jpg, 0, 1
0df87bae-ddf0-49e3-97af-b371d8544547_180_jpg.rf.3af1ee1befcb14a4c52954e65bb38549.jpg, 0, 1
WIN_20221229_22_42_36_Pro_jpg.rf.3af52f61734c1764b19749ae240c018b.jpg, 1, 0
adcb9cef-245f-4674-bd16-4c8ad789d0a8_90_jpg.rf.3af2f24d6ca66e25d194ce1627cf2f4f.jpg, 0, 1
207aff1c-09cf-47d1-ae76-474c6c31b0e4_90_jpg.rf.3af9d3cd41cee1f7a43c8ef20c5bb22c.jpg, 0, 1
66ba2553-31f1-473c-9602-d2df0c1bb3f0_135_jpg.rf.3affdbd01346ad37e1d7cbcc5333ec1c.jpg, 0, 1
22ada72b-340c-4d68-9534-2729e3347cab_135_jpg.rf.3b051fbb5bd2d47d49c54112fd020adf.jpg, 0, 1
868aed84-639d-46d3-9f59-3d71ba702ea0_jpg.rf.3b0466eb5a02a4adfe3104628da109b3.jpg, 1, 0
6b30113e-141c-4956-964b-7b64918f694b_jpg.rf.3b1d74f1c59316f5b67022a3eaf04d42.jpg, 1, 0
1ab90226-8889-4bcd-ad0c-ea01fedaaffd_135_jpg.rf.3b204c3441b20e5cda9fa6cf78147b7e.jpg, 1, 0
92009a81-ec1a-4dc0-99aa-c0898383287c_45_jpg.rf.3b2089eefa65b2f8052df1a381e945e4.jpg, 0, 1
4fac26f2-1588-4362-9e73-ffe2e8791cbb_135_jpg.rf.3b1e889ddedb932489929a45f2441299.jpg, 1, 0
223d92bc-5ef8-450a-86d6-ab5d6e8c5b3e_jpg.rf.3b25b203a6b236808b5c567ea827cca9.jpg, 0, 1
2bf615ea-7241-4861-82d7-bb74c8b5dfba_45_jpg.rf.3b2fd0ce767aa4fbc1048ff1f3d28aec.jpg, 0, 1
00a9637f-e5c9-4522-8d19-d6b3e8bae3f3_90_jpg.rf.3b30816d0e0647d1cc5c11d72be0e863.jpg, 0, 1
6343bade-4271-437b-84ea-e9756e715080_270_jpg.rf.3b218552762a4f1bbb345eeb46d0c380.jpg, 0, 1
5522f66d-ad72-48d5-9767-5e7b23f6a206_180_jpg.rf.3b3354d1f14f8765a10f9c24c3624112.jpg, 1, 0
adcb9cef-245f-4674-bd16-4c8ad789d0a8_jpg.rf.3b380e926bd36f8ea6c8fab5a282937e.jpg, 0, 1
ae88b11a-3c51-46c9-a74f-4f141d73ed73_225_jpg.rf.3b3c2ed92ab842b68b45ad4422e9f629.jpg, 0, 1
96d467c2-fa44-474b-9e64-88f1f265aeaf_270_jpg.rf.3b545167a4d6a21719d13923e490c5a9.jpg, 0, 1
WIN_20221229_22_42_36_Pro_jpg.rf.3b3fe6dbe6763a544dce73f6d793d426.jpg, 1, 0
642d6f5f-fa24-4c18-b7b2-6b24334629a3_180_jpg.rf.3b5092de5c69f499cf55e76d4c6fd2aa.jpg, 0, 1
3c5c4ffd-e4d4-45b7-a07c-64e2f6788de2_180_jpg.rf.3b31e5c14cb70188d11817a577285550.jpg, 1, 0
936d35a1-f617-4a9b-99c6-32cfd8284d34_45_jpg.rf.3b595c531772bc2cf083661286d9eadf.jpg, 0, 1
256d7e4e-e47b-466f-adb1-051bda40d918_180_jpg.rf.3b5bf32c63a4eb86c04dc40cca6e1167.jpg, 0, 1
73cca509-de66-4cbc-9421-8fcb263fefcc_225_jpg.rf.3b6362aa70d6899e8ca1da6d073d861c.jpg, 0, 1
0d2a4a7e-7b37-49eb-9ad6-8faaf457ad82_jpg.rf.3b5e1855d05cbbae8752c669db54012b.jpg, 0, 1
80de665e-2077-4a83-9a40-20d2bcaeac43_135_jpg.rf.3b8e6eac55a642c76292cc18c6033c19.jpg, 0, 1
5d105570-fd52-46cd-a90a-9dfa42ef878a_45_jpg.rf.3b8934e6a9686f8e59edd4080ecd2393.jpg, 0, 1
6bb51206-67ec-431b-8484-93739b1fddad_135_jpg.rf.3b97e76f3dd901544b94dc39183f751d.jpg, 1, 0
WIN_20221229_22_48_00_Pro_jpg.rf.3b9959dddc4293fa3f3f70028c018506.jpg, 1, 0
16117db8-0d07-4950-b684-370b7d0813ec_225_jpg.rf.3b9eeb4cd4ed1e688b8c23a0fc83ea5e.jpg, 0, 1
b361e99e-9c59-43b5-92f6-80ad77c3287f_270_jpg.rf.3ba1aa7a7a830521af82c1e5fdc0cb0c.jpg, 1, 0
WIN_20221229_23_01_58_Pro_jpg.rf.3b9818d0eb644863046774708b0c9185.jpg, 1, 0
a4b1b05e-8f9a-4f68-98fe-52dd9e2a9663_45_jpg.rf.3ba25bba99d3073f413dd7bdc9a1f8af.jpg, 1, 0
WIN_20221229_23_32_04_Pro_jpg.rf.3b8191c08398ea4fd503c0229d3eac58.jpg, 0, 1
4dbf4259-4cc3-4ff3-8768-970703c6c8f9_225_jpg.rf.3baa53abec4b5ed907504ff54e25dc26.jpg, 0, 1
84c8c90b-b9c3-4290-bdff-f1946a11050a_135_jpg.rf.3ba970c86a0d4b403d2f2d1da1cd27e0.jpg, 0, 1
5d06dc79-9d5c-46d0-a720-e4898e65949c_90_jpg.rf.3baa55a4792b130a5615d379b4835b66.jpg, 1, 0
33e3e3fe-8e37-4b4a-aa04-ad3864731632_225_jpg.rf.3bc361e2e3eeb318a5e05505f7f2f683.jpg, 0, 1
25365714-d0ec-4a39-aba3-ea056e686ce9_270_jpg.rf.3bbfdbfb72d70df353817d6e586ca03b.jpg, 0, 1
1d4ead22-cc06-4fa2-9784-d9257f24ef86_270_jpg.rf.3bae55ca80b9aa92e5f4b36aa8eac621.jpg, 0, 1
de7c5c69-6255-4087-9565-1732a07c986d_45_jpg.rf.3bc5e9fac9901f59ed922d374d91b9be.jpg, 1, 0
859bbe6e-7f46-4b86-acd1-86fea679de36_jpg.rf.3bc4bacad1f9b72021c71519f373ca2a.jpg, 0, 1
4ded4873-2bd7-4d9b-80ae-7a8967c128ce_45_jpg.rf.3bdb11463864e8a43a817017e8ef6073.jpg, 1, 0
15fd3442-e84f-4c27-952b-ec415fe777d6_270_jpg.rf.3bdb1474418a56640518168be5c8b9d6.jpg, 0, 1
2c59ee70-dc1c-4de3-83ab-aa36a5fb92c9_45_jpg.rf.3bc9331d3d77eb93855daee1cd0eaf03.jpg, 0, 1
488a316b-07fc-410e-a5fd-84f831acc653_90_jpg.rf.3be04af3beb519320b19343f22390eb1.jpg, 0, 1
92009a81-ec1a-4dc0-99aa-c0898383287c_jpg.rf.3be7829ccada42d2dc8253acc769b8c1.jpg, 0, 1
708fb576-4b86-4d50-a652-cc0d64f5407a_180_jpg.rf.3bef9fc074fa3d60a303c1ec043e1927.jpg, 0, 1
92fe0088-90bc-4eaa-8567-a9b3ad0645e8_135_jpg.rf.3c0887707ae1f7f0123f53ad1bb696f4.jpg, 0, 1
22ada72b-340c-4d68-9534-2729e3347cab_225_jpg.rf.3bf98c9d18482075326e65f65ed6f389.jpg, 0, 1
2bf615ea-7241-4861-82d7-bb74c8b5dfba_90_jpg.rf.3c24300406fb9cfb61a53fccfe363dfe.jpg, 0, 1
a3f8b634-4b11-478d-bbfe-41a57317ad50_180_jpg.rf.3c17142d2eabb1a8f9fe974425065f6d.jpg, 0, 1
adcb9cef-245f-4674-bd16-4c8ad789d0a8_jpg.rf.3c2502a67c7708b4d7b6cad79e65b9df.jpg, 0, 1
WIN_20221229_22_34_44_Pro_jpg.rf.3c0ab6c5b572584dce1b716981963586.jpg, 1, 0
ef757b72-613c-4d8f-b8e0-a3564581cb0f_180_jpg.rf.85fabea13f5cee3c1293c8fd42801798.jpg, 1, 0
adcb9cef-245f-4674-bd16-4c8ad789d0a8_jpg.rf.85e61320f1eb9f54e6dfea77b3f06117.jpg, 0, 1
96f68346-9256-416a-a050-9ec4b750ccc6_135_jpg.rf.8606b4385b69d311c5e896bd480c3da3.jpg, 0, 1
01b9d47e-ecba-48fd-a83f-ece6e05995fc_90_jpg.rf.85b6063a96d99b15ef573d3fd1a3a730.jpg, 1, 0
6343bade-4271-437b-84ea-e9756e715080_225_jpg.rf.85788fe794ff7c50e2e92f225e3dc26a.jpg, 0, 1
WIN_20221229_22_23_45_Pro_jpg.rf.85f27a0bf30e719b3fbd4ffd118b33d2.jpg, 1, 0
b4b3a28f-aee8-402c-856a-b09db5dbeb4a_45_jpg.rf.858585199c7bd1ef83aef6bdb5cf08b2.jpg, 1, 0
WIN_20221229_22_27_45_Pro_jpg.rf.858c74034d4a11285bd8d728082818f0.jpg, 1, 0
WIN_20221229_23_34_04_Pro_jpg.rf.85c928efdefbdbb2a6224f7a2521c51d.jpg, 0, 1
24522061-cd21-4507-92da-432712838d1d_jpg.rf.85ee433967560b7c1805aed1803da3f9.jpg, 0, 1
9ec72020-824e-4c15-b633-cba42d080364_225_jpg.rf.860e47d69c7b03f16a4eb7c4859917ab.jpg, 1, 0
859bbe6e-7f46-4b86-acd1-86fea679de36_jpg.rf.85c49eefacaabb1673a3ff9ee2bf5c2f.jpg, 0, 1
15fd3442-e84f-4c27-952b-ec415fe777d6_135_jpg.rf.85d473856c9873549eff4cea072bdbc3.jpg, 0, 1
5d5357ec-e4b0-4f32-a45c-2dca5338324d_135_jpg.rf.8593fe2b12a6521be850cd1e845e1931.jpg, 0, 1
WIN_20221229_22_40_07_Pro_jpg.rf.85e2d622275570add66ca7e03ab0b59e.jpg, 1, 0
WIN_20221229_23_22_47_Pro_jpg.rf.862b929c7bb54220ccaef215aae32ddc.jpg, 0, 1
WIN_20221229_23_32_40_Pro_jpg.rf.85a77313fa0ca10b1e63f1f9cb13bc67.jpg, 0, 1
WIN_20221229_22_56_26_Pro_jpg.rf.85fbe2ad72b7b30c83d5fa8e4d77234e.jpg, 1, 0
WIN_20221229_22_32_08_Pro_jpg.rf.861c908e42aed8bcec94045c75b980e9.jpg, 1, 0
0df87bae-ddf0-49e3-97af-b371d8544547_270_jpg.rf.8586009c014a45b8d5ab94055bccb74c.jpg, 0, 1
WIN_20221229_22_07_46_Pro_jpg.rf.85ee1f30e39e66e5927a46a686907a0d.jpg, 1, 0
cce642b7-d4aa-4dc6-951b-e1b655f68334_270_jpg.rf.8624b33b880c411d9e94520430990c19.jpg, 1, 0
2a99660b-f767-40aa-937f-c4cd68d2ceac_180_jpg.rf.85d9595d48d201e47ca74ab92f79c081.jpg, 0, 1
0dab9689-2c2d-4dc6-bb71-db1b6d82cb17_90_jpg.rf.85be341d8aba661ea0dd2b6460046799.jpg, 0, 1
01c27009-f681-4495-8d82-599547aba120_135_jpg.rf.85bb3d802e1c54de05c514135a4c2130.jpg, 1, 0
75f27827-8267-4ad8-8c7f-938a7c0c0a72_135_jpg.rf.861c13f62a513716af90559451c959be.jpg, 0, 1
70be0397-922c-4185-bb84-728b59ab25f8_135_jpg.rf.85961dd42643514a4e0a4f90268e5737.jpg, 0, 1
61e87bb2-b69a-4d10-afa1-6c1a3d0291df_225_jpg.rf.85973b07942832889794731a37dea3aa.jpg, 1, 0
b4b3a28f-aee8-402c-856a-b09db5dbeb4a_90_jpg.rf.85bbdf2a7598ef4153f66be37cba2841.jpg, 1, 0
97e4c08e-3475-4d77-8b54-a2231e38f6a2_225_jpg.rf.8632bffd0b2ed116616dcad16cbe3236.jpg, 0, 1
b4b3a28f-aee8-402c-856a-b09db5dbeb4a_45_jpg.rf.8630e3146485dc6a244009b2d0075174.jpg, 1, 0
6cdbe5d2-04bc-4a25-b1a0-be0a00a136ae_90_jpg.rf.863be8a726bc76a6a0e21358c7daafde.jpg, 0, 1
WIN_20221229_23_18_37_Pro_jpg.rf.864512756a2f724945c682c019155759.jpg, 1, 0
2b3188c7-77de-4b98-aaa5-012b0941ca45_270_jpg.rf.8652701d86b38faa5f0dfd9fe2da931d.jpg, 0, 1
82743c35-e968-47ee-93f6-95270352fe13_225_jpg.rf.8640bc78822bb85b0ccc6b41f8da46ec.jpg, 1, 0
0aa414bb-510b-40c9-85e1-f7a7163b3e2c_45_jpg.rf.864b8f28fe0c08b250cacaf6daaa54b5.jpg, 0, 1
9a5fc62c-6820-4cb6-ba66-1063e612d144_135_jpg.rf.86551f961664ac95c6dd759217ba9278.jpg, 0, 1
93bde728-be7b-4af0-a18e-67f00d6fdcac_jpg.rf.86473df3c25cf76e4703da064435d3b9.jpg, 0, 1
611513d3-0fb7-4068-8cd8-68a9bdb056c4_90_jpg.rf.8661885be37d2b3f7987a80b1f3421a4.jpg, 1, 0
4d510781-6fad-4149-909f-5b3615711984_45_jpg.rf.866ee49357a41edc6840c62bb56d0839.jpg, 1, 0
a3f8b634-4b11-478d-bbfe-41a57317ad50_225_jpg.rf.8668aac29fa73e552d0f9a526f4129cc.jpg, 0, 1
8ddce3ce-bc64-4942-93aa-940868007f64_45_jpg.rf.8674b39e833763a6d0a9f92a56cb256c.jpg, 0, 1
84f05969-c971-4d44-8df4-3a80a71a545d_45_jpg.rf.86853f56b75979f1b0d5b275baa8940b.jpg, 0, 1
8d331829-b225-451b-8aaa-89058c62faf5_180_jpg.rf.86845fdb5cfb6f1e13226de6a9e6844e.jpg, 0, 1
a36b24dc-58f1-4270-b642-3bb7ec46de0f_270_jpg.rf.868094468800404d76a23b44e78229a5.jpg, 1, 0
WIN_20221229_22_37_13_Pro_jpg.rf.868f40270f4e074877f4d73d0a464967.jpg, 1, 0
9aa3d151-a2d6-4d13-ad4f-f133f4552c4f_135_jpg.rf.86948eeb5aaaae8113e23fd66356cb9d.jpg, 0, 1
9cc65155-05ca-40b0-b813-2892c3ff04a4_135_jpg.rf.868f05e86bc77ce426f5f77e1eee2bdf.jpg, 0, 1
8ddce3ce-bc64-4942-93aa-940868007f64_90_jpg.rf.869e68b0275d347de81321c4f8079388.jpg, 0, 1
1ab90226-8889-4bcd-ad0c-ea01fedaaffd_225_jpg.rf.86b167a0dbc14fdb9d8cd02c887db938.jpg, 1, 0
11037d07-18b3-4fc4-8025-f06dcbc0500d_45_jpg.rf.86b2b5827e3ae3463499feba940d3f8b.jpg, 1, 0
488a316b-07fc-410e-a5fd-84f831acc653_270_jpg.rf.86b2ba1f81bb6eff939f02e4e8985b08.jpg, 0, 1
215be899-dd62-42e0-b42e-8331622f5b9a_45_jpg.rf.86cd980d059ceea394923588e50a7a64.jpg, 0, 1
16117db8-0d07-4950-b684-370b7d0813ec_225_jpg.rf.86d71c4e0fc9f19316a85a500da58d27.jpg, 0, 1
WIN_20221229_22_58_25_Pro_jpg.rf.86d73361b5f0acc5b29ae9efa3fb7834.jpg, 1, 0
92009a81-ec1a-4dc0-99aa-c0898383287c_90_jpg.rf.86d62e35470100597d6351abec361fe8.jpg, 0, 1
WIN_20221229_22_40_53_Pro_jpg.rf.86e61a4514508dbdb5483a51dd185095.jpg, 1, 0
aa8cc596-1881-4e18-a73f-fe60f6a6a031_90_jpg.rf.86e746f755aca09fa40aa8ced673e8f0.jpg, 0, 1
73cca509-de66-4cbc-9421-8fcb263fefcc_180_jpg.rf.86e0918b9f8d97ea38465fe4039066b2.jpg, 0, 1
a57c3779-84b6-494f-a396-47718417b914_45_jpg.rf.86f393d5658d298c2565a7c21096babd.jpg, 0, 1
4de4ad31-de11-418b-a60d-a7192ea0c98a_225_jpg.rf.86ed012f473f167173078de9bae1816a.jpg, 1, 0
220fcc53-6ef7-45d1-8122-fa1c19ca9ec5_225_jpg.rf.8709e6f185b5dc55fb4cab6780a48ab8.jpg, 0, 1
a70cfd80-0fa8-48c8-ab56-7f7cc8b0bb9b_45_jpg.rf.86fcc86f9ffcd43c200916836e01c653.jpg, 0, 1
9fc543ac-91f3-43f6-8df6-28bb9709a3e6_jpg.rf.8703a431a27b29d0d98d58aec85745e0.jpg, 0, 1
6e3c83a7-c5c6-46b5-8562-ffa8d99f4bb2_225_jpg.rf.871a66020fc6d616ba5bae84d3bfabdd.jpg, 0, 1
1ab90226-8889-4bcd-ad0c-ea01fedaaffd_jpg.rf.8727214b27388de2e562d8aa51634b4b.jpg, 1, 0
df1a716e-d93a-4e13-8144-399bae44a249_225_jpg.rf.872b7b4b9588787ab26f82d2a8a36b24.jpg, 1, 0
WIN_20221229_22_05_40_Pro_jpg.rf.872d9deedcde2b701f859a983af25ec9.jpg, 1, 0
2abea0f5-7c2a-4519-88c1-d33080ac7db2_45_jpg.rf.87287923fe0e5d2e4d3fdf0b07577023.jpg, 1, 0
72a2b8f8-c7ca-4222-b2a1-9b82ac7990f4_jpg.rf.87393ec425fd71295b2f3f9ac84e853b.jpg, 0, 1
WIN_20221229_22_16_31_Pro_jpg.rf.873e76410fce82a19be1f8c3b0f23dba.jpg, 1, 0
5c99f964-3704-402c-aa2d-42bd2fbacf4f_jpg.rf.8746509299123a42e6affc9eaa8c416f.jpg, 0, 1
92fe0088-90bc-4eaa-8567-a9b3ad0645e8_90_jpg.rf.873e2c42dce21936d356fc5c65f5164a.jpg, 0, 1
708fb576-4b86-4d50-a652-cc0d64f5407a_135_jpg.rf.874bf0ca729298c7b1ae0f9dd26419dc.jpg, 0, 1
00137db3-94aa-4aa5-aa3b-e3e09d6a5ef5_45_jpg.rf.87555c5b8279ac34542892121a1ad880.jpg, 0, 1
6181c79d-f063-4fa4-be90-ae376d6b3bdc_45_jpg.rf.876e0c72e45edaaabe6990ffbac83e6e.jpg, 1, 0
91c2e56d-2549-4574-9414-86aa17e84ef4_135_jpg.rf.87663c104e0e30b70ba095ed903607c0.jpg, 0, 1
91c2e56d-2549-4574-9414-86aa17e84ef4_jpg.rf.8771af0b1a5404521ae4f96a2b842597.jpg, 0, 1
9765b374-f3eb-4a26-903c-90d85bc9fe0a_45_jpg.rf.8774ca445670f43984a1be05c9ce48fc.jpg, 0, 1
WIN_20221229_22_31_15_Pro_jpg.rf.8776637efe910dfa5f34e7b1aa4f15ac.jpg, 1, 0
5aa96b87-9a19-4beb-971d-21bde07a9a0b_jpg.rf.87768ef0bee9d4c23acd021a1f3dfce2.jpg, 1, 0
00a9637f-e5c9-4522-8d19-d6b3e8bae3f3_45_jpg.rf.877c7bcd6b9172d92e7494bc04169c8e.jpg, 0, 1
1acf8679-d50f-446c-b806-def7d073e244_45_jpg.rf.879607c3af48977c2320094a8a251072.jpg, 1, 0
56863d51-82dd-432b-808a-bb09a5e65be6_180_jpg.rf.8777bfabe17012d4f0f621cb687f04c5.jpg, 0, 1
15f5d196-2633-4a7b-9102-b33c659c6024_jpg.rf.878206035958c2641e76b2f6eebd4bd1.jpg, 0, 1
7089d907-9aaf-459e-ae22-53962285fbc8_225_jpg.rf.87aa9aaf789b2252f9dd16ad7e6cb47d.jpg, 0, 1
WIN_20221229_22_41_15_Pro_jpg.rf.87b01e4c011c02268597cf63518cc19e.jpg, 1, 0
82743c35-e968-47ee-93f6-95270352fe13_45_jpg.rf.87a39774687fd85c29fdee335ff8f512.jpg, 1, 0
233af445-c0e5-4bb1-ad5f-743becd76cab_270_jpg.rf.87975b8911022cd9910a7ef33581f331.jpg, 0, 1
3fa757aa-5f48-4acc-b2d9-edf0d584d79a_90_jpg.rf.87b22fc0a8b817405a351dc696ab3a4d.jpg, 0, 1
d6faa4f5-e419-4c2d-b0be-316f48d5464a_180_jpg.rf.87c87ae4f2e677434340e521904fc695.jpg, 0, 1
91fd5e6d-6fa7-45ec-b8dd-a390713a150f_135_jpg.rf.87ddd95cdd4d657818e11b6d1e926c47.jpg, 0, 1
cce642b7-d4aa-4dc6-951b-e1b655f68334_270_jpg.rf.87d565d8177c452ef188d8fc7b4952c1.jpg, 1, 0
507e6cd8-2041-47e5-b174-28a6d9328985_jpg.rf.87eab093b1364da2783e087449fef8a7.jpg, 0, 1
5d5357ec-e4b0-4f32-a45c-2dca5338324d_45_jpg.rf.87ee9640b1b3d56d6b2be75245b8d71d.jpg, 0, 1
00800bbf-203e-48bd-b64c-f14ef2579c8a_jpg.rf.87e2eacc19e32cecc0eb3711f9a039aa.jpg, 0, 1
4dcbce83-654c-4125-9939-c4398187533a_jpg.rf.87e8b22a5c8b0cc70c4f2913c8facaeb.jpg, 1, 0
96d467c2-fa44-474b-9e64-88f1f265aeaf_45_jpg.rf.87fceed6b8c33966bc2d1e80e6cfa5e0.jpg, 0, 1
706a501b-940f-4252-89a9-1afae476d3b1_jpg.rf.880051bcada89cc1976296c02f6effba.jpg, 0, 1
d6faa4f5-e419-4c2d-b0be-316f48d5464a_180_jpg.rf.880102ac3d32d9dc649a20d635992370.jpg, 0, 1
82dbf814-a3a3-4cba-9277-08c10de5c8a4_90_jpg.rf.88040498c6c2079d5ed3c5b25176205c.jpg, 0, 1
3fa757aa-5f48-4acc-b2d9-edf0d584d79a_180_jpg.rf.881698fa9b50f864efa6ade1fdf3cb1b.jpg, 0, 1
92009a81-ec1a-4dc0-99aa-c0898383287c_225_jpg.rf.8838984730da8700bb945579c0f9ef5d.jpg, 0, 1
226b7023-757d-4c11-9b59-a0e8f02e5274_135_jpg.rf.8824efa922d8d1a456e1ed3c98780142.jpg, 0, 1
9765b374-f3eb-4a26-903c-90d85bc9fe0a_270_jpg.rf.883990285cfb3124a6673d92bb48125f.jpg, 0, 1
WIN_20221229_23_26_46_Pro_jpg.rf.8841aa1aaec6370dcbd50020eb2aaf2f.jpg, 0, 1
92787dc3-1720-41c4-8acc-5c7f3fda0fa5_jpg.rf.881538b43e0a17470fb23aa6228583c7.jpg, 1, 0
0b521929-1734-47b8-86c9-093445af0697_45_jpg.rf.884732a49cf5c2184a1f94ae44655790.jpg, 0, 1
01b9d47e-ecba-48fd-a83f-ece6e05995fc_jpg.rf.883e2f3a0f8f70f3999c3818e2848d5a.jpg, 1, 0
afd44643-9287-4080-934f-7a13c66d9bfd_45_jpg.rf.884abb3a04e010af09dbaa6b45efa492.jpg, 0, 1
70f70f97-4a9e-4d42-a08b-3b7d1b9abef8_135_jpg.rf.884f72b820236592e10be910a104d05f.jpg, 0, 1
226b7023-757d-4c11-9b59-a0e8f02e5274_270_jpg.rf.8854d79f1c5694c8b7f02738d0e85bf2.jpg, 0, 1
01aff576-d811-4858-bc7b-e66af9db530f_180_jpg.rf.8855dd5d286879abe2bd5a4b6a9cbc40.jpg, 1, 0
2c59ee70-dc1c-4de3-83ab-aa36a5fb92c9_45_jpg.rf.884c42d582a18d52cd549c0c9d7f3f45.jpg, 0, 1
5c99f964-3704-402c-aa2d-42bd2fbacf4f_jpg.rf.8862587ca380316bc72a69465f78a24c.jpg, 0, 1
a70cfd80-0fa8-48c8-ab56-7f7cc8b0bb9b_225_jpg.rf.88590ebffc01fd077c5629fa13cdb2b4.jpg, 0, 1
a936c90a-8f24-4289-b10b-4830ac9f3019_135_jpg.rf.885cbfe30a7c86d8b2801fa57a462114.jpg, 0, 1
499ce0e3-7fe4-4fd4-bd8a-5aa00aab3f43_225_jpg.rf.8864b436600c9132aa458698994e83ec.jpg, 0, 1
2b3188c7-77de-4b98-aaa5-012b0941ca45_135_jpg.rf.8868350e3a4ac88aada1079f5a26bacb.jpg, 0, 1
1513532a-b352-4b17-b681-b02f3127b483_135_jpg.rf.8874be5a382294454e3a6d3248b47062.jpg, 0, 1
223d92bc-5ef8-450a-86d6-ab5d6e8c5b3e_270_jpg.rf.886edde8f9851959db306131d984dc44.jpg, 0, 1
108ca99a-5abc-4dca-8e9e-ad3551748f1a_270_jpg.rf.88751bb88c18602870764c5e57556754.jpg, 0, 1
WIN_20221229_23_11_18_Pro_jpg.rf.889154684345c48fd6959cf811354306.jpg, 1, 0
4eddf419-3396-43d2-8b40-3ccecf2a2620_45_jpg.rf.888bc44b720401c4c8408e23d7a24485.jpg, 1, 0
5d105570-fd52-46cd-a90a-9dfa42ef878a_90_jpg.rf.88847867760f496ee20815051b0b2f6f.jpg, 0, 1
40cbb123-b3d1-4546-aa26-2fdd1090b075_180_jpg.rf.88953144c336f2ec26d2298f479de60f.jpg, 0, 1
51ba5ef7-fd64-4d52-9c3f-9d70e0ff040f_90_jpg.rf.88996807913d8f08739afdf3772ca425.jpg, 0, 1
217ac982-fddf-49ae-a311-27cf800d10f0_225_jpg.rf.8896b40bad8d1b324980600daba8b647.jpg, 0, 1
9dd803f6-3218-4e96-ad6e-55b3d36e8470_135_jpg.rf.88a889b35ea153bc25d23f25c5a7a95a.jpg, 0, 1
de7c5c69-6255-4087-9565-1732a07c986d_270_jpg.rf.88b39962589ae8ab02c47f451403e1c4.jpg, 1, 0
82743c35-e968-47ee-93f6-95270352fe13_45_jpg.rf.88d303e0e3b0c8290a50df37e85da589.jpg, 1, 0
4ded4873-2bd7-4d9b-80ae-7a8967c128ce_90_jpg.rf.88c867451af277e9bb49e602bc60ee3a.jpg, 1, 0
33e3e3fe-8e37-4b4a-aa04-ad3864731632_225_jpg.rf.88d6de258767bd13bf0d6261d9acb1a5.jpg, 0, 1
6e3c83a7-c5c6-46b5-8562-ffa8d99f4bb2_225_jpg.rf.88e5d4f772a766f3313cadb4e2c42d62.jpg, 0, 1
91fd5e6d-6fa7-45ec-b8dd-a390713a150f_180_jpg.rf.88e94c4daa66e7bf72ee86e6bf9e962c.jpg, 0, 1
859bbe6e-7f46-4b86-acd1-86fea679de36_90_jpg.rf.88f1999e82e9247e89c72e7812ff534c.jpg, 0, 1
01aff576-d811-4858-bc7b-e66af9db530f_45_jpg.rf.88e8e054173429dbae6bfe5614b390a2.jpg, 1, 0
52e703e1-69d2-44c7-a214-269fa0e09054_225_jpg.rf.88fade2b80d62675b32bfaa70666790f.jpg, 0, 1
642d6f5f-fa24-4c18-b7b2-6b24334629a3_45_jpg.rf.88f4163bf0e5d5b747e37565c5358fd0.jpg, 0, 1
7089d907-9aaf-459e-ae22-53962285fbc8_270_jpg.rf.88f626810739aefb34108ab2a1ecc3f9.jpg, 0, 1
3fa757aa-5f48-4acc-b2d9-edf0d584d79a_180_jpg.rf.88f81ad556a930bc62139bacea478155.jpg, 0, 1
WIN_20221229_22_39_39_Pro_jpg.rf.8907fbf79dd55f564d5eedf3f026b09f.jpg, 1, 0
ac755961-63a0-4e01-b87e-eacd0b5d7899_45_jpg.rf.890aa00ac5cd607cc118cbf165b83ab9.jpg, 0, 1
44c7fb6b-7175-4aa3-98c2-9bc78d8a6f92_135_jpg.rf.8907e9a4f7d229b9df7698f36f720507.jpg, 0, 1
6181c79d-f063-4fa4-be90-ae376d6b3bdc_90_jpg.rf.88fe636748ecb47c41551f75967f950e.jpg, 1, 0
76d57cee-bb5c-4631-b737-fe16b92c2a28_225_jpg.rf.890fa984102f695432dd1c05a5da09c7.jpg, 0, 1
96f68346-9256-416a-a050-9ec4b750ccc6_180_jpg.rf.892dbe73896a610902bf89f930d0ef3f.jpg, 0, 1
223d92bc-5ef8-450a-86d6-ab5d6e8c5b3e_90_jpg.rf.89321e26d4929bbe7196a3cb6292c5a1.jpg, 0, 1
7ceae77f-3a56-4262-a271-2a8d727efbe9_180_jpg.rf.891ddfc128a72fae32b7ac9a3b482e50.jpg, 0, 1
936d35a1-f617-4a9b-99c6-32cfd8284d34_180_jpg.rf.8953c5fd282df87cb1a64ad2fb05f7aa.jpg, 0, 1
92009a81-ec1a-4dc0-99aa-c0898383287c_270_jpg.rf.89344bc7c40e305d737d17991172c1d5.jpg, 0, 1
56863d51-82dd-432b-808a-bb09a5e65be6_180_jpg.rf.89465d27a137081ea745a8d57a43a2b7.jpg, 0, 1
75fea9b7-7c08-4ea2-bb8d-50096fdf774b_135_jpg.rf.89560077804b20ee730b2f0f09c9e35a.jpg, 0, 1
WIN_20221229_22_55_39_Pro_jpg.rf.895b3fe16d892eef93408c4527a22bac.jpg, 1, 0
764af58e-c590-444a-aefd-b4bc11f74c40_135_jpg.rf.895f3a6f85329db5fb94d9582a1e91b1.jpg, 1, 0
aa8cc596-1881-4e18-a73f-fe60f6a6a031_jpg.rf.895c18ede7b668624be07bb0d052613a.jpg, 0, 1
8bfe69f8-33fd-4fea-8a42-c821ffd94be0_270_jpg.rf.89607d3800787cbf28a242ddeb5e6223.jpg, 1, 0
4dbf4259-4cc3-4ff3-8768-970703c6c8f9_135_jpg.rf.897394ff8218c3e99b8b4f9554061cc1.jpg, 0, 1
233af445-c0e5-4bb1-ad5f-743becd76cab_180_jpg.rf.8973da6dda4548ec259376fae53883f8.jpg, 0, 1
72a74631-171a-4cf4-b978-58f358afa95c_90_jpg.rf.896c7465f9db1be4908536d999d8f4bf.jpg, 0, 1
5a3117dc-7932-4c34-ae3f-e5867c98ee0a_135_jpg.rf.89754cbf245e989b7ebde34dc859b915.jpg, 0, 1
WIN_20221229_22_04_44_Pro_jpg.rf.8977dd336dfe2c4ae035ad425b5852cd.jpg, 1, 0
00137db3-94aa-4aa5-aa3b-e3e09d6a5ef5_270_jpg.rf.897ebe278fc547681bd28f0cf51ca2e7.jpg, 0, 1
878a59f0-76a6-4a7c-8e4a-45283cfb4465_180_jpg.rf.897e399ee412cdcbe055eece7322e190.jpg, 0, 1
9dbe8a30-979a-4722-a1a9-712f4ecbb2a6_45_jpg.rf.898296a6089854b3ba130909d007483d.jpg, 0, 1
WIN_20221229_22_50_46_Pro_jpg.rf.8986abb2f0f9ce5517a58c78dca088bd.jpg, 1, 0
8d331829-b225-451b-8aaa-89058c62faf5_270_jpg.rf.89835ff358f7e030b1675654b02fe70f.jpg, 0, 1
1b05898a-3be4-4b9e-b4a0-6d23dfdaabf0_jpg.rf.89870525bedb49bc5822055b49fa1dec.jpg, 0, 1
217fef04-2462-4dca-a170-f780b700b17e_180_jpg.rf.89870675cfb255044528ee33277c45fd.jpg, 0, 1
507e6cd8-2041-47e5-b174-28a6d9328985_180_jpg.rf.89916681af79db9c9b5d23a05c1ab673.jpg, 0, 1
4dcbce83-654c-4125-9939-c4398187533a_jpg.rf.89961bba469b60adcdbd1e4c0f6d70cf.jpg, 1, 0
7ceae77f-3a56-4262-a271-2a8d727efbe9_jpg.rf.89909ebb1bb72b0f56b5ce6037b348e9.jpg, 0, 1
73cca509-de66-4cbc-9421-8fcb263fefcc_180_jpg.rf.89a1f5d916cefe9b473a2e83526397d2.jpg, 0, 1
WIN_20221229_22_46_15_Pro_jpg.rf.89a5c72d846c1200a0c3d55caf58c2b3.jpg, 1, 0
6343bade-4271-437b-84ea-e9756e715080_jpg.rf.89ab12bfe1e97c4480d61cf90b70252a.jpg, 0, 1
80c4e3b8-9502-4216-aad1-1b5f6f3d6b72_45_jpg.rf.899a4115cd6fcf8d323e1755509c03d8.jpg, 0, 1
44c7fb6b-7175-4aa3-98c2-9bc78d8a6f92_jpg.rf.89ad767dce89e675eeec04c263ed0bda.jpg, 0, 1
87ad76a7-bd79-4c43-86bb-4db4498e10f1_jpg.rf.89af249de0f9ae78125917eb5bc774c3.jpg, 0, 1
53f913e3-941b-4772-8446-2bad471e22b0_45_jpg.rf.89b34b52c3060ad1f51d54895a83c38d.jpg, 0, 1
afd44643-9287-4080-934f-7a13c66d9bfd_135_jpg.rf.89b368c44a4e1aecb85a68825728ff22.jpg, 0, 1
01c27009-f681-4495-8d82-599547aba120_135_jpg.rf.89b41fb0f1fd066cedfdbee8f804c8bf.jpg, 1, 0
2c59ee70-dc1c-4de3-83ab-aa36a5fb92c9_270_jpg.rf.89bdb2fe3a48aa4a9dcf9023fa29e075.jpg, 0, 1
a70cfd80-0fa8-48c8-ab56-7f7cc8b0bb9b_135_jpg.rf.89c3704dd22b2f4dc2ba1597d03cfd78.jpg, 0, 1
4f08fc98-7d4d-43f7-921d-b2ccf8ca726d_135_jpg.rf.89c233214e4407adff340918c819601a.jpg, 1, 0
91c2e56d-2549-4574-9414-86aa17e84ef4_180_jpg.rf.89c4ad0aa563b5a4f6cf5fafb292ea15.jpg, 0, 1
27f3e57e-469f-4627-8144-2ce3e9d048b7_225_jpg.rf.89d7e7fdd47e22acd63f6933f59e3f18.jpg, 0, 1
70be0397-922c-4185-bb84-728b59ab25f8_270_jpg.rf.89d014d32b65a2167b4c2e73e7355700.jpg, 0, 1
d2936fba-871f-4fbe-97da-b6e6e347e889_jpg.rf.89de1aa8e53ad4e9a5b6c13a2d1c8180.jpg, 1, 0
afd3edfe-e4fe-4715-8429-5af060c5f0d9_45_jpg.rf.89d2eb7281a401de599133ddd2d37816.jpg, 0, 1
15f5d196-2633-4a7b-9102-b33c659c6024_90_jpg.rf.89e4e093b2fc7287eaaf888865c270f0.jpg, 0, 1
4de4ad31-de11-418b-a60d-a7192ea0c98a_jpg.rf.89fd22962080ff88c1a3c1c77d52ccca.jpg, 1, 0
66ba2553-31f1-473c-9602-d2df0c1bb3f0_135_jpg.rf.8a09c72b18f44d521a6a85cb562bd1a1.jpg, 0, 1
345b8a93-c7d2-4b34-9e0c-90f2561ada84_180_jpg.rf.89e9d6830cffc095c6f1547ec9c3c34b.jpg, 0, 1
345b8a93-c7d2-4b34-9e0c-90f2561ada84_45_jpg.rf.8a226976eeb36a841855746ace8e09b7.jpg, 0, 1
256d7e4e-e47b-466f-adb1-051bda40d918_225_jpg.rf.8a3bfce168adb5f255ce153551ea7c1a.jpg, 0, 1
WIN_20221229_23_19_00_Pro_jpg.rf.8a294150df099cbbc228f79d3dc27af3.jpg, 1, 0
ccd5cdb4-3df2-4b3b-833b-3bdc7d43ee4d_45_jpg.rf.8a25a764ff1fe99aa8c4871142bceb5e.jpg, 0, 1
91fd5e6d-6fa7-45ec-b8dd-a390713a150f_270_jpg.rf.8a3f9088afc64c5cad5706ded56de6bb.jpg, 0, 1
d02674ec-4a90-43c1-9aba-1cf70300a55a_225_jpg.rf.8a421ec21a56da3249c25e4e8a537e0d.jpg, 1, 0
ae88b11a-3c51-46c9-a74f-4f141d73ed73_45_jpg.rf.8a4b0fb5789c197c775d8442cb873709.jpg, 0, 1
9eaca121-9239-49f4-9d05-34ef9f10bcaa_225_jpg.rf.8a48099407639709db584b4f386b02b6.jpg, 0, 1
WIN_20221229_22_30_25_Pro_jpg.rf.8a5f022b34dd4dbfbb0251f6f3077c74.jpg, 1, 0
69ab59e3-c1ad-4509-a8b8-bd8e4fac2ae6_180_jpg.rf.8a5415b85c48756c75dc4b65b44d44c6.jpg, 0, 1
39c71820-6b5b-499e-b2c6-a957f48c62fa_270_jpg.rf.8a542213c366c4d99abcbb691d962e88.jpg, 0, 1
WIN_20221229_23_01_23_Pro_jpg.rf.8a62cbb6ea245ef81a6bec07f9756c60.jpg, 1, 0
WIN_20221229_23_22_47_Pro_jpg.rf.8a64586b3fdecd4f70b27cbb825a1f8a.jpg, 0, 1
4eddf419-3396-43d2-8b40-3ccecf2a2620_180_jpg.rf.8a6cec6b4dab40c1d3631eba2e3b2504.jpg, 1, 0
4eddf419-3396-43d2-8b40-3ccecf2a2620_180_jpg.rf.8a63de8d9513ca581d1f62e9d1d99380.jpg, 1, 0
4fac26f2-1588-4362-9e73-ffe2e8791cbb_180_jpg.rf.8a7edd1b8c95627248b11618ee5efe1f.jpg, 1, 0
6fb259e3-002e-473c-a2bc-4a9f48c1ebe7_225_jpg.rf.8a8177e7781a083e0cf942ad00392136.jpg, 1, 0
WIN_20221229_23_08_22_Pro_jpg.rf.8a7e2909739629bd503a43c26484f7d4.jpg, 1, 0
3c966d73-e030-422f-8e66-a2bfb35337dc_270_jpg.rf.8a83681cc947d7dee15e7c0bb739e7a2.jpg, 0, 1
5aa96b87-9a19-4beb-971d-21bde07a9a0b_90_jpg.rf.8a738531bd3b1d9c02b98da999dd7b01.jpg, 1, 0
WIN_20221229_22_37_27_Pro_jpg.rf.8a89b9ee6ec5a0994757278fc7311a3f.jpg, 1, 0
93bde728-be7b-4af0-a18e-67f00d6fdcac_90_jpg.rf.8aa39fc26e83787166569f5c74326516.jpg, 0, 1
51ba5ef7-fd64-4d52-9c3f-9d70e0ff040f_270_jpg.rf.8a98f6df70dbfe4d480c35f0e8c5d2ac.jpg, 0, 1
WIN_20221229_22_04_05_Pro_jpg.rf.8aa3e69992dc35591a6bf216c24c2e4e.jpg, 1, 0
94a26150-c197-425f-961b-0a4ae35825cf_135_jpg.rf.8ab2f425750b1249d6ec646aa1b9cea8.jpg, 0, 1
d02674ec-4a90-43c1-9aba-1cf70300a55a_225_jpg.rf.8ab0d301c8a74246db3d01d913de6d0e.jpg, 1, 0
92810cd4-1652-4556-bc0b-b2e953449143_90_jpg.rf.8ab75860c18a141828489816f9f98ff7.jpg, 0, 1
09e044e6-a2b6-4827-9853-beb7d392347f_225_jpg.rf.8ab9333fa45fafe440fb9f35c081401a.jpg, 0, 1
cce642b7-d4aa-4dc6-951b-e1b655f68334_225_jpg.rf.8ad6deb65172fecf30e7d4a3c393d7b6.jpg, 1, 0
84c8c90b-b9c3-4290-bdff-f1946a11050a_90_jpg.rf.8abc08429dbdcc803324eeece4a61728.jpg, 0, 1
706a501b-940f-4252-89a9-1afae476d3b1_jpg.rf.8ad2971041d414d628037c9d4f383bb1.jpg, 0, 1
WIN_20221229_22_00_50_Pro_jpg.rf.8ad9968d49b893c41ee007a893fecd78.jpg, 1, 0
73cca509-de66-4cbc-9421-8fcb263fefcc_90_jpg.rf.8adc89114d9d3218d88cfb6654d26ebf.jpg, 0, 1
6e3c83a7-c5c6-46b5-8562-ffa8d99f4bb2_135_jpg.rf.8adfef00b659b709eb756768ec30a6ad.jpg, 0, 1
9dd803f6-3218-4e96-ad6e-55b3d36e8470_jpg.rf.8ae78501d3f34874f8d0902f8b3d4787.jpg, 0, 1
f206736f-e48f-4e12-b367-144752c744e6_45_jpg.rf.8adc532efaaa8e5a43dece94520ce91a.jpg, 1, 0
ccd5cdb4-3df2-4b3b-833b-3bdc7d43ee4d_45_jpg.rf.8aed2bf86f4da4973f204849392700f8.jpg, 0, 1
b361e99e-9c59-43b5-92f6-80ad77c3287f_90_jpg.rf.8ae82d9a9cb98a098b94ee1069b46cc8.jpg, 1, 0
014bcc0a-10c7-41eb-80eb-e2f62bb652b3_180_jpg.rf.8aee2bc9ce38162f0562dc6f02cdf7e7.jpg, 0, 1
a57c3779-84b6-494f-a396-47718417b914_jpg.rf.8af18e209e6669f410c97478a4c58bc9.jpg, 0, 1
303bf4f0-4e58-4f52-83e1-73f1a7ceabc5_45_jpg.rf.8afae9de5d186708c6cfdcd976561f52.jpg, 0, 1
4d510781-6fad-4149-909f-5b3615711984_45_jpg.rf.8af2d25e72e541ecce1d55ab19e70efe.jpg, 1, 0
25365714-d0ec-4a39-aba3-ea056e686ce9_jpg.rf.8afb3b3af9939b94d9cbce7795636ecd.jpg, 0, 1
84f05969-c971-4d44-8df4-3a80a71a545d_jpg.rf.8af5270ed3902cf85feb0571c8a95605.jpg, 0, 1
9dd803f6-3218-4e96-ad6e-55b3d36e8470_45_jpg.rf.8b07ab41546cd4db82eee3020e6b4944.jpg, 0, 1
dc2d0160-f922-429c-8c3c-5a6f0f68c023_45_jpg.rf.8b0ade60c97a91f73679379a0f5d96b5.jpg, 0, 1
24a200ea-e903-4bcd-aee1-fb26e7bfd757_225_jpg.rf.8b0428666a378db7a8ee7db7eb367dbb.jpg, 0, 1
6f8a29a3-8b83-47d6-8a5b-7baf97fd4469_225_jpg.rf.8b1b3c30e19680e3d06901eca9a9253d.jpg, 0, 1
ba25564d-c23a-450d-b0af-a191ed900fb1_jpg.rf.8b1b513b6e936d7216b4331e0626ed50.jpg, 1, 0
afd3edfe-e4fe-4715-8429-5af060c5f0d9_135_jpg.rf.8b2d6dc6b4d2833a3c441c00cf4b270a.jpg, 0, 1
6f8a29a3-8b83-47d6-8a5b-7baf97fd4469_90_jpg.rf.8b307a37aa6f683e7f5dfa2731c450c0.jpg, 0, 1
60f07eaa-f4a0-4939-9882-acce7b2ee256_90_jpg.rf.8b20a90721ced12606adc62b76e84586.jpg, 0, 1
96d467c2-fa44-474b-9e64-88f1f265aeaf_270_jpg.rf.8b32cc3b83835f5d29d32ce68ff0f8f8.jpg, 0, 1
WIN_20221229_22_55_39_Pro_jpg.rf.8b355cb3b9569a2358e193e3f05010cb.jpg, 1, 0
WIN_20221229_23_26_54_Pro_jpg.rf.8b3a5ae49315f1f33b7f2b806a2b64ef.jpg, 0, 1
52c230c2-20b1-4769-978c-d0a859364b3e_90_jpg.rf.8b394dea5524f8efc1677c30e09ee007.jpg, 0, 1
15fd3442-e84f-4c27-952b-ec415fe777d6_135_jpg.rf.8b45a0b6c1ce12e13f3d218e5e85a64b.jpg, 0, 1
b4b3a28f-aee8-402c-856a-b09db5dbeb4a_90_jpg.rf.8b471cd4cfb7f69d6bc283fcd95dd50f.jpg, 1, 0
4f280435-14a2-4194-9f75-2e7ea72b39ba_90_jpg.rf.8b4ed3325a73d5dfb670b81bccdf566e.jpg, 1, 0
6b30113e-141c-4956-964b-7b64918f694b_225_jpg.rf.8b42707b1293c7343f2822cad291fe65.jpg, 1, 0
0c279d03-a83d-4404-b852-2b90d79e1ed3_180_jpg.rf.8b5d4d9caac1f33415bbb7bbfb9e7677.jpg, 0, 1
22ada72b-340c-4d68-9534-2729e3347cab_225_jpg.rf.8b534ce86160091df039d0086b442b39.jpg, 0, 1
dc2d0160-f922-429c-8c3c-5a6f0f68c023_90_jpg.rf.8b6075e69c43519ed66e49e2bf9347a0.jpg, 0, 1
70f70f97-4a9e-4d42-a08b-3b7d1b9abef8_180_jpg.rf.8b632dce63c9dcb91f7d1122a2fbbc6f.jpg, 0, 1
228a8b47-9459-4326-898b-1c5953d755b4_jpg.rf.8b78f444c260a4b667baa816c03129cc.jpg, 0, 1
6e3c83a7-c5c6-46b5-8562-ffa8d99f4bb2_90_jpg.rf.8b71af5fc02c7d25a838846cc1e5163f.jpg, 0, 1
WIN_20221229_22_59_46_Pro_jpg.rf.8b8aedf6a89e15c12e082b0ef69a4aa8.jpg, 1, 0
52fd332d-b13d-4675-8292-bfb533d39432_45_jpg.rf.8b776fb3e90fb66b732435fca7759e98.jpg, 0, 1
dc2bb2f5-03e1-46c1-9886-bda5f5bee11b_jpg.rf.8ba3d93f018af0372757583ff5883089.jpg, 0, 1
66ffa488-289b-4188-afe1-7764a1a1bb1a_135_jpg.rf.8b91f7e2dee169dbf566b4ac956d4e39.jpg, 0, 1
8e753e61-dd28-45b8-aa64-e6c1e71bd812_225_jpg.rf.8bb23a97ebd831a130267bf239b2687a.jpg, 0, 1
80de665e-2077-4a83-9a40-20d2bcaeac43_jpg.rf.8bb270245344fc86defebe21d266c34f.jpg, 0, 1
WIN_20221229_22_07_46_Pro_jpg.rf.8bb2b1b0c213dbd098c71d0e5a8c996f.jpg, 1, 0
120bdf6d-39ea-4df8-b8a7-1a4362423b28_225_jpg.rf.8bb48ce73ac09e75584bb518480092c2.jpg, 0, 1
22ada72b-340c-4d68-9534-2729e3347cab_270_jpg.rf.8bb28dc8dca551f3034c0fcaea345fea.jpg, 0, 1
76d57cee-bb5c-4631-b737-fe16b92c2a28_jpg.rf.8ba59d502a8bcb8a50b242a8a541d460.jpg, 0, 1
108ca99a-5abc-4dca-8e9e-ad3551748f1a_jpg.rf.8bbc9d575e41be8c67383f904545d3c2.jpg, 0, 1
93bde728-be7b-4af0-a18e-67f00d6fdcac_225_jpg.rf.8bc06145d5c917b1c0f207ce664c6549.jpg, 0, 1
c01c35d2-7769-4a57-abff-c52f7def3900_180_jpg.rf.8bc2a53f9bd1b6ae5d84f7b8fa4a6a79.jpg, 1, 0
6fb259e3-002e-473c-a2bc-4a9f48c1ebe7_135_jpg.rf.8bcc20b3c099abffaadbb606ccc1587c.jpg, 1, 0
a70cfd80-0fa8-48c8-ab56-7f7cc8b0bb9b_90_jpg.rf.8be2bb456cbffb5afb1fd8d018587840.jpg, 0, 1
WIN_20221229_23_11_18_Pro_jpg.rf.8be8a7b22f05865ed2b10c828517f47e.jpg, 1, 0
06b95f3f-e2f5-4f58-95b1-6f9024e8e5d7_270_jpg.rf.8bfc82b98f53b7292def9051f8b9b550.jpg, 0, 1
8e753e61-dd28-45b8-aa64-e6c1e71bd812_90_jpg.rf.8bf7ce79d50f2f8a65606fc8d763291e.jpg, 0, 1
WIN_20221229_22_07_46_Pro_jpg.rf.8c02871124eb5a9adec103dd637c2692.jpg, 1, 0
642d6f5f-fa24-4c18-b7b2-6b24334629a3_180_jpg.rf.8c0475dd84f0f7612ecd4612953fc935.jpg, 0, 1
5c99f964-3704-402c-aa2d-42bd2fbacf4f_135_jpg.rf.8c08c3a6adfe42ea727f6504ffa27a61.jpg, 0, 1
2d398321-1a08-4aec-98b9-eb3301da9d79_270_jpg.rf.8c0d680f8e6aca372bf8644ccceea915.jpg, 0, 1
228a8b47-9459-4326-898b-1c5953d755b4_135_jpg.rf.8c18a14f56820d4d3a1840a1d8cf2a4e.jpg, 0, 1
4fac26f2-1588-4362-9e73-ffe2e8791cbb_225_jpg.rf.8c1ecd975868eedad462263d3b78aa8d.jpg, 1, 0
41ab7cda-4c88-47b8-98da-0c6ee6e07325_45_jpg.rf.8c252394d6ec5e49f6bd4604c8d5d83d.jpg, 0, 1
4737a7d7-5d10-4912-b3e7-c8254a88af02_225_jpg.rf.8c2725bdd528e711bfccfd34fb6a8379.jpg, 0, 1
72ab964e-0b95-46ec-a135-1890eb300c53_45_jpg.rf.8c2d8c61864749f801dfebbf55f529b3.jpg, 0, 1
9a5fc62c-6820-4cb6-ba66-1063e612d144_135_jpg.rf.8c3de92bf012ab193a610ecf2d522893.jpg, 0, 1
WIN_20221229_23_26_54_Pro_jpg.rf.8c3e0c7efa5d94ab7ed92a7b926b1491.jpg, 0, 1
00a9637f-e5c9-4522-8d19-d6b3e8bae3f3_jpg.rf.8c4919ea940fc114c5137f74fff1f5e4.jpg, 0, 1
87cc591e-7e25-4d08-a519-6b5ec6d98cfa_225_jpg.rf.8c4e1045a1a2b1ba0bd83bce6015befa.jpg, 0, 1
87595b49-d19a-4221-8418-57ee268de2d5_135_jpg.rf.8c4cdc9690228735000afaa6d28af4f3.jpg, 0, 1
15f5d196-2633-4a7b-9102-b33c659c6024_90_jpg.rf.8c4f5b1305bc1d6c4a6554eceb8217fc.jpg, 0, 1
72a74631-171a-4cf4-b978-58f358afa95c_225_jpg.rf.8c545744dc98fde7c64733b6a70b00fd.jpg, 0, 1
WIN_20221229_23_00_48_Pro_jpg.rf.8c57ad4ea6325484bbcb6682e333f3ac.jpg, 1, 0
01b9d47e-ecba-48fd-a83f-ece6e05995fc_90_jpg.rf.8c5e967fdc839a0f87b0ec28f232f88a.jpg, 1, 0
c6d5a9cd-56bd-4e1a-9ca8-c3562c8140f8_90_jpg.rf.8c5b11ea2e2d7a322840b8d57855ea84.jpg, 0, 1
345b8a93-c7d2-4b34-9e0c-90f2561ada84_90_jpg.rf.8c6f8a23cadaac4d842861814f7cb708.jpg, 0, 1
1acf8679-d50f-446c-b806-def7d073e244_225_jpg.rf.8c9406eea82bc265a3cfe3b3d171989e.jpg, 1, 0
WIN_20221229_22_56_26_Pro_jpg.rf.8c8651e6fdb88fe423aeb341a6f7e584.jpg, 1, 0
9ef0276c-3a70-4027-8d1d-2503df2e9f56_270_jpg.rf.8c78fa840ffccb6e0a850324bd3fd17a.jpg, 0, 1
2b560df3-ff42-4546-a0bd-11ff2ca590e2_jpg.rf.8c9669f961d91d7f1f3f1be504957cec.jpg, 1, 0
ae88b11a-3c51-46c9-a74f-4f141d73ed73_225_jpg.rf.8c9781a0b03aa91d319daff839e95de0.jpg, 0, 1
9cb97279-36f3-438c-97d5-91da39c4e13a_135_jpg.rf.8c9691dc87947dc4005e690da9228aba.jpg, 0, 1
WIN_20221229_23_31_53_Pro_jpg.rf.8c9e575d98566de71bb63ffd0c7c706c.jpg, 0, 1
91b94861-b751-4b86-b7a3-f6b2e3dbbd89_jpg.rf.8c9e5b868c4e8f8253970e59b1561548.jpg, 0, 1
16117db8-0d07-4950-b684-370b7d0813ec_90_jpg.rf.8ca460dd736f37e577d68b03b107e853.jpg, 0, 1
fbe4f519-6225-4168-bcf9-4ccc4d0d82bf_45_jpg.rf.8ca052b257d849aa5e387eff9b887373.jpg, 1, 0
27f3e57e-469f-4627-8144-2ce3e9d048b7_225_jpg.rf.8ca96272aceedebabf66088423594ba3.jpg, 0, 1
8bfe69f8-33fd-4fea-8a42-c821ffd94be0_jpg.rf.8caf7ddd8cf7b089d259843e51336815.jpg, 1, 0
97e4c08e-3475-4d77-8b54-a2231e38f6a2_45_jpg.rf.8cb213424c31cf85847bb68b39a01294.jpg, 0, 1
52eb9c86-9714-4fb7-bc45-cbbe25a2b444_270_jpg.rf.8cc1981e6a1f70b5d79a25a230dc052e.jpg, 0, 1
05693239-35bd-4086-b8c3-e7b6aa763b4f_135_jpg.rf.8cc74e0cf505d66c074badb25f479e38.jpg, 0, 1
6cdbe5d2-04bc-4a25-b1a0-be0a00a136ae_45_jpg.rf.8cb2f73c26fa89f305527f1d52af559d.jpg, 0, 1
66ba2553-31f1-473c-9602-d2df0c1bb3f0_180_jpg.rf.8ccaf0664f0cb18ff864cdb08c29fea1.jpg, 0, 1
5c99f964-3704-402c-aa2d-42bd2fbacf4f_45_jpg.rf.8cc9a1a744fcf291185743750c920223.jpg, 0, 1
8bfe69f8-33fd-4fea-8a42-c821ffd94be0_180_jpg.rf.8cd0e5c0ef6f4903019e084cd62309fe.jpg, 1, 0
7089d907-9aaf-459e-ae22-53962285fbc8_135_jpg.rf.8cd11d734daf5f9987a1f7080f4d459d.jpg, 0, 1
60f07eaa-f4a0-4939-9882-acce7b2ee256_225_jpg.rf.8cdc8a781908384781805aab893c9de3.jpg, 0, 1
680cc473-598d-49e7-847e-6b8c099e14fc_180_jpg.rf.8cd81ddd6ac221a0fde3a0f9b6b13e15.jpg, 0, 1
92787dc3-1720-41c4-8acc-5c7f3fda0fa5_jpg.rf.8ce504b33be5035e83f3b7e6b76dde25.jpg, 1, 0
7e2e4fb2-dc94-46c6-a203-0db83ca84e81_jpg.rf.8ce9eaf1dfce2646dddfa2ce005231b1.jpg, 0, 1
WIN_20221229_23_24_48_Pro_jpg.rf.8cf3f38b456aa172901f68554a0e1f8a.jpg, 0, 1
76d57cee-bb5c-4631-b737-fe16b92c2a28_180_jpg.rf.8d05eff8dcdc41e0f3f1baeb5b2f523a.jpg, 0, 1
503a19e2-d693-4ab0-aae9-9181b1789a94_90_jpg.rf.8cf7f4dce1afca9f2bad4ae74b2eb8f2.jpg, 0, 1
1acf8679-d50f-446c-b806-def7d073e244_135_jpg.rf.8d07f786f4b9dbdc56f958f0cb1198d6.jpg, 1, 0
WIN_20221229_22_03_51_Pro_jpg.rf.8d102447a650eeeee1cb40f6dbac56d3.jpg, 1, 0
WIN_20221229_22_29_11_Pro_jpg.rf.8d17f78f75a18625d80826b30d81b2ed.jpg, 1, 0
WIN_20221229_23_25_18_Pro_jpg.rf.8d0b9165c1c36f88f9f8e8b8c3aa2cbc.jpg, 0, 1
WIN_20221229_22_58_53_Pro_jpg.rf.8d19e5db6ffeea45ac016785a006b864.jpg, 1, 0
d02674ec-4a90-43c1-9aba-1cf70300a55a_180_jpg.rf.8d1a3587d140107b2006aaaa56e84b47.jpg, 1, 0
82743c35-e968-47ee-93f6-95270352fe13_180_jpg.rf.8d3080d21da16a2394d842761cc48a6b.jpg, 1, 0
687de30d-714c-4d10-9b23-998af950a13a_225_jpg.rf.8d2f8813b2412d346c15364eed65a855.jpg, 1, 0
WIN_20221229_22_51_58_Pro_jpg.rf.8d21c2f9f5dc44a40d487260896a479f.jpg, 1, 0
81d526fb-cb95-4b9d-a013-dad7b3f083b3_270_jpg.rf.8d32527e6f2116647740f91826f74bd3.jpg, 0, 1
5a3117dc-7932-4c34-ae3f-e5867c98ee0a_270_jpg.rf.8d328d04f5464bfa23184ebbd82550ec.jpg, 0, 1
d02674ec-4a90-43c1-9aba-1cf70300a55a_180_jpg.rf.8d3cf206fda57106d51aa86c9280c0c9.jpg, 1, 0
0df87bae-ddf0-49e3-97af-b371d8544547_225_jpg.rf.8d44cfd819e66ac38e8d0904fc5a09bc.jpg, 0, 1
6b316208-fce5-4562-a45b-736f29a3a697_90_jpg.rf.8d453948d0687fb881d66ceb95f48348.jpg, 1, 0
WIN_20221229_22_19_45_Pro_jpg.rf.8d46816a4a70cbda9626e9410934b003.jpg, 1, 0
41cfc0a3-c4ad-4285-9951-7a37d79f1c17_180_jpg.rf.8d4ef55593c589f2675924660f2504cf.jpg, 0, 1
01b9d47e-ecba-48fd-a83f-ece6e05995fc_225_jpg.rf.8d7259ed005c4dfb520a07e8e5957e84.jpg, 1, 0
61e87bb2-b69a-4d10-afa1-6c1a3d0291df_jpg.rf.8d66d5e291436be0e2394e07fc905f82.jpg, 1, 0
52eb9c86-9714-4fb7-bc45-cbbe25a2b444_135_jpg.rf.8d6c4577528fd5dffec007920f176122.jpg, 0, 1
d2936fba-871f-4fbe-97da-b6e6e347e889_45_jpg.rf.8d68230d6a63f8fa3567077d65b0904f.jpg, 1, 0
0dab9689-2c2d-4dc6-bb71-db1b6d82cb17_135_jpg.rf.8d82fc2f0c65bcb83c31210cf71e3438.jpg, 0, 1
6b316208-fce5-4562-a45b-736f29a3a697_jpg.rf.8d82f6b485178a87dd6d3585200342e4.jpg, 1, 0
WIN_20221229_23_35_54_Pro_jpg.rf.8d88a6d585e3dc045deef86c3a825dc1.jpg, 0, 1
8140aed5-a61c-4048-81dc-c9e2149f60b2_225_jpg.rf.8d72ddaa69ab49a04512c2d09f9d42a4.jpg, 0, 1
a936c90a-8f24-4289-b10b-4830ac9f3019_135_jpg.rf.8d93e7da2e9b2a4f98a4a830d2ec1398.jpg, 0, 1
WIN_20221229_22_22_05_Pro_jpg.rf.8da62b17a775499a965b08ee536d81e0.jpg, 1, 0
WIN_20221229_23_01_23_Pro_jpg.rf.8d9496ef6e9fd5abd54bee810ec30030.jpg, 1, 0
WIN_20221229_22_19_45_Pro_jpg.rf.8d979e95c5cc720e5e44445b39bf6d7a.jpg, 1, 0
4fac26f2-1588-4362-9e73-ffe2e8791cbb_90_jpg.rf.8da949740bf84183bc6f1e3867056b40.jpg, 1, 0
fbe4f519-6225-4168-bcf9-4ccc4d0d82bf_225_jpg.rf.8db89d6affdea6f1428c167805513551.jpg, 1, 0
223d92bc-5ef8-450a-86d6-ab5d6e8c5b3e_270_jpg.rf.8db9a3dec2312c08c7ae32bb1f053773.jpg, 0, 1
b4b3a28f-aee8-402c-856a-b09db5dbeb4a_270_jpg.rf.8dba6e900dd906adb9312b2028e26792.jpg, 1, 0
226b7023-757d-4c11-9b59-a0e8f02e5274_45_jpg.rf.8da994a407059c07a6108e306c7424ae.jpg, 0, 1
868aed84-639d-46d3-9f59-3d71ba702ea0_135_jpg.rf.8dd30500cdb7265e4c1e5c1fcba3a581.jpg, 1, 0
93a64c9f-678d-4302-94ea-5758bbf7451c_jpg.rf.8dd3e4214f60279e2cf99327acf8796c.jpg, 0, 1
b361e99e-9c59-43b5-92f6-80ad77c3287f_225_jpg.rf.8de16691e3e80ccadb88a06e79478bb3.jpg, 1, 0
01c27009-f681-4495-8d82-599547aba120_90_jpg.rf.8dd4a36501e842bbda825279aae68e44.jpg, 1, 0
WIN_20221229_23_02_35_Pro_jpg.rf.8ddd0d78bcfe4fa8a368c70b6e741e78.jpg, 1, 0
4461774a-c193-43e6-9849-19c25ad533fb_jpg.rf.8dd43b831d9e1ebd8b95940a1d3325ce.jpg, 1, 0
de7c5c69-6255-4087-9565-1732a07c986d_jpg.rf.8de37b9c4b73ddd46816e2c82bbf92dc.jpg, 1, 0
WIN_20221229_22_16_50_Pro_jpg.rf.8de45ad74eeca9d3aad5ded3148640da.jpg, 1, 0
66ffa488-289b-4188-afe1-7764a1a1bb1a_135_jpg.rf.8de65b43915c0514ffca7ccbc1eeda3e.jpg, 0, 1
4737a7d7-5d10-4912-b3e7-c8254a88af02_180_jpg.rf.8de89cb794df127ae0c15e964086db15.jpg, 0, 1
WIN_20221229_23_33_19_Pro_jpg.rf.8deb2e0f0b2c2a0f4e1bd19dea05d021.jpg, 0, 1
6e3c83a7-c5c6-46b5-8562-ffa8d99f4bb2_90_jpg.rf.8df1a0915b240586c6b98c14387a496b.jpg, 0, 1
60f07eaa-f4a0-4939-9882-acce7b2ee256_180_jpg.rf.8df2ba97ce133391194e31488b23b325.jpg, 0, 1
cce642b7-d4aa-4dc6-951b-e1b655f68334_180_jpg.rf.8df9133cf4cbf561c5e4b3f75370cf53.jpg, 1, 0
92009a81-ec1a-4dc0-99aa-c0898383287c_45_jpg.rf.8dfadb0ee4ea1577e4570945fb021b36.jpg, 0, 1
76d57cee-bb5c-4631-b737-fe16b92c2a28_270_jpg.rf.8dfaf2f55cecac1c2b8e4b5d8a7f72cf.jpg, 0, 1
0b521929-1734-47b8-86c9-093445af0697_45_jpg.rf.8e000f91b65b6d77b25c6118be8c8f75.jpg, 0, 1
1af687ed-553d-491e-a213-8ddfbfea61ec_270_jpg.rf.8e0391f02ef59580efd7f450f3c68bdb.jpg, 1, 0
7ebb4762-7de4-4754-8cd2-2d4f743f512c_225_jpg.rf.8e0fdcf9e609e1dd7b3d31dae55d8230.jpg, 0, 1
WIN_20221229_23_10_46_Pro_jpg.rf.8e12e98c336c27476e0ab1ddd798a517.jpg, 1, 0
WIN_20221229_22_37_27_Pro_jpg.rf.8e0b53d4cc20e77d1cce95b3169dca8b.jpg, 1, 0
WIN_20221229_22_15_03_Pro_jpg.rf.8e1201ea02053754f82b4940084ca941.jpg, 1, 0
WIN_20221229_23_23_00_Pro_jpg.rf.8e130b3ff2a84f190018bfa7a18e0a75.jpg, 0, 1
7089d907-9aaf-459e-ae22-53962285fbc8_135_jpg.rf.8e1b358d50969dbf70bca8d4e78c3d49.jpg, 0, 1
d4ea5845-ed1c-4bcd-b615-557884bb64c2_180_jpg.rf.8e229d1565066b34ed1af5d0419db104.jpg, 1, 0
6bb51206-67ec-431b-8484-93739b1fddad_270_jpg.rf.8e248287b2d28787f98e1ebc4e7cff78.jpg, 1, 0
84f05969-c971-4d44-8df4-3a80a71a545d_jpg.rf.8e48eb184a0a298d3d977456eea8b09d.jpg, 0, 1
2be59dd5-7793-413c-96cb-c40098eba6f6_90_jpg.rf.8e29c962aaa62f6bf16cd7fe2c699fc5.jpg, 0, 1
5c99f964-3704-402c-aa2d-42bd2fbacf4f_135_jpg.rf.8e431d607cc9dd674e269a537eaf9276.jpg, 0, 1
33e3e3fe-8e37-4b4a-aa04-ad3864731632_45_jpg.rf.8e4e6b2d75123130fbaf11ed370e0592.jpg, 0, 1
228a8b47-9459-4326-898b-1c5953d755b4_270_jpg.rf.8e577dd7b522d7b8fbb8c3924427dd72.jpg, 0, 1
c01c35d2-7769-4a57-abff-c52f7def3900_45_jpg.rf.8e1bedff46817d16a73915413d4cb943.jpg, 1, 0
6e3c83a7-c5c6-46b5-8562-ffa8d99f4bb2_90_jpg.rf.8e5a68e1052457cba5412132b06fb608.jpg, 0, 1
3c36fca1-acb0-4a53-95be-087e2c614c76_135_jpg.rf.8e6acbfc3239bd7f55e2e1c91a4f305c.jpg, 1, 0
5d5357ec-e4b0-4f32-a45c-2dca5338324d_45_jpg.rf.8e5a3eab9c757e1397a5a07d36d61757.jpg, 0, 1
215be899-dd62-42e0-b42e-8331622f5b9a_270_jpg.rf.8e6d826cafa81440f7fff809d7afe15f.jpg, 0, 1
9765b374-f3eb-4a26-903c-90d85bc9fe0a_135_jpg.rf.8e71033d31f5628d6befa21b2ec050d7.jpg, 0, 1
ba25564d-c23a-450d-b0af-a191ed900fb1_180_jpg.rf.8e6de3c9dd78d818350c4b57e64ee58e.jpg, 1, 0
c01c35d2-7769-4a57-abff-c52f7def3900_45_jpg.rf.8e8999c4d42ac7a84850f000acebf520.jpg, 1, 0
WIN_20221229_23_31_53_Pro_jpg.rf.8e8c188d8ece4ba297882364329e1605.jpg, 0, 1
01c27009-f681-4495-8d82-599547aba120_270_jpg.rf.8e8d1de2d1a995a5aebf96d0481fc0bb.jpg, 1, 0
1af687ed-553d-491e-a213-8ddfbfea61ec_180_jpg.rf.8e8dc5f7496c2a8624b51b185a21da46.jpg, 1, 0
44c7fb6b-7175-4aa3-98c2-9bc78d8a6f92_90_jpg.rf.8e8e4cb36ab973e8937ccdaee6747290.jpg, 0, 1
WIN_20221229_22_23_15_Pro_jpg.rf.8e8ebe89254356e45aa5a4038e530a26.jpg, 1, 0
0dc01fa2-4d5e-46ae-ad61-19485b378972_135_jpg.rf.8ead82a949fbe141b701e810ccce5327.jpg, 0, 1
de7c5c69-6255-4087-9565-1732a07c986d_270_jpg.rf.8eb45c82bf69aef1563ce1e661b5b28f.jpg, 1, 0
WIN_20221229_23_09_58_Pro_jpg.rf.8eb90b246bb78ae62376a17071b56f4f.jpg, 1, 0
0c279d03-a83d-4404-b852-2b90d79e1ed3_270_jpg.rf.8ec2043730b3925ef2b9b2e8a743b41a.jpg, 0, 1
233af445-c0e5-4bb1-ad5f-743becd76cab_135_jpg.rf.8eca70bb85edf65fa8bbe2c11e73e7c5.jpg, 0, 1
69c9cfea-cfbd-4dfe-a8a2-2ed31daafd85_jpg.rf.8ec34923e3141068e71671e61eb0dbd6.jpg, 0, 1
40cbb123-b3d1-4546-aa26-2fdd1090b075_270_jpg.rf.8ed23c4f503e2e346f9400a3e9fc101c.jpg, 0, 1
3c5c4ffd-e4d4-45b7-a07c-64e2f6788de2_45_jpg.rf.8ed8ceba587f939cb7ce594bbcfa7dfd.jpg, 1, 0
69ab59e3-c1ad-4509-a8b8-bd8e4fac2ae6_225_jpg.rf.8edbe999a7928ed63a608ad0802f29f3.jpg, 0, 1
dc2d0160-f922-429c-8c3c-5a6f0f68c023_270_jpg.rf.8edc8feec41fe9cdafb66ae28a48d148.jpg, 0, 1
51ba5ef7-fd64-4d52-9c3f-9d70e0ff040f_225_jpg.rf.8ee8e449c2c55220f4e1824fe2d56804.jpg, 0, 1
16117db8-0d07-4950-b684-370b7d0813ec_135_jpg.rf.8eeb84e7f4e3193a7eabf07ae00cfbbb.jpg, 0, 1
2d398321-1a08-4aec-98b9-eb3301da9d79_225_jpg.rf.8eedda5b5c075f0ff881a90716aedf8f.jpg, 0, 1
WIN_20221229_23_11_02_Pro_jpg.rf.8f0292ffbaad81945d228cd942838317.jpg, 1, 0
ccd5cdb4-3df2-4b3b-833b-3bdc7d43ee4d_270_jpg.rf.8f08678b4ef8ad04c7017b5376f228d9.jpg, 0, 1
3fa757aa-5f48-4acc-b2d9-edf0d584d79a_45_jpg.rf.8f0e5479bdee64afdda0819cdca90a6a.jpg, 0, 1
WIN_20221229_22_41_15_Pro_jpg.rf.8f10491b160387acb931a3ad7c0d6fda.jpg, 1, 0
9dbe8a30-979a-4722-a1a9-712f4ecbb2a6_jpg.rf.8f1c798534d6b0d099541b812ac54dab.jpg, 0, 1
503a19e2-d693-4ab0-aae9-9181b1789a94_jpg.rf.8f21f89a823ca48290a1a1da71a28c24.jpg, 0, 1
d6ed6d4c-2acb-4507-bc4c-70480968eacb_45_jpg.rf.8f25bd847261489f3a9a010ebdccc11e.jpg, 0, 1
WIN_20221229_22_43_41_Pro_jpg.rf.8f4019cb39e81ed4ea3419de721fcb40.jpg, 1, 0
2abea0f5-7c2a-4519-88c1-d33080ac7db2_270_jpg.rf.8f3c1f21805b6663750a87bea03cb1f5.jpg, 1, 0
4dcbce83-654c-4125-9939-c4398187533a_180_jpg.rf.8f2d977db20942a7a6b7d436923afbee.jpg, 1, 0
WIN_20221229_23_23_35_Pro_jpg.rf.8f448281f6ea424d5e32cc4734d30d83.jpg, 0, 1
2abea0f5-7c2a-4519-88c1-d33080ac7db2_180_jpg.rf.8f46046e4d63e99dffab5bfe26055aa4.jpg, 1, 0
0c4d65e5-1985-47b2-8252-616ed898bd7c_180_jpg.rf.8f69f3e9a9aa80740021c109938ea2ca.jpg, 0, 1
61e87bb2-b69a-4d10-afa1-6c1a3d0291df_45_jpg.rf.8f6af90b2f09a6eb496bf3aae9ff0e74.jpg, 1, 0
a8ba45d9-69a1-4fc4-a6c3-74c50107e59c_180_jpg.rf.8f6fc773811b3fb525b9c69011c656cd.jpg, 0, 1
2d6fa448-2f18-4db5-a942-7097acff076a_225_jpg.rf.8f7482c0c93c45858d1a3158b7256153.jpg, 1, 0
805c86e2-7416-44fc-b8aa-f663db39cf8a_180_jpg.rf.8f74fdebd0b37ec74fbcfc30da0826d7.jpg, 0, 1
2eae8682-54b6-40b7-9684-d956300a4077_135_jpg.rf.8f8f0c28d5f7bd51d8b2cedd1bbaaa58.jpg, 0, 1
WIN_20221229_22_06_17_Pro_jpg.rf.8f453a953fc613aa7843a89fbd8832d6.jpg, 1, 0
6343bade-4271-437b-84ea-e9756e715080_180_jpg.rf.8f9a7c51153fbd91972512a19f3820db.jpg, 0, 1
b4b3a28f-aee8-402c-856a-b09db5dbeb4a_180_jpg.rf.8f9e7c964f3091c1fbc025dd7e87fab9.jpg, 1, 0
0516cd97-ef6c-4542-a884-e01aaa597ac3_270_jpg.rf.8f92d59af60adcd102cf813db1565647.jpg, 0, 1
9cb97279-36f3-438c-97d5-91da39c4e13a_jpg.rf.8fa4a7f69c86e1932a064b1320651c62.jpg, 0, 1
2a99660b-f767-40aa-937f-c4cd68d2ceac_225_jpg.rf.8fa953c41344a0fa183cc49803ae5d16.jpg, 0, 1
f206736f-e48f-4e12-b367-144752c744e6_135_jpg.rf.8fb9a4f9fbff80a2ffd177109026ff06.jpg, 1, 0
WIN_20221229_22_47_19_Pro_jpg.rf.8fbdc4e1ebc8505b4af1a68231290192.jpg, 1, 0
06b95f3f-e2f5-4f58-95b1-6f9024e8e5d7_135_jpg.rf.8fcbdab9f03597506e3634721d768976.jpg, 0, 1
dc2bb2f5-03e1-46c1-9886-bda5f5bee11b_90_jpg.rf.8fb57b5a1bcb07f0fb824a171f090926.jpg, 0, 1
72a2b8f8-c7ca-4222-b2a1-9b82ac7990f4_45_jpg.rf.8fce5121c371604c0a9fdde8e926513e.jpg, 0, 1
d6ed6d4c-2acb-4507-bc4c-70480968eacb_270_jpg.rf.8fcf1152761ec81ce739b5e41ff1ee3f.jpg, 0, 1
8bfe69f8-33fd-4fea-8a42-c821ffd94be0_jpg.rf.8fde344aa1599b40ad687a028a783faa.jpg, 1, 0
WIN_20221229_22_28_19_Pro_jpg.rf.8fd666133a9cdc4612734035733664f2.jpg, 1, 0
00a9637f-e5c9-4522-8d19-d6b3e8bae3f3_45_jpg.rf.8fe73dfd0a1450b357690ffdcf313017.jpg, 0, 1
2d398321-1a08-4aec-98b9-eb3301da9d79_jpg.rf.8feb408c04acd88ff82c0e58ba744691.jpg, 0, 1
a936c90a-8f24-4289-b10b-4830ac9f3019_90_jpg.rf.8ffb9d4eb583f622a678fbf5460b5a07.jpg, 0, 1
80c4e3b8-9502-4216-aad1-1b5f6f3d6b72_135_jpg.rf.8ff6b5c8244287d36a8827af1191e7d6.jpg, 0, 1
ac755961-63a0-4e01-b87e-eacd0b5d7899_45_jpg.rf.9002b2dee3ee44a0a1942791fa104899.jpg, 0, 1
6181c79d-f063-4fa4-be90-ae376d6b3bdc_jpg.rf.8fe3ae630661b8d745aaea2f26f2eb67.jpg, 1, 0
WIN_20221229_22_39_03_Pro_jpg.rf.90084fc8d4cc9498fda7ee710d439d9e.jpg, 1, 0
014bcc0a-10c7-41eb-80eb-e2f62bb652b3_jpg.rf.900a54b415fde697f9fb7744bba90047.jpg, 0, 1
600d2167-2072-4825-9516-6c13af9fc382_180_jpg.rf.9009a06089c5a37d074520660bf9a9a8.jpg, 0, 1
WIN_20221229_23_16_23_Pro_jpg.rf.900a8b94685bd6fd223a7e183f0eebc6.jpg, 1, 0
a936c90a-8f24-4289-b10b-4830ac9f3019_jpg.rf.900f64c0bbf6bdf616f067876e22c5c2.jpg, 0, 1
0aa414bb-510b-40c9-85e1-f7a7163b3e2c_270_jpg.rf.9015c9f4abf970e1f9d7ae183f4ee479.jpg, 0, 1
91c2e56d-2549-4574-9414-86aa17e84ef4_180_jpg.rf.9032f1f577f282ffbf745dd09c225512.jpg, 0, 1
82dbf814-a3a3-4cba-9277-08c10de5c8a4_jpg.rf.902fff51f207629302ba4282eeb34a92.jpg, 0, 1
96d467c2-fa44-474b-9e64-88f1f265aeaf_45_jpg.rf.90341f529911113fb8b16d42a5d6ae67.jpg, 0, 1
WIN_20221229_23_31_43_Pro_jpg.rf.903f3f2c1fa3694663c91065304bd47e.jpg, 0, 1
8e753e61-dd28-45b8-aa64-e6c1e71bd812_225_jpg.rf.90539f218b194f7fa5eb0dacffb4efd6.jpg, 0, 1
4f280435-14a2-4194-9f75-2e7ea72b39ba_jpg.rf.90546be72a976342e1b451a7f882a94a.jpg, 1, 0
WIN_20221229_22_16_31_Pro_jpg.rf.9037c915520585656e77a7f22ed2b2a1.jpg, 1, 0
b4b3a28f-aee8-402c-856a-b09db5dbeb4a_45_jpg.rf.905eeedbcaef6499966dab39b514a1a3.jpg, 1, 0
01aff576-d811-4858-bc7b-e66af9db530f_180_jpg.rf.90651d34750151db870a86f996a171cc.jpg, 1, 0
cce642b7-d4aa-4dc6-951b-e1b655f68334_jpg.rf.90608fe8cc80568e4676b34730f90400.jpg, 1, 0
217fef04-2462-4dca-a170-f780b700b17e_90_jpg.rf.9066e063ac0c75a1836e95f85e6b71b5.jpg, 0, 1
WIN_20221229_22_30_25_Pro_jpg.rf.906f136299713c5abc72a21f3dc63bfe.jpg, 1, 0
75a3c3df-b678-4a55-aa92-02be5879a4cd_225_jpg.rf.907133ba507aa9518405ed994443a512.jpg, 0, 1
859bbe6e-7f46-4b86-acd1-86fea679de36_180_jpg.rf.906ba11270d2a2e5ade71ded711b528f.jpg, 0, 1
220fcc53-6ef7-45d1-8122-fa1c19ca9ec5_225_jpg.rf.9080a4e22a694606cc2760937be639c4.jpg, 0, 1
898d6980-0ea3-4451-82f1-3bdabc8c6d9d_270_jpg.rf.908c8f0dbf80e25f032811626066a81a.jpg, 0, 1
WIN_20221229_23_23_14_Pro_jpg.rf.908aeb16ce17829ff2e6e4226df63016.jpg, 0, 1
8ddce3ce-bc64-4942-93aa-940868007f64_jpg.rf.9093961c3e8a629a961ad3c150478436.jpg, 0, 1
WIN_20221229_22_13_29_Pro_jpg.rf.9093c2cdf2b22b8f44203240762e98fc.jpg, 1, 0
256d7e4e-e47b-466f-adb1-051bda40d918_90_jpg.rf.90981e8d3463aaf25a0bb913a16f9860.jpg, 0, 1
6e3c83a7-c5c6-46b5-8562-ffa8d99f4bb2_135_jpg.rf.90977f495f9cd10aa52c666fb41ab7c9.jpg, 0, 1
WIN_20221229_23_23_43_Pro_jpg.rf.90b48cb8cc53a8f2074d9f91d3fcadc5.jpg, 0, 1
WIN_20221229_22_19_20_Pro_jpg.rf.90ba2cd51a044ee9d6eaccb8dc210172.jpg, 1, 0
6f8a29a3-8b83-47d6-8a5b-7baf97fd4469_jpg.rf.90c30fc8300f4949141c17b6bcb9fa39.jpg, 0, 1
503a19e2-d693-4ab0-aae9-9181b1789a94_90_jpg.rf.90b6a9026bb1aa68348f40d8f0a71f8b.jpg, 0, 1
WIN_20221229_23_33_10_Pro_jpg.rf.90cc5d3d4ac5159279f1950ea647126f.jpg, 0, 1
WIN_20221229_21_59_55_Pro_jpg.rf.90d177b2ae58d5aa1fe9d6f354c67304.jpg, 1, 0
2a99660b-f767-40aa-937f-c4cd68d2ceac_90_jpg.rf.90d7ea7be9658231080e0320cd89958a.jpg, 0, 1
72a74631-171a-4cf4-b978-58f358afa95c_135_jpg.rf.90d22e38cabcb260bc29933aa6bf4171.jpg, 0, 1
8dfde29c-73a0-4bd6-a788-0a31baf572a0_180_jpg.rf.90d8b85dc60f79f7c0a93ff489ca1c98.jpg, 0, 1
WIN_20221229_23_26_46_Pro_jpg.rf.90e7ff2b0584f1354a3e42231aa8eacd.jpg, 0, 1
WIN_20221229_22_52_24_Pro_jpg.rf.90e92e8b49201dbd881a79cb9d3d6079.jpg, 1, 0
868aed84-639d-46d3-9f59-3d71ba702ea0_90_jpg.rf.90ee3ec7eb578c590492dee2291109ca.jpg, 1, 0
3c5c4ffd-e4d4-45b7-a07c-64e2f6788de2_90_jpg.rf.9101d36b8f3557a834d91c44803490cd.jpg, 1, 0
69fc95bf-f644-4c92-8057-f05146da07f7_jpg.rf.910279af644839ca52de35d54e15e6df.jpg, 0, 1
WIN_20221229_23_21_51_Pro_jpg.rf.912861ef0104585b83296261ac7cab79.jpg, 0, 1
06b95f3f-e2f5-4f58-95b1-6f9024e8e5d7_jpg.rf.910690217cecf9a770c7c530bbe05462.jpg, 0, 1
d2936fba-871f-4fbe-97da-b6e6e347e889_45_jpg.rf.913677d4ecf58e02202e7844e5b00d1e.jpg, 1, 0
WIN_20221229_22_51_58_Pro_jpg.rf.912dbdcecee345765d7dca357e1b0f5a.jpg, 1, 0
7ceae77f-3a56-4262-a271-2a8d727efbe9_225_jpg.rf.913c64b09a93eb2dcc995483928ea098.jpg, 0, 1
91fd5e6d-6fa7-45ec-b8dd-a390713a150f_135_jpg.rf.913f7250fcf88aeb0a0c39401aba39f1.jpg, 0, 1
0c04b448-fe60-4b89-bf5a-b18fe90a5870_45_jpg.rf.9143a096e1f78f437837cce38d6f0ee2.jpg, 0, 1
6b316208-fce5-4562-a45b-736f29a3a697_225_jpg.rf.915425ed6bbf1a00e4a3c2c55f2abb0c.jpg, 1, 0
6b30113e-141c-4956-964b-7b64918f694b_270_jpg.rf.9161f9ec41d28c6412002a950dac7fd3.jpg, 1, 0
84f05969-c971-4d44-8df4-3a80a71a545d_90_jpg.rf.916c77f824a19fa440fb58bd1cd69300.jpg, 0, 1
014bcc0a-10c7-41eb-80eb-e2f62bb652b3_90_jpg.rf.91663d47eb2aa2b0b3cb04707a24e0e6.jpg, 0, 1
WIN_20221229_23_05_29_Pro_jpg.rf.91788c3f2214fd009f3323741c9c81ad.jpg, 1, 0
6181c79d-f063-4fa4-be90-ae376d6b3bdc_90_jpg.rf.917c5a29d3aea1affd2ca467e3bf785c.jpg, 1, 0
9cb97279-36f3-438c-97d5-91da39c4e13a_90_jpg.rf.9179a4c7489248f16e2b459a54c6580b.jpg, 0, 1
15fd3442-e84f-4c27-952b-ec415fe777d6_270_jpg.rf.917de905cf6794ea32603a36cc9faeb4.jpg, 0, 1
24522061-cd21-4507-92da-432712838d1d_270_jpg.rf.91a984347d6fc0b870149703ab77f6db.jpg, 0, 1
75f27827-8267-4ad8-8c7f-938a7c0c0a72_45_jpg.rf.91825f65cd13d2de34349928e58635ea.jpg, 0, 1
507e6cd8-2041-47e5-b174-28a6d9328985_45_jpg.rf.91a5d25d3a4e8aa879d268c2f7600dca.jpg, 0, 1
0c279d03-a83d-4404-b852-2b90d79e1ed3_45_jpg.rf.91a725ddc9ebdd5fd61f00e532c2d0e6.jpg, 0, 1
d02674ec-4a90-43c1-9aba-1cf70300a55a_90_jpg.rf.91b40714e0ac06a3a1d76e1c08878c13.jpg, 1, 0
6cdbe5d2-04bc-4a25-b1a0-be0a00a136ae_225_jpg.rf.91b53a09b7cb571835248311b9cd10e3.jpg, 0, 1
5a3117dc-7932-4c34-ae3f-e5867c98ee0a_180_jpg.rf.91bd819e51d0e79ff06cbbed1d99d9d8.jpg, 0, 1
53f913e3-941b-4772-8446-2bad471e22b0_180_jpg.rf.91b9e77275f32b1ba1ebc69022fe3e18.jpg, 0, 1
764af58e-c590-444a-aefd-b4bc11f74c40_90_jpg.rf.91bdb58bb31a4b47585b1543fcc12b1a.jpg, 1, 0
92787dc3-1720-41c4-8acc-5c7f3fda0fa5_jpg.rf.91cbc6d97a1f69898a0723f824eb444b.jpg, 1, 0
5d105570-fd52-46cd-a90a-9dfa42ef878a_45_jpg.rf.91ec5d190abf67549ffd676fc2641441.jpg, 0, 1
7ebb4762-7de4-4754-8cd2-2d4f743f512c_225_jpg.rf.91de36f21856aead6c1f14c8043d2c25.jpg, 0, 1
WIN_20221229_22_04_05_Pro_jpg.rf.91fdfc02bbe5e0e30e0e64eeeddfcb4a.jpg, 1, 0
706a501b-940f-4252-89a9-1afae476d3b1_jpg.rf.922004f52faeeebdb2926d84ce94f86c.jpg, 0, 1
9765b374-f3eb-4a26-903c-90d85bc9fe0a_180_jpg.rf.92214d31fc6aceef19656c29746815a6.jpg, 0, 1
0d2a4a7e-7b37-49eb-9ad6-8faaf457ad82_225_jpg.rf.9224032280f2ce90dda999ffc3e197db.jpg, 0, 1
8bfe69f8-33fd-4fea-8a42-c821ffd94be0_225_jpg.rf.922bec7d7c95984b2cb64cff2e3e661f.jpg, 1, 0
0c279d03-a83d-4404-b852-2b90d79e1ed3_225_jpg.rf.922b9b18c8f0f1a791372b5bea8d5feb.jpg, 0, 1
WIN_20221229_22_11_51_Pro_jpg.rf.9231d3afffe860d6aa7cf4a5ccde8a8f.jpg, 1, 0
WIN_20221229_22_16_50_Pro_jpg.rf.923951deea0dfa9b5150513c75dc8b52.jpg, 1, 0
69ab59e3-c1ad-4509-a8b8-bd8e4fac2ae6_180_jpg.rf.922dbda86b499b1014dd3471d6c6ce07.jpg, 0, 1
0fbac742-48ee-4857-ab82-3318c8fbdcb8_225_jpg.rf.923ed048cffb6e2bcbb6ddfd41c89326.jpg, 0, 1
WIN_20221229_22_18_19_Pro_jpg.rf.924187930c9ec1f6be09ccc39a60b04e.jpg, 1, 0
228a8b47-9459-4326-898b-1c5953d755b4_270_jpg.rf.924023f26eec97175540e72aa9e58afe.jpg, 0, 1
9aa3d151-a2d6-4d13-ad4f-f133f4552c4f_135_jpg.rf.9241fa098aba1d9704eb06c4f9640e56.jpg, 0, 1
4ded4873-2bd7-4d9b-80ae-7a8967c128ce_jpg.rf.92459256a4993d9e0232b68ea2f7de10.jpg, 1, 0
2d6fa448-2f18-4db5-a942-7097acff076a_135_jpg.rf.92586a33ac3ef52f6c4232d071b21508.jpg, 1, 0
9765b374-f3eb-4a26-903c-90d85bc9fe0a_jpg.rf.9252f034cc8c56186e4526324b356aee.jpg, 0, 1
66c7508a-f4ff-4af6-a91b-5f33d3c4d20d_225_jpg.rf.924d67b23a96692d3e0822bb02da4a5d.jpg, 0, 1
WIN_20221229_22_20_31_Pro_jpg.rf.925fb7fbfaf199074ff186b0da632e8a.jpg, 1, 0
WIN_20221229_22_33_19_Pro_jpg.rf.926927a0ba23a811931e6f4e8d62ad32.jpg, 1, 0
adcb9cef-245f-4674-bd16-4c8ad789d0a8_135_jpg.rf.92699367b713499434c01247c5256375.jpg, 0, 1
00137db3-94aa-4aa5-aa3b-e3e09d6a5ef5_45_jpg.rf.926cdbcbf24193b3ca4b88bdb5dc4ac8.jpg, 0, 1
01c27009-f681-4495-8d82-599547aba120_90_jpg.rf.9271fcbfd1ec0ed201e56fe037952c9e.jpg, 1, 0
014bcc0a-10c7-41eb-80eb-e2f62bb652b3_45_jpg.rf.9274eb88c04561fdeebd5212735866d8.jpg, 0, 1
6181c79d-f063-4fa4-be90-ae376d6b3bdc_90_jpg.rf.92931ab541b18247076d67057a5eae74.jpg, 1, 0
76d57cee-bb5c-4631-b737-fe16b92c2a28_jpg.rf.92898d07df9f64dd459f336a73824dca.jpg, 0, 1
600d2167-2072-4825-9516-6c13af9fc382_jpg.rf.929994c9110cb2dd480fb9c4e3966469.jpg, 0, 1
0fbac742-48ee-4857-ab82-3318c8fbdcb8_180_jpg.rf.92b4516e8eb2cb263ecc00055dac9232.jpg, 0, 1
8140aed5-a61c-4048-81dc-c9e2149f60b2_180_jpg.rf.92b8973791e6efd84012dd63d1a512b7.jpg, 0, 1
0c04b448-fe60-4b89-bf5a-b18fe90a5870_270_jpg.rf.92bf41db21b3cb6613d74b00ac9e9853.jpg, 0, 1
2bf615ea-7241-4861-82d7-bb74c8b5dfba_180_jpg.rf.92cc7cb73058565acefe0ffedd4acc69.jpg, 0, 1
a968e0be-061b-40ae-801e-5e286dcbb663_180_jpg.rf.929ab5dab928eb65a852dfed43089335.jpg, 0, 1
WIN_20221229_22_11_51_Pro_jpg.rf.92a4cb077c89cd2097c46b91c9320a00.jpg, 1, 0
60f07eaa-f4a0-4939-9882-acce7b2ee256_270_jpg.rf.92be96e5955a815bcb656cb550e9e919.jpg, 0, 1
226b7023-757d-4c11-9b59-a0e8f02e5274_135_jpg.rf.92d5ee029af7ad65eb5919ede16bb842.jpg, 0, 1
WIN_20221229_23_27_13_Pro_jpg.rf.92d9d6b32c27ac468d84adf0f159212b.jpg, 0, 1
1b05898a-3be4-4b9e-b4a0-6d23dfdaabf0_135_jpg.rf.92d6c287b71cd92cdf28acfd794f0ce2.jpg, 0, 1
5d06dc79-9d5c-46d0-a720-e4898e65949c_180_jpg.rf.92e030b0515b681716f442ac060a2067.jpg, 1, 0
3fa757aa-5f48-4acc-b2d9-edf0d584d79a_135_jpg.rf.92f294b09a022f43631c23f4250e7467.jpg, 0, 1
4eddf419-3396-43d2-8b40-3ccecf2a2620_90_jpg.rf.92f1d4b6a624647890253baf139ec976.jpg, 1, 0
87e64a68-c898-4474-bd57-1e570902862f_270_jpg.rf.93097f6311359a400dc4ad2c79d363b0.jpg, 0, 1
6f8a29a3-8b83-47d6-8a5b-7baf97fd4469_135_jpg.rf.930c4b6457fa355dd0ee208e7fc0f9a9.jpg, 0, 1
WIN_20221229_23_36_07_Pro_jpg.rf.930d24de67e7bfbd111c1e4f2c83711c.jpg, 0, 1
WIN_20221229_22_48_00_Pro_jpg.rf.9315b48169e06e07d39480d0a78ea32c.jpg, 1, 0
70be0397-922c-4185-bb84-728b59ab25f8_90_jpg.rf.931728f6e9896a832de28806c9ef4ac2.jpg, 0, 1
4eddf419-3396-43d2-8b40-3ccecf2a2620_270_jpg.rf.93171f721b47b3f292ba3b075d8040e3.jpg, 1, 0
9eaca121-9239-49f4-9d05-34ef9f10bcaa_180_jpg.rf.93195f32bda0eea8e40a5a7a5a9f4c2d.jpg, 0, 1
84f05969-c971-4d44-8df4-3a80a71a545d_180_jpg.rf.931b728053da0e1c02ee6129d6788fd0.jpg, 0, 1
93bde728-be7b-4af0-a18e-67f00d6fdcac_180_jpg.rf.932b2c91410e71e42b84f69e8bd5d077.jpg, 0, 1
4dcbce83-654c-4125-9939-c4398187533a_jpg.rf.932f8f6cf5cb159c2cdb8c442dc5fa80.jpg, 1, 0
15f5d196-2633-4a7b-9102-b33c659c6024_270_jpg.rf.93321dba8373b622e35a4c22eadf420e.jpg, 0, 1
680cc473-598d-49e7-847e-6b8c099e14fc_jpg.rf.93538ac1c6a92be3739e2bc317c7b268.jpg, 0, 1
52eb9c86-9714-4fb7-bc45-cbbe25a2b444_90_jpg.rf.9361e7ad6c8d9fa11df02d66f2947f82.jpg, 0, 1
72a74631-171a-4cf4-b978-58f358afa95c_225_jpg.rf.935fafb03bfd35b759190511fc94b238.jpg, 0, 1
72a2b8f8-c7ca-4222-b2a1-9b82ac7990f4_90_jpg.rf.9388d1a4c5c4918581d3af532ba432a4.jpg, 0, 1
9cc65155-05ca-40b0-b813-2892c3ff04a4_90_jpg.rf.937838237ba5b9242de0ebaa629e96b7.jpg, 0, 1
2a99660b-f767-40aa-937f-c4cd68d2ceac_225_jpg.rf.936b803cc36843b43767ae08497dc72b.jpg, 0, 1
60f07eaa-f4a0-4939-9882-acce7b2ee256_180_jpg.rf.93928739088ef71c9fda41576658459a.jpg, 0, 1
05693239-35bd-4086-b8c3-e7b6aa763b4f_45_jpg.rf.9397726f18cfb0c8332ef167edeb060f.jpg, 0, 1
44c7fb6b-7175-4aa3-98c2-9bc78d8a6f92_135_jpg.rf.939a11e72f8f6f89567188cec985fb08.jpg, 0, 1
233af445-c0e5-4bb1-ad5f-743becd76cab_270_jpg.rf.93a1b8b6a6723bbbf70d4e88e29574d3.jpg, 0, 1
b361e99e-9c59-43b5-92f6-80ad77c3287f_90_jpg.rf.939e190b701516dfc5b999862eaa10e9.jpg, 1, 0
WIN_20221229_23_33_31_Pro_jpg.rf.93ade4d24f2616c9d6519564fcfabdab.jpg, 0, 1
WIN_20221229_22_15_03_Pro_jpg.rf.93a71ff89371727e1d18bc0f8e16e96b.jpg, 1, 0
9a5fc62c-6820-4cb6-ba66-1063e612d144_225_jpg.rf.93ae9152d6cd8c876c3b642c68b6d51d.jpg, 0, 1
53f913e3-941b-4772-8446-2bad471e22b0_135_jpg.rf.93af5b9e1738e92298914519697d8462.jpg, 0, 1
3c5c4ffd-e4d4-45b7-a07c-64e2f6788de2_180_jpg.rf.93ba85a768a1ebd29519e429eda7d07e.jpg, 1, 0
56863d51-82dd-432b-808a-bb09a5e65be6_180_jpg.rf.93c25fe65b58270275f471f1b7391dde.jpg, 0, 1
52eb9c86-9714-4fb7-bc45-cbbe25a2b444_270_jpg.rf.93dabb353f897f579f3822ccddf0aa64.jpg, 0, 1
5d105570-fd52-46cd-a90a-9dfa42ef878a_45_jpg.rf.93dd60a42f173634871769739d67fbcc.jpg, 0, 1
8140aed5-a61c-4048-81dc-c9e2149f60b2_270_jpg.rf.93e3b67f81d2c7097944bf9e18312138.jpg, 0, 1
233af445-c0e5-4bb1-ad5f-743becd76cab_45_jpg.rf.93dd775a58245d0fbef7fce1630bc297.jpg, 0, 1
52e703e1-69d2-44c7-a214-269fa0e09054_135_jpg.rf.93e89f7bb41c0dab9ef3eddb5bc38b06.jpg, 0, 1
5a3117dc-7932-4c34-ae3f-e5867c98ee0a_135_jpg.rf.93ecf42dca1f292d40556c94698b23a1.jpg, 0, 1
8ddce3ce-bc64-4942-93aa-940868007f64_45_jpg.rf.93edc712116b95eed4b9275d76b2d8cf.jpg, 0, 1
3c966d73-e030-422f-8e66-a2bfb35337dc_45_jpg.rf.93ee8f26a068bc51975854894b99d265.jpg, 0, 1
bd17953c-5cc6-4fc5-8ade-fd7ece53be19_225_jpg.rf.93fe87078674ac073c96901a4cc340cf.jpg, 0, 1
1f4613ea-1b60-4092-876c-1a474a8c51b9_jpg.rf.940279fefc3b1ed6bd561833450200f7.jpg, 1, 0
09f44886-0cae-43b1-97fe-d8055d8d3616_270_jpg.rf.940442084e51f00b6e201acd596f0fcc.jpg, 0, 1
24a200ea-e903-4bcd-aee1-fb26e7bfd757_225_jpg.rf.9407a8c8784aaaaeba93746ce8293b76.jpg, 0, 1
adcb9cef-245f-4674-bd16-4c8ad789d0a8_90_jpg.rf.940bc23ab17d59d925ca90c8f6dc44e5.jpg, 0, 1
69c9cfea-cfbd-4dfe-a8a2-2ed31daafd85_135_jpg.rf.940db91912ebfd932057253295ef2ec5.jpg, 0, 1
WIN_20221229_22_06_46_Pro_jpg.rf.9412f80843c3e1da64d197db38f1102a.jpg, 1, 0
82dbf814-a3a3-4cba-9277-08c10de5c8a4_90_jpg.rf.941d72fe2bf77b6cee083775dd9a2c71.jpg, 0, 1
76a872d2-5c22-4f33-82b4-18c0f78e1a1b_jpg.rf.941dacdec3890491976a1264f6c1fa38.jpg, 0, 1
WIN_20221229_22_45_08_Pro_jpg.rf.9424fe771ada80d7a3df1acaaf1e6dda.jpg, 1, 0
WIN_20221229_22_29_11_Pro_jpg.rf.943e997dcf2a21afbbc3ca010949dde4.jpg, 1, 0
90dec1cd-f163-48fd-bcc4-58066e5acb09_135_jpg.rf.9425b18acba2c07d4d342fcd4cfeceb6.jpg, 0, 1
WIN_20221229_22_24_12_Pro_jpg.rf.9436a5a43c651cf19c45c4434e888bc9.jpg, 1, 0
66ba2553-31f1-473c-9602-d2df0c1bb3f0_90_jpg.rf.943eada2d0a2626514e9bc02b3976e2c.jpg, 0, 1
9cb97279-36f3-438c-97d5-91da39c4e13a_135_jpg.rf.944710bb049bbff6ef62e864a0d1a015.jpg, 0, 1
2abea0f5-7c2a-4519-88c1-d33080ac7db2_90_jpg.rf.9456e2376e1e746022dc2f6c053236dd.jpg, 1, 0
228a8b47-9459-4326-898b-1c5953d755b4_135_jpg.rf.943f729e245c903f860c2cfd3252c33c.jpg, 0, 1
5522f66d-ad72-48d5-9767-5e7b23f6a206_270_jpg.rf.94514c2073b6c93364c36f1e55fdd036.jpg, 1, 0
82743c35-e968-47ee-93f6-95270352fe13_jpg.rf.9450b8b0b5eaacbfcb146e86766be076.jpg, 1, 0
76a872d2-5c22-4f33-82b4-18c0f78e1a1b_45_jpg.rf.9465eb5f5d1f8c956e922cbbc0ba25c1.jpg, 0, 1
2b3fa5f4-98bb-4565-b461-8ebc3db528ca_270_jpg.rf.945b4dfba4f646fd7b76e1ba29cc7884.jpg, 1, 0
dc2d0160-f922-429c-8c3c-5a6f0f68c023_45_jpg.rf.9460670af553c5202edf0e68f4e725bd.jpg, 0, 1
8dfde29c-73a0-4bd6-a788-0a31baf572a0_45_jpg.rf.94672d22ecef37fd6cde3cbc06b2322f.jpg, 0, 1
680cc473-598d-49e7-847e-6b8c099e14fc_90_jpg.rf.9468d40b70bd70afd55b4de61c958bfa.jpg, 0, 1
96d467c2-fa44-474b-9e64-88f1f265aeaf_135_jpg.rf.946ac07ece148eada3c02bc22320cf90.jpg, 0, 1
680cc473-598d-49e7-847e-6b8c099e14fc_180_jpg.rf.947a1a8f239f9f308a73a7711d4fa2bf.jpg, 0, 1
2b3fa5f4-98bb-4565-b461-8ebc3db528ca_45_jpg.rf.94710d98a0824ab096f270b6f62e0c41.jpg, 1, 0
a70cfd80-0fa8-48c8-ab56-7f7cc8b0bb9b_180_jpg.rf.947c9a2a2b93b9211a05cbdefc46a1f6.jpg, 0, 1
5a3117dc-7932-4c34-ae3f-e5867c98ee0a_45_jpg.rf.947bd027c32fee7fe09403cbaa6a241a.jpg, 0, 1
687d8151-bfed-420b-9a07-5213500e2964_135_jpg.rf.947e582ac90f2b1ef512ba4204a6e7d3.jpg, 0, 1
665aeca5-e68c-49d3-ad8d-5755fad74dcf_jpg.rf.9486bce5a3e75baa897970d96e946974.jpg, 0, 1
06b95f3f-e2f5-4f58-95b1-6f9024e8e5d7_270_jpg.rf.948998f3b54416cf43dac68e6f4e8186.jpg, 0, 1
11037d07-18b3-4fc4-8025-f06dcbc0500d_135_jpg.rf.948104e137996a1348bbcd37a57a1347.jpg, 1, 0
7089d907-9aaf-459e-ae22-53962285fbc8_jpg.rf.948c75d3f79eee23f4aac17927ad6fc4.jpg, 0, 1
94a26150-c197-425f-961b-0a4ae35825cf_135_jpg.rf.9490c66eacb2f94a32cb19d36e3e1759.jpg, 0, 1
90ecbd63-5a3d-4c6b-bd34-594c7c6a2d40_90_jpg.rf.948e3f97732d5b40331a369b6b831242.jpg, 0, 1
00137db3-94aa-4aa5-aa3b-e3e09d6a5ef5_45_jpg.rf.94a2e90199c230d177bc811be09fe655.jpg, 0, 1
4f280435-14a2-4194-9f75-2e7ea72b39ba_45_jpg.rf.94a3255171a44ac44ba94da2214a1fba.jpg, 1, 0
d02674ec-4a90-43c1-9aba-1cf70300a55a_90_jpg.rf.94a3e6285ab269dd9bbfff265474c980.jpg, 1, 0
4fac26f2-1588-4362-9e73-ffe2e8791cbb_90_jpg.rf.94a7476847e9d66c4ee5dc2ecc8c542a.jpg, 1, 0
6cdbe5d2-04bc-4a25-b1a0-be0a00a136ae_225_jpg.rf.94a7832888c9aae350240317cf757185.jpg, 0, 1
75fea9b7-7c08-4ea2-bb8d-50096fdf774b_135_jpg.rf.94b107540be8a8c1358f4fa6d2ee9168.jpg, 0, 1
c6d5a9cd-56bd-4e1a-9ca8-c3562c8140f8_270_jpg.rf.94e36c810c33efac3d306fa6818142a7.jpg, 0, 1
90ecbd63-5a3d-4c6b-bd34-594c7c6a2d40_45_jpg.rf.94f675813bf809b6a352c0be3e089e3a.jpg, 0, 1
adcb9cef-245f-4674-bd16-4c8ad789d0a8_135_jpg.rf.94b3169fdd6af37dce8840e843c28159.jpg, 0, 1
24522061-cd21-4507-92da-432712838d1d_jpg.rf.95005f7706b605356020cd1fbf8af9fc.jpg, 0, 1
4f08fc98-7d4d-43f7-921d-b2ccf8ca726d_135_jpg.rf.94fb312c8cdae7cb5dae6292c5678599.jpg, 1, 0
215be899-dd62-42e0-b42e-8331622f5b9a_90_jpg.rf.94dabfd5a1ffeff881fff77d8d9d937a.jpg, 0, 1
52c230c2-20b1-4769-978c-d0a859364b3e_225_jpg.rf.9500857ab5b9b79a9cff37a7b9cf59ba.jpg, 0, 1
8e753e61-dd28-45b8-aa64-e6c1e71bd812_jpg.rf.9506bc49667b8f9cb2395262542d571d.jpg, 0, 1
687d8151-bfed-420b-9a07-5213500e2964_180_jpg.rf.951ed008480b333a28b1ee83ef20bd54.jpg, 0, 1
90dec1cd-f163-48fd-bcc4-58066e5acb09_225_jpg.rf.950ce54f59d279198163b72657cc3d8c.jpg, 0, 1
2d398321-1a08-4aec-98b9-eb3301da9d79_jpg.rf.951e2431dc6463eddcffd42e7d3c63fb.jpg, 0, 1
7ebb4762-7de4-4754-8cd2-2d4f743f512c_270_jpg.rf.95115c4b70c1462c9899813a2c0002a4.jpg, 0, 1
5d06dc79-9d5c-46d0-a720-e4898e65949c_270_jpg.rf.952225aa4aab540ac3b04f16762ea938.jpg, 1, 0
6cdbe5d2-04bc-4a25-b1a0-be0a00a136ae_180_jpg.rf.95435f902ec8d39a04f36493933dbe5d.jpg, 0, 1
a936c90a-8f24-4289-b10b-4830ac9f3019_135_jpg.rf.9549a3fd71de64cc1d00145af7507221.jpg, 0, 1
ccd5cdb4-3df2-4b3b-833b-3bdc7d43ee4d_45_jpg.rf.95323d840940dd2af91bd679b4844edb.jpg, 0, 1
0dab9689-2c2d-4dc6-bb71-db1b6d82cb17_270_jpg.rf.954e3d482c6190e08f1e4aabd51b85b8.jpg, 0, 1
75f27827-8267-4ad8-8c7f-938a7c0c0a72_180_jpg.rf.95546ff5a3b0e2887d4131491e31b727.jpg, 0, 1
61e87bb2-b69a-4d10-afa1-6c1a3d0291df_90_jpg.rf.9568b966368361edb62804f74f6b8c4a.jpg, 1, 0
c6d5a9cd-56bd-4e1a-9ca8-c3562c8140f8_45_jpg.rf.9573e90ad9d7e14333ae83b8d0cb68b6.jpg, 0, 1
8bfe69f8-33fd-4fea-8a42-c821ffd94be0_jpg.rf.956bbc1ee13c87e6c001daadad935950.jpg, 1, 0
4fac26f2-1588-4362-9e73-ffe2e8791cbb_225_jpg.rf.956b0e548a4fe1e2bd4c93a840fba745.jpg, 1, 0
6e3c83a7-c5c6-46b5-8562-ffa8d99f4bb2_135_jpg.rf.954e811454168ace7965520f1619c367.jpg, 0, 1
3bde05ec-782e-445d-a221-38a8ecbc5dab_45_jpg.rf.95742b1fb61070e1d97ca6656d8e0ed1.jpg, 0, 1
d4ea5845-ed1c-4bcd-b615-557884bb64c2_45_jpg.rf.957c0a4456b614293479ab90c7294a8e.jpg, 1, 0
878a59f0-76a6-4a7c-8e4a-45283cfb4465_jpg.rf.9587d3599b234f4cf382fa205102797d.jpg, 0, 1
a8ba45d9-69a1-4fc4-a6c3-74c50107e59c_180_jpg.rf.9588547c93245c4f8bc9ff589d41702c.jpg, 0, 1
WIN_20221229_22_59_01_Pro_jpg.rf.95a57ef4131adce76057d348aec0eef0.jpg, 1, 0
a8ba45d9-69a1-4fc4-a6c3-74c50107e59c_135_jpg.rf.9587a6a64390272c4357e319264fac7c.jpg, 0, 1
90ecbd63-5a3d-4c6b-bd34-594c7c6a2d40_90_jpg.rf.9590d2f55014ea966d04dc8a7dfa01d5.jpg, 0, 1
a936c90a-8f24-4289-b10b-4830ac9f3019_135_jpg.rf.95aabdfd9e300a41926a929863027e5f.jpg, 0, 1
57ab1fc0-e755-40c3-82cb-cce0684f11f4_45_jpg.rf.9598b95fc28c467dae8e026f50e06e81.jpg, 0, 1
233af445-c0e5-4bb1-ad5f-743becd76cab_jpg.rf.95ac078d25bf50ff2da8b581b2199058.jpg, 0, 1
9a5fc62c-6820-4cb6-ba66-1063e612d144_225_jpg.rf.95b28e4a647f1769c276741a8e529619.jpg, 0, 1
82dbf814-a3a3-4cba-9277-08c10de5c8a4_135_jpg.rf.95bb54e451ba65cf3bd781f1b2c30b0c.jpg, 0, 1
f206736f-e48f-4e12-b367-144752c744e6_135_jpg.rf.95bd6b2c8d1693046a2e87956803753e.jpg, 1, 0
503a19e2-d693-4ab0-aae9-9181b1789a94_45_jpg.rf.95ceec6852aa21678b652ac00d0258a7.jpg, 0, 1
7d0322d1-3583-4a2b-ad25-e76d31603cee_225_jpg.rf.95d918c81b7409a4ffd6297bfe6df988.jpg, 0, 1
1ab90226-8889-4bcd-ad0c-ea01fedaaffd_jpg.rf.95b879a7c0d7b0f8753792e274c79885.jpg, 1, 0
0d2a4a7e-7b37-49eb-9ad6-8faaf457ad82_270_jpg.rf.95ef8e91ff6da11f32e3033a0013c4a3.jpg, 0, 1
96d467c2-fa44-474b-9e64-88f1f265aeaf_90_jpg.rf.95d95aaaad26c0eed61f1c1f1e91ba06.jpg, 0, 1
WIN_20221229_22_18_40_Pro_jpg.rf.95f605efa470ea497a189c537a01328f.jpg, 1, 0
24a200ea-e903-4bcd-aee1-fb26e7bfd757_270_jpg.rf.95f69a0c7272829c26df50e5158c9a0c.jpg, 0, 1
4737a7d7-5d10-4912-b3e7-c8254a88af02_180_jpg.rf.95e2a6ef1c3e2af7bb25871cb8b92890.jpg, 0, 1
6b30113e-141c-4956-964b-7b64918f694b_270_jpg.rf.95f8184a19a87812cb03ecb7a88fda77.jpg, 1, 0
WIN_20221229_22_05_15_Pro_jpg.rf.960134aa6158565708321fa84597233b.jpg, 1, 0
d6faa4f5-e419-4c2d-b0be-316f48d5464a_225_jpg.rf.9609fb30ffc9a81f69f8b23136944240.jpg, 0, 1
5522f66d-ad72-48d5-9767-5e7b23f6a206_90_jpg.rf.9603ff9f355447369e77d47da880a990.jpg, 1, 0
15fd3442-e84f-4c27-952b-ec415fe777d6_90_jpg.rf.962904521cad10e4504b6d222f76de4b.jpg, 0, 1
afd44643-9287-4080-934f-7a13c66d9bfd_180_jpg.rf.960de79d47718436947eb691de8765ed.jpg, 0, 1
WIN_20221229_22_57_47_Pro_jpg.rf.960faa86a23485c593e0b5f23b82eeff.jpg, 1, 0
228a8b47-9459-4326-898b-1c5953d755b4_45_jpg.rf.9632478162b121ca54222732a1bab4cb.jpg, 0, 1
4461774a-c193-43e6-9849-19c25ad533fb_jpg.rf.96355b68131950893740fac5f4dc71e1.jpg, 1, 0
217ac982-fddf-49ae-a311-27cf800d10f0_270_jpg.rf.96320181bbb9c877100f3e4264d4188f.jpg, 0, 1
9ec72020-824e-4c15-b633-cba42d080364_135_jpg.rf.9644cf81c24f99db5a3acfbd4b1aa364.jpg, 1, 0
9eaca121-9239-49f4-9d05-34ef9f10bcaa_225_jpg.rf.964df54b380744a011eb16c7ba498c70.jpg, 0, 1
27f3e57e-469f-4627-8144-2ce3e9d048b7_90_jpg.rf.9645d2c1830dbce3981391169a444f2a.jpg, 0, 1
345b8a93-c7d2-4b34-9e0c-90f2561ada84_180_jpg.rf.9651dcc7c698bdfb994a31101a80434a.jpg, 0, 1
51ba5ef7-fd64-4d52-9c3f-9d70e0ff040f_225_jpg.rf.961d7f72d08da66f5dcfeb679c7739ef.jpg, 0, 1
92009a81-ec1a-4dc0-99aa-c0898383287c_225_jpg.rf.9654d1438694dd8d86fff9b9cae11cc0.jpg, 0, 1
499ce0e3-7fe4-4fd4-bd8a-5aa00aab3f43_135_jpg.rf.96557882f684a46da1281e1a0b50ebbf.jpg, 0, 1
de7c5c69-6255-4087-9565-1732a07c986d_jpg.rf.965739489400c4e17b57fd7c224031c4.jpg, 1, 0
8efe1e18-4032-4f20-996f-60a19c62f547_90_jpg.rf.96624e93acaced742c0922a0f25bedd0.jpg, 0, 1
0fbac742-48ee-4857-ab82-3318c8fbdcb8_jpg.rf.96690610af0e20b89cef06bda44ccb19.jpg, 0, 1
WIN_20221229_23_10_12_Pro_jpg.rf.9672e91fe5799026f669b7069c829db0.jpg, 1, 0
41ab7cda-4c88-47b8-98da-0c6ee6e07325_jpg.rf.96924c58057022ae1d4d657627bb2649.jpg, 0, 1
589950d7-088b-4c4b-abc1-9b824671ec8f_270_jpg.rf.968804d064b04418c54f61cb8ed978dd.jpg, 1, 0
4dcbce83-654c-4125-9939-c4398187533a_225_jpg.rf.966fb409e701df46bf1d2cbecd30323c.jpg, 1, 0
WIN_20221229_23_33_31_Pro_jpg.rf.96a47fc1e9d6a1fa4a2fc0affc9a93c2.jpg, 0, 1
d65589fa-33dc-4e7f-9d37-a8763424d061_90_jpg.rf.96990021327a40cf979b7bec9f74aa47.jpg, 1, 0
66ffa488-289b-4188-afe1-7764a1a1bb1a_180_jpg.rf.96acc506e513900505b22c841f56e39d.jpg, 0, 1
9aa3d151-a2d6-4d13-ad4f-f133f4552c4f_225_jpg.rf.96e51785da8b0b3d79d931f14919eb07.jpg, 0, 1
d4ea5845-ed1c-4bcd-b615-557884bb64c2_45_jpg.rf.96e59835ce489c43c00d524dd6a8eade.jpg, 1, 0
84c8c90b-b9c3-4290-bdff-f1946a11050a_135_jpg.rf.96c001d44244514c5221ad64f5918c72.jpg, 0, 1
8140aed5-a61c-4048-81dc-c9e2149f60b2_225_jpg.rf.96eeba4d40a3123d5119e1991cf76b7b.jpg, 0, 1
0c279d03-a83d-4404-b852-2b90d79e1ed3_225_jpg.rf.96f076326d9d74051d0423f266132389.jpg, 0, 1
a70cfd80-0fa8-48c8-ab56-7f7cc8b0bb9b_45_jpg.rf.96bff8b818382d36d060df81ceff3926.jpg, 0, 1
7e2e4fb2-dc94-46c6-a203-0db83ca84e81_225_jpg.rf.96fab71a9a152d6f8dbbd7591fc4f6c4.jpg, 0, 1
92009a81-ec1a-4dc0-99aa-c0898383287c_45_jpg.rf.96f486dcb169846004c44d8ac146920c.jpg, 0, 1
2be59dd5-7793-413c-96cb-c40098eba6f6_180_jpg.rf.96fdf2f419e494cd82dc24a1e43c0ae5.jpg, 0, 1
4fac26f2-1588-4362-9e73-ffe2e8791cbb_45_jpg.rf.97045f0a22818c85baecf327ffd83cff.jpg, 1, 0
WIN_20221229_23_30_53_Pro_jpg.rf.96ffec66c7de4bc2775df55c793a6302.jpg, 0, 1
80c4e3b8-9502-4216-aad1-1b5f6f3d6b72_135_jpg.rf.97082f510146cda5abef195b029c95e9.jpg, 0, 1
92a893f4-8dd5-4f4a-9864-08811d4ed00a_90_jpg.rf.970ae8e4af966870bf6c896834ce9acf.jpg, 0, 1
33e3e3fe-8e37-4b4a-aa04-ad3864731632_225_jpg.rf.97135da919d2685cf1454d2d434cd832.jpg, 0, 1
9aa3d151-a2d6-4d13-ad4f-f133f4552c4f_135_jpg.rf.9704adb34549ebf7200517354fad4ff0.jpg, 0, 1
9ef0276c-3a70-4027-8d1d-2503df2e9f56_270_jpg.rf.9710bd56f6aedfc52987e6094fe5b5c8.jpg, 0, 1
87595b49-d19a-4221-8418-57ee268de2d5_180_jpg.rf.971f105cc393868aa8524248fa15ae61.jpg, 0, 1
8d331829-b225-451b-8aaa-89058c62faf5_180_jpg.rf.9727fb94a79b9c01e9d025689b6c5b6f.jpg, 0, 1
2a99660b-f767-40aa-937f-c4cd68d2ceac_225_jpg.rf.972d49f5c35e9fc2ab5c57398754329a.jpg, 0, 1
9fc543ac-91f3-43f6-8df6-28bb9709a3e6_135_jpg.rf.97337532f70d70500b1aa7f566ba8c72.jpg, 0, 1
2d6fa448-2f18-4db5-a942-7097acff076a_jpg.rf.9719fa6562924120c5aafe9acfdfada9.jpg, 1, 0
66ffa488-289b-4188-afe1-7764a1a1bb1a_135_jpg.rf.9739daaee0b7e7681cb8c3de80013917.jpg, 0, 1
7ceae77f-3a56-4262-a271-2a8d727efbe9_180_jpg.rf.972902bc223a675a1c401ff87b4affca.jpg, 0, 1
adcb9cef-245f-4674-bd16-4c8ad789d0a8_jpg.rf.974a604a4fd1059024395f3987d1bf78.jpg, 0, 1
70be0397-922c-4185-bb84-728b59ab25f8_90_jpg.rf.973d191ada9c3310c351afdd1e497435.jpg, 0, 1
27f3e57e-469f-4627-8144-2ce3e9d048b7_90_jpg.rf.9751118c533971ec29cfa43787245ffa.jpg, 0, 1
93a64c9f-678d-4302-94ea-5758bbf7451c_90_jpg.rf.97568ed97d1a96c6cee405d49ef721f3.jpg, 0, 1
a8ba45d9-69a1-4fc4-a6c3-74c50107e59c_270_jpg.rf.975566b8def0dcbc39ad4114af4853d8.jpg, 0, 1
dc2bb2f5-03e1-46c1-9886-bda5f5bee11b_90_jpg.rf.975bd52b5bc71a75563a35cd0d205f0b.jpg, 0, 1
afd3edfe-e4fe-4715-8429-5af060c5f0d9_180_jpg.rf.97670509ae7c2489ea231b448469aa00.jpg, 0, 1
687d8151-bfed-420b-9a07-5213500e2964_45_jpg.rf.976f9eb83e581b4665ddd01fe8508ff4.jpg, 0, 1
2c59ee70-dc1c-4de3-83ab-aa36a5fb92c9_270_jpg.rf.97749c7e1b4bdaf94b8466c615acee6f.jpg, 0, 1
d4ea5845-ed1c-4bcd-b615-557884bb64c2_jpg.rf.976fedf50ea3f4f7760137e7df21fca1.jpg, 1, 0
87ad76a7-bd79-4c43-86bb-4db4498e10f1_45_jpg.rf.97751129cb2b5bb1a3f68563fe0b5ec2.jpg, 0, 1
52eb9c86-9714-4fb7-bc45-cbbe25a2b444_135_jpg.rf.977c2b5bd9d0fa7909d588b20f5841fb.jpg, 0, 1
708fb576-4b86-4d50-a652-cc0d64f5407a_180_jpg.rf.978bd9d33f44178da39e02bdfff782bf.jpg, 0, 1
665aeca5-e68c-49d3-ad8d-5755fad74dcf_45_jpg.rf.978be63374dfe91c47dece72e8412af1.jpg, 0, 1
WIN_20221229_22_48_00_Pro_jpg.rf.978cc385af26481dba02db77cd56eb4c.jpg, 1, 0
303bf4f0-4e58-4f52-83e1-73f1a7ceabc5_270_jpg.rf.97994088777344fb98b982b12f8fae2f.jpg, 0, 1
WIN_20221229_23_04_03_Pro_jpg.rf.979b640db6eb0297b429f422f6fb4b5b.jpg, 1, 0
WIN_20221229_23_33_03_Pro_jpg.rf.97ae9a4d559a3ff7d15e4746b221184f.jpg, 0, 1
WIN_20221229_22_35_31_Pro_jpg.rf.979c92979833f965c7f19bd5a79ad604.jpg, 1, 0
WIN_20221229_23_32_40_Pro_jpg.rf.97af97a9065eeaec042c8407942d0a7e.jpg, 0, 1
52eb9c86-9714-4fb7-bc45-cbbe25a2b444_jpg.rf.97c5e09080f2af08da6b15ac13878c91.jpg, 0, 1
5064456d-d977-4c88-a2f7-613db1f3f19b_180_jpg.rf.97c9532b0711a5b9467fc19e2659e248.jpg, 0, 1
4dcbce83-654c-4125-9939-c4398187533a_45_jpg.rf.97cc9db5996c64ef31c792f68cc203db.jpg, 1, 0
2b3188c7-77de-4b98-aaa5-012b0941ca45_270_jpg.rf.97cde1415e4169f7537dbeccc788b4b2.jpg, 0, 1
WIN_20221229_23_32_40_Pro_jpg.rf.97c72d60daa83ab3d831dd766592f688.jpg, 0, 1
488a316b-07fc-410e-a5fd-84f831acc653_225_jpg.rf.978fc986495e9c866bf17317d15bf720.jpg, 0, 1
90dec1cd-f163-48fd-bcc4-58066e5acb09_135_jpg.rf.97d063edb15448d9eed689eb1b1c8ad1.jpg, 0, 1
69fc95bf-f644-4c92-8057-f05146da07f7_135_jpg.rf.97d1a09c54ad4eb0f0e1c2b9fec43436.jpg, 0, 1
80c4e3b8-9502-4216-aad1-1b5f6f3d6b72_45_jpg.rf.97e3b11f40a1b2d265ddc9b991ec5c1e.jpg, 0, 1
afd44643-9287-4080-934f-7a13c66d9bfd_270_jpg.rf.97e552db3bc008306bd59b820d20a26c.jpg, 0, 1
WIN_20221229_23_32_23_Pro_jpg.rf.97e6fa0b6ec17a5794eaa4dc6e6e60cb.jpg, 0, 1
84f05969-c971-4d44-8df4-3a80a71a545d_jpg.rf.97e8b4dd7269b4dbb7167af7b11236f7.jpg, 0, 1
52c230c2-20b1-4769-978c-d0a859364b3e_135_jpg.rf.97ea2dcbb78d7cd58470ca820bdf6fda.jpg, 0, 1
611513d3-0fb7-4068-8cd8-68a9bdb056c4_225_jpg.rf.97eef8f2378b7e63e002ed7fe0b430ef.jpg, 1, 0
2bf615ea-7241-4861-82d7-bb74c8b5dfba_225_jpg.rf.97f1d48c53aadee86913e0983e62341b.jpg, 0, 1
5a3117dc-7932-4c34-ae3f-e5867c98ee0a_45_jpg.rf.97f76ba07cdd1aad18964b176c937510.jpg, 0, 1
f206736f-e48f-4e12-b367-144752c744e6_180_jpg.rf.97f05bf81ba0ef200e47ca80be633c46.jpg, 1, 0
811f5cf3-9a05-4b39-b1b3-174f31f7cec6_90_jpg.rf.97fdac148f371984cd9ba4feb5b179c2.jpg, 0, 1
dc2bb2f5-03e1-46c1-9886-bda5f5bee11b_jpg.rf.9804e2ab982da27f7f34cf303e39d71e.jpg, 0, 1
a936c90a-8f24-4289-b10b-4830ac9f3019_225_jpg.rf.980247b37ba89ed9faab62bed03902cf.jpg, 0, 1
72a74631-171a-4cf4-b978-58f358afa95c_225_jpg.rf.98064ccb9fe4e1312447a3f81603fb77.jpg, 0, 1
73cca509-de66-4cbc-9421-8fcb263fefcc_135_jpg.rf.9801677ab084e583fb3b9ea96f7d0000.jpg, 0, 1
WIN_20221229_23_01_47_Pro_jpg.rf.9811fd55f46891a397be670ab1324ec5.jpg, 1, 0
4dbf4259-4cc3-4ff3-8768-970703c6c8f9_270_jpg.rf.981894f61bdf343e6d976c5440b992c0.jpg, 0, 1
00800bbf-203e-48bd-b64c-f14ef2579c8a_90_jpg.rf.982568d73a60ce5186a190d5967bdae1.jpg, 0, 1
2b560df3-ff42-4546-a0bd-11ff2ca590e2_jpg.rf.9829261f7b39f00c6d53d0d98e49b135.jpg, 1, 0
2abea0f5-7c2a-4519-88c1-d33080ac7db2_90_jpg.rf.985a1125076896a855bf9f92aaddc0f9.jpg, 1, 0
1acf8679-d50f-446c-b806-def7d073e244_jpg.rf.984a337cfe9e9e399c3be6d40103fdbb.jpg, 1, 0
9cb97279-36f3-438c-97d5-91da39c4e13a_180_jpg.rf.986ad634452e920dec68ae7ca327ab4b.jpg, 0, 1
92810cd4-1652-4556-bc0b-b2e953449143_225_jpg.rf.9855332143e69cf039c7cb99dab84f59.jpg, 0, 1
76d57cee-bb5c-4631-b737-fe16b92c2a28_45_jpg.rf.986d73ae8c0b50d465ef32cc0137e279.jpg, 0, 1
1f4613ea-1b60-4092-876c-1a474a8c51b9_45_jpg.rf.98757955db8d6bcb34dd77e97d62df54.jpg, 1, 0
9dbe8a30-979a-4722-a1a9-712f4ecbb2a6_135_jpg.rf.987bef3ef61c8c377987c5d257189a39.jpg, 0, 1
a968e0be-061b-40ae-801e-5e286dcbb663_45_jpg.rf.987b9fb4e0f6f41d9d0ea7d97ab8a445.jpg, 0, 1
a936c90a-8f24-4289-b10b-4830ac9f3019_45_jpg.rf.987e07847127a949e2a8f86ee66fe8d0.jpg, 0, 1
3fa757aa-5f48-4acc-b2d9-edf0d584d79a_180_jpg.rf.987eaf6f39589f28368073d268cf762f.jpg, 0, 1
WIN_20221229_22_05_15_Pro_jpg.rf.98808e03b6dc43b9f0fcf703507311b2.jpg, 1, 0
a3f8b634-4b11-478d-bbfe-41a57317ad50_225_jpg.rf.9882782cb60a03c4be6201c681db6fcf.jpg, 0, 1
75fea9b7-7c08-4ea2-bb8d-50096fdf774b_225_jpg.rf.9883d60e90dbaf7287d2b5e2c930ed7c.jpg, 0, 1
5c99f964-3704-402c-aa2d-42bd2fbacf4f_135_jpg.rf.9884d0708868da5e880a65cea097f6ea.jpg, 0, 1
9ec72020-824e-4c15-b633-cba42d080364_45_jpg.rf.9885bc941a619a9cfed6b876f43f0ab8.jpg, 1, 0
0c279d03-a83d-4404-b852-2b90d79e1ed3_225_jpg.rf.98875b3a058b4b7ca26c71bba7273cf8.jpg, 0, 1
9ef0276c-3a70-4027-8d1d-2503df2e9f56_jpg.rf.988c13458bb1bd8473f6da028e5c575d.jpg, 0, 1
6181c79d-f063-4fa4-be90-ae376d6b3bdc_135_jpg.rf.98974ebe0bcde94005ba6d4070675496.jpg, 1, 0
811f5cf3-9a05-4b39-b1b3-174f31f7cec6_270_jpg.rf.9894e058a7a0a10391d280f15d5a7d7b.jpg, 0, 1
WIN_20221229_23_02_14_Pro_jpg.rf.989aaa8af0e6710ba2883b89eab7f78c.jpg, 1, 0
75f27827-8267-4ad8-8c7f-938a7c0c0a72_180_jpg.rf.98aa7eafa6adf8e48d1dfe1249ee77aa.jpg, 0, 1
0b521929-1734-47b8-86c9-093445af0697_90_jpg.rf.98a147b99ee1568274fc285477a6ecde.jpg, 0, 1
8bfe69f8-33fd-4fea-8a42-c821ffd94be0_45_jpg.rf.98bafbcf84b89d7dfa02f5de219009ef.jpg, 1, 0
3c966d73-e030-422f-8e66-a2bfb35337dc_90_jpg.rf.98bd086342c37365431955ae492c26a1.jpg, 0, 1
WIN_20221229_23_35_35_Pro_jpg.rf.98d64e6f9ef4e76edd2c63b7cea18b3c.jpg, 0, 1
WIN_20221229_22_58_25_Pro_jpg.rf.98cd8e932f9dcf8bf80f443f4963d972.jpg, 1, 0
WIN_20221229_22_48_25_Pro_jpg.rf.98d71ca11af6bc6e1286466505583f2d.jpg, 1, 0
WIN_20221229_22_38_47_Pro_jpg.rf.98dce9202f1e2b47595613881bdf8220.jpg, 1, 0
a936c90a-8f24-4289-b10b-4830ac9f3019_180_jpg.rf.98e1dd6a77cda6b1ff3f489ec3784871.jpg, 0, 1
66ffa488-289b-4188-afe1-7764a1a1bb1a_270_jpg.rf.98e425b8ddb520f619c49f4439eee9c8.jpg, 0, 1
WIN_20221229_23_08_58_Pro_jpg.rf.98e98c5df7155779dc91d0586f4911cd.jpg, 1, 0
WIN_20221229_23_21_27_Pro_jpg.rf.98f47812a5548586ff34e8e872aecfe1.jpg, 0, 1
9dbe8a30-979a-4722-a1a9-712f4ecbb2a6_225_jpg.rf.99015607260e6a443b1f90bc69b8dd6b.jpg, 0, 1
a3f8b634-4b11-478d-bbfe-41a57317ad50_45_jpg.rf.990f3921a719f990158bf242bea284de.jpg, 0, 1
WIN_20221229_23_05_29_Pro_jpg.rf.991aab883848266a7be6ea566d5adba4.jpg, 1, 0
91c2e56d-2549-4574-9414-86aa17e84ef4_90_jpg.rf.992bd6a9f14dc1dc73c31c82e1b4ef8b.jpg, 0, 1
207aff1c-09cf-47d1-ae76-474c6c31b0e4_270_jpg.rf.99255bdc0374a4e84f8d09d01733901e.jpg, 0, 1
52eb9c86-9714-4fb7-bc45-cbbe25a2b444_jpg.rf.993ef0dc6cc7f67d401401d6b78baad7.jpg, 0, 1
WIN_20221229_22_23_15_Pro_jpg.rf.9943a921b3a484a94036ad861a7e6256.jpg, 1, 0
56863d51-82dd-432b-808a-bb09a5e65be6_45_jpg.rf.994364ac88158822e13a2d3c4130e35b.jpg, 0, 1
2c59ee70-dc1c-4de3-83ab-aa36a5fb92c9_jpg.rf.9916ccee8a373621a32c2c6dacae0c64.jpg, 0, 1
8d331829-b225-451b-8aaa-89058c62faf5_135_jpg.rf.9903fa5a14a029390982f2ec7e26cdc4.jpg, 0, 1
9765b374-f3eb-4a26-903c-90d85bc9fe0a_90_jpg.rf.9943adfb4c5da3c137cb8065f2ed3059.jpg, 0, 1
WIN_20221229_23_00_26_Pro_jpg.rf.99422360efe6003b73134b7d05aa0d20.jpg, 1, 0
207aff1c-09cf-47d1-ae76-474c6c31b0e4_jpg.rf.994687d7754c7481916c10e60b0b60d6.jpg, 0, 1
56863d51-82dd-432b-808a-bb09a5e65be6_45_jpg.rf.994874d6e3ac76b7c27f6e875a4c7f29.jpg, 0, 1
ef757b72-613c-4d8f-b8e0-a3564581cb0f_270_jpg.rf.994ee6678209803d1dca9f83bbf49fb8.jpg, 1, 0
764af58e-c590-444a-aefd-b4bc11f74c40_270_jpg.rf.994ba692fd089fc5ff0b6c8297adbd92.jpg, 1, 0
5d06dc79-9d5c-46d0-a720-e4898e65949c_90_jpg.rf.99525cf7ed9d584c7566c878c24d88eb.jpg, 1, 0
811f5cf3-9a05-4b39-b1b3-174f31f7cec6_90_jpg.rf.996712aed17fc061bdb4796d0110467e.jpg, 0, 1
4de4ad31-de11-418b-a60d-a7192ea0c98a_45_jpg.rf.996826daf7fa0ab14949a0d9a1a00e6f.jpg, 1, 0
a968e0be-061b-40ae-801e-5e286dcbb663_jpg.rf.997664caa6ff74f269f99bd1bea48d31.jpg, 0, 1
2b3fa5f4-98bb-4565-b461-8ebc3db528ca_jpg.rf.997e918aecdf639c0bd50b172c4aa554.jpg, 1, 0
936d35a1-f617-4a9b-99c6-32cfd8284d34_jpg.rf.997cb9c5e992d05c5df4780e4c459a46.jpg, 0, 1
8c678484-e530-433f-9265-cadfa51b5d6a_135_jpg.rf.997cecc0088dd0694120f4de46c321c4.jpg, 0, 1
de7c5c69-6255-4087-9565-1732a07c986d_270_jpg.rf.9993afbde261f971d8ced5b54043a9a0.jpg, 1, 0
WIN_20221229_23_32_51_Pro_jpg.rf.99a0727801b0464658285438aeb79ae9.jpg, 0, 1
1acf8679-d50f-446c-b806-def7d073e244_jpg.rf.999ad5340a2f44a6483f4650566f0b59.jpg, 1, 0
52e703e1-69d2-44c7-a214-269fa0e09054_135_jpg.rf.99a6d166099540d0f9e8feb21214d5fa.jpg, 0, 1
b84b2bd1-353d-4da0-80e6-da6df7b611b8_135_jpg.rf.99b40f2cc1264bff50c4146bc6b00356.jpg, 0, 1
2da43d43-ad7b-435c-920d-0fbfebb88959_jpg.rf.99a27f05d2d0974fdc1d7769969fe89f.jpg, 1, 0
73cca509-de66-4cbc-9421-8fcb263fefcc_225_jpg.rf.99b685031b02aa7a22ee2285d7b6f62d.jpg, 0, 1
15f5d196-2633-4a7b-9102-b33c659c6024_90_jpg.rf.99acabb7e7ea163d90307eb5ec1352b5.jpg, 0, 1
53f913e3-941b-4772-8446-2bad471e22b0_jpg.rf.99b93a52d01efdd1da14c47c05ad818b.jpg, 0, 1
afd3edfe-e4fe-4715-8429-5af060c5f0d9_225_jpg.rf.99bae373b624fc6cf397cd0b48e8351d.jpg, 0, 1
79eb3e80-65d5-431c-b388-ea52ce593c7d_225_jpg.rf.99bda0b0f4782cb5910e2e21e0a9d770.jpg, 1, 0
11037d07-18b3-4fc4-8025-f06dcbc0500d_135_jpg.rf.99bf62d101d45b3c1ee90052ddacc125.jpg, 1, 0
66ffa488-289b-4188-afe1-7764a1a1bb1a_225_jpg.rf.99c0404eb9696b4d6a8a5dc67800dfd0.jpg, 0, 1
11037d07-18b3-4fc4-8025-f06dcbc0500d_45_jpg.rf.99c093a4d53a82f4005c8518b027db1c.jpg, 1, 0
014bcc0a-10c7-41eb-80eb-e2f62bb652b3_90_jpg.rf.99c24475882b2eff80b938a5c55664f6.jpg, 0, 1
5064456d-d977-4c88-a2f7-613db1f3f19b_270_jpg.rf.99cbf6e7c72f76dd28a67be620182e31.jpg, 0, 1
75f27827-8267-4ad8-8c7f-938a7c0c0a72_45_jpg.rf.99cf3655f28e45818acf78b93914670c.jpg, 0, 1
33e3e3fe-8e37-4b4a-aa04-ad3864731632_270_jpg.rf.99d54008d3f1ff89a11a4e0e3dc76b69.jpg, 0, 1
76a872d2-5c22-4f33-82b4-18c0f78e1a1b_135_jpg.rf.99f74f5eb95d5395eb2e0e24e43471cf.jpg, 0, 1
2abea0f5-7c2a-4519-88c1-d33080ac7db2_jpg.rf.99dbcec6cc34393568691c85ea1e62f8.jpg, 1, 0
0327f441-9a02-40a9-b280-251440ad4cec_135_jpg.rf.9a018eda4a654e5dc75f30ded534d3c4.jpg, 0, 1
ac755961-63a0-4e01-b87e-eacd0b5d7899_jpg.rf.99fd1eee949a797efbafd1e0c84bd801.jpg, 0, 1
499ce0e3-7fe4-4fd4-bd8a-5aa00aab3f43_90_jpg.rf.9a02d58b760465742685575b20c3de11.jpg, 0, 1
82743c35-e968-47ee-93f6-95270352fe13_270_jpg.rf.99f85d82694c0636a38ce83b3ccbcf63.jpg, 1, 0
0c279d03-a83d-4404-b852-2b90d79e1ed3_90_jpg.rf.9a0c709ce3f4cea1815c628f0db381fe.jpg, 0, 1
345b8a93-c7d2-4b34-9e0c-90f2561ada84_270_jpg.rf.9a1b85b23a6a5eb91706b12db7afc7cd.jpg, 0, 1
0aa414bb-510b-40c9-85e1-f7a7163b3e2c_90_jpg.rf.9a0ea26fb336ad403a3e0a98fed65af9.jpg, 0, 1
33dd040e-50b6-44e7-afc7-230da49bcf12_270_jpg.rf.99f7f2bc622398f4cb675e0302fcb090.jpg, 0, 1
3c5c4ffd-e4d4-45b7-a07c-64e2f6788de2_180_jpg.rf.9a1c91833e640fb8c6b3e30996b9a159.jpg, 1, 0
811f5cf3-9a05-4b39-b1b3-174f31f7cec6_225_jpg.rf.9a235edcfba0adab3d690f14c7cfa640.jpg, 0, 1
4f280435-14a2-4194-9f75-2e7ea72b39ba_225_jpg.rf.9a22a5ea97a1243e274e7160da15e57b.jpg, 1, 0
87595b49-d19a-4221-8418-57ee268de2d5_135_jpg.rf.9a3902747acd58f236e62b2ad1abcb73.jpg, 0, 1
a3f8b634-4b11-478d-bbfe-41a57317ad50_135_jpg.rf.9a31e42e32906a1ebfb232fe37c13632.jpg, 0, 1
d6ed6d4c-2acb-4507-bc4c-70480968eacb_jpg.rf.9a3f8aaaf3aa69d607bbfafcfd7c4eb3.jpg, 0, 1
680cc473-598d-49e7-847e-6b8c099e14fc_270_jpg.rf.9a398725155a77e75dca5162d071b98a.jpg, 0, 1
868aed84-639d-46d3-9f59-3d71ba702ea0_135_jpg.rf.9a48e301c9ae0e92c2d5e39334f60db7.jpg, 1, 0
0aa414bb-510b-40c9-85e1-f7a7163b3e2c_180_jpg.rf.9a65677ce24ff206f3c7add6ad2ac794.jpg, 0, 1
96383b0f-647d-4d8b-aae4-c525fb9365d6_180_jpg.rf.9a7ba7bc2912b2ad80f797f2e126b5c8.jpg, 0, 1
226b7023-757d-4c11-9b59-a0e8f02e5274_180_jpg.rf.9a84c402c89faea4ea84c8e0249671f4.jpg, 0, 1
ef757b72-613c-4d8f-b8e0-a3564581cb0f_45_jpg.rf.9a8269042163b1e904c351e732d33617.jpg, 1, 0
d65589fa-33dc-4e7f-9d37-a8763424d061_225_jpg.rf.9a871d848f44b778587ce6373c633cdc.jpg, 1, 0
0dab9689-2c2d-4dc6-bb71-db1b6d82cb17_180_jpg.rf.9a8b540a3c18e8b86beaac161016f6db.jpg, 0, 1
5671fc02-681e-4da8-826f-c1a0b2dc5870_135_jpg.rf.9a94b86599d1341c9542bc9ed15f3d70.jpg, 0, 1
8ddce3ce-bc64-4942-93aa-940868007f64_135_jpg.rf.9aa18f8b0e8b3110221a72473012226d.jpg, 0, 1
80c4e3b8-9502-4216-aad1-1b5f6f3d6b72_90_jpg.rf.9aa49c0fa566b0b478133be4bf944ef0.jpg, 0, 1
WIN_20221229_23_23_07_Pro_jpg.rf.9aa68f0a3a1f65660be716e019a19642.jpg, 0, 1
0516cd97-ef6c-4542-a884-e01aaa597ac3_270_jpg.rf.9aa75484bfd1fd464b4c827222d1aaf0.jpg, 0, 1
00800bbf-203e-48bd-b64c-f14ef2579c8a_90_jpg.rf.9ac3465c0cb9548860094747e5842460.jpg, 0, 1
92fe0088-90bc-4eaa-8567-a9b3ad0645e8_45_jpg.rf.9ad5e09b028d2722049934e7fb755c06.jpg, 0, 1
811f5cf3-9a05-4b39-b1b3-174f31f7cec6_225_jpg.rf.9ae489861b50f7e2e60944f40ef8662c.jpg, 0, 1
2b3188c7-77de-4b98-aaa5-012b0941ca45_270_jpg.rf.9aea14052cc4e5aad00be4ef5ccd911e.jpg, 0, 1
6bb51206-67ec-431b-8484-93739b1fddad_45_jpg.rf.9aea30fa07af3ef3970de9f01fd63c4c.jpg, 1, 0
WIN_20221229_23_29_16_Pro_jpg.rf.9aee4b2812b899fbe2a153bfa7e3a318.jpg, 0, 1
WIN_20221229_22_10_20_Pro_jpg.rf.9b26d662b6a08f1f287f58d67b17fed5.jpg, 1, 0
79eb3e80-65d5-431c-b388-ea52ce593c7d_180_jpg.rf.9b3146590f27540cb3745fc3079e21f6.jpg, 1, 0
0516cd97-ef6c-4542-a884-e01aaa597ac3_225_jpg.rf.9b33396dd22042b70a48f6222eb8d572.jpg, 0, 1
61e87bb2-b69a-4d10-afa1-6c1a3d0291df_270_jpg.rf.9b1c1799fc45f8332c966c1e72a262c1.jpg, 1, 0
687de30d-714c-4d10-9b23-998af950a13a_180_jpg.rf.9b3527736b91dae6cc517a1a006fe4d6.jpg, 1, 0
2eae8682-54b6-40b7-9684-d956300a4077_180_jpg.rf.9b333a59c0038904d14d2a1fde6fda84.jpg, 0, 1
80de665e-2077-4a83-9a40-20d2bcaeac43_135_jpg.rf.9b389bc33419ec912f53bab418b9157c.jpg, 0, 1
345b8a93-c7d2-4b34-9e0c-90f2561ada84_jpg.rf.9b46814edead02136e179c0b6fa750da.jpg, 0, 1
WIN_20221229_22_59_46_Pro_jpg.rf.9b554a58a4ce566a6d63bf00100ebae9.jpg, 1, 0
87ad76a7-bd79-4c43-86bb-4db4498e10f1_135_jpg.rf.9b5650128cc9f256afc6d9a90084d98a.jpg, 0, 1
2b3188c7-77de-4b98-aaa5-012b0941ca45_90_jpg.rf.9b5fdb0b4c443c46eb9f1e15e350d3f6.jpg, 0, 1
WIN_20221229_23_16_53_Pro_jpg.rf.9b6098ee729e0ba2960cd0996b8c0770.jpg, 1, 0
1ab90226-8889-4bcd-ad0c-ea01fedaaffd_90_jpg.rf.9b7f1f0f8fa44263c0c32ebce2a20716.jpg, 1, 0
c01c35d2-7769-4a57-abff-c52f7def3900_90_jpg.rf.9b8023f46a5fb4e7a697fc065555835b.jpg, 1, 0
9cb97279-36f3-438c-97d5-91da39c4e13a_180_jpg.rf.9b71331b0a9bf48d722e221b6f50dfad.jpg, 0, 1
8efe1e18-4032-4f20-996f-60a19c62f547_135_jpg.rf.9b8229ff6290cdfd8c6733dfd14aaef4.jpg, 0, 1
61e87bb2-b69a-4d10-afa1-6c1a3d0291df_225_jpg.rf.9b893555397f239c8d9e7d52d9736536.jpg, 1, 0
84f05969-c971-4d44-8df4-3a80a71a545d_180_jpg.rf.9b99dc98dbe0474722019798558feb47.jpg, 0, 1
66c7508a-f4ff-4af6-a91b-5f33d3c4d20d_135_jpg.rf.9b9efd108ccea8737f0b06b5aad9d86e.jpg, 0, 1
1af687ed-553d-491e-a213-8ddfbfea61ec_jpg.rf.9b9b80000527c34217884ca7944d35c3.jpg, 1, 0
5522f66d-ad72-48d5-9767-5e7b23f6a206_180_jpg.rf.9ba308283b73ac23c3327bc827858056.jpg, 1, 0
9fc543ac-91f3-43f6-8df6-28bb9709a3e6_jpg.rf.9ba0fb1235262c81c5d78a0f6c95d085.jpg, 0, 1
ae88b11a-3c51-46c9-a74f-4f141d73ed73_45_jpg.rf.9ba50d70ce169de66d352e9b272b9c39.jpg, 0, 1
0dab9689-2c2d-4dc6-bb71-db1b6d82cb17_90_jpg.rf.9ba12076f6ad4079852c870fa59e357f.jpg, 0, 1
0aa414bb-510b-40c9-85e1-f7a7163b3e2c_45_jpg.rf.9ba58751c8ebb8350c43b11665f1a62d.jpg, 0, 1
WIN_20221229_22_57_01_Pro_jpg.rf.9bb51376cbf265d79a5c563bca6d1e85.jpg, 1, 0
a3f8b634-4b11-478d-bbfe-41a57317ad50_90_jpg.rf.9bae0e436a6a20c52f440cd63cb83266.jpg, 0, 1
4de4ad31-de11-418b-a60d-a7192ea0c98a_270_jpg.rf.9bb5e9d9c8ab30bf532cf1e396f3f8d8.jpg, 1, 0
b4b3a28f-aee8-402c-856a-b09db5dbeb4a_180_jpg.rf.9bbab2963035226cf931fa13b09bef81.jpg, 1, 0
8ddce3ce-bc64-4942-93aa-940868007f64_jpg.rf.9bceee57a09f13f90f0144e7a3d88a77.jpg, 0, 1
WIN_20221229_22_59_01_Pro_jpg.rf.9bd126a0b93e501b6210a7f08aa88435.jpg, 1, 0
9dd803f6-3218-4e96-ad6e-55b3d36e8470_180_jpg.rf.9bd35301340d2d3c4c86d6e7264371f5.jpg, 0, 1
24a200ea-e903-4bcd-aee1-fb26e7bfd757_135_jpg.rf.9be0c9665436ff43b1a70af2d5668c33.jpg, 0, 1
2bf615ea-7241-4861-82d7-bb74c8b5dfba_225_jpg.rf.9bf01fe2c1fbb43d8b78cf678887f8fa.jpg, 0, 1
66ba2553-31f1-473c-9602-d2df0c1bb3f0_225_jpg.rf.9bee4ad25864d28600e9e90e4b44ebc8.jpg, 0, 1
217fef04-2462-4dca-a170-f780b700b17e_45_jpg.rf.9bed4f360cb3cbc0e436c24437ee3bcc.jpg, 0, 1
4dcbce83-654c-4125-9939-c4398187533a_90_jpg.rf.9bf875f57e987bfc2a67005251cbc9c0.jpg, 1, 0
2d6fa448-2f18-4db5-a942-7097acff076a_225_jpg.rf.9bf3667c80af6b09b0045a64acc07a19.jpg, 1, 0
8d331829-b225-451b-8aaa-89058c62faf5_135_jpg.rf.9bfaa1a116c176fd885be7efb0f2e481.jpg, 0, 1
bd17953c-5cc6-4fc5-8ade-fd7ece53be19_jpg.rf.9bff9f0dcbd189b2c597b6fb61b6a273.jpg, 0, 1
2eae8682-54b6-40b7-9684-d956300a4077_jpg.rf.9c05faa58fa41a12894c9d35b86a1d69.jpg, 0, 1
97e4c08e-3475-4d77-8b54-a2231e38f6a2_45_jpg.rf.9c04e414e3c12c28e649cc7ed369ae5a.jpg, 0, 1
56863d51-82dd-432b-808a-bb09a5e65be6_jpg.rf.9c026ed161d8ebbd839cb5e47c83606e.jpg, 0, 1
76d57cee-bb5c-4631-b737-fe16b92c2a28_135_jpg.rf.9c006a156b1e7db0e367a5cd1cb16ea3.jpg, 0, 1
WIN_20221229_23_02_14_Pro_jpg.rf.9c0ad9032dc0737312b6c439e51d6a84.jpg, 1, 0
01aff576-d811-4858-bc7b-e66af9db530f_jpg.rf.9c0f740bf71cb0e98eb5e69d6773e0a3.jpg, 1, 0
d65589fa-33dc-4e7f-9d37-a8763424d061_90_jpg.rf.9c10b7a7b4fcd979a9112683d371a07e.jpg, 1, 0
87cc591e-7e25-4d08-a519-6b5ec6d98cfa_45_jpg.rf.9c294d832f2452a708d80d8bf4107d4a.jpg, 0, 1
4ded4873-2bd7-4d9b-80ae-7a8967c128ce_135_jpg.rf.9c326cc6401065792cc24534a98c9894.jpg, 1, 0
2c59ee70-dc1c-4de3-83ab-aa36a5fb92c9_jpg.rf.9c397cbde5a8ac27ed029c24f4e5a49b.jpg, 0, 1
94a26150-c197-425f-961b-0a4ae35825cf_jpg.rf.9c55eaf6b43712ce46988566a593d6af.jpg, 0, 1
8d331829-b225-451b-8aaa-89058c62faf5_jpg.rf.9c62a2d7df432f9277b5a0c7fbc6ffe5.jpg, 0, 1
52c230c2-20b1-4769-978c-d0a859364b3e_90_jpg.rf.9c6f467207b7c9b6a5e6536b6f3d90ce.jpg, 0, 1
687d8151-bfed-420b-9a07-5213500e2964_45_jpg.rf.9c66951a54f2f86c50af400d8f339e22.jpg, 0, 1
5a3117dc-7932-4c34-ae3f-e5867c98ee0a_jpg.rf.9c70d1a7c11771eed2c9af653973b4be.jpg, 0, 1
233af445-c0e5-4bb1-ad5f-743becd76cab_180_jpg.rf.9c723583f26979f1bb993dfc3cce0bb1.jpg, 0, 1
ae88b11a-3c51-46c9-a74f-4f141d73ed73_135_jpg.rf.9c73efd9844b1b7b4e6fc8390295fee5.jpg, 0, 1
09e044e6-a2b6-4827-9853-beb7d392347f_225_jpg.rf.9c7259dc6d741b6a97d7235515c85b92.jpg, 0, 1
WIN_20221229_22_04_44_Pro_jpg.rf.9c7abcf154effdba29a982434ef416c4.jpg, 1, 0
805c86e2-7416-44fc-b8aa-f663db39cf8a_135_jpg.rf.9c7cb6abdd7f66aef77bb5fcfa8246be.jpg, 0, 1
66ba2553-31f1-473c-9602-d2df0c1bb3f0_90_jpg.rf.9c83db19f7f99031f43bae2dc99a0714.jpg, 0, 1
3c36fca1-acb0-4a53-95be-087e2c614c76_180_jpg.rf.9c7d068488d7617417d246d518604abd.jpg, 1, 0
92810cd4-1652-4556-bc0b-b2e953449143_45_jpg.rf.9c86e4a783a05d52a919cf68828c03f5.jpg, 0, 1
6f8a29a3-8b83-47d6-8a5b-7baf97fd4469_225_jpg.rf.9c8783d374ac36cc691e988d83b8304f.jpg, 0, 1
507e6cd8-2041-47e5-b174-28a6d9328985_45_jpg.rf.9c8a115f3bfe77a48f6c828d3d917271.jpg, 0, 1
a70cfd80-0fa8-48c8-ab56-7f7cc8b0bb9b_45_jpg.rf.9c92557a1f4e2adb37aa3b8124f637f8.jpg, 0, 1
WIN_20221229_22_50_13_Pro_jpg.rf.9c92d5ce346bf5b6798d0f4972faf79c.jpg, 1, 0
52eb9c86-9714-4fb7-bc45-cbbe25a2b444_270_jpg.rf.9c93c0091ec6bbfcbfdb3c1e6d87eae1.jpg, 0, 1
79eb3e80-65d5-431c-b388-ea52ce593c7d_180_jpg.rf.9c987cac7d17e9f9628971309a8168e1.jpg, 1, 0
WIN_20221229_23_28_39_Pro_jpg.rf.9c9a8e75168a9f87dfbde5d5af36e0b7.jpg, 0, 1
0c04b448-fe60-4b89-bf5a-b18fe90a5870_45_jpg.rf.9c9d9c75a91eef0bc6287beba394f7aa.jpg, 0, 1
a57c3779-84b6-494f-a396-47718417b914_270_jpg.rf.9c9eaec3ebebd704d51e351fe9f73349.jpg, 0, 1
9cc65155-05ca-40b0-b813-2892c3ff04a4_90_jpg.rf.9c9ee4c53330486ad43d20288bb121b5.jpg, 0, 1
WIN_20221229_23_24_48_Pro_jpg.rf.9caedd96276505405986d5d6974c48c5.jpg, 0, 1
6f8a29a3-8b83-47d6-8a5b-7baf97fd4469_270_jpg.rf.9ca035c857651007f44875f4f8e75a62.jpg, 0, 1
adcb9cef-245f-4674-bd16-4c8ad789d0a8_135_jpg.rf.9c95e617ad7d3506a4b9f7fc5e3fd047.jpg, 0, 1
4d510781-6fad-4149-909f-5b3615711984_225_jpg.rf.9cb077416f986778f869172fdb6fa5af.jpg, 1, 0
4d510781-6fad-4149-909f-5b3615711984_270_jpg.rf.9cafce36f29792cd353dd75cd06b9bbf.jpg, 1, 0
687d8151-bfed-420b-9a07-5213500e2964_135_jpg.rf.9cb0f6766360afdfd99d29e1566a1aeb.jpg, 0, 1
84f05969-c971-4d44-8df4-3a80a71a545d_135_jpg.rf.9cba4209febd39f2f5cb7140af0a0a22.jpg, 0, 1
00800bbf-203e-48bd-b64c-f14ef2579c8a_270_jpg.rf.9cce6499f733a83a32ecbea8a9c2721d.jpg, 0, 1
2b3fa5f4-98bb-4565-b461-8ebc3db528ca_180_jpg.rf.9cce81cac73cbf658ddbc2921d119631.jpg, 1, 0
66ba2553-31f1-473c-9602-d2df0c1bb3f0_270_jpg.rf.9ccfbba796a124b841b60c95a3af927e.jpg, 0, 1
1d4ead22-cc06-4fa2-9784-d9257f24ef86_225_jpg.rf.9cd1dd5753a9d26bd5ed61ab862bd023.jpg, 0, 1
82dbf814-a3a3-4cba-9277-08c10de5c8a4_45_jpg.rf.9ce96008fcb14de45aa13aaf85be9c4e.jpg, 0, 1
805c86e2-7416-44fc-b8aa-f663db39cf8a_180_jpg.rf.9cc0bbabfde5b7b0fb61c159f84897db.jpg, 0, 1
66ffa488-289b-4188-afe1-7764a1a1bb1a_225_jpg.rf.9cdb629484b29b07a3155b7382a9433d.jpg, 0, 1
91c2e56d-2549-4574-9414-86aa17e84ef4_135_jpg.rf.9ce0637fa3f12e66763ba2e404573fe3.jpg, 0, 1
dc2d0160-f922-429c-8c3c-5a6f0f68c023_45_jpg.rf.9ced9548872087cd82b244a831811c79.jpg, 0, 1
WIN_20221229_22_50_13_Pro_jpg.rf.9cee1bb285b48169bcd5dfc5d76b42e4.jpg, 1, 0
ba25564d-c23a-450d-b0af-a191ed900fb1_90_jpg.rf.9cf06e6b59d6686acc4adf271bbeed16.jpg, 1, 0
00137db3-94aa-4aa5-aa3b-e3e09d6a5ef5_jpg.rf.9cf3fbd82adb5bafa9f83b0880554984.jpg, 0, 1
233af445-c0e5-4bb1-ad5f-743becd76cab_135_jpg.rf.9d0241d0d71586bbeb1346ccf4a0a05f.jpg, 0, 1
69c9cfea-cfbd-4dfe-a8a2-2ed31daafd85_225_jpg.rf.9d113535b013b83078d0055af8f405c3.jpg, 0, 1
014bcc0a-10c7-41eb-80eb-e2f62bb652b3_jpg.rf.9d0c0a3ca399e434aae268a9e913e298.jpg, 0, 1
a3f8b634-4b11-478d-bbfe-41a57317ad50_225_jpg.rf.9d1172053b69a5334ecd338acdfecb79.jpg, 0, 1
d02674ec-4a90-43c1-9aba-1cf70300a55a_135_jpg.rf.9d13215da578d7d48ef839bb0f5515ed.jpg, 1, 0
5a3117dc-7932-4c34-ae3f-e5867c98ee0a_jpg.rf.9d1857b70071d469a90443915fade7a5.jpg, 0, 1
24a200ea-e903-4bcd-aee1-fb26e7bfd757_225_jpg.rf.9d17dc3ac43cedc23bee49759ebeed66.jpg, 0, 1
75a3c3df-b678-4a55-aa92-02be5879a4cd_90_jpg.rf.9d206210659eeecd76613db37e469e77.jpg, 0, 1
69fc95bf-f644-4c92-8057-f05146da07f7_135_jpg.rf.9d30a23589be4a8cdb05cb86663a798c.jpg, 0, 1
642d6f5f-fa24-4c18-b7b2-6b24334629a3_90_jpg.rf.9d237bbe62a80f8df6860416b581456c.jpg, 0, 1
53f913e3-941b-4772-8446-2bad471e22b0_180_jpg.rf.9d313ba4c80f211567bc2b5ab1c21ca7.jpg, 0, 1
WIN_20221229_22_28_19_Pro_jpg.rf.9d3210b8807e4498422100b34bef1040.jpg, 1, 0
811f5cf3-9a05-4b39-b1b3-174f31f7cec6_135_jpg.rf.9d3a44b6ffb112c7fc471f13ad0233d7.jpg, 0, 1
91e77c81-f2eb-4358-81d6-eea2509ae443_jpg.rf.9d38f34f18df2d0130f157bcf3371ff6.jpg, 0, 1
4d510781-6fad-4149-909f-5b3615711984_180_jpg.rf.9d45b0487a21e4e3a2e8f02355aed9e5.jpg, 1, 0
WIN_20221229_22_42_54_Pro_jpg.rf.9d533fa8bb45be026b72bddd0ed86667.jpg, 1, 0
WIN_20221229_23_32_15_Pro_jpg.rf.9d5477a0db5796919bb0d376524de9ed.jpg, 0, 1
87e64a68-c898-4474-bd57-1e570902862f_jpg.rf.9d4670a3b54f8d3b78b2e9f09b9cc7d4.jpg, 0, 1
3fa757aa-5f48-4acc-b2d9-edf0d584d79a_45_jpg.rf.9d55d4fa1a6700e5a9a8e5dcab6fc0c6.jpg, 0, 1
WIN_20221229_22_08_20_Pro_jpg.rf.9d59783b65a714ccba5bed2bcbb657ef.jpg, 1, 0
764af58e-c590-444a-aefd-b4bc11f74c40_135_jpg.rf.9d5e4fc7cad486730def39c1f31bb5b1.jpg, 1, 0
2b3188c7-77de-4b98-aaa5-012b0941ca45_45_jpg.rf.9d5f82639ed78732e15d7cf59ba5de64.jpg, 0, 1
09e044e6-a2b6-4827-9853-beb7d392347f_225_jpg.rf.9d6d59ec693d13f6dd83d48a0c0a347c.jpg, 0, 1
207aff1c-09cf-47d1-ae76-474c6c31b0e4_45_jpg.rf.9d6de5c8bfddb336109391385e9b90f2.jpg, 0, 1
9aa3d151-a2d6-4d13-ad4f-f133f4552c4f_270_jpg.rf.9d7addddee1f5fce8823d335f4bb1227.jpg, 0, 1
84c8c90b-b9c3-4290-bdff-f1946a11050a_225_jpg.rf.9d781fe31dc02c08965d00436019750b.jpg, 0, 1
a936c90a-8f24-4289-b10b-4830ac9f3019_jpg.rf.9d84fa43f36ce5f92680b675c6d8d8bb.jpg, 0, 1
afd3edfe-e4fe-4715-8429-5af060c5f0d9_225_jpg.rf.9d87e699d3a479640e668c95c57d7e65.jpg, 0, 1
93bde728-be7b-4af0-a18e-67f00d6fdcac_90_jpg.rf.9d8bc77e08249404595a05ce67c71f51.jpg, 0, 1
0516cd97-ef6c-4542-a884-e01aaa597ac3_jpg.rf.9d90b3b3ab988f27a724e86648deead5.jpg, 0, 1
0df87bae-ddf0-49e3-97af-b371d8544547_270_jpg.rf.9da2a76d018efad521764c177a60106c.jpg, 0, 1
dc2bb2f5-03e1-46c1-9886-bda5f5bee11b_270_jpg.rf.9da2e160cf49a761a54f50527a6b88a0.jpg, 0, 1
11037d07-18b3-4fc4-8025-f06dcbc0500d_jpg.rf.9dc540ddb92db6f64d8678b9811e407b.jpg, 1, 0
ba25564d-c23a-450d-b0af-a191ed900fb1_90_jpg.rf.9dc6a5909bcd167c9bc7456f9c5c883e.jpg, 1, 0
75fea9b7-7c08-4ea2-bb8d-50096fdf774b_180_jpg.rf.9daa05fb65b4af0740aef5e6c96e058f.jpg, 0, 1
4dbf4259-4cc3-4ff3-8768-970703c6c8f9_jpg.rf.9dc7428c5d5cfcd40a9364d31215c9b5.jpg, 0, 1
WIN_20221229_23_10_46_Pro_jpg.rf.9dcbabceda613678ee7933424a818210.jpg, 1, 0
82dbf814-a3a3-4cba-9277-08c10de5c8a4_225_jpg.rf.9dd3721f31ee36f6e69872b6fd5dda54.jpg, 0, 1
3fa757aa-5f48-4acc-b2d9-edf0d584d79a_180_jpg.rf.9de58440c6417e93aad4a9654649d678.jpg, 0, 1
00a9637f-e5c9-4522-8d19-d6b3e8bae3f3_45_jpg.rf.9de6382049bff5160bcc8931406fb6d1.jpg, 0, 1
9765b374-f3eb-4a26-903c-90d85bc9fe0a_jpg.rf.9df4374f2a4164ab5e310ae5e58d7a73.jpg, 0, 1
WIN_20221229_22_41_07_Pro_jpg.rf.9de6c9e8821d81fb43bdad4ee758ef35.jpg, 1, 0
600d2167-2072-4825-9516-6c13af9fc382_135_jpg.rf.9df449dbb11fc5672b3959160822c612.jpg, 0, 1
1af687ed-553d-491e-a213-8ddfbfea61ec_jpg.rf.9e054da9efdbd89ce5929c5802f787f2.jpg, 1, 0
93bde728-be7b-4af0-a18e-67f00d6fdcac_270_jpg.rf.9dfa5940c2be7a4dde18558a6457d9bf.jpg, 0, 1
8ddce3ce-bc64-4942-93aa-940868007f64_135_jpg.rf.9e124f1def8b6c09244887be511d29f9.jpg, 0, 1
WIN_20221229_23_30_53_Pro_jpg.rf.9e1a98b6ed94ef7e6933ba8852f905b5.jpg, 0, 1
207aff1c-09cf-47d1-ae76-474c6c31b0e4_180_jpg.rf.9de87ec5071350436e18b4b6e9b92d72.jpg, 0, 1
WIN_20221229_23_34_04_Pro_jpg.rf.9e1b0bd85a9ec7b3a701eb603be42b3e.jpg, 0, 1
05693239-35bd-4086-b8c3-e7b6aa763b4f_135_jpg.rf.9e30f97dfbb5dce3769faaf67812ec45.jpg, 0, 1
6f8a29a3-8b83-47d6-8a5b-7baf97fd4469_180_jpg.rf.9e321bbb6fff85aca30b9a18e9f62823.jpg, 0, 1
9dd803f6-3218-4e96-ad6e-55b3d36e8470_135_jpg.rf.9e1ee19b8a243d34d766d441eaba257a.jpg, 0, 1
8c678484-e530-433f-9265-cadfa51b5d6a_135_jpg.rf.9e3912017271ca9fc79f7197c91b0092.jpg, 0, 1
cfed691e-4738-45c4-a2bd-65fc9d5c2da8_45_jpg.rf.9e39f0d7b13357060b786c3be204c2df.jpg, 1, 0
764af58e-c590-444a-aefd-b4bc11f74c40_135_jpg.rf.9e4893add36b60de04ab8f23357f32b0.jpg, 1, 0
80c4e3b8-9502-4216-aad1-1b5f6f3d6b72_225_jpg.rf.9e489f2203f564b0b9c97de87b3aefa7.jpg, 0, 1
92fe0088-90bc-4eaa-8567-a9b3ad0645e8_45_jpg.rf.9e49ca906815cde2bf4d026b6382c9d5.jpg, 0, 1
7a6523d6-ef65-4cca-8160-946936395ede_135_jpg.rf.9e4a8a393e2613ceb0e9486c9a5e649e.jpg, 0, 1
WIN_20221229_22_06_17_Pro_jpg.rf.9e4e76658807c16bc92ce62d342d9ffc.jpg, 1, 0
0df87bae-ddf0-49e3-97af-b371d8544547_270_jpg.rf.9e509daca38886c3031d122784fdcfdc.jpg, 0, 1
91fd5e6d-6fa7-45ec-b8dd-a390713a150f_180_jpg.rf.9e5094ae702d3e10da9b2e8b0be55400.jpg, 0, 1
WIN_20221229_22_55_39_Pro_jpg.rf.9e59a5159df5319b3452078cd7434b98.jpg, 1, 0
ac755961-63a0-4e01-b87e-eacd0b5d7899_jpg.rf.9e73e9aa00e662cfdb2f34bcc52be4f2.jpg, 0, 1
f206736f-e48f-4e12-b367-144752c744e6_270_jpg.rf.9e5b1b9e46d3a780b9cbd80ddbf8ad93.jpg, 1, 0
0dc01fa2-4d5e-46ae-ad61-19485b378972_225_jpg.rf.9e71b7052ffb8708976cf2bc45e16a5f.jpg, 0, 1
665aeca5-e68c-49d3-ad8d-5755fad74dcf_180_jpg.rf.9e7b9487bb0266a96127e2c0bf6b40f5.jpg, 0, 1
7e2e4fb2-dc94-46c6-a203-0db83ca84e81_jpg.rf.9e8989dfa09d5ed8a25589afae38043f.jpg, 0, 1
76a872d2-5c22-4f33-82b4-18c0f78e1a1b_225_jpg.rf.9ea467a15debc4346d6d7a0715c771ae.jpg, 0, 1
52c230c2-20b1-4769-978c-d0a859364b3e_135_jpg.rf.9eadbc04601d9c4294c812b1bcc67aad.jpg, 0, 1
5d105570-fd52-46cd-a90a-9dfa42ef878a_90_jpg.rf.9eab5939eacd4a102b692d4f2ea48cc8.jpg, 0, 1
878a59f0-76a6-4a7c-8e4a-45283cfb4465_90_jpg.rf.9eb14c5bb184d71bc3a4d804f8ec1f82.jpg, 0, 1
WIN_20221229_22_42_54_Pro_jpg.rf.9ec0c332c34cf84d157648aa6fbdf7d0.jpg, 1, 0
d141258d-4b06-4d47-9e08-82edbd725dd1_180_jpg.rf.9ec708159601a4b5feed8abe12ccad63.jpg, 0, 1
40cbb123-b3d1-4546-aa26-2fdd1090b075_45_jpg.rf.9eb78b798711e8d8c4b2502cd1c7b964.jpg, 0, 1
69c9cfea-cfbd-4dfe-a8a2-2ed31daafd85_225_jpg.rf.9ee245c904464ebd404d1302a60e5b25.jpg, 0, 1
507e6cd8-2041-47e5-b174-28a6d9328985_135_jpg.rf.9ee8dc7f1ed928eda13055b29fb0ca31.jpg, 0, 1
7d0322d1-3583-4a2b-ad25-e76d31603cee_225_jpg.rf.9ee9b3d30cfc73bfa297aeaf9385ea9e.jpg, 0, 1
1d4ead22-cc06-4fa2-9784-d9257f24ef86_270_jpg.rf.9f0153b3f150765d37608ab86b44eacd.jpg, 0, 1
92787dc3-1720-41c4-8acc-5c7f3fda0fa5_90_jpg.rf.9eebc28303a46a865457edb99052bf67.jpg, 1, 0
72a2b8f8-c7ca-4222-b2a1-9b82ac7990f4_270_jpg.rf.9efd2009f5e82e8412434a12aac466fc.jpg, 0, 1
WIN_20221229_23_08_02_Pro_jpg.rf.9f0897a4614ad06c662ad24f31b3c945.jpg, 1, 0
15f5d196-2633-4a7b-9102-b33c659c6024_90_jpg.rf.9f21e41524f1bc53b3dfb657c1ac7dd5.jpg, 0, 1
503a19e2-d693-4ab0-aae9-9181b1789a94_45_jpg.rf.9f236e5e43089e057c4b36ce60186375.jpg, 0, 1
82743c35-e968-47ee-93f6-95270352fe13_180_jpg.rf.9f360a5d15d838a68d91bfbc0e70abbd.jpg, 1, 0
84c8c90b-b9c3-4290-bdff-f1946a11050a_180_jpg.rf.9f4621267aa98f848cfc1aa02c54d58f.jpg, 0, 1
dc2bb2f5-03e1-46c1-9886-bda5f5bee11b_90_jpg.rf.9f06024a0561e2e1c7c749a395e577d5.jpg, 0, 1
d4ea5845-ed1c-4bcd-b615-557884bb64c2_jpg.rf.9f3be0c4e2ea8cc57211d3df640c78ea.jpg, 1, 0
215be899-dd62-42e0-b42e-8331622f5b9a_45_jpg.rf.9f49c06eb0115499c40dc0cce395daaf.jpg, 0, 1
680cc473-598d-49e7-847e-6b8c099e14fc_90_jpg.rf.9f4fb8771faca6da44b02d94cc9c2c37.jpg, 0, 1
1ab90226-8889-4bcd-ad0c-ea01fedaaffd_180_jpg.rf.9f52037db8c8fcac52da36d0c833c08e.jpg, 1, 0
afd3edfe-e4fe-4715-8429-5af060c5f0d9_225_jpg.rf.9f53a2096ab9de1cde0725bce76b5264.jpg, 0, 1
82743c35-e968-47ee-93f6-95270352fe13_jpg.rf.9f63c498c24680113a9cc5d1b0d61cad.jpg, 1, 0
9dd803f6-3218-4e96-ad6e-55b3d36e8470_90_jpg.rf.9f57c6db015f7fa5ed51739950794347.jpg, 0, 1
936d35a1-f617-4a9b-99c6-32cfd8284d34_225_jpg.rf.9f5c0ebb07063f9275c6ce103ca7e9cf.jpg, 0, 1
4de4ad31-de11-418b-a60d-a7192ea0c98a_90_jpg.rf.9f6fed61302e965a59d3b3804ed79724.jpg, 1, 0
6e3c83a7-c5c6-46b5-8562-ffa8d99f4bb2_225_jpg.rf.9f6f82315b147088216988be930b9b90.jpg, 0, 1
085c4ff0-ec11-44e6-b865-d4a8e163bcee_135_jpg.rf.9f73638b7926bb1c3343987a602ea84c.jpg, 0, 1
5a3117dc-7932-4c34-ae3f-e5867c98ee0a_90_jpg.rf.9f71dca1ebfe5401a1c7d1290e13c0ef.jpg, 0, 1
41ab7cda-4c88-47b8-98da-0c6ee6e07325_135_jpg.rf.9f76578c8dc0682dd805a17b63e6852d.jpg, 0, 1
afd3edfe-e4fe-4715-8429-5af060c5f0d9_90_jpg.rf.9f7674c0b1c3ba91603da2dd0926840b.jpg, 0, 1
ba23ca74-9f22-43fe-8e97-1aaac5891d8d_jpg.rf.9f7a85bbbe63d372ce0de48f85382228.jpg, 0, 1
3c966d73-e030-422f-8e66-a2bfb35337dc_45_jpg.rf.9f8f038acfd362b2a290bab6bc659a2f.jpg, 0, 1
7d0322d1-3583-4a2b-ad25-e76d31603cee_135_jpg.rf.9f9d5a604d7bcbf2408e2581fa639d0f.jpg, 0, 1
00137db3-94aa-4aa5-aa3b-e3e09d6a5ef5_225_jpg.rf.9f877842f6b8f7b2672820b894ca6b90.jpg, 0, 1
WIN_20221229_22_16_31_Pro_jpg.rf.9fbe18baa987ad6a1f2f974a276885cd.jpg, 1, 0
7d0322d1-3583-4a2b-ad25-e76d31603cee_135_jpg.rf.9fb971b23d1727c99e5864f6f9e7e0a7.jpg, 0, 1
680cc473-598d-49e7-847e-6b8c099e14fc_270_jpg.rf.9fc78c69009a8642f1d2a85099169686.jpg, 0, 1
2a99660b-f767-40aa-937f-c4cd68d2ceac_225_jpg.rf.9fc79b0c765f49453d1488d27694b0f1.jpg, 0, 1
3c5c4ffd-e4d4-45b7-a07c-64e2f6788de2_180_jpg.rf.9fc982df6b80729764884a97d0de8bc5.jpg, 1, 0
69dc5c1e-a7ad-49aa-ba21-235545c312c6_270_jpg.rf.9fcf8fb12f9b66f714a80a41f3da176c.jpg, 0, 1
6181c79d-f063-4fa4-be90-ae376d6b3bdc_90_jpg.rf.9fcb3c05f5efcc22e6c2838ccc888848.jpg, 1, 0
0fbac742-48ee-4857-ab82-3318c8fbdcb8_jpg.rf.9fe61ed5e345fddc5bbd924e8e5914b5.jpg, 0, 1
9fc543ac-91f3-43f6-8df6-28bb9709a3e6_45_jpg.rf.9fe9971fd5635bc6fdb578c63121945d.jpg, 0, 1
898d6980-0ea3-4451-82f1-3bdabc8c6d9d_45_jpg.rf.9ff12fe531fe76621365a9c59192e9f0.jpg, 0, 1
75fea9b7-7c08-4ea2-bb8d-50096fdf774b_jpg.rf.9feca162a9749656f5f5c34041aa857a.jpg, 0, 1
207aff1c-09cf-47d1-ae76-474c6c31b0e4_270_jpg.rf.9ffcbb1bd41b9eb594c8f3f971981bc7.jpg, 0, 1
09e044e6-a2b6-4827-9853-beb7d392347f_135_jpg.rf.9fe9b0f684faf4bc7dba25f250ec30ed.jpg, 0, 1
41ab7cda-4c88-47b8-98da-0c6ee6e07325_270_jpg.rf.9ff61484a8a84e0aed8858bfda7221aa.jpg, 0, 1
6181c79d-f063-4fa4-be90-ae376d6b3bdc_270_jpg.rf.9fff6bd016cf894d0509eb828f7ee5da.jpg, 1, 0
92a893f4-8dd5-4f4a-9864-08811d4ed00a_45_jpg.rf.9ffe0433893a5ac536d06de0e17eb9f6.jpg, 0, 1
dc2d0160-f922-429c-8c3c-5a6f0f68c023_45_jpg.rf.a000288d7a6c2830629542c554de634d.jpg, 0, 1
2c59ee70-dc1c-4de3-83ab-aa36a5fb92c9_45_jpg.rf.a0065ba183bcea7704141b5e8e7343ff.jpg, 0, 1
868aed84-639d-46d3-9f59-3d71ba702ea0_90_jpg.rf.a01a52565b5f83d299e4721419ca2e8a.jpg, 1, 0
69dc5c1e-a7ad-49aa-ba21-235545c312c6_180_jpg.rf.a020859b052108ea90f66187fc65e848.jpg, 0, 1
4ded4873-2bd7-4d9b-80ae-7a8967c128ce_45_jpg.rf.a0228c97af7fba778cb89792d6d9c3d3.jpg, 1, 0
2c59ee70-dc1c-4de3-83ab-aa36a5fb92c9_225_jpg.rf.a02747889ddb97e8170ba4b16981e585.jpg, 0, 1
878a59f0-76a6-4a7c-8e4a-45283cfb4465_jpg.rf.a02d01555b3b36db7533b9d1d626884a.jpg, 0, 1
ac755961-63a0-4e01-b87e-eacd0b5d7899_135_jpg.rf.a03d55f2802d3f0e28e4e396e1dec27f.jpg, 0, 1
01aff576-d811-4858-bc7b-e66af9db530f_135_jpg.rf.a04f83aaa3f328db0a8919ba3175668c.jpg, 1, 0
b84b2bd1-353d-4da0-80e6-da6df7b611b8_90_jpg.rf.a039c12ec80822ae14df686a55bf51b5.jpg, 0, 1
WIN_20221229_22_29_32_Pro_jpg.rf.a05589e46ed07ada2e58ae4d5864fb37.jpg, 1, 0
22ada72b-340c-4d68-9534-2729e3347cab_225_jpg.rf.a072707d4b094f93bf944c9dbbba2a6f.jpg, 0, 1
7d0322d1-3583-4a2b-ad25-e76d31603cee_90_jpg.rf.a07e0d4b788401d1dec66493890d7d1b.jpg, 0, 1
06b95f3f-e2f5-4f58-95b1-6f9024e8e5d7_45_jpg.rf.a083201786e5b36f19eb23e6efc6a2ff.jpg, 0, 1
687d8151-bfed-420b-9a07-5213500e2964_jpg.rf.a099568bda047fd415a2ba1221d05e6c.jpg, 0, 1
303bf4f0-4e58-4f52-83e1-73f1a7ceabc5_jpg.rf.a0a5ac08ca5149ede4581b3be36fe40d.jpg, 0, 1
a70cfd80-0fa8-48c8-ab56-7f7cc8b0bb9b_jpg.rf.a0af24745f03b7d7bf73677ab2b2878d.jpg, 0, 1
2d398321-1a08-4aec-98b9-eb3301da9d79_45_jpg.rf.a0c03c7cd19b3ad2b0568525f9939282.jpg, 0, 1
2b3188c7-77de-4b98-aaa5-012b0941ca45_225_jpg.rf.a0af0eeae3d5778f6843656c152f2ee2.jpg, 0, 1
d2936fba-871f-4fbe-97da-b6e6e347e889_225_jpg.rf.a0bd371217e2c2797c205a228d84f816.jpg, 1, 0
53f913e3-941b-4772-8446-2bad471e22b0_90_jpg.rf.a0c176bb2e693ce36e43db1f8aba32a1.jpg, 0, 1
3c966d73-e030-422f-8e66-a2bfb35337dc_225_jpg.rf.a0c4a49a293b67b91ab77dd25513f46c.jpg, 0, 1
75a3c3df-b678-4a55-aa92-02be5879a4cd_270_jpg.rf.a0c821385f5ec591e9a8bb446cd21567.jpg, 0, 1
256d7e4e-e47b-466f-adb1-051bda40d918_225_jpg.rf.a0cbdda0298497e8fcf525d480ef5766.jpg, 0, 1
a8ba45d9-69a1-4fc4-a6c3-74c50107e59c_180_jpg.rf.a0ce8570d81bce490ea62f0ec0eecb98.jpg, 0, 1
6cdbe5d2-04bc-4a25-b1a0-be0a00a136ae_jpg.rf.a0d1a7b92d9e21f9c1e2f9fa1c913442.jpg, 0, 1
303bf4f0-4e58-4f52-83e1-73f1a7ceabc5_45_jpg.rf.a0e03820e4b054c15d8c60e5f32d4933.jpg, 0, 1
1513532a-b352-4b17-b681-b02f3127b483_45_jpg.rf.a0e3551bcdcb1c82cf4a48dac1d4ec2e.jpg, 0, 1
66ffa488-289b-4188-afe1-7764a1a1bb1a_180_jpg.rf.a0eecaa26704de729fc8aff531ad17ac.jpg, 0, 1
642d6f5f-fa24-4c18-b7b2-6b24334629a3_90_jpg.rf.a0f62d75f8a740db2d2115926747bb68.jpg, 0, 1
a936c90a-8f24-4289-b10b-4830ac9f3019_270_jpg.rf.a0f82646ca34d66a46b11c9349e1edac.jpg, 0, 1
WIN_20221229_23_30_53_Pro_jpg.rf.a0f756cfcdeb9f6c1a38561e49318a73.jpg, 0, 1
WIN_20221229_22_37_13_Pro_jpg.rf.a0f91e6c17d8c605464701e091b00746.jpg, 1, 0
507e6cd8-2041-47e5-b174-28a6d9328985_90_jpg.rf.a0fb2e9eec854d3b776ee363fd3dec5b.jpg, 0, 1
6b30113e-141c-4956-964b-7b64918f694b_270_jpg.rf.a10be53a9e4558b555dfa5e77377d52d.jpg, 1, 0
96d467c2-fa44-474b-9e64-88f1f265aeaf_270_jpg.rf.a113e90891972c39ef1ea809e2bc53d6.jpg, 0, 1
WIN_20221229_22_55_27_Pro_jpg.rf.a1295e2b915cdc6cd0906a0f04be5a2a.jpg, 1, 0
9765b374-f3eb-4a26-903c-90d85bc9fe0a_180_jpg.rf.a12a8ce2a991e859aa6c8cffdecda5ba.jpg, 0, 1
60f07eaa-f4a0-4939-9882-acce7b2ee256_45_jpg.rf.a12f56eaec23b253ede59a317e4d7b73.jpg, 0, 1
WIN_20221229_22_04_44_Pro_jpg.rf.a12dce82f9fdb017d57c66d12169ee92.jpg, 1, 0
0d2a4a7e-7b37-49eb-9ad6-8faaf457ad82_90_jpg.rf.a1350cc7343dd4b7998abd1abb16a8d2.jpg, 0, 1
0516cd97-ef6c-4542-a884-e01aaa597ac3_270_jpg.rf.a1395be52f107ba509251d77b2414e3f.jpg, 0, 1
4ded4873-2bd7-4d9b-80ae-7a8967c128ce_jpg.rf.a144e41fbc35809dbca95c67e40f9a06.jpg, 1, 0
cce642b7-d4aa-4dc6-951b-e1b655f68334_135_jpg.rf.a146b8b05d150682e394dc5c415cc49d.jpg, 1, 0
WIN_20221229_23_20_56_Pro_jpg.rf.a1495f09a33aa8651f241eda1d9439f9.jpg, 0, 1
WIN_20221229_22_31_15_Pro_jpg.rf.a14d1fbd039243206c1392ba73f09091.jpg, 1, 0
44c7fb6b-7175-4aa3-98c2-9bc78d8a6f92_90_jpg.rf.a1490d5c1c56f31a3f5ac0c38fc4d706.jpg, 0, 1
24a200ea-e903-4bcd-aee1-fb26e7bfd757_90_jpg.rf.a14d3f9a26a7641e596c5ec0c18b60e5.jpg, 0, 1
0aa414bb-510b-40c9-85e1-f7a7163b3e2c_180_jpg.rf.a15214e7c0422ced1b2561662fb40ebb.jpg, 0, 1
708fb576-4b86-4d50-a652-cc0d64f5407a_jpg.rf.a154ddebcb0b58ef09e5eb7341fa7e67.jpg, 0, 1
7d0322d1-3583-4a2b-ad25-e76d31603cee_90_jpg.rf.a156e53d5aaca6fe5cc7a7d51c5a28c5.jpg, 0, 1
6bb51206-67ec-431b-8484-93739b1fddad_45_jpg.rf.a15c8b9e54879889bb0112208aa30a66.jpg, 1, 0
84c8c90b-b9c3-4290-bdff-f1946a11050a_180_jpg.rf.a1729a7aa8fe739502c501e27cce668d.jpg, 0, 1
8a28aff5-8859-462a-bccf-e8d61dde3eff_jpg.rf.a176a2e34b17199fc6bf1ad9465b08f5.jpg, 1, 0
589950d7-088b-4c4b-abc1-9b824671ec8f_270_jpg.rf.a17e61e352c21592d5f06b07bfef4ec4.jpg, 1, 0
WIN_20221229_23_02_13_Pro_jpg.rf.a17e211c2100cac05553c74b2dc4b215.jpg, 1, 0
0aa414bb-510b-40c9-85e1-f7a7163b3e2c_225_jpg.rf.a1884acb0dd19c02f1592bfb245baee3.jpg, 0, 1
a57c3779-84b6-494f-a396-47718417b914_225_jpg.rf.a18b7a412d92c86484bd2ed7b475180f.jpg, 0, 1
WIN_20221229_22_50_46_Pro_jpg.rf.a199300109bf278ab2b91eff8e8e0cab.jpg, 1, 0
665aeca5-e68c-49d3-ad8d-5755fad74dcf_jpg.rf.a19bbba527c181bb514a4e20f3e8f69c.jpg, 0, 1
d6ed6d4c-2acb-4507-bc4c-70480968eacb_225_jpg.rf.a1a101ad625834a244f38059f9b0eeb1.jpg, 0, 1
96383b0f-647d-4d8b-aae4-c525fb9365d6_225_jpg.rf.a1a85f19f48d05e139e076115a3e271e.jpg, 0, 1
1513532a-b352-4b17-b681-b02f3127b483_90_jpg.rf.a1b0c051b142e637d44b7c61fc0689c7.jpg, 0, 1
1f4613ea-1b60-4092-876c-1a474a8c51b9_45_jpg.rf.a1acd5d1d8bf9dd5dd5ac600e7da7e3c.jpg, 1, 0
6343bade-4271-437b-84ea-e9756e715080_45_jpg.rf.a1bc9317a7ffe495914eb66f341bf2f7.jpg, 0, 1
2da43d43-ad7b-435c-920d-0fbfebb88959_225_jpg.rf.a1c5bcf9084cc92a8eb1dae67e0d176c.jpg, 1, 0
WIN_20221229_23_30_29_Pro_jpg.rf.a1ca061b187a39a4e82f196aeb40f632.jpg, 0, 1
0d2a4a7e-7b37-49eb-9ad6-8faaf457ad82_45_jpg.rf.a1ce04b00db60d83e1dd3a52d5e7f63c.jpg, 0, 1
859bbe6e-7f46-4b86-acd1-86fea679de36_225_jpg.rf.a1d00d4d63feede30eecb7fb85cfc8b3.jpg, 0, 1
39c71820-6b5b-499e-b2c6-a957f48c62fa_225_jpg.rf.a1e69aab8e3e27a496b317347b937690.jpg, 0, 1
adcb9cef-245f-4674-bd16-4c8ad789d0a8_90_jpg.rf.a1e6842a4775e1a21fde898cad8aba14.jpg, 0, 1
WIN_20221229_22_49_53_Pro_jpg.rf.a1eb877ce3230b83a6ed7fddb75766e6.jpg, 1, 0
09e044e6-a2b6-4827-9853-beb7d392347f_45_jpg.rf.a1eddd81995243339a4f4524e80b18f9.jpg, 0, 1
92a893f4-8dd5-4f4a-9864-08811d4ed00a_225_jpg.rf.a1f14ac50e3c01e3d62c089542a19221.jpg, 0, 1
6f8a29a3-8b83-47d6-8a5b-7baf97fd4469_225_jpg.rf.a1f658525cb4f134f7ae3479653b2787.jpg, 0, 1
5d105570-fd52-46cd-a90a-9dfa42ef878a_135_jpg.rf.a1f7c67a1db0fb8226cd7d0caf70ca3b.jpg, 0, 1
80de665e-2077-4a83-9a40-20d2bcaeac43_180_jpg.rf.a1fd025751d42ce690cbfa256df55146.jpg, 0, 1
507e6cd8-2041-47e5-b174-28a6d9328985_45_jpg.rf.a1fe6398a651f67daf772334e2a3766d.jpg, 0, 1
WIN_20221229_22_06_46_Pro_jpg.rf.a20ffa5a4242b6244a1a26dff2a2678f.jpg, 1, 0
WIN_20221229_23_16_23_Pro_jpg.rf.a20fd994ee86048bbcce9a22161170fc.jpg, 1, 0
WIN_20221229_22_31_40_Pro_jpg.rf.a2147b7f840012861eee202ca1e0dee0.jpg, 1, 0
3bde05ec-782e-445d-a221-38a8ecbc5dab_90_jpg.rf.a21530d5053c1d3b45cfe8bbdf98aa77.jpg, 0, 1
488a316b-07fc-410e-a5fd-84f831acc653_270_jpg.rf.a21fbb3539ec8647ede4815e82ae3625.jpg, 0, 1
d65589fa-33dc-4e7f-9d37-a8763424d061_135_jpg.rf.a21dec41d21c6a3b0ed7ecc5d1e0c267.jpg, 1, 0
600d2167-2072-4825-9516-6c13af9fc382_jpg.rf.a2363b521b21a27629db1d40681e3d53.jpg, 0, 1
859bbe6e-7f46-4b86-acd1-86fea679de36_225_jpg.rf.a24a0ab30d96448a35bc127f561694ca.jpg, 0, 1
0c4d65e5-1985-47b2-8252-616ed898bd7c_90_jpg.rf.a25ddd3b49f19b32e6a65a4f48af2e3f.jpg, 0, 1
1b05898a-3be4-4b9e-b4a0-6d23dfdaabf0_45_jpg.rf.a258e7264cd93249e2224de7681d4873.jpg, 0, 1
33e3e3fe-8e37-4b4a-aa04-ad3864731632_270_jpg.rf.a253cb72c86745612377a0a777e5b656.jpg, 0, 1
15fd3442-e84f-4c27-952b-ec415fe777d6_45_jpg.rf.a2650d7ec6525ce78d65fc5c03a2cf4b.jpg, 0, 1
80c4e3b8-9502-4216-aad1-1b5f6f3d6b72_45_jpg.rf.a2587f0f40bdb4818e18aa8857d43c51.jpg, 0, 1
24522061-cd21-4507-92da-432712838d1d_45_jpg.rf.a25f17d8309523bb4797be800522aa00.jpg, 0, 1
488a316b-07fc-410e-a5fd-84f831acc653_90_jpg.rf.a26c99e0bf2b5c5a2bb924a79038fc41.jpg, 0, 1
2c59ee70-dc1c-4de3-83ab-aa36a5fb92c9_90_jpg.rf.a27a9ced2336a2d9f5b6699bbbf92a7d.jpg, 0, 1
WIN_20221229_22_03_41_Pro_jpg.rf.a2700e024f50cbdd1dc6e2a77ac47326.jpg, 1, 0
d4ea5845-ed1c-4bcd-b615-557884bb64c2_225_jpg.rf.a27fcab58ac3a90c0dc00a027fa4ab33.jpg, 1, 0
488a316b-07fc-410e-a5fd-84f831acc653_135_jpg.rf.a286cf0ea1de296e2708face78b18418.jpg, 0, 1
7e2e4fb2-dc94-46c6-a203-0db83ca84e81_180_jpg.rf.a28ddae194b87c8b37eeb67bf7e8b812.jpg, 0, 1
98cb62e4-f491-47c7-b871-9d1aeeac307e_45_jpg.rf.a294513dd3eaf5e5e18a567947f1e1ea.jpg, 0, 1
ba23ca74-9f22-43fe-8e97-1aaac5891d8d_180_jpg.rf.a29af6c9ebcc82b8616081df5c0b167b.jpg, 0, 1
98cb62e4-f491-47c7-b871-9d1aeeac307e_135_jpg.rf.a2a294e008fe43ee00c04227c1efae69.jpg, 0, 1
84c8c90b-b9c3-4290-bdff-f1946a11050a_45_jpg.rf.a29eccb6dd70be7c8ca6c0ed4cf7db96.jpg, 0, 1
7a6523d6-ef65-4cca-8160-946936395ede_jpg.rf.a2a56accf1452ca787f9b90cb4c7ea1a.jpg, 0, 1
WIN_20221229_22_34_44_Pro_jpg.rf.a2a3b9f9153b305391ba0d4c93124e06.jpg, 1, 0
70be0397-922c-4185-bb84-728b59ab25f8_180_jpg.rf.a2a9a6d8e486dd4bc8818126ef38ab59.jpg, 0, 1
41ab7cda-4c88-47b8-98da-0c6ee6e07325_90_jpg.rf.a2b1e7c9f3c2fa2eaef0a6103004d97e.jpg, 0, 1
220fcc53-6ef7-45d1-8122-fa1c19ca9ec5_270_jpg.rf.a2ae7137cb6f6d095151f699d1f86dcc.jpg, 0, 1
91fd5e6d-6fa7-45ec-b8dd-a390713a150f_jpg.rf.a2b9ce027c86b9cafc1d8463b1d4aa8e.jpg, 0, 1
d2936fba-871f-4fbe-97da-b6e6e347e889_225_jpg.rf.a2baa2f35d4c0def8878a9f93090b8ba.jpg, 1, 0
90dec1cd-f163-48fd-bcc4-58066e5acb09_45_jpg.rf.a2bb0b456ab20303a237b35bdb319164.jpg, 0, 1
256d7e4e-e47b-466f-adb1-051bda40d918_225_jpg.rf.a2bb8264b05eaadae407bcee5ab7acb2.jpg, 0, 1
WIN_20221229_23_16_53_Pro_jpg.rf.a2bc5d181b5b3fbd5778449fad1a4ac3.jpg, 1, 0
9aa3d151-a2d6-4d13-ad4f-f133f4552c4f_90_jpg.rf.a2cd8ec9f698c7c8cee1c47c9a2ebbbd.jpg, 0, 1
256d7e4e-e47b-466f-adb1-051bda40d918_jpg.rf.a2d09d14b03922b0f8ce4f5b8bc04bee.jpg, 0, 1
0aa414bb-510b-40c9-85e1-f7a7163b3e2c_90_jpg.rf.a2c4ed42f4f878bad6e54f60c1e9a690.jpg, 0, 1
4737a7d7-5d10-4912-b3e7-c8254a88af02_270_jpg.rf.a2f70dd1ab55a47a9dd2a658139cf945.jpg, 0, 1
0516cd97-ef6c-4542-a884-e01aaa597ac3_45_jpg.rf.a2fe60a9539c0d4cec8a5a4e0ad153df.jpg, 0, 1
96d467c2-fa44-474b-9e64-88f1f265aeaf_135_jpg.rf.a2d589507a8fcae0bad72fc78c796b3f.jpg, 0, 1
00800bbf-203e-48bd-b64c-f14ef2579c8a_90_jpg.rf.a30227eb374ec14b90d7fdac62bf4a54.jpg, 0, 1
01aff576-d811-4858-bc7b-e66af9db530f_180_jpg.rf.a30b013a47f6659b705bb15a85e333d7.jpg, 1, 0
WIN_20221229_23_23_43_Pro_jpg.rf.a3146fb9756e0f76e71966065edce185.jpg, 0, 1
868aed84-639d-46d3-9f59-3d71ba702ea0_135_jpg.rf.a310a3787f17b6efb255ac66af0c4432.jpg, 1, 0
WIN_20221229_22_18_19_Pro_jpg.rf.a31e2bdaa45073919a0d99eaeee4cd2b.jpg, 1, 0
085c4ff0-ec11-44e6-b865-d4a8e163bcee_135_jpg.rf.a32ea5640232d4565f728f8e66e76db3.jpg, 0, 1
dc2d0160-f922-429c-8c3c-5a6f0f68c023_45_jpg.rf.a33ff8e417a698739407e5535e77a8b4.jpg, 0, 1
d4ea5845-ed1c-4bcd-b615-557884bb64c2_135_jpg.rf.a36028cce132279a4c35710a637ce924.jpg, 1, 0
7089d907-9aaf-459e-ae22-53962285fbc8_jpg.rf.a3650ae0ef3d378b6bc56f734df70e9a.jpg, 0, 1
4eddf419-3396-43d2-8b40-3ccecf2a2620_225_jpg.rf.a33475b671fd07f01cd9ff996e64e758.jpg, 1, 0
9ec72020-824e-4c15-b633-cba42d080364_90_jpg.rf.a365fec8750b68d76be2296e700b610d.jpg, 1, 0
87595b49-d19a-4221-8418-57ee268de2d5_45_jpg.rf.a366efcc76d06eeebe570a87cf5fada3.jpg, 0, 1
a8ba45d9-69a1-4fc4-a6c3-74c50107e59c_135_jpg.rf.a36de2c785b21b8fa37caff4c20127be.jpg, 0, 1
61bd5e75-cfb1-47e8-b4be-24447913359a_225_jpg.rf.a37392f95324f9f00e389005153a7d21.jpg, 0, 1
9765b374-f3eb-4a26-903c-90d85bc9fe0a_180_jpg.rf.a376f7e5e82b321481053985645b6334.jpg, 0, 1
228a8b47-9459-4326-898b-1c5953d755b4_270_jpg.rf.a3885b65a78f62231a1091c552e4528b.jpg, 0, 1
WIN_20221229_22_55_39_Pro_jpg.rf.a37d7188a42dd236a84b0f01be14f8cb.jpg, 1, 0
898d6980-0ea3-4451-82f1-3bdabc8c6d9d_jpg.rf.a38b99877e5b839e44b68f8ffa8b25e1.jpg, 0, 1
898d6980-0ea3-4451-82f1-3bdabc8c6d9d_45_jpg.rf.a38df9d1c8d35489f74f57b19d4386c2.jpg, 0, 1
6fb259e3-002e-473c-a2bc-4a9f48c1ebe7_135_jpg.rf.a39235f7250920f3be912a1f8d499ade.jpg, 1, 0
41ab7cda-4c88-47b8-98da-0c6ee6e07325_135_jpg.rf.a3adfefc388941709bce3761d9b66bb6.jpg, 0, 1
82dbf814-a3a3-4cba-9277-08c10de5c8a4_90_jpg.rf.a3a925480e69a869db183ca720566c2b.jpg, 0, 1
4737a7d7-5d10-4912-b3e7-c8254a88af02_135_jpg.rf.a3c3268fea481981f8724249e951bd82.jpg, 0, 1
8ddce3ce-bc64-4942-93aa-940868007f64_180_jpg.rf.a3d2d04dbf63fa54fc41df114d86a5e7.jpg, 0, 1
d141258d-4b06-4d47-9e08-82edbd725dd1_225_jpg.rf.a3d15aada4016f9cea3258282571ffb9.jpg, 0, 1
1d4ead22-cc06-4fa2-9784-d9257f24ef86_90_jpg.rf.a3da7349363d25b986903cca02b99202.jpg, 0, 1
9cc65155-05ca-40b0-b813-2892c3ff04a4_225_jpg.rf.a3edb5532b07631482458d9e5d5008fa.jpg, 0, 1
WIN_20221229_22_48_59_Pro_jpg.rf.a3f5945fa8e65aaddb0ea50ded810ac2.jpg, 1, 0
80de665e-2077-4a83-9a40-20d2bcaeac43_90_jpg.rf.a400766c3b15c008879cbb5ff449bbf9.jpg, 0, 1
a36b24dc-58f1-4270-b642-3bb7ec46de0f_270_jpg.rf.a3fefc09036c06540921a445b81c211b.jpg, 1, 0
108ca99a-5abc-4dca-8e9e-ad3551748f1a_135_jpg.rf.a40cbbcaa185e3724d7060dcbe6e271b.jpg, 0, 1
00a9637f-e5c9-4522-8d19-d6b3e8bae3f3_180_jpg.rf.a400a3b017780ec38d98b277c53d2e57.jpg, 0, 1
5c99f964-3704-402c-aa2d-42bd2fbacf4f_90_jpg.rf.a40cdc57feebc38a32f3a7ac0bb9b8ee.jpg, 0, 1
4ded4873-2bd7-4d9b-80ae-7a8967c128ce_135_jpg.rf.a4105a59526018c6812978c64653cd5d.jpg, 1, 0
0c04b448-fe60-4b89-bf5a-b18fe90a5870_90_jpg.rf.a41ffd3c5aac6738fe6141890d59b3d8.jpg, 0, 1
70be0397-922c-4185-bb84-728b59ab25f8_270_jpg.rf.a40f772fd60c6a112daa476053a5ed70.jpg, 0, 1
a36b24dc-58f1-4270-b642-3bb7ec46de0f_90_jpg.rf.a41755a2d7bc5e8c622d8f1c25a19c89.jpg, 1, 0
70f70f97-4a9e-4d42-a08b-3b7d1b9abef8_270_jpg.rf.a4208e8e74a14ed0fcbe04fa613e9765.jpg, 0, 1
15f5d196-2633-4a7b-9102-b33c659c6024_225_jpg.rf.a4223b2068618321c5ab282fd40673d6.jpg, 0, 1
00800bbf-203e-48bd-b64c-f14ef2579c8a_180_jpg.rf.a4226e56f94704371565c9ae611b832b.jpg, 0, 1
25365714-d0ec-4a39-aba3-ea056e686ce9_45_jpg.rf.a42b66114e8006a0b770d1eea68c0f6b.jpg, 0, 1
1acf8679-d50f-446c-b806-def7d073e244_jpg.rf.a4453936ed3480536180046e47cc61db.jpg, 1, 0
cce642b7-d4aa-4dc6-951b-e1b655f68334_270_jpg.rf.a456fe1036805ba5b16367e015434a45.jpg, 1, 0
41ab7cda-4c88-47b8-98da-0c6ee6e07325_45_jpg.rf.a461c8f2155a777e18759415682103e5.jpg, 0, 1
56863d51-82dd-432b-808a-bb09a5e65be6_90_jpg.rf.a462642b56d60018f86b2245283e6ac7.jpg, 0, 1
a1690e8a-68f2-42fa-b0a0-6c59cc895c84_225_jpg.rf.a46c777eda730825baaa883e44943030.jpg, 0, 1
3bde05ec-782e-445d-a221-38a8ecbc5dab_270_jpg.rf.a4709aeb076f44bef62ae70f2b73e566.jpg, 0, 1
93bde728-be7b-4af0-a18e-67f00d6fdcac_135_jpg.rf.a4719c8e3bdb7eae4aa052f0f27f026d.jpg, 0, 1
859bbe6e-7f46-4b86-acd1-86fea679de36_180_jpg.rf.a46e811bc0c685f13044cf67ec057123.jpg, 0, 1
0c279d03-a83d-4404-b852-2b90d79e1ed3_jpg.rf.a486dce3439cf1887d37b988e2accc1e.jpg, 0, 1
a1690e8a-68f2-42fa-b0a0-6c59cc895c84_45_jpg.rf.a48ca67c5ceff3e833e6336bf34ca190.jpg, 0, 1
d6faa4f5-e419-4c2d-b0be-316f48d5464a_45_jpg.rf.a49928ea12e6847c808dd04003dcfaf5.jpg, 0, 1
70be0397-922c-4185-bb84-728b59ab25f8_135_jpg.rf.a49b658aff9c4d049022cf7f3da7188e.jpg, 0, 1
96f68346-9256-416a-a050-9ec4b750ccc6_45_jpg.rf.a4a299e4a84c88bb75582ea2e46ac91b.jpg, 0, 1
01c27009-f681-4495-8d82-599547aba120_45_jpg.rf.a4a6dc0348714ac3029628d9aa7baaef.jpg, 1, 0
7d0322d1-3583-4a2b-ad25-e76d31603cee_225_jpg.rf.a4aa2bc37a459c3c8ad539dd928367d7.jpg, 0, 1
87ad76a7-bd79-4c43-86bb-4db4498e10f1_45_jpg.rf.a4a71cb004289048270573709f5270b4.jpg, 0, 1
69c9cfea-cfbd-4dfe-a8a2-2ed31daafd85_jpg.rf.a4b04b569b1a4cfee190729f0be14f3c.jpg, 0, 1
09e044e6-a2b6-4827-9853-beb7d392347f_270_jpg.rf.a4b1c42343dec31945ba0c83a9b5ed27.jpg, 0, 1
5aa96b87-9a19-4beb-971d-21bde07a9a0b_jpg.rf.a4b7b1ee112207e3c343c2b002f50157.jpg, 1, 0
6343bade-4271-437b-84ea-e9756e715080_135_jpg.rf.a4b6dc9fdebdc98962c4223111b7a52c.jpg, 0, 1
92810cd4-1652-4556-bc0b-b2e953449143_135_jpg.rf.a4b7f34d6d4b7d7609747bd6586921cf.jpg, 0, 1
afd3edfe-e4fe-4715-8429-5af060c5f0d9_jpg.rf.a4b9fb89ba9357d78b081327fd3327bb.jpg, 0, 1
503a19e2-d693-4ab0-aae9-9181b1789a94_270_jpg.rf.a4ba5987ff1ece0e90d2765eb1f0924a.jpg, 0, 1
1513532a-b352-4b17-b681-b02f3127b483_270_jpg.rf.a4c0180ac44ab46b77ad56c6eda3efea.jpg, 0, 1
223d92bc-5ef8-450a-86d6-ab5d6e8c5b3e_180_jpg.rf.a4cce09ca473344e9e357282c6f560f2.jpg, 0, 1
WIN_20221229_22_05_25_Pro_jpg.rf.a4d4937f0e329ef02c24f9ca2e8b860b.jpg, 1, 0
11037d07-18b3-4fc4-8025-f06dcbc0500d_90_jpg.rf.a4ce26e5f3423c66a09fc67c003f50e9.jpg, 1, 0
81d526fb-cb95-4b9d-a013-dad7b3f083b3_225_jpg.rf.a4d90aa236224536d5ab5fe7cf5b3d44.jpg, 0, 1
WIN_20221229_22_36_08_Pro_jpg.rf.a4e3b1598097ac876b3cc4c565531938.jpg, 1, 0
085c4ff0-ec11-44e6-b865-d4a8e163bcee_135_jpg.rf.a4e25b40a65093ab20bac246dac202f1.jpg, 0, 1
303bf4f0-4e58-4f52-83e1-73f1a7ceabc5_270_jpg.rf.a4ea3a5f03c97585c2514b7fb0669ae4.jpg, 0, 1
WIN_20221229_22_58_25_Pro_jpg.rf.a4f29bc0c8f93ba6bfb0406472f1cbc9.jpg, 1, 0
6f8a29a3-8b83-47d6-8a5b-7baf97fd4469_270_jpg.rf.a4e41cf44059cd74a3a36f9f3250b6e2.jpg, 0, 1
70f70f97-4a9e-4d42-a08b-3b7d1b9abef8_270_jpg.rf.a4f8e8cceeeb9a1d64384e9458c15aa7.jpg, 0, 1
WIN_20221229_23_05_29_Pro_jpg.rf.a4f9491be956f5dbd31a32bf0fbe7d04.jpg, 1, 0
52eb9c86-9714-4fb7-bc45-cbbe25a2b444_270_jpg.rf.a4fa282cdcdc89a3bbfc37843ec1023a.jpg, 0, 1
c6d5a9cd-56bd-4e1a-9ca8-c3562c8140f8_225_jpg.rf.a4f43c4b50acfa253f040478668064c2.jpg, 0, 1
00137db3-94aa-4aa5-aa3b-e3e09d6a5ef5_270_jpg.rf.a51345ead97834b9b8715f54030a65ad.jpg, 0, 1
1513532a-b352-4b17-b681-b02f3127b483_180_jpg.rf.a51423f87a9a82c6023ea5235f1a5d8b.jpg, 0, 1
5d5357ec-e4b0-4f32-a45c-2dca5338324d_180_jpg.rf.a525d54bdfe894222639d9de5226d75d.jpg, 0, 1
40cbb123-b3d1-4546-aa26-2fdd1090b075_45_jpg.rf.a526372f085dd4a78d13ab44f3485a56.jpg, 0, 1
WIN_20221229_22_03_41_Pro_jpg.rf.a52e523e92f96485f75a2c7aecb2d923.jpg, 1, 0
61bd5e75-cfb1-47e8-b4be-24447913359a_225_jpg.rf.a5073101353a8872714d4ffdd23ac807.jpg, 0, 1
488a316b-07fc-410e-a5fd-84f831acc653_45_jpg.rf.a5315d4a070e952c89aabe3366dc9dca.jpg, 0, 1
878a59f0-76a6-4a7c-8e4a-45283cfb4465_135_jpg.rf.a532991ef49750af86ff5ce99e3bc19f.jpg, 0, 1
2d398321-1a08-4aec-98b9-eb3301da9d79_45_jpg.rf.a53433e64ae514f77d33612998443b58.jpg, 0, 1
a36b24dc-58f1-4270-b642-3bb7ec46de0f_270_jpg.rf.a5360dfc5aa8e045858d95297581a635.jpg, 1, 0
8a28aff5-8859-462a-bccf-e8d61dde3eff_135_jpg.rf.a53b4653b3b02188e0aef92839510afa.jpg, 1, 0
87595b49-d19a-4221-8418-57ee268de2d5_135_jpg.rf.a53718100fbbeb39d5be5ed23d9cd388.jpg, 0, 1
4fac26f2-1588-4362-9e73-ffe2e8791cbb_135_jpg.rf.a53847234102d04caeb696df4514a0d9.jpg, 1, 0
WIN_20221229_22_01_11_Pro_jpg.rf.a5354895b6fc34174789398828d8cfd2.jpg, 1, 0
16117db8-0d07-4950-b684-370b7d0813ec_135_jpg.rf.a53d7a886309a9b45da4d689eba7fe7d.jpg, 0, 1
9dbe8a30-979a-4722-a1a9-712f4ecbb2a6_270_jpg.rf.a53e829c673f3eb121d5e19f93926d84.jpg, 0, 1
75f27827-8267-4ad8-8c7f-938a7c0c0a72_270_jpg.rf.a53e5c5aa8e1282bc5439136cc27cad8.jpg, 0, 1
499ce0e3-7fe4-4fd4-bd8a-5aa00aab3f43_jpg.rf.a54700ded417b96bddf74e1f4f259289.jpg, 0, 1
WIN_20221229_22_23_45_Pro_jpg.rf.a53fe86202cc54131d86609b986842da.jpg, 1, 0
WIN_20221229_23_30_09_Pro_jpg.rf.a548ea7fd25f70753699b3b1e8381d00.jpg, 0, 1
0dc01fa2-4d5e-46ae-ad61-19485b378972_jpg.rf.a550556b3aff0a7fc998c247c3c342c5.jpg, 0, 1
ba25564d-c23a-450d-b0af-a191ed900fb1_135_jpg.rf.a571b1e2f8db0cca93dea56be3a61eb0.jpg, 1, 0
d02674ec-4a90-43c1-9aba-1cf70300a55a_225_jpg.rf.a556b568520e3f281c2ac66296013ea7.jpg, 1, 0
764af58e-c590-444a-aefd-b4bc11f74c40_45_jpg.rf.a55f0af1df5e869109520a008a6bc3e9.jpg, 1, 0
600d2167-2072-4825-9516-6c13af9fc382_135_jpg.rf.a577f285a9736cc482908dbc186a8ae5.jpg, 0, 1
9a5fc62c-6820-4cb6-ba66-1063e612d144_180_jpg.rf.a578102c2bca996067bb94243b7fc8df.jpg, 0, 1
0fbac742-48ee-4857-ab82-3318c8fbdcb8_270_jpg.rf.a5794d65e7f7660d0de3ff77dfdf03b6.jpg, 0, 1
014bcc0a-10c7-41eb-80eb-e2f62bb652b3_jpg.rf.a5821ea18b5a558c0a3c7084a2088805.jpg, 0, 1
9cc65155-05ca-40b0-b813-2892c3ff04a4_90_jpg.rf.a58b51015eec65c316577d85ad81149a.jpg, 0, 1
4461774a-c193-43e6-9849-19c25ad533fb_135_jpg.rf.a590f8f218606027da5d2789bbcdf1bf.jpg, 1, 0
207aff1c-09cf-47d1-ae76-474c6c31b0e4_180_jpg.rf.a58fcee14424e0082fb3e6d60a73b8d4.jpg, 0, 1
b84b2bd1-353d-4da0-80e6-da6df7b611b8_90_jpg.rf.a599fa8d0d7be5ac3134c8d95b094fa3.jpg, 0, 1
01aff576-d811-4858-bc7b-e66af9db530f_45_jpg.rf.a59abd9fc6089fd4d64d0e395b92a09a.jpg, 1, 0
3fa757aa-5f48-4acc-b2d9-edf0d584d79a_180_jpg.rf.a59bab74d5dc7ab73e2c71a73fb4751f.jpg, 0, 1
805c86e2-7416-44fc-b8aa-f663db39cf8a_135_jpg.rf.a5a3577f7b976f0551def0fad0f8e121.jpg, 0, 1
223d92bc-5ef8-450a-86d6-ab5d6e8c5b3e_45_jpg.rf.a5b831545dd04dda59e90805ab81ccbb.jpg, 0, 1
2c59ee70-dc1c-4de3-83ab-aa36a5fb92c9_90_jpg.rf.a5b8dd28c2354e0653a96780be94c8e5.jpg, 0, 1
9ec72020-824e-4c15-b633-cba42d080364_45_jpg.rf.a5bdf6f670eb6b81c3c2ed0265f5e9c7.jpg, 1, 0
8ddce3ce-bc64-4942-93aa-940868007f64_90_jpg.rf.a59bb93e6dfae9f240198055255b3f0d.jpg, 0, 1
24522061-cd21-4507-92da-432712838d1d_225_jpg.rf.a5bdc4e9ebcc5d2350f8021d1bcf7213.jpg, 0, 1
WIN_20221229_22_23_45_Pro_jpg.rf.a5c92677468c9f1d513bdafe32c46add.jpg, 1, 0
bd17953c-5cc6-4fc5-8ade-fd7ece53be19_270_jpg.rf.a5cd4728d232615275656783d6e392b0.jpg, 0, 1
5522f66d-ad72-48d5-9767-5e7b23f6a206_90_jpg.rf.a5d8da1e069a0633e96383293f86660c.jpg, 1, 0
56863d51-82dd-432b-808a-bb09a5e65be6_45_jpg.rf.a5de1fdf4d62322f98d920b275187832.jpg, 0, 1
5671fc02-681e-4da8-826f-c1a0b2dc5870_135_jpg.rf.a5e3a02233b95ee6cc0dea1ea5e7e931.jpg, 0, 1
499ce0e3-7fe4-4fd4-bd8a-5aa00aab3f43_jpg.rf.a5e41f4521e4f4e9eacde06b5d6bdea5.jpg, 0, 1
868aed84-639d-46d3-9f59-3d71ba702ea0_90_jpg.rf.a5e3c7e04b82a73b02b6034119572afd.jpg, 1, 0
WIN_20221229_22_31_40_Pro_jpg.rf.a5eb6a3fe0aae5900e8e08b5631dc9b4.jpg, 1, 0
25365714-d0ec-4a39-aba3-ea056e686ce9_270_jpg.rf.a5f0b892b5e6037ab1055e3b4a570da7.jpg, 0, 1
53f913e3-941b-4772-8446-2bad471e22b0_90_jpg.rf.a5f6ed93e9c0da563842f3e5ac6d000d.jpg, 0, 1
589950d7-088b-4c4b-abc1-9b824671ec8f_jpg.rf.a5f6da524a1f83d950c717934a7b34e3.jpg, 1, 0
6bb51206-67ec-431b-8484-93739b1fddad_jpg.rf.a5f2ca3dcd6a59613ccaa66111c6f886.jpg, 1, 0
6bb51206-67ec-431b-8484-93739b1fddad_180_jpg.rf.a614beb96c6304e05f8388fe214cf3f1.jpg, 1, 0
2a99660b-f767-40aa-937f-c4cd68d2ceac_90_jpg.rf.a6164d943670389c0c1ce6a5fb9c860f.jpg, 0, 1
72a2b8f8-c7ca-4222-b2a1-9b82ac7990f4_270_jpg.rf.a617a254e435aa51ac761160fdbe4949.jpg, 0, 1
2d398321-1a08-4aec-98b9-eb3301da9d79_90_jpg.rf.a629ead719d0525365990861d0d469f7.jpg, 0, 1
085c4ff0-ec11-44e6-b865-d4a8e163bcee_45_jpg.rf.a62dd716963aaf1a8ad4dfca16b1fb8b.jpg, 0, 1
4ded4873-2bd7-4d9b-80ae-7a8967c128ce_135_jpg.rf.a6327367b552406b2c5728bb4d302a31.jpg, 1, 0
2bf615ea-7241-4861-82d7-bb74c8b5dfba_180_jpg.rf.a63627ca8c17ea7038a53a6078120ca1.jpg, 0, 1
84f05969-c971-4d44-8df4-3a80a71a545d_270_jpg.rf.a6374d41c582acdb9c03610df34b513e.jpg, 0, 1
96383b0f-647d-4d8b-aae4-c525fb9365d6_180_jpg.rf.a63abe7d9087c7a2cb929daf58de048e.jpg, 0, 1
WIN_20221229_22_25_58_Pro_jpg.rf.a63bb5a2482b391dfcf3c6af953fdd22.jpg, 1, 0
9dd803f6-3218-4e96-ad6e-55b3d36e8470_180_jpg.rf.a644e59a809550b3ca31edba34207f4c.jpg, 0, 1
4461774a-c193-43e6-9849-19c25ad533fb_jpg.rf.a650f2051bc9cbc5f252d8ef37742f20.jpg, 1, 0
75a3c3df-b678-4a55-aa92-02be5879a4cd_180_jpg.rf.a646a331a620989239f6f9fd6d895af9.jpg, 0, 1
91e77c81-f2eb-4358-81d6-eea2509ae443_45_jpg.rf.a64b252a071e3a3d442525fe47d20fd4.jpg, 0, 1
708fb576-4b86-4d50-a652-cc0d64f5407a_270_jpg.rf.a66860166c3069522a5d90d1b20c8d0e.jpg, 0, 1
1513532a-b352-4b17-b681-b02f3127b483_180_jpg.rf.a66ca43e2c0e1bbf76514b054f93d82f.jpg, 0, 1
41cfc0a3-c4ad-4285-9951-7a37d79f1c17_135_jpg.rf.a679855ff64c9c2b20823517c82b457a.jpg, 0, 1
4fac26f2-1588-4362-9e73-ffe2e8791cbb_135_jpg.rf.a67e0d0200ba74ba3557979faed2b893.jpg, 1, 0
7a6523d6-ef65-4cca-8160-946936395ede_jpg.rf.a684751155e9ff00969f2325fe77d1d4.jpg, 0, 1
2b3188c7-77de-4b98-aaa5-012b0941ca45_jpg.rf.a67f7d6a536fff8081a80afd9cb1c929.jpg, 0, 1
507e6cd8-2041-47e5-b174-28a6d9328985_225_jpg.rf.a68a7a5e37a7f2acb24ec96957e098f7.jpg, 0, 1
ba23ca74-9f22-43fe-8e97-1aaac5891d8d_90_jpg.rf.a699045be816636a9012fffeb82132bc.jpg, 0, 1
de7c5c69-6255-4087-9565-1732a07c986d_180_jpg.rf.a6aea4fd7562832e240d694b6518827e.jpg, 1, 0
0b521929-1734-47b8-86c9-093445af0697_225_jpg.rf.a6a5a419bfc616bdd83aff81313ac27d.jpg, 0, 1
dc2d0160-f922-429c-8c3c-5a6f0f68c023_225_jpg.rf.a6889cf8680e353d22defeaafaa53f56.jpg, 0, 1
898d6980-0ea3-4451-82f1-3bdabc8c6d9d_270_jpg.rf.a6aeab750bf762d4b994d352b653700e.jpg, 0, 1
4f08fc98-7d4d-43f7-921d-b2ccf8ca726d_135_jpg.rf.a6c1d7140f97bac3d61b4cf3e2098797.jpg, 1, 0
6e3c83a7-c5c6-46b5-8562-ffa8d99f4bb2_225_jpg.rf.a6b287be1b744bae95816bf71419be6c.jpg, 0, 1
WIN_20221229_23_21_51_Pro_jpg.rf.a6c23ba066f60685e242fec43bb1e758.jpg, 0, 1
06b95f3f-e2f5-4f58-95b1-6f9024e8e5d7_225_jpg.rf.a6c4512cec12c7a50fba535488dcad38.jpg, 0, 1
69dc5c1e-a7ad-49aa-ba21-235545c312c6_jpg.rf.a6c597bb57dac85d67e4cbac1cdb37af.jpg, 0, 1
708fb576-4b86-4d50-a652-cc0d64f5407a_45_jpg.rf.a6c4e6427e4d1ff1ecd64489610c2b47.jpg, 0, 1
33e3e3fe-8e37-4b4a-aa04-ad3864731632_90_jpg.rf.a6c6002caf0827ec3c67449448bce0a3.jpg, 0, 1
41ab7cda-4c88-47b8-98da-0c6ee6e07325_180_jpg.rf.a6d06721f3526ac935168532b905c7a7.jpg, 0, 1
0d2a4a7e-7b37-49eb-9ad6-8faaf457ad82_jpg.rf.a6cd5ead9653a3f92214a4d69f399d92.jpg, 0, 1
40cbb123-b3d1-4546-aa26-2fdd1090b075_45_jpg.rf.a6d37eb1c0e00cbedc5877d165a612f4.jpg, 0, 1
9eaca121-9239-49f4-9d05-34ef9f10bcaa_jpg.rf.a6d7b23962bcc85b31cd4f798f0ce59a.jpg, 0, 1
WIN_20221229_22_58_13_Pro_jpg.rf.a6dcf1802332e94e89273bda3abbcf63.jpg, 1, 0
WIN_20221229_23_22_35_Pro_jpg.rf.a6dda6d2f320e6212e01f176c89069b5.jpg, 0, 1
2da43d43-ad7b-435c-920d-0fbfebb88959_225_jpg.rf.a6e15adc85776e20b9d3af42abca9161.jpg, 1, 0
a936c90a-8f24-4289-b10b-4830ac9f3019_jpg.rf.a6fc2431005d09d3a25764f7f4e1cba2.jpg, 0, 1
5d06dc79-9d5c-46d0-a720-e4898e65949c_225_jpg.rf.a6e741ff92997e4332f05c3b338c6f51.jpg, 1, 0
22ada72b-340c-4d68-9534-2729e3347cab_45_jpg.rf.a6fe058f15baa01431a5dfd2397445c8.jpg, 0, 1
7a6523d6-ef65-4cca-8160-946936395ede_45_jpg.rf.a70744a3e97f8f58a70620cce69bf21f.jpg, 0, 1
73cca509-de66-4cbc-9421-8fcb263fefcc_jpg.rf.a718316a0b3b50ad671b7dd897244f3a.jpg, 0, 1
4dcbce83-654c-4125-9939-c4398187533a_90_jpg.rf.a71f1acb27b82395ee10acde4c8d6094.jpg, 1, 0
ac755961-63a0-4e01-b87e-eacd0b5d7899_45_jpg.rf.a715b20ab3342c148af61b6ed962fe9f.jpg, 0, 1
92787dc3-1720-41c4-8acc-5c7f3fda0fa5_270_jpg.rf.a72335ead40501e156eab7f35f95a5dd.jpg, 1, 0
2d398321-1a08-4aec-98b9-eb3301da9d79_225_jpg.rf.a72feed308eb06f831cffcf804d162a2.jpg, 0, 1
33e3e3fe-8e37-4b4a-aa04-ad3864731632_180_jpg.rf.a75339c7f5c6161425918ffe6280057f.jpg, 0, 1
WIN_20221229_23_00_12_Pro_jpg.rf.a7585f2238c1bbf1e600730b4a82ba42.jpg, 1, 0
72ab964e-0b95-46ec-a135-1890eb300c53_180_jpg.rf.a76d22de8904b8b092ce741ebd58d9e5.jpg, 0, 1
4de4ad31-de11-418b-a60d-a7192ea0c98a_135_jpg.rf.a793b7bcd91fb0f4ebeda7973f680dcd.jpg, 1, 0
4461774a-c193-43e6-9849-19c25ad533fb_jpg.rf.a77ccc8221c4d838b1462ab8d00e9fb3.jpg, 1, 0
90ecbd63-5a3d-4c6b-bd34-594c7c6a2d40_90_jpg.rf.a756c70301611fe16a63bff0694b1c41.jpg, 0, 1
87595b49-d19a-4221-8418-57ee268de2d5_270_jpg.rf.a79e57db84b46780b18c33900827ac01.jpg, 0, 1
4ded4873-2bd7-4d9b-80ae-7a8967c128ce_225_jpg.rf.a79e8ff8a6b752193a685eb1509d1ce0.jpg, 1, 0
WIN_20221229_23_23_43_Pro_jpg.rf.a79e986e9e84ea32290082f66bb09d01.jpg, 0, 1
52c230c2-20b1-4769-978c-d0a859364b3e_180_jpg.rf.a7a3f41acb8cee56958bd23fd24475ed.jpg, 0, 1
2a99660b-f767-40aa-937f-c4cd68d2ceac_225_jpg.rf.a777883a7d69bdb4d9b5be51417b243a.jpg, 0, 1
87e64a68-c898-4474-bd57-1e570902862f_135_jpg.rf.a7a5b4e3146e87bb6311481e731a05a6.jpg, 0, 1
dc2bb2f5-03e1-46c1-9886-bda5f5bee11b_180_jpg.rf.a7a65d1d0f2764cad3e2ba4f8ac088a5.jpg, 0, 1
859bbe6e-7f46-4b86-acd1-86fea679de36_45_jpg.rf.a7ad3954fc778f8ec9c603af616e87ce.jpg, 0, 1
52eb9c86-9714-4fb7-bc45-cbbe25a2b444_225_jpg.rf.a7af89ae8efe463a538e4132494d992a.jpg, 0, 1
014bcc0a-10c7-41eb-80eb-e2f62bb652b3_90_jpg.rf.a7c34053cc8fdb8541c11151184e5bcf.jpg, 0, 1
70f70f97-4a9e-4d42-a08b-3b7d1b9abef8_45_jpg.rf.a7c6d6ace1f50d32858bb46c510f0cd0.jpg, 0, 1
8d331829-b225-451b-8aaa-89058c62faf5_jpg.rf.a7cc9e59d3f2c24a05cde526736454e5.jpg, 0, 1
0b521929-1734-47b8-86c9-093445af0697_45_jpg.rf.a7d6ccdfd026b347e047640327cac8cc.jpg, 0, 1
0dab9689-2c2d-4dc6-bb71-db1b6d82cb17_45_jpg.rf.a7e3cabf20257daa4052cd250957b36c.jpg, 0, 1
96f68346-9256-416a-a050-9ec4b750ccc6_225_jpg.rf.a7c0fe5a7ccf85ce3cad704814a329fa.jpg, 0, 1
ccd5cdb4-3df2-4b3b-833b-3bdc7d43ee4d_135_jpg.rf.a7f0bffdfbed7c50e1fc57a22956c562.jpg, 0, 1
ba23ca74-9f22-43fe-8e97-1aaac5891d8d_90_jpg.rf.a7f156230add61ffa62041f350a5945f.jpg, 0, 1
9aa3d151-a2d6-4d13-ad4f-f133f4552c4f_225_jpg.rf.a7f36ebc25827130781c288d5be5de17.jpg, 0, 1
6181c79d-f063-4fa4-be90-ae376d6b3bdc_225_jpg.rf.a7f2ec2ab3630b50cfb5c578dea76b7f.jpg, 1, 0
69ab59e3-c1ad-4509-a8b8-bd8e4fac2ae6_180_jpg.rf.a7f4e4e2a7dec20bae178fc73f02fcc6.jpg, 0, 1
WIN_20221229_22_08_50_Pro_jpg.rf.a7f5c4bf691af7c174094289bfdfd5af.jpg, 1, 0
6181c79d-f063-4fa4-be90-ae376d6b3bdc_45_jpg.rf.a8055ae2d94231b279989e12169effd8.jpg, 1, 0
82dbf814-a3a3-4cba-9277-08c10de5c8a4_jpg.rf.a7f6270777c12017c412b2fd5ed3de57.jpg, 0, 1
11037d07-18b3-4fc4-8025-f06dcbc0500d_135_jpg.rf.a80f650ae91f475f7bbad3235daaeef1.jpg, 1, 0
75f27827-8267-4ad8-8c7f-938a7c0c0a72_270_jpg.rf.a81e318c7c1a4a0afd21ae8a39c59df2.jpg, 0, 1
91fd5e6d-6fa7-45ec-b8dd-a390713a150f_jpg.rf.a822cb45bce78dda6beb52f13f6cb900.jpg, 0, 1
bd17953c-5cc6-4fc5-8ade-fd7ece53be19_180_jpg.rf.a82a38a9af1a3bd8ce6919ce6e93d4a5.jpg, 0, 1
WIN_20221229_23_00_48_Pro_jpg.rf.a82c647a14f5aacb081085df99fb7c03.jpg, 1, 0
5d105570-fd52-46cd-a90a-9dfa42ef878a_45_jpg.rf.a83004a2549c3c610a17c4998eb015e0.jpg, 0, 1
41ab7cda-4c88-47b8-98da-0c6ee6e07325_180_jpg.rf.a8330c81a4206d32af5462f98570e456.jpg, 0, 1
52e703e1-69d2-44c7-a214-269fa0e09054_45_jpg.rf.a83ac29961d6dd6b155f67a7eb7f4f9b.jpg, 0, 1
WIN_20221229_22_47_19_Pro_jpg.rf.a83fc3594af7d5ec7cd29265e56e4589.jpg, 1, 0
33dd040e-50b6-44e7-afc7-230da49bcf12_90_jpg.rf.a840fe44c127b2ad7d469cab8ca23640.jpg, 0, 1
1ab90226-8889-4bcd-ad0c-ea01fedaaffd_jpg.rf.a8484bbcb43670c019b87d48e0fb2625.jpg, 1, 0
06b95f3f-e2f5-4f58-95b1-6f9024e8e5d7_jpg.rf.a85585d1d5d6f41bd78b1879739f278a.jpg, 0, 1
c01c35d2-7769-4a57-abff-c52f7def3900_225_jpg.rf.a858909d9cca6b4b87ea96d6930c52b8.jpg, 1, 0
05693239-35bd-4086-b8c3-e7b6aa763b4f_135_jpg.rf.a84df18bb430c4cde8b0c2d593d5c444.jpg, 0, 1
2d6fa448-2f18-4db5-a942-7097acff076a_45_jpg.rf.a8623fd7c286770ca879dd5cb76d6af7.jpg, 1, 0
25365714-d0ec-4a39-aba3-ea056e686ce9_45_jpg.rf.a8673e1014670a4b71fad05024ccb6f6.jpg, 0, 1
2da43d43-ad7b-435c-920d-0fbfebb88959_90_jpg.rf.a8750bd2f82510dc7b55745998fed687.jpg, 1, 0
90dec1cd-f163-48fd-bcc4-58066e5acb09_180_jpg.rf.a85f19cadf30fea0fb69d62f5e559225.jpg, 0, 1
488a316b-07fc-410e-a5fd-84f831acc653_45_jpg.rf.a88460d437b14119d31fac13df50e10c.jpg, 0, 1
aa8cc596-1881-4e18-a73f-fe60f6a6a031_90_jpg.rf.a884eda48cd54af047391f13a3972712.jpg, 0, 1
41ab7cda-4c88-47b8-98da-0c6ee6e07325_90_jpg.rf.a87b687bd1bc2b96a63bb15fc8de86fa.jpg, 0, 1
859bbe6e-7f46-4b86-acd1-86fea679de36_jpg.rf.a88807d215dd5464546462a795901634.jpg, 0, 1
6e3c83a7-c5c6-46b5-8562-ffa8d99f4bb2_45_jpg.rf.a8887ad881911389958a0a82eda5a882.jpg, 0, 1
81d526fb-cb95-4b9d-a013-dad7b3f083b3_270_jpg.rf.a88e6e6031fb11a3c5f3caea71459a55.jpg, 0, 1
61e87bb2-b69a-4d10-afa1-6c1a3d0291df_135_jpg.rf.a8963201b4d8af95b37626183236870e.jpg, 1, 0
96d467c2-fa44-474b-9e64-88f1f265aeaf_jpg.rf.a89a283f5717edd5e074d58c9928d69d.jpg, 0, 1
233af445-c0e5-4bb1-ad5f-743becd76cab_225_jpg.rf.a89404a4273efaebf8804a281b650685.jpg, 0, 1
680cc473-598d-49e7-847e-6b8c099e14fc_270_jpg.rf.a89b2ca01ddcdf17766a2fa27bf364b7.jpg, 0, 1
9ec72020-824e-4c15-b633-cba42d080364_90_jpg.rf.a89def4fea93a0f22cee39cf4b60375b.jpg, 1, 0
611513d3-0fb7-4068-8cd8-68a9bdb056c4_90_jpg.rf.a8a4d9797b0eb639ecefdac81702864c.jpg, 1, 0
91c2e56d-2549-4574-9414-86aa17e84ef4_jpg.rf.a8a1f58a3fc9a0766243d7d095d60dcd.jpg, 0, 1
87e64a68-c898-4474-bd57-1e570902862f_90_jpg.rf.a899825a67c54164f50ec4dfd198e69e.jpg, 0, 1
91fd5e6d-6fa7-45ec-b8dd-a390713a150f_135_jpg.rf.a8a683128b331f7810809b89c392b042.jpg, 0, 1
WIN_20221229_23_09_14_Pro_jpg.rf.a8aa54f878ccae1648db9327ee88880b.jpg, 1, 0
2d6fa448-2f18-4db5-a942-7097acff076a_135_jpg.rf.a8b3f1738e00730bc9647f10e8d90ed4.jpg, 1, 0
87e64a68-c898-4474-bd57-1e570902862f_225_jpg.rf.a8b9deff03bf785d7b3e2fa94aee8843.jpg, 0, 1
96d467c2-fa44-474b-9e64-88f1f265aeaf_270_jpg.rf.a8beba31bc012a83181c3f3da7c9132b.jpg, 0, 1
4461774a-c193-43e6-9849-19c25ad533fb_jpg.rf.a8c67fdf77540ad8048854f2a426c4c3.jpg, 1, 0
a936c90a-8f24-4289-b10b-4830ac9f3019_45_jpg.rf.a8d2da7c27053001672d0244d9c00a73.jpg, 0, 1
488cb81f-a17e-44b8-bd1b-0e709bee4a92_45_jpg.rf.a8c8f4c04160bbbc1885eef06784078b.jpg, 0, 1
WIN_20221229_23_30_29_Pro_jpg.rf.a8d40ca8f35126c080f9795e9e8a1d92.jpg, 0, 1
3fa757aa-5f48-4acc-b2d9-edf0d584d79a_270_jpg.rf.a8e7fce8f66c84daebe425ab1fcdf0e3.jpg, 0, 1
c6d5a9cd-56bd-4e1a-9ca8-c3562c8140f8_45_jpg.rf.a8d7277e518819c6baa81f5b0964d408.jpg, 0, 1
898d6980-0ea3-4451-82f1-3bdabc8c6d9d_45_jpg.rf.a8f0850d85ebc5ae695919dd26eacf71.jpg, 0, 1
01c27009-f681-4495-8d82-599547aba120_jpg.rf.a8fc7f73ab88fa400b02bbe30b55445c.jpg, 1, 0
9ef0276c-3a70-4027-8d1d-2503df2e9f56_jpg.rf.a8fe0e0f85260346358efdad18867733.jpg, 0, 1
5c99f964-3704-402c-aa2d-42bd2fbacf4f_270_jpg.rf.a8e86596296c48fe7f965fd6426fe7f7.jpg, 0, 1
52c230c2-20b1-4769-978c-d0a859364b3e_90_jpg.rf.a90ddb9ea69448b2c6dc8653b89e2a9b.jpg, 0, 1
8efe1e18-4032-4f20-996f-60a19c62f547_90_jpg.rf.a918f53fa31c3619bb9b15feaab4a335.jpg, 0, 1
4461774a-c193-43e6-9849-19c25ad533fb_270_jpg.rf.a91f5a7cf12e22742a531b1939ef0565.jpg, 1, 0
014bcc0a-10c7-41eb-80eb-e2f62bb652b3_135_jpg.rf.a8d3ccf87d264bc9ff2eec293d7798aa.jpg, 0, 1
687de30d-714c-4d10-9b23-998af950a13a_270_jpg.rf.a913193d9a125d8dbc2bc749fa3fe3d0.jpg, 1, 0
41ab7cda-4c88-47b8-98da-0c6ee6e07325_45_jpg.rf.3c8765b6ff317f8f43d98b11526481e2.jpg, 0, 1
1513532a-b352-4b17-b681-b02f3127b483_270_jpg.rf.3ca3eab11924a47d06c9e5379dac98a9.jpg, 0, 1
9dd803f6-3218-4e96-ad6e-55b3d36e8470_jpg.rf.3cc5d9f737a353a36c060dec17952d1b.jpg, 0, 1
220fcc53-6ef7-45d1-8122-fa1c19ca9ec5_225_jpg.rf.3cb9dcecb64d62980f9b783606d372a7.jpg, 0, 1
d65589fa-33dc-4e7f-9d37-a8763424d061_135_jpg.rf.3c7761e08c21a3e6d3f62a128f2374e8.jpg, 1, 0
87cc591e-7e25-4d08-a519-6b5ec6d98cfa_180_jpg.rf.3c39d155df80a95134151fe76cf8c7ee.jpg, 0, 1
0aa414bb-510b-40c9-85e1-f7a7163b3e2c_270_jpg.rf.3c4f437c7b4e2af778fcc592b4bd5fe4.jpg, 0, 1
014bcc0a-10c7-41eb-80eb-e2f62bb652b3_225_jpg.rf.3c97fae1e8bf01e0656978bcab87041c.jpg, 0, 1
680cc473-598d-49e7-847e-6b8c099e14fc_jpg.rf.3c3d853ce31815113cbce1a7b8962173.jpg, 0, 1
8dfde29c-73a0-4bd6-a788-0a31baf572a0_jpg.rf.3c4429d31bbe9901de70e33fae69b1ab.jpg, 0, 1
687d8151-bfed-420b-9a07-5213500e2964_45_jpg.rf.3c4f6aff328543e014eb4d0673f233bb.jpg, 0, 1
61bd5e75-cfb1-47e8-b4be-24447913359a_jpg.rf.3c50d06005843dc51466d82bff17a582.jpg, 0, 1
WIN_20221229_22_09_40_Pro_jpg.rf.3c4c2e699ba047f68f8c945a0848d463.jpg, 1, 0
499ce0e3-7fe4-4fd4-bd8a-5aa00aab3f43_135_jpg.rf.3c92b6e954edc6aac3af4aac23baa143.jpg, 0, 1
afd44643-9287-4080-934f-7a13c66d9bfd_180_jpg.rf.3ca3420616b1d59f8945dd74fbd423ad.jpg, 0, 1
bd17953c-5cc6-4fc5-8ade-fd7ece53be19_270_jpg.rf.3c9b76acaac570fd9685699fe3e9259e.jpg, 0, 1
79eb3e80-65d5-431c-b388-ea52ce593c7d_90_jpg.rf.3c47082d3801d923447b483e58f72519.jpg, 1, 0
6bb51206-67ec-431b-8484-93739b1fddad_90_jpg.rf.3c51784dfecdc7d9da52627e49cd3f47.jpg, 1, 0
52eb9c86-9714-4fb7-bc45-cbbe25a2b444_135_jpg.rf.3c4b15976df4739311bb72b6bebdac0c.jpg, 0, 1
WIN_20221229_23_32_28_Pro_jpg.rf.3c72bc7312503292b2af30799df49256.jpg, 0, 1
80de665e-2077-4a83-9a40-20d2bcaeac43_90_jpg.rf.3c9e3ba80a021ffcd0b4efaec986b6b0.jpg, 0, 1
a1690e8a-68f2-42fa-b0a0-6c59cc895c84_90_jpg.rf.3c60bdc8cedca53ad958d2165a10df57.jpg, 0, 1
WIN_20221229_23_33_19_Pro_jpg.rf.3c7ca66be996f7ad8a3ac13d24e20192.jpg, 0, 1
5064456d-d977-4c88-a2f7-613db1f3f19b_90_jpg.rf.3cbcba6dfd596ea8d66d80c337072206.jpg, 0, 1
4d510781-6fad-4149-909f-5b3615711984_270_jpg.rf.3cd471b96997d67f4bfefe8256da8f64.jpg, 1, 0
WIN_20221229_23_32_04_Pro_jpg.rf.3ce22b8d8566cbd70510cdb07115378b.jpg, 0, 1
69fc95bf-f644-4c92-8057-f05146da07f7_45_jpg.rf.3cc7f392b455f04d443375f855a9cea2.jpg, 0, 1
0c4d65e5-1985-47b2-8252-616ed898bd7c_225_jpg.rf.3ce43026ceafb198b9ec21ea90fc37bb.jpg, 0, 1
98cb62e4-f491-47c7-b871-9d1aeeac307e_45_jpg.rf.3c614ab404fc3cd4d92ce73ff0abde18.jpg, 0, 1
665aeca5-e68c-49d3-ad8d-5755fad74dcf_135_jpg.rf.3cef2117002490c4900036d0e7937128.jpg, 0, 1
488a316b-07fc-410e-a5fd-84f831acc653_180_jpg.rf.3cf2897cbce6c0a6156bd22a0f954d1c.jpg, 0, 1
WIN_20221229_22_03_10_Pro_jpg.rf.3cfbee100890ce2027a1c692ebe0e58f.jpg, 1, 0
4f280435-14a2-4194-9f75-2e7ea72b39ba_180_jpg.rf.3cfd4750d19263563df5b2068e8d25df.jpg, 1, 0
dc2bb2f5-03e1-46c1-9886-bda5f5bee11b_270_jpg.rf.3d1ffb2ead79e7b4b67c62453f736f2e.jpg, 0, 1
345b8a93-c7d2-4b34-9e0c-90f2561ada84_jpg.rf.3d060a196adc04ca56746ee52318716d.jpg, 0, 1
52fd332d-b13d-4675-8292-bfb533d39432_90_jpg.rf.3d0c294b15aabc9cd042b519ff043a1c.jpg, 0, 1
642d6f5f-fa24-4c18-b7b2-6b24334629a3_135_jpg.rf.3d072ce310d466c7349406e2adeda2b0.jpg, 0, 1
cce642b7-d4aa-4dc6-951b-e1b655f68334_270_jpg.rf.3d20fb1c3de5b23dd8df08c47334334b.jpg, 1, 0
WIN_20221229_23_20_56_Pro_jpg.rf.3d28a6401a076386e276e4e091e27790.jpg, 0, 1
014bcc0a-10c7-41eb-80eb-e2f62bb652b3_90_jpg.rf.3d24960fef4bac88306e0081404586eb.jpg, 0, 1
0b521929-1734-47b8-86c9-093445af0697_225_jpg.rf.3d2d08714864f0b7e668b445c32f82d7.jpg, 0, 1
0fbac742-48ee-4857-ab82-3318c8fbdcb8_90_jpg.rf.3d2fec69f8d96fd0c493e257d747e816.jpg, 0, 1
a57c3779-84b6-494f-a396-47718417b914_135_jpg.rf.3d3cb0944d2ba373c8e2e2e0aa73b33a.jpg, 0, 1
8e753e61-dd28-45b8-aa64-e6c1e71bd812_jpg.rf.3d3f8f57562119a294921492a1c96a32.jpg, 0, 1
44c7fb6b-7175-4aa3-98c2-9bc78d8a6f92_90_jpg.rf.3d3d137370931377c94e86423d71eea3.jpg, 0, 1
24a200ea-e903-4bcd-aee1-fb26e7bfd757_180_jpg.rf.3d4ae8551ee8c8da5867bcc62f131ad3.jpg, 0, 1
53f913e3-941b-4772-8446-2bad471e22b0_225_jpg.rf.3d45dd6fd953f780f9d67f6b03fb81b0.jpg, 0, 1
0327f441-9a02-40a9-b280-251440ad4cec_jpg.rf.3d58841df95687b8df0e4c7849265a95.jpg, 0, 1
bd17953c-5cc6-4fc5-8ade-fd7ece53be19_135_jpg.rf.3d5b64042941a3235ab642627e51c6ed.jpg, 0, 1
WIN_20221229_23_35_35_Pro_jpg.rf.3d62acb40e934fc31acf9ed85200bb5f.jpg, 0, 1
4f280435-14a2-4194-9f75-2e7ea72b39ba_180_jpg.rf.3d5cdd5e8e15dc3246b0d8e449d9645a.jpg, 1, 0
600d2167-2072-4825-9516-6c13af9fc382_135_jpg.rf.3d6b17d752047aff4813cd40d67eda50.jpg, 0, 1
01aff576-d811-4858-bc7b-e66af9db530f_225_jpg.rf.3d64c01adfed7ab8283b0727eca54f04.jpg, 1, 0
d65589fa-33dc-4e7f-9d37-a8763424d061_45_jpg.rf.3d5e4dd9929e7d181d52ea3c13e22777.jpg, 1, 0
ef757b72-613c-4d8f-b8e0-a3564581cb0f_270_jpg.rf.3d6cf70d825018144ffbf04b6b6108fd.jpg, 1, 0
642d6f5f-fa24-4c18-b7b2-6b24334629a3_jpg.rf.3d84213e282a8ffdbc86007388c87791.jpg, 0, 1
a3f8b634-4b11-478d-bbfe-41a57317ad50_jpg.rf.3d805319faa2d7d98b7fcfe151420f53.jpg, 0, 1
bd17953c-5cc6-4fc5-8ade-fd7ece53be19_90_jpg.rf.3d93b951908e246a149fe9a543831d36.jpg, 0, 1
5d105570-fd52-46cd-a90a-9dfa42ef878a_225_jpg.rf.3d9d719124c8b4c44170c26dba28e3c3.jpg, 0, 1
499ce0e3-7fe4-4fd4-bd8a-5aa00aab3f43_225_jpg.rf.3daf5f9333e01337fa996567ab66e7aa.jpg, 0, 1
936d35a1-f617-4a9b-99c6-32cfd8284d34_225_jpg.rf.3db4e1f0372ca554a2c4250371ff42f5.jpg, 0, 1
7ceae77f-3a56-4262-a271-2a8d727efbe9_90_jpg.rf.3db9d2bc1f6e85e16135ca20b0782534.jpg, 0, 1
503a19e2-d693-4ab0-aae9-9181b1789a94_45_jpg.rf.3db8613d2234df3e147e87f72212db6f.jpg, 0, 1
217ac982-fddf-49ae-a311-27cf800d10f0_90_jpg.rf.3dc5f8927d263c53fc5634bff70ac3d7.jpg, 0, 1
75fea9b7-7c08-4ea2-bb8d-50096fdf774b_135_jpg.rf.3dbc5740a8e0bcb5ae1cd9d3170060fb.jpg, 0, 1
5a3117dc-7932-4c34-ae3f-e5867c98ee0a_90_jpg.rf.3dce514ed13c4495ab13b918e4845028.jpg, 0, 1
09e044e6-a2b6-4827-9853-beb7d392347f_270_jpg.rf.3dcfc826e42c40b360c19a65e8fb640c.jpg, 0, 1
97e4c08e-3475-4d77-8b54-a2231e38f6a2_jpg.rf.3dd0540f653f7fce5a39e38901aa38d5.jpg, 0, 1
5a3117dc-7932-4c34-ae3f-e5867c98ee0a_45_jpg.rf.3dd22a6f4c0148d0ca567e48a2619769.jpg, 0, 1
085c4ff0-ec11-44e6-b865-d4a8e163bcee_180_jpg.rf.3ddc981d07362e70701403ba676cc95c.jpg, 0, 1
56863d51-82dd-432b-808a-bb09a5e65be6_135_jpg.rf.3de1e82bf69a9f188b05395041cfe0e4.jpg, 0, 1
d4ea5845-ed1c-4bcd-b615-557884bb64c2_135_jpg.rf.3ddcaa6e4c096737dc309d7816c7dab8.jpg, 1, 0
642d6f5f-fa24-4c18-b7b2-6b24334629a3_180_jpg.rf.3de8ca2a7c33a5510c9504358908e906.jpg, 0, 1
1d4ead22-cc06-4fa2-9784-d9257f24ef86_135_jpg.rf.3e0bd820d92b82b6c88e494777e77c73.jpg, 0, 1
adcb9cef-245f-4674-bd16-4c8ad789d0a8_225_jpg.rf.3e0682079aeedaa961a84bf77690fad7.jpg, 0, 1
9fc543ac-91f3-43f6-8df6-28bb9709a3e6_45_jpg.rf.3e11652723a7fb3e676671d5a087da76.jpg, 0, 1
WIN_20221229_22_40_53_Pro_jpg.rf.3df7f85e1275ef4f785e2fabb072c740.jpg, 1, 0
00137db3-94aa-4aa5-aa3b-e3e09d6a5ef5_180_jpg.rf.3e2832ca9110d8ece59fb6517a10b483.jpg, 0, 1
1acf8679-d50f-446c-b806-def7d073e244_jpg.rf.3e30e362228b32eadc4020f079d0068a.jpg, 1, 0
5522f66d-ad72-48d5-9767-5e7b23f6a206_270_jpg.rf.3e36fdec20516a3b32d0721640637056.jpg, 1, 0
256d7e4e-e47b-466f-adb1-051bda40d918_180_jpg.rf.3e23800cf9a13f7e03c9ce571549bd45.jpg, 0, 1
WIN_20221229_22_34_44_Pro_jpg.rf.3e405d6bde163e3110d2036e9c7e2230.jpg, 1, 0
9dbe8a30-979a-4722-a1a9-712f4ecbb2a6_45_jpg.rf.3e51172e0c42e2eea29d2511c5e3b5bf.jpg, 0, 1
75f27827-8267-4ad8-8c7f-938a7c0c0a72_180_jpg.rf.3e5114c667bff8a464bddbbcc23e9358.jpg, 0, 1
WIN_20221229_23_34_04_Pro_jpg.rf.3e422013548dbba02e34ceb355ab1925.jpg, 0, 1
WIN_20221229_23_24_59_Pro_jpg.rf.3e624e514fc3145594861928321f054f.jpg, 0, 1
0aa414bb-510b-40c9-85e1-f7a7163b3e2c_270_jpg.rf.3e537ccfe7495585bcd35a77e5daaebf.jpg, 0, 1
51ba5ef7-fd64-4d52-9c3f-9d70e0ff040f_270_jpg.rf.3e5a5624268b95fa4acab71278e6b684.jpg, 0, 1
76d57cee-bb5c-4631-b737-fe16b92c2a28_90_jpg.rf.3e660521f380c84d98d61e049773e80f.jpg, 0, 1
91b94861-b751-4b86-b7a3-f6b2e3dbbd89_180_jpg.rf.3e6bdbae094a20121d8142a770db4ab7.jpg, 0, 1
5522f66d-ad72-48d5-9767-5e7b23f6a206_jpg.rf.3e73f940cae24f857a0d55f4b1d6ef71.jpg, 1, 0
6b316208-fce5-4562-a45b-736f29a3a697_45_jpg.rf.3e74f14d5ba4f5cf22f828cc1615f839.jpg, 1, 0
9ef0276c-3a70-4027-8d1d-2503df2e9f56_45_jpg.rf.3e7a2923ec5f6a2582e44fbc1e2a0a58.jpg, 0, 1
6343bade-4271-437b-84ea-e9756e715080_jpg.rf.3e6d614b966972b76d6a418fc4f42f66.jpg, 0, 1
80c4e3b8-9502-4216-aad1-1b5f6f3d6b72_225_jpg.rf.3e8ac03a574abbed6ecb91a9853a778e.jpg, 0, 1
226b7023-757d-4c11-9b59-a0e8f02e5274_90_jpg.rf.3e90dc136d7a03195f50f646b7a40d2a.jpg, 0, 1
6e3c83a7-c5c6-46b5-8562-ffa8d99f4bb2_135_jpg.rf.3e8c2ad43561d8a6bd608f14f0555a64.jpg, 0, 1
72ab964e-0b95-46ec-a135-1890eb300c53_180_jpg.rf.3e949194f5383f9faf12df4f6bcfeb97.jpg, 0, 1
5d5357ec-e4b0-4f32-a45c-2dca5338324d_90_jpg.rf.3e99cd4c4988741389cb7abedf83b7d8.jpg, 0, 1
66ba2553-31f1-473c-9602-d2df0c1bb3f0_225_jpg.rf.3e95ffff2fa8b47ba2052d2000821ba1.jpg, 0, 1
dc2bb2f5-03e1-46c1-9886-bda5f5bee11b_jpg.rf.3ea2c40c5dac24678dcee37ce4aae6a7.jpg, 0, 1
16179c8f-5a02-46d2-bcf1-145bf553fc58_45_jpg.rf.3ea884fb4bd16194c20314985b18a733.jpg, 0, 1
0b521929-1734-47b8-86c9-093445af0697_270_jpg.rf.3eb56ec87b13106bfd789e80805bc6ac.jpg, 0, 1
2abea0f5-7c2a-4519-88c1-d33080ac7db2_270_jpg.rf.3eaae76b4fdc4479593a616d626872e7.jpg, 1, 0
06b95f3f-e2f5-4f58-95b1-6f9024e8e5d7_jpg.rf.3eb595197e9461abf7a47c3f2251619b.jpg, 0, 1
WIN_20221229_23_03_07_Pro_jpg.rf.3eb82709c2e2650d451ff114df5f155d.jpg, 1, 0
WIN_20221229_23_12_48_Pro_jpg.rf.3ec1cff67fa21099cc321a10d209db71.jpg, 1, 0
220fcc53-6ef7-45d1-8122-fa1c19ca9ec5_225_jpg.rf.3ed9a400df9b56fbaf0f56e69136e527.jpg, 0, 1
a936c90a-8f24-4289-b10b-4830ac9f3019_90_jpg.rf.3ed7c71f0c19ab058cd31f4fcc960f0a.jpg, 0, 1
WIN_20221229_22_40_53_Pro_jpg.rf.3edfe2fee9e66596b0d6b45b559fafa1.jpg, 1, 0
24522061-cd21-4507-92da-432712838d1d_180_jpg.rf.3ee0899a301c4aafc5e8ee179db7655a.jpg, 0, 1
69c9cfea-cfbd-4dfe-a8a2-2ed31daafd85_180_jpg.rf.3ee01e07936cae0da2795403c48d4a6a.jpg, 0, 1
014bcc0a-10c7-41eb-80eb-e2f62bb652b3_135_jpg.rf.3ef25c78a6524875dd9d58a02703c21a.jpg, 0, 1
WIN_20221229_23_04_03_Pro_jpg.rf.3ef53f0f5ae6a2f47e94ffe0f5db491b.jpg, 1, 0
afd3edfe-e4fe-4715-8429-5af060c5f0d9_jpg.rf.3f01fc85be1ea18c59d9ced47b3a3eca.jpg, 0, 1
665aeca5-e68c-49d3-ad8d-5755fad74dcf_225_jpg.rf.3f074c699d7b8821dabd11a1de0448e3.jpg, 0, 1
cfed691e-4738-45c4-a2bd-65fc9d5c2da8_180_jpg.rf.3f015e94dafd731e3f8c535de94a51d2.jpg, 1, 0
69ab59e3-c1ad-4509-a8b8-bd8e4fac2ae6_225_jpg.rf.3f080a83e01e669c09419201cf472d49.jpg, 0, 1
0516cd97-ef6c-4542-a884-e01aaa597ac3_270_jpg.rf.3f0eacdf963a578b9cfa9bfd37dff6ab.jpg, 0, 1
01c27009-f681-4495-8d82-599547aba120_225_jpg.rf.3f076098cc3d8c2010bf2efdea5dd222.jpg, 1, 0
6181c79d-f063-4fa4-be90-ae376d6b3bdc_270_jpg.rf.3f11eb8927b95bef5f050e17eeea0e63.jpg, 1, 0
15fd3442-e84f-4c27-952b-ec415fe777d6_135_jpg.rf.3f141836d0b921a524f18b6404bb2852.jpg, 0, 1
9ec72020-824e-4c15-b633-cba42d080364_135_jpg.rf.3f31551012e5719dc5f32a88bf8a2cc0.jpg, 1, 0
00a9637f-e5c9-4522-8d19-d6b3e8bae3f3_270_jpg.rf.3f331369625ac0f4bf737b3cf163a99a.jpg, 0, 1
WIN_20221229_23_33_31_Pro_jpg.rf.3f1c46a73a6a99ffdec49c5406ff511d.jpg, 0, 1
WIN_20221229_22_31_15_Pro_jpg.rf.3f3e39ac82d1cac3483115472e2642d7.jpg, 1, 0
2b3188c7-77de-4b98-aaa5-012b0941ca45_270_jpg.rf.3f34177c926b7b5781916dc8b2d25137.jpg, 0, 1
9a5fc62c-6820-4cb6-ba66-1063e612d144_jpg.rf.3f3e9a170c0aef92c3c61b208553b1f9.jpg, 0, 1
80c4e3b8-9502-4216-aad1-1b5f6f3d6b72_180_jpg.rf.3f8df924ca74943945ab22d35f52295d.jpg, 0, 1
a936c90a-8f24-4289-b10b-4830ac9f3019_180_jpg.rf.3f6ae525624bef971f5de065e4ede5ed.jpg, 0, 1
69c9cfea-cfbd-4dfe-a8a2-2ed31daafd85_225_jpg.rf.3f712dde5543c3b688ad7ea9521bfc88.jpg, 0, 1
76d57cee-bb5c-4631-b737-fe16b92c2a28_135_jpg.rf.3f5b7541a47c00b077d7085cb59e7261.jpg, 0, 1
WIN_20221229_23_30_43_Pro_jpg.rf.3f58e9be916f8d7b8e79dc996e9f848c.jpg, 0, 1
WIN_20221229_22_30_25_Pro_jpg.rf.3f96678281da2ed9e982738fcb9f3e8f.jpg, 1, 0
01aff576-d811-4858-bc7b-e66af9db530f_225_jpg.rf.3f93a4d928ad0d24c6fbefcb887e24c2.jpg, 1, 0
96d467c2-fa44-474b-9e64-88f1f265aeaf_jpg.rf.3f9810cbd5203d0f476d19916090a5ad.jpg, 0, 1
75fea9b7-7c08-4ea2-bb8d-50096fdf774b_270_jpg.rf.3f9a1c3d59e0bff0e48b7e16fe3107f6.jpg, 0, 1
52fd332d-b13d-4675-8292-bfb533d39432_45_jpg.rf.3f9e91c276272ae4caa74f5c72fba26b.jpg, 0, 1
41cfc0a3-c4ad-4285-9951-7a37d79f1c17_45_jpg.rf.3f9c7f3ee9f390e80394bfd8bd1b36c5.jpg, 0, 1
8d331829-b225-451b-8aaa-89058c62faf5_135_jpg.rf.3fa1d0e54e7114590ee8c71c00b768f8.jpg, 0, 1
507e6cd8-2041-47e5-b174-28a6d9328985_45_jpg.rf.3f9f6e32d2be842234eb4e1519e63f64.jpg, 0, 1
0aa414bb-510b-40c9-85e1-f7a7163b3e2c_270_jpg.rf.3fbededf9ffc17fca8b70cb20a6cd0a6.jpg, 0, 1
00a9637f-e5c9-4522-8d19-d6b3e8bae3f3_225_jpg.rf.3fbf48e5aef82b51da92a80ab304ac47.jpg, 0, 1
4ded4873-2bd7-4d9b-80ae-7a8967c128ce_45_jpg.rf.3fb6647a28e292e9cc1a10de91668304.jpg, 1, 0
5064456d-d977-4c88-a2f7-613db1f3f19b_jpg.rf.3fa1e5c185dfb8885ef01c60e570958f.jpg, 0, 1
3bde05ec-782e-445d-a221-38a8ecbc5dab_jpg.rf.3fd0e5cfc50165807ca6df0e90d0e3a2.jpg, 0, 1
1af687ed-553d-491e-a213-8ddfbfea61ec_jpg.rf.3fd9eab44b21bb39e1f388c06ca745e0.jpg, 1, 0
878a59f0-76a6-4a7c-8e4a-45283cfb4465_135_jpg.rf.3fdba34afe62e4e714d5881579ea5be1.jpg, 0, 1
5a3117dc-7932-4c34-ae3f-e5867c98ee0a_135_jpg.rf.3fe323e00517e20c5555f0e94ddf4341.jpg, 0, 1
345b8a93-c7d2-4b34-9e0c-90f2561ada84_jpg.rf.3fe978c7a0e19af1bc79da41afa98aeb.jpg, 0, 1
WIN_20221229_22_06_46_Pro_jpg.rf.3fec495c77bf5990b4edab6707e42e3a.jpg, 1, 0
52eb9c86-9714-4fb7-bc45-cbbe25a2b444_270_jpg.rf.3fedf39f35b0a3aba00ec0fd9562668b.jpg, 0, 1
96383b0f-647d-4d8b-aae4-c525fb9365d6_270_jpg.rf.3ffa6c163309b17432482ffe297e6bd0.jpg, 0, 1
WIN_20221229_22_37_13_Pro_jpg.rf.40162bf970526c0921e1b8bcd1c6bea8.jpg, 1, 0
a70cfd80-0fa8-48c8-ab56-7f7cc8b0bb9b_270_jpg.rf.40128e75a4d8dc6b4ed3797f9caedc35.jpg, 0, 1
91e77c81-f2eb-4358-81d6-eea2509ae443_135_jpg.rf.4013ad8fe8f61859c3108aafa1ae653d.jpg, 0, 1
9765b374-f3eb-4a26-903c-90d85bc9fe0a_45_jpg.rf.401a2e3423f1817828d12c2cda5d8992.jpg, 0, 1
WIN_20221229_23_25_49_Pro_jpg.rf.402aadfe12cd88a56f09cfe9a2d1b0a6.jpg, 0, 1
52c230c2-20b1-4769-978c-d0a859364b3e_90_jpg.rf.4020d3c24a80a59b3bde281ec30e736c.jpg, 0, 1
44c7fb6b-7175-4aa3-98c2-9bc78d8a6f92_135_jpg.rf.403759e3824eb942113cb1cf52ac2d53.jpg, 0, 1
09f44886-0cae-43b1-97fe-d8055d8d3616_135_jpg.rf.402b87f379cfc91028c4121334892291.jpg, 0, 1
0327f441-9a02-40a9-b280-251440ad4cec_135_jpg.rf.4042fb4bb116ae96cc7b781fb3925720.jpg, 0, 1
91c2e56d-2549-4574-9414-86aa17e84ef4_jpg.rf.40604060bded0600324a7feeaa440532.jpg, 0, 1
9a5fc62c-6820-4cb6-ba66-1063e612d144_45_jpg.rf.4070e36c928075fe71e5b80b57893cad.jpg, 0, 1
WIN_20221229_22_19_20_Pro_jpg.rf.406d5db7b495329a1215600a3f51b89e.jpg, 1, 0
84c8c90b-b9c3-4290-bdff-f1946a11050a_45_jpg.rf.407264192eff3177258ce79f7a9a924f.jpg, 0, 1
9dbe8a30-979a-4722-a1a9-712f4ecbb2a6_225_jpg.rf.40745dfd3f41c934a10840a1700b5f04.jpg, 0, 1
085c4ff0-ec11-44e6-b865-d4a8e163bcee_135_jpg.rf.407567c636b81d961db92c1693429b34.jpg, 0, 1
91b94861-b751-4b86-b7a3-f6b2e3dbbd89_jpg.rf.40763408d1f440e0972e5f63f07b7a6f.jpg, 0, 1
WIN_20221229_22_02_16_Pro_jpg.rf.407b18c835e2746ccee0cafe7d1f79e9.jpg, 1, 0
52fd332d-b13d-4675-8292-bfb533d39432_jpg.rf.407c6f0ee1b1d9f29266924c3c5d8b7e.jpg, 0, 1
96383b0f-647d-4d8b-aae4-c525fb9365d6_135_jpg.rf.4083f44de65b0bdd8a7dedf3873c35e9.jpg, 0, 1
1f4613ea-1b60-4092-876c-1a474a8c51b9_135_jpg.rf.40a5f6722a4848097d4944aa3523701d.jpg, 1, 0
0327f441-9a02-40a9-b280-251440ad4cec_jpg.rf.408340014c286f4b85bf89e834e75966.jpg, 0, 1
WIN_20221229_23_07_36_Pro_jpg.rf.408ac133d8162bca2f62424178980061.jpg, 1, 0
75a3c3df-b678-4a55-aa92-02be5879a4cd_180_jpg.rf.409419e52fe8701319b8e6bc6836a7b5.jpg, 0, 1
8ddce3ce-bc64-4942-93aa-940868007f64_90_jpg.rf.4089277af42ee06bbc550fc7d18a2c96.jpg, 0, 1
1acf8679-d50f-446c-b806-def7d073e244_90_jpg.rf.40ac4f7f6a4e730b44ae99a7d69a7543.jpg, 1, 0
ae88b11a-3c51-46c9-a74f-4f141d73ed73_45_jpg.rf.40b010967069f3d85d353382d2c5543d.jpg, 0, 1
WIN_20221229_22_54_55_Pro_jpg.rf.40af18548d7eb86ed437da79b3e7966a.jpg, 1, 0
WIN_20221229_22_29_00_Pro_jpg.rf.40b370e3a9a83cd0f174a619524e7df7.jpg, 1, 0
1b05898a-3be4-4b9e-b4a0-6d23dfdaabf0_270_jpg.rf.40bbfb149f8c8517a5704c829e2152c9.jpg, 0, 1
WIN_20221229_23_08_58_Pro_jpg.rf.40b64d99454bdaaf3ef5c1bf7b4c28dd.jpg, 1, 0
611513d3-0fb7-4068-8cd8-68a9bdb056c4_90_jpg.rf.40c12362d41fe82d24ed9ca1d5928abc.jpg, 1, 0
708fb576-4b86-4d50-a652-cc0d64f5407a_225_jpg.rf.40b7754e421d46327ab6975b5d6662e7.jpg, 0, 1
d2936fba-871f-4fbe-97da-b6e6e347e889_135_jpg.rf.40c32bbb890f518400b1a50f9b35ea34.jpg, 1, 0
0fbac742-48ee-4857-ab82-3318c8fbdcb8_180_jpg.rf.40ca4692e87b35fc94dee7935551c08a.jpg, 0, 1
52fd332d-b13d-4675-8292-bfb533d39432_270_jpg.rf.40cbb6d5b8450e6802c7c4ba92821956.jpg, 0, 1
82743c35-e968-47ee-93f6-95270352fe13_225_jpg.rf.40cadf0bf09e77652181f9307e1b00ac.jpg, 1, 0
a8ba45d9-69a1-4fc4-a6c3-74c50107e59c_135_jpg.rf.40ceaf068c333302ca296f71edeb0369.jpg, 0, 1
WIN_20221229_22_23_15_Pro_jpg.rf.40d0684fc119e2fd47678d7ca8c0f516.jpg, 1, 0
0c4d65e5-1985-47b2-8252-616ed898bd7c_270_jpg.rf.40d21da17a4f74b14a68793696703bd9.jpg, 0, 1
66c7508a-f4ff-4af6-a91b-5f33d3c4d20d_225_jpg.rf.40cebc59f0743b4c1892bf7fa7e94705.jpg, 0, 1
2b3fa5f4-98bb-4565-b461-8ebc3db528ca_135_jpg.rf.40e6ed86c42fe4fbb0e251ba39355de4.jpg, 1, 0
56863d51-82dd-432b-808a-bb09a5e65be6_270_jpg.rf.40dd9d6fbea2270a0a162ade75b8bc93.jpg, 0, 1
76a872d2-5c22-4f33-82b4-18c0f78e1a1b_270_jpg.rf.40f98cb71a0042098335acd9b6a0572e.jpg, 0, 1
1f4613ea-1b60-4092-876c-1a474a8c51b9_jpg.rf.411802977fa853cf4ba6feee63adf6b1.jpg, 1, 0
WIN_20221229_22_07_08_Pro_jpg.rf.40eee1152dbc76a92c811f9c3e92ec75.jpg, 1, 0
ac755961-63a0-4e01-b87e-eacd0b5d7899_270_jpg.rf.4119ace957ffba4d7c17dce507b872e2.jpg, 0, 1
1513532a-b352-4b17-b681-b02f3127b483_90_jpg.rf.410a42de371493b13f7f22fb0cfd2a1b.jpg, 0, 1
4dbf4259-4cc3-4ff3-8768-970703c6c8f9_90_jpg.rf.4131ac1502d58f076b2f3c61045e8975.jpg, 0, 1
92a893f4-8dd5-4f4a-9864-08811d4ed00a_135_jpg.rf.413d4beee2f39fc616c8175ad690981f.jpg, 0, 1
3c36fca1-acb0-4a53-95be-087e2c614c76_45_jpg.rf.413f6a3fd5333e6fae1ed3b2465ceb02.jpg, 1, 0
WIN_20221229_23_19_44_Pro_jpg.rf.414111bf2b312d3f8681b3f55b0c6493.jpg, 1, 0
d141258d-4b06-4d47-9e08-82edbd725dd1_180_jpg.rf.41429c5f810a128ba76503dbd30a4a98.jpg, 0, 1
2b3188c7-77de-4b98-aaa5-012b0941ca45_jpg.rf.4147002f1bd591f7d6b55e69e8d7163a.jpg, 0, 1
WIN_20221229_23_30_59_Pro_jpg.rf.41479589f3b12e1fe197c7724187bf8c.jpg, 0, 1
8c678484-e530-433f-9265-cadfa51b5d6a_135_jpg.rf.4149e656a1dc60c58105448699155244.jpg, 0, 1
3c966d73-e030-422f-8e66-a2bfb35337dc_180_jpg.rf.4150f6a9ff2d67a142e604a42d839046.jpg, 0, 1
3bde05ec-782e-445d-a221-38a8ecbc5dab_90_jpg.rf.41617b3350ebe0b471f1962f2cec87f4.jpg, 0, 1
01b9d47e-ecba-48fd-a83f-ece6e05995fc_jpg.rf.414ce4af8da76ab93aeb718eac7088a9.jpg, 1, 0
98cb62e4-f491-47c7-b871-9d1aeeac307e_45_jpg.rf.416e53d18bfadb511f355de9cb1aa0d2.jpg, 0, 1
8efe1e18-4032-4f20-996f-60a19c62f547_225_jpg.rf.41641a7f7f9bb40a4f3c178e82101b64.jpg, 0, 1
0df87bae-ddf0-49e3-97af-b371d8544547_135_jpg.rf.416f7d5968d7e9ab50da14a575aff800.jpg, 0, 1
0b521929-1734-47b8-86c9-093445af0697_135_jpg.rf.4171ffec110e5b2c81bc6a7ce1264c7e.jpg, 0, 1
7ceae77f-3a56-4262-a271-2a8d727efbe9_45_jpg.rf.416f378a57e7cd6ce3b7b8ea0bc66794.jpg, 0, 1
WIN_20221229_22_48_25_Pro_jpg.rf.4172161d9eec60ec4c8601c17f91182f.jpg, 1, 0
70be0397-922c-4185-bb84-728b59ab25f8_225_jpg.rf.417743a4c0fb83b0ad5896bcbf74a1f2.jpg, 0, 1
0327f441-9a02-40a9-b280-251440ad4cec_45_jpg.rf.4172b2a2dce67888370f55b1c6effe5b.jpg, 0, 1
33dd040e-50b6-44e7-afc7-230da49bcf12_jpg.rf.4177b86d35180f1f76bab1dbc7e98dee.jpg, 0, 1
488a316b-07fc-410e-a5fd-84f831acc653_270_jpg.rf.417af3655fa1107c34747fc9406c185d.jpg, 0, 1
233af445-c0e5-4bb1-ad5f-743becd76cab_180_jpg.rf.41851ca3467a557d1a79df8a4cb2bbcf.jpg, 0, 1
4f08fc98-7d4d-43f7-921d-b2ccf8ca726d_jpg.rf.417d2f8b066eaf210c9ff23d80515ae2.jpg, 1, 0
226b7023-757d-4c11-9b59-a0e8f02e5274_90_jpg.rf.418ac51b2f45bf0487fc3263bb1a49db.jpg, 0, 1
1d4ead22-cc06-4fa2-9784-d9257f24ef86_jpg.rf.418bce04cdf9f0b4b5b6b92503c8e2c8.jpg, 0, 1
00800bbf-203e-48bd-b64c-f14ef2579c8a_135_jpg.rf.418da6bf9f27b7705abf4e27048e8d15.jpg, 0, 1
90dec1cd-f163-48fd-bcc4-58066e5acb09_225_jpg.rf.41912f0f207db914896e1cc8bbdd4375.jpg, 0, 1
4fac26f2-1588-4362-9e73-ffe2e8791cbb_45_jpg.rf.418fae1d46ac5778c74ed39ea4b901af.jpg, 1, 0
ba23ca74-9f22-43fe-8e97-1aaac5891d8d_180_jpg.rf.419295aa6c28b29110efd3bb4e5dfcbe.jpg, 0, 1
92787dc3-1720-41c4-8acc-5c7f3fda0fa5_135_jpg.rf.4192f75e534ce4ecd5251ce9ef0a3ab2.jpg, 1, 0
56863d51-82dd-432b-808a-bb09a5e65be6_270_jpg.rf.419f946bb094aa5ef0da2c48954d8dfa.jpg, 0, 1
81d526fb-cb95-4b9d-a013-dad7b3f083b3_270_jpg.rf.41ab16066fa1d12a8f04c76d420b9215.jpg, 0, 1
b361e99e-9c59-43b5-92f6-80ad77c3287f_225_jpg.rf.41abafc39f82121b7ae9971f7980f1bb.jpg, 1, 0
87e64a68-c898-4474-bd57-1e570902862f_45_jpg.rf.41b392f0cf31f7fd808b05c469a8b600.jpg, 0, 1
fbe4f519-6225-4168-bcf9-4ccc4d0d82bf_90_jpg.rf.41c2bee4a59711aaa19fb0eb12406504.jpg, 1, 0
8d331829-b225-451b-8aaa-89058c62faf5_45_jpg.rf.41b440f727a008b3548f0ea2c60c4af4.jpg, 0, 1
d4ea5845-ed1c-4bcd-b615-557884bb64c2_180_jpg.rf.41cb915161a91153327cb37d315b9a0e.jpg, 1, 0
611513d3-0fb7-4068-8cd8-68a9bdb056c4_270_jpg.rf.41cd926b4d81de04bd6dda2aadb6c8d7.jpg, 1, 0
215be899-dd62-42e0-b42e-8331622f5b9a_90_jpg.rf.41c4e3f5f497224bc3394c4d3297d190.jpg, 0, 1
1513532a-b352-4b17-b681-b02f3127b483_270_jpg.rf.41ce07345276c9c8ea4116d0135bc4ea.jpg, 0, 1
4dbf4259-4cc3-4ff3-8768-970703c6c8f9_45_jpg.rf.41cda2bec6457c3de60f56feff526d69.jpg, 0, 1
adcb9cef-245f-4674-bd16-4c8ad789d0a8_225_jpg.rf.41d685f413fcd8ee3a8d4abb87fa6af1.jpg, 0, 1
72a74631-171a-4cf4-b978-58f358afa95c_90_jpg.rf.41cf9b02ed69b74862c95d24b90ed5cf.jpg, 0, 1
9cc65155-05ca-40b0-b813-2892c3ff04a4_225_jpg.rf.41e0b0cbc98ed34a2eba2671f9141a5d.jpg, 0, 1
WIN_20221229_22_16_50_Pro_jpg.rf.41dca5d75e8540a4a67f1ee127544ffc.jpg, 1, 0
WIN_20221229_22_57_01_Pro_jpg.rf.41e816abbf2f4af0983769b3667c7b80.jpg, 1, 0
d02674ec-4a90-43c1-9aba-1cf70300a55a_135_jpg.rf.41e8c5b2f9e9987df31b84353ccbe0e2.jpg, 1, 0
9fc543ac-91f3-43f6-8df6-28bb9709a3e6_270_jpg.rf.41e8a3bc526549decdada04a4c5cafbe.jpg, 0, 1
9dd803f6-3218-4e96-ad6e-55b3d36e8470_135_jpg.rf.41ee594a637676b5b237e87fb44db1ff.jpg, 0, 1
5d5357ec-e4b0-4f32-a45c-2dca5338324d_225_jpg.rf.41f6242da107238e00a02ff4928e7798.jpg, 0, 1
82dbf814-a3a3-4cba-9277-08c10de5c8a4_225_jpg.rf.41f1db26b302396e3b61cc1f4d788daa.jpg, 0, 1
2b560df3-ff42-4546-a0bd-11ff2ca590e2_225_jpg.rf.4210ac34d9d385a3f5658610acd4b3b7.jpg, 1, 0
75fea9b7-7c08-4ea2-bb8d-50096fdf774b_90_jpg.rf.42006a197108fc4d107ef2e5f7a8f06b.jpg, 0, 1
09f44886-0cae-43b1-97fe-d8055d8d3616_180_jpg.rf.421f8a0708a1847346de6d4b37d1eeec.jpg, 0, 1
9dbe8a30-979a-4722-a1a9-712f4ecbb2a6_45_jpg.rf.42237065ec99617c741eb105162353e6.jpg, 0, 1
d02674ec-4a90-43c1-9aba-1cf70300a55a_225_jpg.rf.4219e93546e480b0178ab8f52ac8100f.jpg, 1, 0
9ec72020-824e-4c15-b633-cba42d080364_jpg.rf.424308e01b00b6ba78f9faeacd3342d3.jpg, 1, 0
fbe4f519-6225-4168-bcf9-4ccc4d0d82bf_45_jpg.rf.4229cbdbeb85a4d8c20b39720ce5813b.jpg, 1, 0
70f70f97-4a9e-4d42-a08b-3b7d1b9abef8_135_jpg.rf.4224efc15978f40602ef9598095b96d2.jpg, 0, 1
8d331829-b225-451b-8aaa-89058c62faf5_135_jpg.rf.423d39dcc70cfed5212a8e5b382ed57d.jpg, 0, 1
WIN_20221229_22_08_20_Pro_jpg.rf.424af072dd6ce5cac0b4299f583d17b3.jpg, 1, 0
5c99f964-3704-402c-aa2d-42bd2fbacf4f_90_jpg.rf.424465269ce38d7fb5c855273f21d4b1.jpg, 0, 1
9ec72020-824e-4c15-b633-cba42d080364_jpg.rf.4258a398ec98aae1d09cfaabc5e15d8a.jpg, 1, 0
51ba5ef7-fd64-4d52-9c3f-9d70e0ff040f_225_jpg.rf.425bfd36cd7cca4ff7c3503dbf4c05fa.jpg, 0, 1
39c71820-6b5b-499e-b2c6-a957f48c62fa_45_jpg.rf.421769c8c092134020f7231d9b4dd1f7.jpg, 0, 1
764af58e-c590-444a-aefd-b4bc11f74c40_225_jpg.rf.426111293784bf87f1c3bd031889b21a.jpg, 1, 0
96d467c2-fa44-474b-9e64-88f1f265aeaf_180_jpg.rf.427f062b86ca2264eb2b4b8770a81287.jpg, 0, 1
d2936fba-871f-4fbe-97da-b6e6e347e889_135_jpg.rf.427b787d479511dd6fd8eba4670ff564.jpg, 1, 0
0c279d03-a83d-4404-b852-2b90d79e1ed3_180_jpg.rf.426977c06ea559f2a667f691cebeba1a.jpg, 0, 1
d6ed6d4c-2acb-4507-bc4c-70480968eacb_225_jpg.rf.428b83e61379299803fd6d76021dc854.jpg, 0, 1
WIN_20221229_22_05_40_Pro_jpg.rf.428bd3041ff395c14df5359f76326bc4.jpg, 1, 0
8efe1e18-4032-4f20-996f-60a19c62f547_135_jpg.rf.428af351a3393a3c3af4e51c849b8cf2.jpg, 0, 1
afd44643-9287-4080-934f-7a13c66d9bfd_180_jpg.rf.428cadd09be91fdf5793e1a4a55da143.jpg, 0, 1
2be59dd5-7793-413c-96cb-c40098eba6f6_jpg.rf.428cd599cfcf0159ddc2155b9b479785.jpg, 0, 1
79eb3e80-65d5-431c-b388-ea52ce593c7d_270_jpg.rf.428f7a050a17ac2432a0cfb8a5d247f0.jpg, 1, 0
4f280435-14a2-4194-9f75-2e7ea72b39ba_180_jpg.rf.42958f7476b2dc6cd1d290cade2da12c.jpg, 1, 0
ac755961-63a0-4e01-b87e-eacd0b5d7899_270_jpg.rf.428deade794940c31c567acd10c96de9.jpg, 0, 1
40cbb123-b3d1-4546-aa26-2fdd1090b075_135_jpg.rf.42a3d6df611c7c7a5b2c83c0a9d153ff.jpg, 0, 1
WIN_20221229_22_58_13_Pro_jpg.rf.42b82b97032f4bac418a68f90f6bf2da.jpg, 1, 0
1acf8679-d50f-446c-b806-def7d073e244_jpg.rf.42ab124921d19d7cb7814d5026befbf8.jpg, 1, 0
WIN_20221229_22_23_45_Pro_jpg.rf.42a7c950c99209cb01b949eb39cf7c6f.jpg, 1, 0
488a316b-07fc-410e-a5fd-84f831acc653_90_jpg.rf.42c84668cc8d93117b48a924e9079837.jpg, 0, 1
6343bade-4271-437b-84ea-e9756e715080_180_jpg.rf.42bbeb05e772d3348e03a5b781d02087.jpg, 0, 1
22ada72b-340c-4d68-9534-2729e3347cab_180_jpg.rf.42cb4ec16d85ba9f70e121e20b9dec1f.jpg, 0, 1
8efe1e18-4032-4f20-996f-60a19c62f547_90_jpg.rf.42be8ce8505872cf1e96a8b3c8fbf76e.jpg, 0, 1
936d35a1-f617-4a9b-99c6-32cfd8284d34_225_jpg.rf.42d7138742ed87c6502f8db732af534c.jpg, 0, 1
499ce0e3-7fe4-4fd4-bd8a-5aa00aab3f43_90_jpg.rf.42de559c053f74a2fedaa182e9eb9304.jpg, 0, 1
15f5d196-2633-4a7b-9102-b33c659c6024_jpg.rf.42e14dc823b183094662052a6df03430.jpg, 0, 1
ef757b72-613c-4d8f-b8e0-a3564581cb0f_270_jpg.rf.42da694e1a00b9edae287c222d6ad4fe.jpg, 1, 0
207aff1c-09cf-47d1-ae76-474c6c31b0e4_135_jpg.rf.42e300bf8e638247b8e34a11af6263ac.jpg, 0, 1
0327f441-9a02-40a9-b280-251440ad4cec_135_jpg.rf.42ed7b0b62a43844efc7419509be5ff9.jpg, 0, 1
92a893f4-8dd5-4f4a-9864-08811d4ed00a_225_jpg.rf.42eaef64d222198c8a515a9304498f0d.jpg, 0, 1
345b8a93-c7d2-4b34-9e0c-90f2561ada84_jpg.rf.42efe24307cc97ae15b589fc99380de0.jpg, 0, 1
811f5cf3-9a05-4b39-b1b3-174f31f7cec6_270_jpg.rf.4309a77be2505ff4ff0e0deeb77c6180.jpg, 0, 1
56863d51-82dd-432b-808a-bb09a5e65be6_45_jpg.rf.42f48ed86418647c2648eb41e3f8c1b1.jpg, 0, 1
WIN_20221229_23_31_43_Pro_jpg.rf.430e2a3cf547f443b49fb103dc8b80ae.jpg, 0, 1
56863d51-82dd-432b-808a-bb09a5e65be6_225_jpg.rf.42fdb7792cc7f19a4b1ddb930bd73d53.jpg, 0, 1
92009a81-ec1a-4dc0-99aa-c0898383287c_jpg.rf.4327b0bf320a9c0e84a82f5bbcb8dde4.jpg, 0, 1
8dfde29c-73a0-4bd6-a788-0a31baf572a0_135_jpg.rf.432cd2cd26890cc76fa4571349e9170c.jpg, 0, 1
7ceae77f-3a56-4262-a271-2a8d727efbe9_45_jpg.rf.432e91baae541a09bb5985ef8a671276.jpg, 0, 1
fbe4f519-6225-4168-bcf9-4ccc4d0d82bf_90_jpg.rf.43367568d1c9eca615f01e6dad10b273.jpg, 1, 0
69dc5c1e-a7ad-49aa-ba21-235545c312c6_135_jpg.rf.43445374a4a7ab793c2351aa0a0d9429.jpg, 0, 1
WIN_20221229_22_23_15_Pro_jpg.rf.4333aa690361a6399fbc65bae36f2668.jpg, 1, 0
70f70f97-4a9e-4d42-a08b-3b7d1b9abef8_135_jpg.rf.433228121162821d1a83a23b36807400.jpg, 0, 1
01aff576-d811-4858-bc7b-e66af9db530f_270_jpg.rf.434607d0a99890a70ef7db3f1f3204f0.jpg, 1, 0
a57c3779-84b6-494f-a396-47718417b914_180_jpg.rf.435658f876ff9f91c88d8300b8ba6f22.jpg, 0, 1
15f5d196-2633-4a7b-9102-b33c659c6024_180_jpg.rf.43538c6fe9c5bf443df124a925f1dd40.jpg, 0, 1
90dec1cd-f163-48fd-bcc4-58066e5acb09_90_jpg.rf.434fe3a48b75fb7ae15ac8c47cb14818.jpg, 0, 1
33dd040e-50b6-44e7-afc7-230da49bcf12_270_jpg.rf.435751b223ae7f4919553d35142e356a.jpg, 0, 1
1513532a-b352-4b17-b681-b02f3127b483_135_jpg.rf.4357d07721bfcd0cefee44c228eaced0.jpg, 0, 1
108ca99a-5abc-4dca-8e9e-ad3551748f1a_45_jpg.rf.435a9dedc6f01d50613c25b67e39dba7.jpg, 0, 1
5d105570-fd52-46cd-a90a-9dfa42ef878a_45_jpg.rf.4359ac920e60bcbb1d57c06d8e4cdfa3.jpg, 0, 1
16179c8f-5a02-46d2-bcf1-145bf553fc58_135_jpg.rf.435bdac19a7c336cbb93088d122a3c01.jpg, 0, 1
4f08fc98-7d4d-43f7-921d-b2ccf8ca726d_jpg.rf.4363f6f8be36f784f031e567756256dc.jpg, 1, 0
c01c35d2-7769-4a57-abff-c52f7def3900_jpg.rf.43705d950f470545b2feb4f25738bb9c.jpg, 1, 0
76d57cee-bb5c-4631-b737-fe16b92c2a28_jpg.rf.4366c803673d8e147520962dc8c69710.jpg, 0, 1
adcb9cef-245f-4674-bd16-4c8ad789d0a8_225_jpg.rf.436ec4fe8f57035dc3d02bd246b32db4.jpg, 0, 1
41ab7cda-4c88-47b8-98da-0c6ee6e07325_180_jpg.rf.4371990256a2fc47a18ea272594ec806.jpg, 0, 1
7ceae77f-3a56-4262-a271-2a8d727efbe9_90_jpg.rf.437ab48bdda9ba8f2dd658824054cd93.jpg, 0, 1
642d6f5f-fa24-4c18-b7b2-6b24334629a3_45_jpg.rf.437f74d3aeaf6c24ac804524237570c2.jpg, 0, 1
8d331829-b225-451b-8aaa-89058c62faf5_45_jpg.rf.43739a2b3bf790e0105218b51af57b67.jpg, 0, 1
90ecbd63-5a3d-4c6b-bd34-594c7c6a2d40_45_jpg.rf.438a640b8c17a3f7f247e838c67bfd1e.jpg, 0, 1
4de4ad31-de11-418b-a60d-a7192ea0c98a_jpg.rf.438aeecb05f41ed66610593e747bff6b.jpg, 1, 0
41cfc0a3-c4ad-4285-9951-7a37d79f1c17_180_jpg.rf.43973acd78673122d51a9f57cb212a27.jpg, 0, 1
66ba2553-31f1-473c-9602-d2df0c1bb3f0_135_jpg.rf.4393151885485abd1b935df13161c9af.jpg, 0, 1
93a64c9f-678d-4302-94ea-5758bbf7451c_90_jpg.rf.4398ac69417e48cacc1990c4ad2fa966.jpg, 0, 1
764af58e-c590-444a-aefd-b4bc11f74c40_jpg.rf.43a5f97c97fb1e6b42384b8b5807a4f1.jpg, 1, 0
6bb51206-67ec-431b-8484-93739b1fddad_180_jpg.rf.439e10b2ce583f7bf98e6b5c847bf992.jpg, 1, 0
WIN_20221229_22_19_20_Pro_jpg.rf.43a94c156f5e8cc4584ef97fd85ecd86.jpg, 1, 0
7a6523d6-ef65-4cca-8160-946936395ede_135_jpg.rf.43b4bc327bf6caf3724905a8105b2e04.jpg, 0, 1
93a64c9f-678d-4302-94ea-5758bbf7451c_90_jpg.rf.43b140e323e36c85f494479a17a45b5b.jpg, 0, 1
25365714-d0ec-4a39-aba3-ea056e686ce9_135_jpg.rf.43c53b68ec82f549f3c4c92e3de8f47f.jpg, 0, 1
70be0397-922c-4185-bb84-728b59ab25f8_135_jpg.rf.43d081693770469f0acb80a8fd751491.jpg, 0, 1
878a59f0-76a6-4a7c-8e4a-45283cfb4465_135_jpg.rf.43e422a52a906bdbd699e88747b1fc29.jpg, 0, 1
220fcc53-6ef7-45d1-8122-fa1c19ca9ec5_180_jpg.rf.43d7c338be7ecfc990757bfa6c234d11.jpg, 0, 1
2d398321-1a08-4aec-98b9-eb3301da9d79_jpg.rf.43e65962ba65947f2eb550258bf017a3.jpg, 0, 1
207aff1c-09cf-47d1-ae76-474c6c31b0e4_180_jpg.rf.43dad3180f9ad97f2dd9691545bf2557.jpg, 0, 1
11037d07-18b3-4fc4-8025-f06dcbc0500d_135_jpg.rf.43eb386e85cbe53b05965721908977a8.jpg, 1, 0
8e753e61-dd28-45b8-aa64-e6c1e71bd812_jpg.rf.43ec6e40e9c6b81cd29ec12da2dd4f09.jpg, 0, 1
WIN_20221229_23_32_15_Pro_jpg.rf.43fa1aeff230185e79b895d9141aafd4.jpg, 0, 1
WIN_20221229_22_58_13_Pro_jpg.rf.43fba54826ce9154838364da2f40b26f.jpg, 1, 0
01c27009-f681-4495-8d82-599547aba120_180_jpg.rf.44050dc916fb77dd8be946cd06266d3a.jpg, 1, 0
d6ed6d4c-2acb-4507-bc4c-70480968eacb_45_jpg.rf.4409054456a8585fcdb8a539a0369894.jpg, 0, 1
96f68346-9256-416a-a050-9ec4b750ccc6_90_jpg.rf.4415e05375b7ab9d40b245dd6169228f.jpg, 0, 1
WIN_20221229_22_47_19_Pro_jpg.rf.440cc0e1d27929c6364cb14b7f0b6b25.jpg, 1, 0
afd44643-9287-4080-934f-7a13c66d9bfd_270_jpg.rf.441de381c85ca1faefac8b23d0c31d44.jpg, 0, 1
69c9cfea-cfbd-4dfe-a8a2-2ed31daafd85_45_jpg.rf.441f5b65a2f2b97507c9d1264cc6d780.jpg, 0, 1
d65589fa-33dc-4e7f-9d37-a8763424d061_45_jpg.rf.441b1fcafa004473bf774424d9d607b3.jpg, 1, 0
09f44886-0cae-43b1-97fe-d8055d8d3616_270_jpg.rf.4424dc3c6945465ceaac0b543061fcfd.jpg, 0, 1
868aed84-639d-46d3-9f59-3d71ba702ea0_jpg.rf.44268bc2b9c7f2b59bf73b12e4a32075.jpg, 1, 0
2abea0f5-7c2a-4519-88c1-d33080ac7db2_jpg.rf.443152987cc8cee11faf4fbeb6b11518.jpg, 1, 0
0dc01fa2-4d5e-46ae-ad61-19485b378972_270_jpg.rf.442ee1de99107eb4f344c7476f154790.jpg, 0, 1
WIN_20221229_22_25_58_Pro_jpg.rf.443a488d1097e4db61deaee350cc53c8.jpg, 1, 0
WIN_20221229_23_26_46_Pro_jpg.rf.443a7822c64d76dfdf192b1314478e36.jpg, 0, 1
3c36fca1-acb0-4a53-95be-087e2c614c76_270_jpg.rf.443ee9f813834719b35c7d7179384ae8.jpg, 1, 0
WIN_20221229_23_26_54_Pro_jpg.rf.4447cf14d012dc50bf0de1b2058740ce.jpg, 0, 1
00a9637f-e5c9-4522-8d19-d6b3e8bae3f3_270_jpg.rf.44554241c5fd4ba2284af3949ec10090.jpg, 0, 1
7089d907-9aaf-459e-ae22-53962285fbc8_jpg.rf.44627f6835cc71e1027aa299d0fe39ca.jpg, 0, 1
WIN_20221229_22_20_31_Pro_jpg.rf.44602213768790b547ca7af556b939f2.jpg, 1, 0
1b05898a-3be4-4b9e-b4a0-6d23dfdaabf0_45_jpg.rf.445c441f0a1f07beb23ba7f145a743fb.jpg, 0, 1
8d331829-b225-451b-8aaa-89058c62faf5_180_jpg.rf.4459d5acabc435371276a63291964c9e.jpg, 0, 1
75fea9b7-7c08-4ea2-bb8d-50096fdf774b_jpg.rf.446b221356c2e8d30914e119ca8b7b85.jpg, 0, 1
91c2e56d-2549-4574-9414-86aa17e84ef4_180_jpg.rf.4470f87b3d07b07e702a9657e540b3c7.jpg, 0, 1
d6ed6d4c-2acb-4507-bc4c-70480968eacb_180_jpg.rf.4476cee3e09e7ce5c49b379aa684f4b4.jpg, 0, 1
217fef04-2462-4dca-a170-f780b700b17e_45_jpg.rf.44713f30e1a5a98eb2642ad250f2d6bb.jpg, 0, 1
7ceae77f-3a56-4262-a271-2a8d727efbe9_45_jpg.rf.447b16d150fb6d32c8be4eac5f9ef126.jpg, 0, 1
1d4ead22-cc06-4fa2-9784-d9257f24ef86_jpg.rf.4478c0aa8f07931e1cfeafb7f9fb03c7.jpg, 0, 1
345b8a93-c7d2-4b34-9e0c-90f2561ada84_270_jpg.rf.44809fb81c4c216333da6ccf5f73a97b.jpg, 0, 1
2be59dd5-7793-413c-96cb-c40098eba6f6_225_jpg.rf.44844a51f5998724b85c2f4e9cb11ce8.jpg, 0, 1
WIN_20221229_23_09_58_Pro_jpg.rf.44873f83ae808f43cffbc6cd4c7f3ee7.jpg, 1, 0
8efe1e18-4032-4f20-996f-60a19c62f547_225_jpg.rf.4485de88bcffbe5bc9d1a6f60ce924dc.jpg, 0, 1
de7c5c69-6255-4087-9565-1732a07c986d_180_jpg.rf.449ccdc9648e2354be898e3e10011177.jpg, 1, 0
706a501b-940f-4252-89a9-1afae476d3b1_jpg.rf.44894420a3eba83d10ce9f8090513ee2.jpg, 0, 1
70be0397-922c-4185-bb84-728b59ab25f8_45_jpg.rf.44a66b8951190a7e63590cdb87ee61a5.jpg, 0, 1
09e044e6-a2b6-4827-9853-beb7d392347f_180_jpg.rf.44a6725ed4047b496b16fd29835e826b.jpg, 0, 1
8c678484-e530-433f-9265-cadfa51b5d6a_180_jpg.rf.44a5e66ca827ad95eaee6359c4bd2ed5.jpg, 0, 1
5671fc02-681e-4da8-826f-c1a0b2dc5870_270_jpg.rf.44be163e26626ffe9133bc65bbfa6b4c.jpg, 0, 1
4461774a-c193-43e6-9849-19c25ad533fb_135_jpg.rf.44be8922e34c457b2d4c88ce46037d7d.jpg, 1, 0
06b95f3f-e2f5-4f58-95b1-6f9024e8e5d7_135_jpg.rf.44b62370364b75906dc78414211b72e3.jpg, 0, 1
79eb3e80-65d5-431c-b388-ea52ce593c7d_270_jpg.rf.44a3cc8cc477a038f60533aa9dd713b1.jpg, 1, 0
60f07eaa-f4a0-4939-9882-acce7b2ee256_jpg.rf.44a7aed891acd3227b51526974ef2e11.jpg, 0, 1
bd17953c-5cc6-4fc5-8ade-fd7ece53be19_135_jpg.rf.44c63c16dd16dc406f114b1c93c93019.jpg, 0, 1
a8ba45d9-69a1-4fc4-a6c3-74c50107e59c_90_jpg.rf.44cef664040c4c418d15ddef675c1a91.jpg, 0, 1
9ec72020-824e-4c15-b633-cba42d080364_jpg.rf.44eaddc7f4b8a0f61a2433d480d8313b.jpg, 1, 0
66c7508a-f4ff-4af6-a91b-5f33d3c4d20d_45_jpg.rf.44d3b5a4d5fc9fe08f0345c252cf0ace.jpg, 0, 1
ba25564d-c23a-450d-b0af-a191ed900fb1_jpg.rf.45140b3c4306d1cc3d102d4fa540a4ef.jpg, 1, 0
90dec1cd-f163-48fd-bcc4-58066e5acb09_180_jpg.rf.44fb2786aa57adc6584c3dc043239d07.jpg, 0, 1
5a3117dc-7932-4c34-ae3f-e5867c98ee0a_jpg.rf.44f9b042c948f184284a128c221e296d.jpg, 0, 1
b84b2bd1-353d-4da0-80e6-da6df7b611b8_225_jpg.rf.44ee7c8163210da7c57fb6fd78ca4735.jpg, 0, 1
d2936fba-871f-4fbe-97da-b6e6e347e889_270_jpg.rf.451e3f53ba068958ba32405e9f4f352c.jpg, 1, 0
WIN_20221229_23_31_17_Pro_jpg.rf.452fdd5bc2df35c28dd45be6c584b937.jpg, 0, 1
7e2e4fb2-dc94-46c6-a203-0db83ca84e81_45_jpg.rf.4536a7e7424eb900b4f8dfaa4ea53b69.jpg, 0, 1
108ca99a-5abc-4dca-8e9e-ad3551748f1a_jpg.rf.452c18b849bf2cc8655ac2bc419ba494.jpg, 0, 1
WIN_20221229_23_00_12_Pro_jpg.rf.453b5b477cce5aafb07388d7e31f1d25.jpg, 1, 0
1ab90226-8889-4bcd-ad0c-ea01fedaaffd_45_jpg.rf.4544ed7b5c0b1ff96a422bb2c247cf1e.jpg, 1, 0
8efe1e18-4032-4f20-996f-60a19c62f547_90_jpg.rf.453cd645a4c98d263fa6559f38c940ee.jpg, 0, 1
57ab1fc0-e755-40c3-82cb-cce0684f11f4_135_jpg.rf.45460183ee6f9c6e18052ce9d1310b1c.jpg, 0, 1
WIN_20221229_23_22_14_Pro_jpg.rf.454d336e897aad982e3bc93fedd34b87.jpg, 0, 1
cce642b7-d4aa-4dc6-951b-e1b655f68334_135_jpg.rf.45553577c6b32f3056a6f4f96c5ca4ab.jpg, 1, 0
09e044e6-a2b6-4827-9853-beb7d392347f_135_jpg.rf.45462cd8c94be148fea9cb84d1c1f995.jpg, 0, 1
WIN_20221229_22_14_48_Pro_jpg.rf.45579c575be524c7d280cf2830ab0200.jpg, 1, 0
8e753e61-dd28-45b8-aa64-e6c1e71bd812_90_jpg.rf.457a0aca8325acad4bddf87c05077965.jpg, 0, 1
72ab964e-0b95-46ec-a135-1890eb300c53_jpg.rf.457b1edbbc61ee435a2e33da3d037de0.jpg, 0, 1
WIN_20221229_23_21_35_Pro_jpg.rf.457b65fa7353cd613e5c304e5a46e33f.jpg, 0, 1
WIN_20221229_22_06_46_Pro_jpg.rf.4591dae97db9c5da43a59bc2a67aaa0f.jpg, 1, 0
0fbac742-48ee-4857-ab82-3318c8fbdcb8_90_jpg.rf.458c58af36c4d28b08f717ab14474c76.jpg, 0, 1
6f8a29a3-8b83-47d6-8a5b-7baf97fd4469_90_jpg.rf.45645961f8ca82ae6f2f8d18d34d5c84.jpg, 0, 1
9fc543ac-91f3-43f6-8df6-28bb9709a3e6_270_jpg.rf.458be2f51583455fe9ed1dafab1c290e.jpg, 0, 1
09e044e6-a2b6-4827-9853-beb7d392347f_225_jpg.rf.4592b0ac8ae7f053d54d669096d66a42.jpg, 0, 1
0516cd97-ef6c-4542-a884-e01aaa597ac3_270_jpg.rf.45963b2b6a0b4e860b0658d4f4242378.jpg, 0, 1
303bf4f0-4e58-4f52-83e1-73f1a7ceabc5_jpg.rf.45a11384695470427bf7c9849454494e.jpg, 0, 1
9765b374-f3eb-4a26-903c-90d85bc9fe0a_135_jpg.rf.459bf80833384613eb9d1441fb30c368.jpg, 0, 1
adcb9cef-245f-4674-bd16-4c8ad789d0a8_45_jpg.rf.45bafbbbf7737a865a9374a1bfda2595.jpg, 0, 1
ac755961-63a0-4e01-b87e-eacd0b5d7899_90_jpg.rf.45c3fc22661dac6a773cbed5ac7ae716.jpg, 0, 1
75fea9b7-7c08-4ea2-bb8d-50096fdf774b_135_jpg.rf.45bc2b180c4a32ffe60d005d1a5f0bad.jpg, 0, 1
220fcc53-6ef7-45d1-8122-fa1c19ca9ec5_45_jpg.rf.45cbb164527dad5d282ffa51ecdc785b.jpg, 0, 1
859bbe6e-7f46-4b86-acd1-86fea679de36_jpg.rf.45e425fe978a34d7ff54b0680b673b09.jpg, 0, 1
1f4613ea-1b60-4092-876c-1a474a8c51b9_45_jpg.rf.45e1ed7b2498b5f31a15121e6739dfdf.jpg, 1, 0
9aa3d151-a2d6-4d13-ad4f-f133f4552c4f_180_jpg.rf.45e0b5eba4cb9e12ea42a5abe40d755e.jpg, 0, 1
WIN_20221229_22_46_15_Pro_jpg.rf.45e24cf40eafd43f4c6a2d9c346009c7.jpg, 1, 0
92a893f4-8dd5-4f4a-9864-08811d4ed00a_45_jpg.rf.4602223cea1bb474b133d7743c650c8a.jpg, 0, 1
215be899-dd62-42e0-b42e-8331622f5b9a_135_jpg.rf.45f733c3e4302e961817b2405dab37a9.jpg, 0, 1
ae88b11a-3c51-46c9-a74f-4f141d73ed73_jpg.rf.46104314010bd64d75d71b0fe086ea97.jpg, 0, 1
9cb97279-36f3-438c-97d5-91da39c4e13a_45_jpg.rf.4610d40a954eeaa8877ac46f59b37dad.jpg, 0, 1
96d467c2-fa44-474b-9e64-88f1f265aeaf_45_jpg.rf.461575bd5027286bf306e6682fc061b2.jpg, 0, 1
76a872d2-5c22-4f33-82b4-18c0f78e1a1b_180_jpg.rf.45eef524c3342d863ee88860b0c61a52.jpg, 0, 1
8dfde29c-73a0-4bd6-a788-0a31baf572a0_jpg.rf.461acc9b0b29da1c09985ffcbe7575f9.jpg, 0, 1
120bdf6d-39ea-4df8-b8a7-1a4362423b28_270_jpg.rf.462c79eb7a4929bf3799278184d66cba.jpg, 0, 1
WIN_20221229_22_51_58_Pro_jpg.rf.463a352992fa71153ffcc2a65bba5191.jpg, 1, 0
16117db8-0d07-4950-b684-370b7d0813ec_225_jpg.rf.463e35442f2de4385063d452ca70fdb8.jpg, 0, 1
40cbb123-b3d1-4546-aa26-2fdd1090b075_jpg.rf.463cd8cf88d7c1e1c963f0452a91e5fc.jpg, 0, 1
2da43d43-ad7b-435c-920d-0fbfebb88959_90_jpg.rf.46463ee985436635cfd9556545ea53ba.jpg, 1, 0
1d4ead22-cc06-4fa2-9784-d9257f24ef86_225_jpg.rf.463b5f0d2facb767df07b1c65fe2fa20.jpg, 0, 1
868aed84-639d-46d3-9f59-3d71ba702ea0_90_jpg.rf.464bed60aa7871dbc8cdf00cb033a9a0.jpg, 1, 0
WIN_20221229_22_52_24_Pro_jpg.rf.4655407b8d16c0397e686b7ec1757ff7.jpg, 1, 0
15f5d196-2633-4a7b-9102-b33c659c6024_45_jpg.rf.4646fe08989e92416a91a13432e18e24.jpg, 0, 1
898d6980-0ea3-4451-82f1-3bdabc8c6d9d_45_jpg.rf.464eda8f31d9ada88e35ae4448ce1f0f.jpg, 0, 1
207aff1c-09cf-47d1-ae76-474c6c31b0e4_225_jpg.rf.4659255b38ddd00b9ce5381bd524332e.jpg, 0, 1
66ffa488-289b-4188-afe1-7764a1a1bb1a_270_jpg.rf.466abc04d498d7fc136aff567578e16f.jpg, 0, 1
d6faa4f5-e419-4c2d-b0be-316f48d5464a_90_jpg.rf.467471b7e186d746d539e8c3a153d578.jpg, 0, 1
764af58e-c590-444a-aefd-b4bc11f74c40_225_jpg.rf.4670a69cb4bfc1d05d754ad526670f71.jpg, 1, 0
507e6cd8-2041-47e5-b174-28a6d9328985_135_jpg.rf.467f44996ddc5b86ff84d71f91669184.jpg, 0, 1
2eae8682-54b6-40b7-9684-d956300a4077_180_jpg.rf.4679391a14a70a75c536ce118fc25061.jpg, 0, 1
2d398321-1a08-4aec-98b9-eb3301da9d79_135_jpg.rf.468e526e82adee7c40f768c53b19c0ad.jpg, 0, 1
220fcc53-6ef7-45d1-8122-fa1c19ca9ec5_180_jpg.rf.468560f6d9c9864d72a68e2b7cd36b21.jpg, 0, 1
WIN_20221229_22_55_27_Pro_jpg.rf.46989b40ef3a7eaa4e63ea86e60935d9.jpg, 1, 0
014bcc0a-10c7-41eb-80eb-e2f62bb652b3_180_jpg.rf.46a2da95f88dfd023129363cf448ed24.jpg, 0, 1
41ab7cda-4c88-47b8-98da-0c6ee6e07325_270_jpg.rf.46990052c8a8e5bcbff2845fbb8f58b3.jpg, 0, 1
WIN_20221229_23_23_14_Pro_jpg.rf.469cd57d3be514f292930561c3b17683.jpg, 0, 1
805c86e2-7416-44fc-b8aa-f663db39cf8a_180_jpg.rf.46b74fefa349705f223fb1ee46108ac9.jpg, 0, 1
108ca99a-5abc-4dca-8e9e-ad3551748f1a_jpg.rf.46b5a46a8db61bb13d06eddf50c9a090.jpg, 0, 1
dc2bb2f5-03e1-46c1-9886-bda5f5bee11b_jpg.rf.46a6a5e01343c6e79f329847a4d64a36.jpg, 0, 1
76d57cee-bb5c-4631-b737-fe16b92c2a28_225_jpg.rf.46b15fc917f1bf40a2bbec9694b232d5.jpg, 0, 1
6343bade-4271-437b-84ea-e9756e715080_180_jpg.rf.46bbc2dadf74ac762e6920343a114b38.jpg, 0, 1
cce642b7-d4aa-4dc6-951b-e1b655f68334_jpg.rf.46bc6809de3185820420636d29f94209.jpg, 1, 0
868aed84-639d-46d3-9f59-3d71ba702ea0_jpg.rf.46c1eb4ce47de044bc20e457ed03fb60.jpg, 1, 0
69ab59e3-c1ad-4509-a8b8-bd8e4fac2ae6_135_jpg.rf.46c45b7ac63c3cefd37dde1a72394bb8.jpg, 0, 1
WIN_20221229_22_42_36_Pro_jpg.rf.46daf73d3cb0213ed272847b8832cfa4.jpg, 1, 0
ef757b72-613c-4d8f-b8e0-a3564581cb0f_90_jpg.rf.46cbd5fd413223406e636bee6e050907.jpg, 1, 0
5671fc02-681e-4da8-826f-c1a0b2dc5870_45_jpg.rf.46d0df91162ce74765be675eb4797153.jpg, 0, 1
91fd5e6d-6fa7-45ec-b8dd-a390713a150f_jpg.rf.46c9a29f2b89ae5431e36f8f42f9d7e5.jpg, 0, 1
WIN_20221229_22_59_46_Pro_jpg.rf.46e2da1115b1a09538afc5dc8478f1d6.jpg, 1, 0
WIN_20221229_22_43_41_Pro_jpg.rf.46e7a6046d71634e0798a3c6b7145872.jpg, 1, 0
80de665e-2077-4a83-9a40-20d2bcaeac43_180_jpg.rf.46ebe7fa55f209adea8e2a1733ec1bb2.jpg, 0, 1
60f07eaa-f4a0-4939-9882-acce7b2ee256_90_jpg.rf.46ec45a0e037473918b3602689bad3f5.jpg, 0, 1
665aeca5-e68c-49d3-ad8d-5755fad74dcf_180_jpg.rf.46ede227b1115176fa5e3dd99220b7c3.jpg, 0, 1
2abea0f5-7c2a-4519-88c1-d33080ac7db2_jpg.rf.46f8333ba782c38a230b48b61ea86973.jpg, 1, 0
33dd040e-50b6-44e7-afc7-230da49bcf12_135_jpg.rf.46fa4caed62a7c1fcc209d2b413f4cdb.jpg, 0, 1
52eb9c86-9714-4fb7-bc45-cbbe25a2b444_270_jpg.rf.46f0a38e05a193849091643aab75f85b.jpg, 0, 1
adcb9cef-245f-4674-bd16-4c8ad789d0a8_45_jpg.rf.46fd790a7d3f05746cb89666f959530f.jpg, 0, 1
01c27009-f681-4495-8d82-599547aba120_180_jpg.rf.4702e3e9cbaef067a4414953667bbc64.jpg, 1, 0
adcb9cef-245f-4674-bd16-4c8ad789d0a8_180_jpg.rf.47010ca158ad92b8e72912084c0db2e8.jpg, 0, 1
15f5d196-2633-4a7b-9102-b33c659c6024_180_jpg.rf.47030e8b5c93ecd1ae5893a3f97b2fb3.jpg, 0, 1
6b316208-fce5-4562-a45b-736f29a3a697_135_jpg.rf.470460bb077f5379776f8e7a57c87230.jpg, 1, 0
507e6cd8-2041-47e5-b174-28a6d9328985_90_jpg.rf.471208f44dccb594aba38a01d0dc553a.jpg, 0, 1
a1690e8a-68f2-42fa-b0a0-6c59cc895c84_90_jpg.rf.4706df11e72ae29b785ae958a1c6a221.jpg, 0, 1
600d2167-2072-4825-9516-6c13af9fc382_180_jpg.rf.47135327596c771366f75f744efa2b0d.jpg, 0, 1
f206736f-e48f-4e12-b367-144752c744e6_45_jpg.rf.4722b987ec63eeaee3eae8d81c510cf6.jpg, 1, 0
0fbac742-48ee-4857-ab82-3318c8fbdcb8_180_jpg.rf.4713fabc3890bcc2ee1cd81c2c2c0df4.jpg, 0, 1
303bf4f0-4e58-4f52-83e1-73f1a7ceabc5_225_jpg.rf.4714bbaea86dbab022ded7d7123074c9.jpg, 0, 1
d4ea5845-ed1c-4bcd-b615-557884bb64c2_225_jpg.rf.4716dc1207fbe3a07d2a2f4013c3869b.jpg, 1, 0
488cb81f-a17e-44b8-bd1b-0e709bee4a92_90_jpg.rf.47356303365473b6f90b22d3fcc36631.jpg, 0, 1
WIN_20221229_23_31_43_Pro_jpg.rf.47500ae5d88308700c26cd9ef8c8315e.jpg, 0, 1
4f08fc98-7d4d-43f7-921d-b2ccf8ca726d_180_jpg.rf.4764741d8e38f56f18f41204b9cf92d8.jpg, 1, 0
01c27009-f681-4495-8d82-599547aba120_45_jpg.rf.4749e6481934d74ceae90f3385c4fa15.jpg, 1, 0
9cb97279-36f3-438c-97d5-91da39c4e13a_90_jpg.rf.476cbeef87ba13400961c9212f1caf17.jpg, 0, 1
bd17953c-5cc6-4fc5-8ade-fd7ece53be19_135_jpg.rf.476985eb3faee7b0a886bab2336fd9ed.jpg, 0, 1
79eb3e80-65d5-431c-b388-ea52ce593c7d_270_jpg.rf.474ee4166543b73eeed38b0efe8f24ec.jpg, 1, 0
0df87bae-ddf0-49e3-97af-b371d8544547_180_jpg.rf.4765d1ee1831e3028d5de1712d23e40e.jpg, 0, 1
WIN_20221229_22_18_40_Pro_jpg.rf.47745bed777fd5664aad8e0d0cb5eb40.jpg, 1, 0
878a59f0-76a6-4a7c-8e4a-45283cfb4465_180_jpg.rf.477b937423adf0de4c3b91ef5ee47509.jpg, 0, 1
96d467c2-fa44-474b-9e64-88f1f265aeaf_225_jpg.rf.478330aafb392c102aa6298afda6a676.jpg, 0, 1
7d0322d1-3583-4a2b-ad25-e76d31603cee_225_jpg.rf.4778f5be97a1cd131de08e6946c277c4.jpg, 0, 1
87595b49-d19a-4221-8418-57ee268de2d5_90_jpg.rf.47872c68ba84bf189545b0abd72d9925.jpg, 0, 1
75fea9b7-7c08-4ea2-bb8d-50096fdf774b_jpg.rf.4783ce510b65aa04a362f4c286974c8f.jpg, 0, 1
a936c90a-8f24-4289-b10b-4830ac9f3019_jpg.rf.478b5bf4a5a145caed7c9e23485ed3df.jpg, 0, 1
223d92bc-5ef8-450a-86d6-ab5d6e8c5b3e_225_jpg.rf.478a8afbe9f03130d46c792b74639d39.jpg, 0, 1
75a3c3df-b678-4a55-aa92-02be5879a4cd_90_jpg.rf.479ba1b93b16da14ea4578561ad0b86d.jpg, 0, 1
8dfde29c-73a0-4bd6-a788-0a31baf572a0_90_jpg.rf.479333c9a5fbb54accadc1bdb2cfba35.jpg, 0, 1
0b521929-1734-47b8-86c9-093445af0697_180_jpg.rf.4793a9091cfac9edd65e9a06609f39fd.jpg, 0, 1
d4ea5845-ed1c-4bcd-b615-557884bb64c2_90_jpg.rf.47984dac20447cd9e63df1ceed457a1d.jpg, 1, 0
90dec1cd-f163-48fd-bcc4-58066e5acb09_jpg.rf.479e77f763f4225fe2ea7063ff3dac0e.jpg, 0, 1
98cb62e4-f491-47c7-b871-9d1aeeac307e_90_jpg.rf.47a5a651d705389c08ab86597ee40835.jpg, 0, 1
WIN_20221229_23_29_16_Pro_jpg.rf.479d5cd6f22429d47a46e2e67105311e.jpg, 0, 1
80c4e3b8-9502-4216-aad1-1b5f6f3d6b72_90_jpg.rf.47beb6f3cdf5063426913e9349c9e99b.jpg, 0, 1
bd17953c-5cc6-4fc5-8ade-fd7ece53be19_jpg.rf.47c95178155dedbc0fb8baa39d2e0a3a.jpg, 0, 1
b361e99e-9c59-43b5-92f6-80ad77c3287f_135_jpg.rf.47d83806802185d5b680f6198381ce96.jpg, 1, 0
WIN_20221229_22_51_58_Pro_jpg.rf.47c23d2b5a614571bacf4cdb51de9834.jpg, 1, 0
91b94861-b751-4b86-b7a3-f6b2e3dbbd89_45_jpg.rf.47da76b123edea460297b0bda1df9629.jpg, 0, 1
611513d3-0fb7-4068-8cd8-68a9bdb056c4_270_jpg.rf.47efcb3e00e982aaddfd59eebcd81f8d.jpg, 1, 0
WIN_20221229_22_46_47_Pro_jpg.rf.47f3429f58390e9c1822ae5c1ece7d84.jpg, 1, 0
66c7508a-f4ff-4af6-a91b-5f33d3c4d20d_180_jpg.rf.47ddf6ff3461407cafd7d21603c07a01.jpg, 0, 1
217fef04-2462-4dca-a170-f780b700b17e_jpg.rf.4800a236542f8f3c6ecb958eef90beef.jpg, 0, 1
507e6cd8-2041-47e5-b174-28a6d9328985_135_jpg.rf.48018890894ba8f7a295901ed4f228d3.jpg, 0, 1
WIN_20221229_22_39_39_Pro_jpg.rf.4807408b6bc29f851fb582a08cb67210.jpg, 1, 0
8d331829-b225-451b-8aaa-89058c62faf5_180_jpg.rf.4819d50aefa12cfab4ea94922cd1f3f4.jpg, 0, 1
WIN_20221229_23_30_00_Pro_jpg.rf.48183481aa437b5d124cc5a3f9323df8.jpg, 0, 1
ac755961-63a0-4e01-b87e-eacd0b5d7899_90_jpg.rf.482afddd90154ed90d42680a4e1dcff1.jpg, 0, 1
8bfe69f8-33fd-4fea-8a42-c821ffd94be0_270_jpg.rf.483193ab81a519ee2d01b4ed22e61ce7.jpg, 1, 0
69ab59e3-c1ad-4509-a8b8-bd8e4fac2ae6_45_jpg.rf.4821dbf98087a8e7d3d34a94460065a4.jpg, 0, 1
488a316b-07fc-410e-a5fd-84f831acc653_180_jpg.rf.482f2485d5c02f5c115589769b634150.jpg, 0, 1
WIN_20221229_23_08_02_Pro_jpg.rf.48618cb06e3ae9b92ccd18bc80be175b.jpg, 1, 0
WIN_20221229_22_55_39_Pro_jpg.rf.485b864db84945721184aa7116864b77.jpg, 1, 0
0c279d03-a83d-4404-b852-2b90d79e1ed3_135_jpg.rf.486e5f040926f9518665479d1ec6044e.jpg, 0, 1
51ba5ef7-fd64-4d52-9c3f-9d70e0ff040f_270_jpg.rf.48388a81b54e8bb7ef9f82145128317e.jpg, 0, 1
207aff1c-09cf-47d1-ae76-474c6c31b0e4_270_jpg.rf.4897dcbf67aac515def3c07eb7ac7bf5.jpg, 0, 1
94a26150-c197-425f-961b-0a4ae35825cf_180_jpg.rf.4878c96c4c7ea99dea231177e97c1822.jpg, 0, 1
0d2a4a7e-7b37-49eb-9ad6-8faaf457ad82_225_jpg.rf.487fa78e3e2532d208d356748214d5cf.jpg, 0, 1
a57c3779-84b6-494f-a396-47718417b914_135_jpg.rf.48a625267cf59a13c68321ea87cc4f7a.jpg, 0, 1
6b316208-fce5-4562-a45b-736f29a3a697_180_jpg.rf.48b48343ede80a59c3474730a7451675.jpg, 1, 0
878a59f0-76a6-4a7c-8e4a-45283cfb4465_270_jpg.rf.48b77a9cee1aface3901a8c8f754f5f7.jpg, 0, 1
60f07eaa-f4a0-4939-9882-acce7b2ee256_225_jpg.rf.48cd3723ca73a0f8d004a6a0e2a395d1.jpg, 0, 1
6f8a29a3-8b83-47d6-8a5b-7baf97fd4469_135_jpg.rf.48c2dcfb5e143d684af9b5d9b0968f30.jpg, 0, 1
0c4d65e5-1985-47b2-8252-616ed898bd7c_270_jpg.rf.48d220cfb2ea174dd5ac3d5d82bbf37b.jpg, 0, 1
25365714-d0ec-4a39-aba3-ea056e686ce9_270_jpg.rf.48d4f155ba5753ac332a4d97776d6ee7.jpg, 0, 1
WIN_20221229_22_31_40_Pro_jpg.rf.48ce9eda9ec7fdc06750294fcb07f4f0.jpg, 1, 0
7ebb4762-7de4-4754-8cd2-2d4f743f512c_225_jpg.rf.48d2e69bcb68c3892386f91bf8aff81d.jpg, 0, 1
0c4d65e5-1985-47b2-8252-616ed898bd7c_jpg.rf.48d9447d593ca0913647221e405bd462.jpg, 0, 1
WIN_20221229_22_28_38_Pro_jpg.rf.48dfad1e3d134e3bc11357522a3e7138.jpg, 1, 0
WIN_20221229_22_28_38_Pro_jpg.rf.48e6ca54f97a4aa8e3b568bfcc430af1.jpg, 1, 0
706a501b-940f-4252-89a9-1afae476d3b1_270_jpg.rf.48e687842f06f1fe7e2fdf910b1234ad.jpg, 0, 1
4dbf4259-4cc3-4ff3-8768-970703c6c8f9_45_jpg.rf.4901623198ae70d269ed8eabbe86765b.jpg, 0, 1
708fb576-4b86-4d50-a652-cc0d64f5407a_jpg.rf.49055d730d404082c7db3a8c617e0063.jpg, 0, 1
2b3fa5f4-98bb-4565-b461-8ebc3db528ca_45_jpg.rf.490e384c602d46f4b37a8174c67741af.jpg, 1, 0
1f4613ea-1b60-4092-876c-1a474a8c51b9_180_jpg.rf.490f6a8fc907d49abb581e0cd05a510b.jpg, 1, 0
33e3e3fe-8e37-4b4a-aa04-ad3864731632_135_jpg.rf.49121b13669974c9fd995ab7be385f4a.jpg, 0, 1
27f3e57e-469f-4627-8144-2ce3e9d048b7_135_jpg.rf.49344f9b97c5e77a02d58a0479a5527e.jpg, 0, 1
93bde728-be7b-4af0-a18e-67f00d6fdcac_jpg.rf.4911d798b0193446f2b7ec05e7a3e91d.jpg, 0, 1
de7c5c69-6255-4087-9565-1732a07c986d_270_jpg.rf.49320307491d07c369f95e5936756214.jpg, 1, 0
4737a7d7-5d10-4912-b3e7-c8254a88af02_45_jpg.rf.493b3387b7863504af1720c1a4b676dc.jpg, 0, 1
811f5cf3-9a05-4b39-b1b3-174f31f7cec6_225_jpg.rf.4940f07be7df1277a2222c683a89443d.jpg, 0, 1
2b3fa5f4-98bb-4565-b461-8ebc3db528ca_90_jpg.rf.4947723f657b263b2d28759cc8540240.jpg, 1, 0
5a3117dc-7932-4c34-ae3f-e5867c98ee0a_90_jpg.rf.494d80413d7278eec26d0782ee5cb197.jpg, 0, 1
2c59ee70-dc1c-4de3-83ab-aa36a5fb92c9_jpg.rf.4960a9a53849b4995164f1d9dd6228c9.jpg, 0, 1
7ceae77f-3a56-4262-a271-2a8d727efbe9_90_jpg.rf.4966419d9ecab3bb044d91e15f44a94e.jpg, 0, 1
09f44886-0cae-43b1-97fe-d8055d8d3616_270_jpg.rf.4966d69ee717c68cc6d99639ddb45cec.jpg, 0, 1
215be899-dd62-42e0-b42e-8331622f5b9a_135_jpg.rf.4969de0ce7dab9bbf0f189d5a4d4e605.jpg, 0, 1
56863d51-82dd-432b-808a-bb09a5e65be6_270_jpg.rf.496bbee1f9f66f718dbd90aec2cbfbf4.jpg, 0, 1
680cc473-598d-49e7-847e-6b8c099e14fc_90_jpg.rf.496d9ab0031eb4798dd0987fb58acc3f.jpg, 0, 1
0dab9689-2c2d-4dc6-bb71-db1b6d82cb17_225_jpg.rf.49729077e648a8f15d8678ef27364a64.jpg, 0, 1
41ab7cda-4c88-47b8-98da-0c6ee6e07325_270_jpg.rf.4970828f561d46d2ba60a9d448fc4752.jpg, 0, 1
df1a716e-d93a-4e13-8144-399bae44a249_225_jpg.rf.49734c1fa8735b9eb8ea4f5758668de3.jpg, 1, 0
6cdbe5d2-04bc-4a25-b1a0-be0a00a136ae_180_jpg.rf.49737745833cabc765266cea5b92b886.jpg, 0, 1
859bbe6e-7f46-4b86-acd1-86fea679de36_135_jpg.rf.498649b394e85899de9e5c9788743323.jpg, 0, 1
811f5cf3-9a05-4b39-b1b3-174f31f7cec6_jpg.rf.49769a1f3faac43f52ac12776bcd95b8.jpg, 0, 1
8d331829-b225-451b-8aaa-89058c62faf5_90_jpg.rf.4992795fea968bf200a272dd0d832f23.jpg, 0, 1
40cbb123-b3d1-4546-aa26-2fdd1090b075_45_jpg.rf.4994bdf0b47ee5b97e1b4c25ceed3227.jpg, 0, 1
87e64a68-c898-4474-bd57-1e570902862f_jpg.rf.49a06b61829fdf74df88dada2fca2302.jpg, 0, 1
687de30d-714c-4d10-9b23-998af950a13a_90_jpg.rf.49afea0383a0ec2d2b1d040887c783be.jpg, 1, 0
9dd803f6-3218-4e96-ad6e-55b3d36e8470_90_jpg.rf.499d7a69f64d997dcdc884a6c4bf69bd.jpg, 0, 1
WIN_20221229_22_22_23_Pro_jpg.rf.49b67a04924b3bd6610b1985b16a6973.jpg, 1, 0
66c7508a-f4ff-4af6-a91b-5f33d3c4d20d_225_jpg.rf.49be0f4ec0eb6a0fc6ac6c9b599e037f.jpg, 0, 1
f206736f-e48f-4e12-b367-144752c744e6_225_jpg.rf.49cab2aa11e25b1243fc92c96050ef72.jpg, 1, 0
3c36fca1-acb0-4a53-95be-087e2c614c76_90_jpg.rf.49afe0cee4656304ab65d22e515c732e.jpg, 1, 0
a36b24dc-58f1-4270-b642-3bb7ec46de0f_90_jpg.rf.49a779fa74ac6876be576b414d43171d.jpg, 1, 0
8efe1e18-4032-4f20-996f-60a19c62f547_135_jpg.rf.49ccdad639d25ccbbbba2fee2a8dbc78.jpg, 0, 1
WIN_20221229_23_30_35_Pro_jpg.rf.49d9d8a1c8640b0bd7bf7edede46ff4d.jpg, 0, 1
503a19e2-d693-4ab0-aae9-9181b1789a94_270_jpg.rf.49d9e25ca71b466741812d711a541a19.jpg, 0, 1
92787dc3-1720-41c4-8acc-5c7f3fda0fa5_jpg.rf.49e344dbd70e8c47caf4dc368c6fd9c4.jpg, 1, 0
217ac982-fddf-49ae-a311-27cf800d10f0_270_jpg.rf.49e8fccc8060a29983e70194bd24fe5f.jpg, 0, 1
a4b1b05e-8f9a-4f68-98fe-52dd9e2a9663_270_jpg.rf.49e9f1cbac19b89684feed5f0eca4fe5.jpg, 1, 0
39c71820-6b5b-499e-b2c6-a957f48c62fa_135_jpg.rf.49ead59d7783a9dcbe931f8cd6ee5a64.jpg, 0, 1
WIN_20221229_22_38_47_Pro_jpg.rf.49ea29c01540b686a22238d3d4aad9f3.jpg, 1, 0
8d331829-b225-451b-8aaa-89058c62faf5_45_jpg.rf.49ecc956e9b76727a2dacd9897278766.jpg, 0, 1
ac755961-63a0-4e01-b87e-eacd0b5d7899_jpg.rf.49f0b06d1dd39e2cbe4a7d9776c067c3.jpg, 0, 1
WIN_20221229_23_33_03_Pro_jpg.rf.49fb6647dd56d1af8d66103bbaba38fb.jpg, 0, 1
217ac982-fddf-49ae-a311-27cf800d10f0_270_jpg.rf.49f70b54d443314775106f788de9738d.jpg, 0, 1
5d105570-fd52-46cd-a90a-9dfa42ef878a_225_jpg.rf.4a08e5f172ef1fa90781032121ea4f44.jpg, 0, 1
92a893f4-8dd5-4f4a-9864-08811d4ed00a_270_jpg.rf.49fdd8819bc348bb27ce559ebad5dd1e.jpg, 0, 1
WIN_20221229_23_31_03_Pro_jpg.rf.4a1a5f1b85c24f0f9f5f7107f53d6d1c.jpg, 0, 1
680cc473-598d-49e7-847e-6b8c099e14fc_225_jpg.rf.4a2c8cf9e453a258f678371971cda673.jpg, 0, 1
97e4c08e-3475-4d77-8b54-a2231e38f6a2_270_jpg.rf.4a2476e50164a600f12cc7de5c52c23b.jpg, 0, 1
9dd803f6-3218-4e96-ad6e-55b3d36e8470_180_jpg.rf.4a1d1c5b7b437a7d1316383d2d8d3406.jpg, 0, 1
61e87bb2-b69a-4d10-afa1-6c1a3d0291df_45_jpg.rf.4a342e6941450407442745e0de50d7bd.jpg, 1, 0
0dc01fa2-4d5e-46ae-ad61-19485b378972_135_jpg.rf.4a32f51c09e0a98aa634e9513b684f9f.jpg, 0, 1
d6ed6d4c-2acb-4507-bc4c-70480968eacb_225_jpg.rf.4a4cf721966d257ae0b1fab140480c03.jpg, 0, 1
5d5357ec-e4b0-4f32-a45c-2dca5338324d_225_jpg.rf.4a4d864f16e39c82d6fa838b7e3218e4.jpg, 0, 1
WIN_20221229_22_26_35_Pro_jpg.rf.4a4e05b12fa89b7fa6a820be4b3d0375.jpg, 1, 0
75fea9b7-7c08-4ea2-bb8d-50096fdf774b_225_jpg.rf.4a582ffa566a5b0eeb0ab75b8157fee9.jpg, 0, 1
5d5357ec-e4b0-4f32-a45c-2dca5338324d_45_jpg.rf.4a5c2f96bcf73226e1e008fd7cfb301a.jpg, 0, 1
1b05898a-3be4-4b9e-b4a0-6d23dfdaabf0_90_jpg.rf.4a574f0b03bff8edb810afb5b91c8240.jpg, 0, 1
01b9d47e-ecba-48fd-a83f-ece6e05995fc_90_jpg.rf.4a5d5dd4b338c8dccbfd4897cfab8daa.jpg, 1, 0
ae88b11a-3c51-46c9-a74f-4f141d73ed73_90_jpg.rf.4a70df75ca664fa64833a478ca282cc8.jpg, 0, 1
WIN_20221229_22_09_40_Pro_jpg.rf.4a778f7a5e84f09a5e8a5cb7a4a20747.jpg, 1, 0
WIN_20221229_22_25_34_Pro_jpg.rf.4a739ebaee3c4f19aae109d9f6c328ac.jpg, 1, 0
66ba2553-31f1-473c-9602-d2df0c1bb3f0_90_jpg.rf.4a7c06bcf903e6a5559cd02918ee0045.jpg, 0, 1
09e044e6-a2b6-4827-9853-beb7d392347f_90_jpg.rf.4a8466e8ddf895c0781f02961d75e8c5.jpg, 0, 1
00137db3-94aa-4aa5-aa3b-e3e09d6a5ef5_90_jpg.rf.4a8018ac47ff2d4cbe879ee09386d1fd.jpg, 0, 1
WIN_20221229_22_26_35_Pro_jpg.rf.4a8619a7671b09e3c08151316c0637f8.jpg, 1, 0
76d57cee-bb5c-4631-b737-fe16b92c2a28_jpg.rf.4a8bb7ac8793ff59b8b7e4d71f12a1d1.jpg, 0, 1
WIN_20221229_23_20_56_Pro_jpg.rf.4a9fc4072cd83a7a434e5e52282e7712.jpg, 0, 1
611513d3-0fb7-4068-8cd8-68a9bdb056c4_180_jpg.rf.4a8c614df0a3bfcbd8b245c6d810459c.jpg, 1, 0
80de665e-2077-4a83-9a40-20d2bcaeac43_45_jpg.rf.4aa759209299bf0850c8e8485d0ff8a0.jpg, 0, 1
05693239-35bd-4086-b8c3-e7b6aa763b4f_45_jpg.rf.4abb3756c878b9b3433761254fe7e25a.jpg, 0, 1
a968e0be-061b-40ae-801e-5e286dcbb663_180_jpg.rf.4ab62890a18e8b4f5d5928e9ff8e67fd.jpg, 0, 1
84c8c90b-b9c3-4290-bdff-f1946a11050a_180_jpg.rf.4ab0ab7b36725de6dee45f5844c9142d.jpg, 0, 1
15fd3442-e84f-4c27-952b-ec415fe777d6_jpg.rf.4acce6a24bb893562566b7e23976577b.jpg, 0, 1
91b94861-b751-4b86-b7a3-f6b2e3dbbd89_135_jpg.rf.4ada2629b370665a1bc028366999ac1e.jpg, 0, 1
5064456d-d977-4c88-a2f7-613db1f3f19b_jpg.rf.4ae5905f72db649ac751e1d963861ca1.jpg, 0, 1
207aff1c-09cf-47d1-ae76-474c6c31b0e4_90_jpg.rf.4ad14db204671badf971fe7e11ca0530.jpg, 0, 1
5c99f964-3704-402c-aa2d-42bd2fbacf4f_225_jpg.rf.4ae6767a4a3a25755ac02535f637bad3.jpg, 0, 1
085c4ff0-ec11-44e6-b865-d4a8e163bcee_135_jpg.rf.4afaf88b8703e1ba753eeb3d939020e6.jpg, 0, 1
87595b49-d19a-4221-8418-57ee268de2d5_jpg.rf.4b0b3a3b77c71484ceb597d3470b5b42.jpg, 0, 1
3c36fca1-acb0-4a53-95be-087e2c614c76_90_jpg.rf.4b09a02db86dbffeca8990f7171659ed.jpg, 1, 0
WIN_20221229_23_30_43_Pro_jpg.rf.4b0c83bd3680cd12681f5c7eac53ee41.jpg, 0, 1
708fb576-4b86-4d50-a652-cc0d64f5407a_45_jpg.rf.4b31b99a88a9a64ca602d41d8e80402a.jpg, 0, 1
87cc591e-7e25-4d08-a519-6b5ec6d98cfa_180_jpg.rf.4b2d94142cfa87b7b7ac6ded359548b1.jpg, 0, 1
8bfe69f8-33fd-4fea-8a42-c821ffd94be0_jpg.rf.4b33a7f7655417bf2d1eff18276d7624.jpg, 1, 0
WIN_20221229_22_42_04_Pro_jpg.rf.4b38c5f46f3f7673b3bf49ca0644e0b1.jpg, 1, 0
WIN_20221229_22_45_08_Pro_jpg.rf.4b58df7fd23d281268f48e927366a347.jpg, 1, 0
9eaca121-9239-49f4-9d05-34ef9f10bcaa_90_jpg.rf.4b449d88d5b368015a2388736d3a7fb1.jpg, 0, 1
52e703e1-69d2-44c7-a214-269fa0e09054_270_jpg.rf.4b4c68e9188559f42af62ffd2e31fd4e.jpg, 0, 1
345b8a93-c7d2-4b34-9e0c-90f2561ada84_jpg.rf.4b5d390e68af8fd9977bb0f0497dc363.jpg, 0, 1
600d2167-2072-4825-9516-6c13af9fc382_45_jpg.rf.4b66126da08e0fbff26b82e0bd8c63c0.jpg, 0, 1
7e2e4fb2-dc94-46c6-a203-0db83ca84e81_180_jpg.rf.4b5df9e18beacbf86348623c8c9302ae.jpg, 0, 1
d2936fba-871f-4fbe-97da-b6e6e347e889_225_jpg.rf.4b602e524abd72d0442fb46610ac4edc.jpg, 1, 0
WIN_20221229_22_01_11_Pro_jpg.rf.4b68da3a88996cf55f7e68ae6c5398e5.jpg, 1, 0
345b8a93-c7d2-4b34-9e0c-90f2561ada84_jpg.rf.4b6969ff9c56d0954734b51b37fa3b32.jpg, 0, 1
665aeca5-e68c-49d3-ad8d-5755fad74dcf_jpg.rf.4b70fc8f7445f6ccfd05b164aa2b0380.jpg, 0, 1
706a501b-940f-4252-89a9-1afae476d3b1_225_jpg.rf.4b746403a7563521c811901285d74114.jpg, 0, 1
01b9d47e-ecba-48fd-a83f-ece6e05995fc_225_jpg.rf.4b74d6a9c55c49ed96758101c6340a51.jpg, 1, 0
96383b0f-647d-4d8b-aae4-c525fb9365d6_225_jpg.rf.4b7715ec3fd035d3743f9833ae6c400d.jpg, 0, 1
WIN_20221229_23_26_54_Pro_jpg.rf.4b761a29edaeb68483e6df25309779db.jpg, 0, 1
3c966d73-e030-422f-8e66-a2bfb35337dc_90_jpg.rf.4b75499390e6b4a008cb6e940880133a.jpg, 0, 1
a4b1b05e-8f9a-4f68-98fe-52dd9e2a9663_225_jpg.rf.4b7ac0bf2547298881854633d11292ce.jpg, 1, 0
06b95f3f-e2f5-4f58-95b1-6f9024e8e5d7_225_jpg.rf.4b7e7b43730a6e4702474ecf607f480b.jpg, 0, 1
805c86e2-7416-44fc-b8aa-f663db39cf8a_135_jpg.rf.4b8d8a90ee9924daea383682276e8d22.jpg, 0, 1
0dab9689-2c2d-4dc6-bb71-db1b6d82cb17_180_jpg.rf.4b85ba2a3a2203c622221d43410fbadb.jpg, 0, 1
76d57cee-bb5c-4631-b737-fe16b92c2a28_225_jpg.rf.4b8d9d69b0d35e439a3967886d9abeb4.jpg, 0, 1
82dbf814-a3a3-4cba-9277-08c10de5c8a4_135_jpg.rf.4b97b64a0283304bdfa31091418a5141.jpg, 0, 1
085c4ff0-ec11-44e6-b865-d4a8e163bcee_45_jpg.rf.4b92d13be4d880a24d1ad02c78026bff.jpg, 0, 1
345b8a93-c7d2-4b34-9e0c-90f2561ada84_jpg.rf.4b96af974fe25b5e604fa131e16040a6.jpg, 0, 1
215be899-dd62-42e0-b42e-8331622f5b9a_135_jpg.rf.4b7d954e575d4d822e38dbedf46a9f08.jpg, 0, 1
217ac982-fddf-49ae-a311-27cf800d10f0_45_jpg.rf.4ba0a4236aff204b0f6c35a90e84d973.jpg, 0, 1
5d5357ec-e4b0-4f32-a45c-2dca5338324d_45_jpg.rf.4ba16d0fcb09556ade2f52c7c8309a6e.jpg, 0, 1
0df87bae-ddf0-49e3-97af-b371d8544547_270_jpg.rf.4bb0183ef6e86e0f3468a639d1e44a76.jpg, 0, 1
7ceae77f-3a56-4262-a271-2a8d727efbe9_jpg.rf.4badeff6240d9b83c064caadf6b0be55.jpg, 0, 1
WIN_20221229_22_34_44_Pro_jpg.rf.4bb0da581d80e4ed36d37c6fd1fdac51.jpg, 1, 0
5d105570-fd52-46cd-a90a-9dfa42ef878a_225_jpg.rf.4bb9916f8804230d97ef2854c53aeb05.jpg, 0, 1
WIN_20221229_23_30_29_Pro_jpg.rf.4bc7717a6172ee00ce9b1a8ee66ae489.jpg, 0, 1
2abea0f5-7c2a-4519-88c1-d33080ac7db2_jpg.rf.4bbf4d49117b3ae687bbfdd9a4228f91.jpg, 1, 0
507e6cd8-2041-47e5-b174-28a6d9328985_jpg.rf.4bda1910d0e495bcb94ddc227b8e7c73.jpg, 0, 1
69dc5c1e-a7ad-49aa-ba21-235545c312c6_jpg.rf.4bdc328babbdb36354e79b97131b9ca7.jpg, 0, 1
WIN_20221229_23_22_35_Pro_jpg.rf.4bca6251306cc1848a589ba38d5b117c.jpg, 0, 1
56863d51-82dd-432b-808a-bb09a5e65be6_135_jpg.rf.4bdf4b83fa75d51261428ee29bf87cb1.jpg, 0, 1
72a74631-171a-4cf4-b978-58f358afa95c_180_jpg.rf.4be01e77f2a031e9deeb9421522844ab.jpg, 0, 1
488cb81f-a17e-44b8-bd1b-0e709bee4a92_45_jpg.rf.4be6a989c3f207664b3e370151c33fed.jpg, 0, 1
7ebb4762-7de4-4754-8cd2-2d4f743f512c_jpg.rf.4bf48667dae638cf578801794e10e49f.jpg, 0, 1
488a316b-07fc-410e-a5fd-84f831acc653_45_jpg.rf.4be4aae38ae37067a75089ce97148085.jpg, 0, 1
WIN_20221229_23_28_02_Pro_jpg.rf.4c226fdcf2f76abcb99d2aa363ddc306.jpg, 0, 1
52c230c2-20b1-4769-978c-d0a859364b3e_45_jpg.rf.4c146907839098ef3a2c90eb710506a5.jpg, 0, 1
5d06dc79-9d5c-46d0-a720-e4898e65949c_180_jpg.rf.4c25ebc52e523dd615153e51c98f7c4c.jpg, 1, 0
4461774a-c193-43e6-9849-19c25ad533fb_225_jpg.rf.4c1e749840d09ad8dad2101c48070057.jpg, 1, 0
589950d7-088b-4c4b-abc1-9b824671ec8f_135_jpg.rf.4c32d9624043a283605db3ee0e3440c3.jpg, 1, 0
6bb51206-67ec-431b-8484-93739b1fddad_45_jpg.rf.4c40dfc4953ecf04156e60dc885adfbc.jpg, 1, 0
5d5357ec-e4b0-4f32-a45c-2dca5338324d_45_jpg.rf.4c3eb31c3b5c11cdf5eafbafd152d010.jpg, 0, 1
2d398321-1a08-4aec-98b9-eb3301da9d79_jpg.rf.4c39f126dd4b9b7dbcee8effa4f23fe8.jpg, 0, 1
dc2bb2f5-03e1-46c1-9886-bda5f5bee11b_jpg.rf.4c45150db96f5f96a0d58d156bef279e.jpg, 0, 1
0516cd97-ef6c-4542-a884-e01aaa597ac3_jpg.rf.4c4752be8ff4fd9a8c7f15653e021341.jpg, 0, 1
cce642b7-d4aa-4dc6-951b-e1b655f68334_135_jpg.rf.4c4a3b28dceb41dd0e6d6f08b64a7bc9.jpg, 1, 0
72a2b8f8-c7ca-4222-b2a1-9b82ac7990f4_jpg.rf.4c4619958dd54d75c706f9394b23e54b.jpg, 0, 1
3fa757aa-5f48-4acc-b2d9-edf0d584d79a_135_jpg.rf.4c4b7729a4a56273a6b599274113dfb0.jpg, 0, 1
52e703e1-69d2-44c7-a214-269fa0e09054_270_jpg.rf.4c4e1d61976cb71c1e3eb11694789ace.jpg, 0, 1
76d57cee-bb5c-4631-b737-fe16b92c2a28_225_jpg.rf.4c4efb9f31996f9f7a53a1286322f97c.jpg, 0, 1
66ffa488-289b-4188-afe1-7764a1a1bb1a_180_jpg.rf.4c5cb1737e0960b40af26d7656e3a89e.jpg, 0, 1
0516cd97-ef6c-4542-a884-e01aaa597ac3_45_jpg.rf.4c632a77dd9a6537733530819b3aa68c.jpg, 0, 1
a968e0be-061b-40ae-801e-5e286dcbb663_jpg.rf.4c6a7c73554312b8bd0dfa745c409201.jpg, 0, 1
87ad76a7-bd79-4c43-86bb-4db4498e10f1_jpg.rf.4c537502312ea1c6d90a1b57065d47e5.jpg, 0, 1
94a26150-c197-425f-961b-0a4ae35825cf_225_jpg.rf.4c674416f249860d880353e7972b0dc5.jpg, 0, 1
d02674ec-4a90-43c1-9aba-1cf70300a55a_45_jpg.rf.4c6b206288dbedaf10931a5929375984.jpg, 1, 0
df1a716e-d93a-4e13-8144-399bae44a249_225_jpg.rf.4c73a199769c2ce70b94a797b854b0e9.jpg, 1, 0
cfed691e-4738-45c4-a2bd-65fc9d5c2da8_270_jpg.rf.4c75704e456e639556999efe4338b4ac.jpg, 1, 0
WIN_20221229_23_24_05_Pro_jpg.rf.4c8021b26373c773d6e1c55c5078fec1.jpg, 0, 1
15fd3442-e84f-4c27-952b-ec415fe777d6_90_jpg.rf.4c88d4d238af92048180c8ed420fdce4.jpg, 0, 1
WIN_20221229_22_40_53_Pro_jpg.rf.4c8a2c9e8bdbbcc0c141696845536526.jpg, 1, 0
6343bade-4271-437b-84ea-e9756e715080_45_jpg.rf.4c90023bbaf2004829e2089227721cf5.jpg, 0, 1
207aff1c-09cf-47d1-ae76-474c6c31b0e4_270_jpg.rf.4c8c300073799118d0cb1bc573937179.jpg, 0, 1
91fd5e6d-6fa7-45ec-b8dd-a390713a150f_180_jpg.rf.4c93b56e4ef72e55183e3f87f1355751.jpg, 0, 1
16117db8-0d07-4950-b684-370b7d0813ec_180_jpg.rf.4c99a651bc7421f83e80692ec184902f.jpg, 0, 1
611513d3-0fb7-4068-8cd8-68a9bdb056c4_180_jpg.rf.4ca48580247a6c37a981a8d370f4651f.jpg, 1, 0
93bde728-be7b-4af0-a18e-67f00d6fdcac_180_jpg.rf.4c9ce5d6ddb8452ed582be141d88cd2c.jpg, 0, 1
16179c8f-5a02-46d2-bcf1-145bf553fc58_270_jpg.rf.4ca604156d717715a72c76aec96dee9a.jpg, 0, 1
9dd803f6-3218-4e96-ad6e-55b3d36e8470_225_jpg.rf.4caba4a899c39c9fce3a0589165afbe7.jpg, 0, 1
72a74631-171a-4cf4-b978-58f358afa95c_225_jpg.rf.4cafc6f9a8d9fdea10752fc30364da59.jpg, 0, 1
706a501b-940f-4252-89a9-1afae476d3b1_270_jpg.rf.4cb8926b1ac5bb6d8e87dcada83c4f1e.jpg, 0, 1
7e2e4fb2-dc94-46c6-a203-0db83ca84e81_90_jpg.rf.4cd01d65990ebddb2cfabb78bea31725.jpg, 0, 1
4ded4873-2bd7-4d9b-80ae-7a8967c128ce_135_jpg.rf.4cd52fda4f38ca4526c625c41e211dbe.jpg, 1, 0
6fb259e3-002e-473c-a2bc-4a9f48c1ebe7_jpg.rf.4ce9be2d47d729240e6e2355e9177c26.jpg, 1, 0
01aff576-d811-4858-bc7b-e66af9db530f_270_jpg.rf.4cdbc6252e7511f774008b5f7557bf05.jpg, 1, 0
233af445-c0e5-4bb1-ad5f-743becd76cab_45_jpg.rf.4cea0051d61b88b9712bc4b599d1f006.jpg, 0, 1
8dfde29c-73a0-4bd6-a788-0a31baf572a0_180_jpg.rf.4ced337e54a41d4aefe7cba2545cac9e.jpg, 0, 1
7089d907-9aaf-459e-ae22-53962285fbc8_135_jpg.rf.4ceee97db7216c8b246ab281fd75938e.jpg, 0, 1
WIN_20221229_23_26_54_Pro_jpg.rf.4ceb317228a9b31c6394dde7022d0984.jpg, 0, 1
3fa757aa-5f48-4acc-b2d9-edf0d584d79a_90_jpg.rf.4cf979e558568966f51fcbee7d3ee8f7.jpg, 0, 1
220fcc53-6ef7-45d1-8122-fa1c19ca9ec5_270_jpg.rf.4cf3f1173c81888333bbf5e266e30813.jpg, 0, 1
70f70f97-4a9e-4d42-a08b-3b7d1b9abef8_135_jpg.rf.4cfddbd6e850d5756526d31811e751fa.jpg, 0, 1
7e2e4fb2-dc94-46c6-a203-0db83ca84e81_180_jpg.rf.4cfc7bc9e7576e57de36ca91ba952f16.jpg, 0, 1
b4b3a28f-aee8-402c-856a-b09db5dbeb4a_270_jpg.rf.4cfdfc32c4a336e4af320daffb252f33.jpg, 1, 0
92009a81-ec1a-4dc0-99aa-c0898383287c_225_jpg.rf.4d09926f9d48c585a60cc9725542f39a.jpg, 0, 1
61e87bb2-b69a-4d10-afa1-6c1a3d0291df_jpg.rf.4d096b6079ca731cbfd9a411834dc7a1.jpg, 1, 0
5522f66d-ad72-48d5-9767-5e7b23f6a206_jpg.rf.4d02283956286243b1385993877e242b.jpg, 1, 0
WIN_20221229_23_27_13_Pro_jpg.rf.4d202b54e895c2e0f7075b663d391620.jpg, 0, 1
dc2d0160-f922-429c-8c3c-5a6f0f68c023_270_jpg.rf.4d18648cc263da9b5b40da9f040ab326.jpg, 0, 1
217fef04-2462-4dca-a170-f780b700b17e_90_jpg.rf.4d28f12a1b08d5c42576e94381fdb868.jpg, 0, 1
d141258d-4b06-4d47-9e08-82edbd725dd1_90_jpg.rf.4d27e2325a72bca29ba4378017f137fd.jpg, 0, 1
6fb259e3-002e-473c-a2bc-4a9f48c1ebe7_135_jpg.rf.4d2e7215ce55ff0daa2e899f7d83cae0.jpg, 1, 0
96d467c2-fa44-474b-9e64-88f1f265aeaf_jpg.rf.4d34b17b475db73ba1298dfd60e673a3.jpg, 0, 1
b361e99e-9c59-43b5-92f6-80ad77c3287f_45_jpg.rf.4d38148faf51cc5005026884bc2c6b8a.jpg, 1, 0
16179c8f-5a02-46d2-bcf1-145bf553fc58_jpg.rf.4d37570271c8438322b56df80e8c6665.jpg, 0, 1
589950d7-088b-4c4b-abc1-9b824671ec8f_225_jpg.rf.4d49dbabd92fae4b3a002e2442514926.jpg, 1, 0
87595b49-d19a-4221-8418-57ee268de2d5_225_jpg.rf.4d548715572ee34a452c7824b8e6ffc7.jpg, 0, 1
53f913e3-941b-4772-8446-2bad471e22b0_jpg.rf.4d620b90e974b817d05ae3f1ccb3bde5.jpg, 0, 1
41ab7cda-4c88-47b8-98da-0c6ee6e07325_180_jpg.rf.4d665c646ff92a5415dd1446abd4ffeb.jpg, 0, 1
224748bb-08de-4a59-98e5-2bbef0629846_45_jpg.rf.4d7ba578b6c0863b6e03207a792526ce.jpg, 1, 0
33dd040e-50b6-44e7-afc7-230da49bcf12_270_jpg.rf.4d53eb652bbc53e04fcc375e6d4d547f.jpg, 0, 1
7089d907-9aaf-459e-ae22-53962285fbc8_270_jpg.rf.4d7cb89aab1c6909dfbc8716610aa4e3.jpg, 0, 1
15fd3442-e84f-4c27-952b-ec415fe777d6_45_jpg.rf.4d7fa8387c32b70bc489d940eb78f00b.jpg, 0, 1
4737a7d7-5d10-4912-b3e7-c8254a88af02_45_jpg.rf.4d8c909a348e665b2437954790f032ec.jpg, 0, 1
70f70f97-4a9e-4d42-a08b-3b7d1b9abef8_225_jpg.rf.4d8d1f1fb3c3d0733b31dda13ef8e97f.jpg, 0, 1
0dc01fa2-4d5e-46ae-ad61-19485b378972_270_jpg.rf.4d8d701434fd97ff8ce1a9908754423b.jpg, 0, 1
WIN_20221229_22_52_24_Pro_jpg.rf.4da653583359a48e86e29f568fabe53f.jpg, 1, 0
2c59ee70-dc1c-4de3-83ab-aa36a5fb92c9_135_jpg.rf.4d97d5cc6b6fe4b1049c15703f7cca94.jpg, 0, 1
9eaca121-9239-49f4-9d05-34ef9f10bcaa_225_jpg.rf.4da781a1b7b5f4d03499ee5a3f9cc451.jpg, 0, 1
220fcc53-6ef7-45d1-8122-fa1c19ca9ec5_135_jpg.rf.4d8596713a046935e6715f80861b7d6b.jpg, 0, 1
24522061-cd21-4507-92da-432712838d1d_225_jpg.rf.4da73f612f09c05d4f76e385c0a85b7c.jpg, 0, 1
WIN_20221229_22_59_01_Pro_jpg.rf.4db3bbc9245f4a4573ae004debcefaa9.jpg, 1, 0
73cca509-de66-4cbc-9421-8fcb263fefcc_225_jpg.rf.4da86bc747a9f53a9a33ba4cd2fc7f38.jpg, 0, 1
bd17953c-5cc6-4fc5-8ade-fd7ece53be19_135_jpg.rf.4dbc187f047f7b7b813b7aaaf03cf4c5.jpg, 0, 1
2b3fa5f4-98bb-4565-b461-8ebc3db528ca_45_jpg.rf.4dcaf8c6388177b67b7baddf81005f81.jpg, 1, 0
2b3fa5f4-98bb-4565-b461-8ebc3db528ca_180_jpg.rf.4dca7ed7946eb69679ab93a459548248.jpg, 1, 0
9fc543ac-91f3-43f6-8df6-28bb9709a3e6_135_jpg.rf.4dc8dd7e91002c6e7da033a99ba8d415.jpg, 0, 1
WIN_20221229_22_46_47_Pro_jpg.rf.4dc34e3f581bd1b3450ac4ace2b93644.jpg, 1, 0
8dfde29c-73a0-4bd6-a788-0a31baf572a0_270_jpg.rf.4dd2c7f6e059c41ae28d3ab1c62e17dd.jpg, 0, 1
8a28aff5-8859-462a-bccf-e8d61dde3eff_45_jpg.rf.4dd1bda916bc04337e9f4a658bf65e2d.jpg, 1, 0
WIN_20221229_22_59_46_Pro_jpg.rf.4df9260042639c7ee0c16e6f812993e9.jpg, 1, 0
0c279d03-a83d-4404-b852-2b90d79e1ed3_90_jpg.rf.4dd89de5c050a500a8aba2ce26962b92.jpg, 0, 1
ba23ca74-9f22-43fe-8e97-1aaac5891d8d_270_jpg.rf.4dc748432dded32f5f0e1943f9230abb.jpg, 0, 1
cfed691e-4738-45c4-a2bd-65fc9d5c2da8_jpg.rf.4dff36e5014f4b7438a23f8b500744ba.jpg, 1, 0
4de4ad31-de11-418b-a60d-a7192ea0c98a_90_jpg.rf.4e07bbee59a2cb1a5f5139dc4c880193.jpg, 1, 0
92810cd4-1652-4556-bc0b-b2e953449143_180_jpg.rf.4df9f954f98c1a8def00e40fd0b420ed.jpg, 0, 1
9eaca121-9239-49f4-9d05-34ef9f10bcaa_180_jpg.rf.4e14be694aa532ba835ce56103b11dbc.jpg, 0, 1
9ef0276c-3a70-4027-8d1d-2503df2e9f56_90_jpg.rf.4e25368c44fd9a3f04500770822304c8.jpg, 0, 1
b84b2bd1-353d-4da0-80e6-da6df7b611b8_270_jpg.rf.4e436e6212d3040dcf096ded01684880.jpg, 0, 1
b84b2bd1-353d-4da0-80e6-da6df7b611b8_270_jpg.rf.4e261d4ef60b2a4fa9b7661c64742e22.jpg, 0, 1
6bb51206-67ec-431b-8484-93739b1fddad_45_jpg.rf.4e189a8160522d476b5291caec719ea2.jpg, 1, 0
60f07eaa-f4a0-4939-9882-acce7b2ee256_90_jpg.rf.4e3023bcd02449b594ff5df15fa9781f.jpg, 0, 1
708fb576-4b86-4d50-a652-cc0d64f5407a_90_jpg.rf.4e36bc3831b71ef96c529270bb420651.jpg, 0, 1
3bde05ec-782e-445d-a221-38a8ecbc5dab_180_jpg.rf.4e33a65f67d4d74238661f371bcfecef.jpg, 0, 1
0516cd97-ef6c-4542-a884-e01aaa597ac3_225_jpg.rf.4e09b307c7331310f05386783572d4a8.jpg, 0, 1
805c86e2-7416-44fc-b8aa-f663db39cf8a_jpg.rf.4e44cd3caada1e668652186173ae8969.jpg, 0, 1
6343bade-4271-437b-84ea-e9756e715080_135_jpg.rf.4e4b9f4e258272858eb5e0037323e840.jpg, 0, 1
66c7508a-f4ff-4af6-a91b-5f33d3c4d20d_180_jpg.rf.4e489e2778cc8950734cd549d35b64d8.jpg, 0, 1
d6ed6d4c-2acb-4507-bc4c-70480968eacb_135_jpg.rf.4e43741faadf7f797b92919bd342ca19.jpg, 0, 1
06b95f3f-e2f5-4f58-95b1-6f9024e8e5d7_270_jpg.rf.4e5e9919c95d0c119c61b821651beceb.jpg, 0, 1
b84b2bd1-353d-4da0-80e6-da6df7b611b8_225_jpg.rf.4e4c3455b8abba2fdd9d35856a2305b4.jpg, 0, 1
507e6cd8-2041-47e5-b174-28a6d9328985_180_jpg.rf.4e52987aa523bb66d7f51f551127110a.jpg, 0, 1
53f913e3-941b-4772-8446-2bad471e22b0_45_jpg.rf.4e5645dca47ad906dbc0a915fe166808.jpg, 0, 1
91c2e56d-2549-4574-9414-86aa17e84ef4_135_jpg.rf.4e60a72189a9c06accf3abca8d4abc2b.jpg, 0, 1
d6ed6d4c-2acb-4507-bc4c-70480968eacb_90_jpg.rf.4e650abfaa17afdc66f9cce516e6184f.jpg, 0, 1
66ba2553-31f1-473c-9602-d2df0c1bb3f0_90_jpg.rf.4e6d0cc93da385026363cdccab16f4db.jpg, 0, 1
936d35a1-f617-4a9b-99c6-32cfd8284d34_jpg.rf.4e813cad49493602c22dad5acd12969a.jpg, 0, 1
56863d51-82dd-432b-808a-bb09a5e65be6_270_jpg.rf.4e636dff8448afdccefd4ff1f295d16d.jpg, 0, 1
9cb97279-36f3-438c-97d5-91da39c4e13a_225_jpg.rf.4e887b3f7643fa30562d7bab8a59dfa8.jpg, 0, 1
014bcc0a-10c7-41eb-80eb-e2f62bb652b3_225_jpg.rf.4e8818ecd3e6c82d74ff2080a909bd61.jpg, 0, 1
76d57cee-bb5c-4631-b737-fe16b92c2a28_90_jpg.rf.4e8bb73dfafb5798fb443b628bba829c.jpg, 0, 1
cce642b7-d4aa-4dc6-951b-e1b655f68334_270_jpg.rf.4e8dba560588b4458fb089c6afca9bdf.jpg, 1, 0
1d4ead22-cc06-4fa2-9784-d9257f24ef86_90_jpg.rf.4e9e1e2ebb296a39e0e250a5d760e5e9.jpg, 0, 1
d2936fba-871f-4fbe-97da-b6e6e347e889_225_jpg.rf.4e92933dd4bacda976766a89c3fbeeaf.jpg, 1, 0
ac755961-63a0-4e01-b87e-eacd0b5d7899_90_jpg.rf.4e9f142b66e4eb588f12b51c71f5a52b.jpg, 0, 1
WIN_20221229_22_45_08_Pro_jpg.rf.4ea046c858afda787095b94b136cafa1.jpg, 1, 0
69ab59e3-c1ad-4509-a8b8-bd8e4fac2ae6_270_jpg.rf.4e9fdb9b8d6b671c9ef073202811d1a9.jpg, 0, 1
01aff576-d811-4858-bc7b-e66af9db530f_jpg.rf.4eab997200982c63f8ab7006ebe747c4.jpg, 1, 0
0dab9689-2c2d-4dc6-bb71-db1b6d82cb17_270_jpg.rf.4eb14d71f30cffbc88fb07cb286e0a36.jpg, 0, 1
69ab59e3-c1ad-4509-a8b8-bd8e4fac2ae6_135_jpg.rf.4eb4ff72db16765294c5641648c9bd90.jpg, 0, 1
69ab59e3-c1ad-4509-a8b8-bd8e4fac2ae6_90_jpg.rf.4eb601177a5e188a52428017a81b5187.jpg, 0, 1
84c8c90b-b9c3-4290-bdff-f1946a11050a_180_jpg.rf.4ec8acd108a59d83b5758188fe743828.jpg, 0, 1
75f27827-8267-4ad8-8c7f-938a7c0c0a72_45_jpg.rf.4eb864698a22cdc746f897fba71fff8e.jpg, 0, 1
d65589fa-33dc-4e7f-9d37-a8763424d061_135_jpg.rf.4ee227cf9d78d53a2f6e6314e0bbd0bb.jpg, 1, 0
92fe0088-90bc-4eaa-8567-a9b3ad0645e8_90_jpg.rf.4ed2901d39dbeb006e3c7cbd6fe01e09.jpg, 0, 1
WIN_20221229_23_02_29_Pro_jpg.rf.4ed1d4a6792b8160104ab38c6a175a16.jpg, 1, 0
1b05898a-3be4-4b9e-b4a0-6d23dfdaabf0_135_jpg.rf.4edf3ddeb4e71c2c1a34670b60f2747d.jpg, 0, 1
90ecbd63-5a3d-4c6b-bd34-594c7c6a2d40_jpg.rf.4ee71a57887336125e293867db46c5e6.jpg, 0, 1
8ddce3ce-bc64-4942-93aa-940868007f64_135_jpg.rf.4ef1c0ff45dac97206a000cf2c3e8126.jpg, 0, 1
4461774a-c193-43e6-9849-19c25ad533fb_90_jpg.rf.4ee8d80ead1ade5a698a35602cb00953.jpg, 1, 0
2d6fa448-2f18-4db5-a942-7097acff076a_270_jpg.rf.4ef5cb8449fa2fcaf3e7d4b66fbef305.jpg, 1, 0
91b94861-b751-4b86-b7a3-f6b2e3dbbd89_90_jpg.rf.4efc89d0e226caf452da5fe2d57dd434.jpg, 0, 1
2bf615ea-7241-4861-82d7-bb74c8b5dfba_90_jpg.rf.4efd7238018cf052390f755c3d48011f.jpg, 0, 1
11037d07-18b3-4fc4-8025-f06dcbc0500d_jpg.rf.4f03ef26cb4544814796e6572a98106a.jpg, 1, 0
72a74631-171a-4cf4-b978-58f358afa95c_jpg.rf.4f1e9a4f554678ba431fc45e528d2efa.jpg, 0, 1
87e64a68-c898-4474-bd57-1e570902862f_135_jpg.rf.4f147afa9290bf3ce93b13384ac350e3.jpg, 0, 1
WIN_20221229_22_58_13_Pro_jpg.rf.4ef9fd6a9e38c3a001b56b0414f784c4.jpg, 1, 0
WIN_20221229_22_07_46_Pro_jpg.rf.4f0d671365c7265f731be9220dd52724.jpg, 1, 0
0b521929-1734-47b8-86c9-093445af0697_270_jpg.rf.4f20c203612ae13c96e1f4785ab7596e.jpg, 0, 1
69ab59e3-c1ad-4509-a8b8-bd8e4fac2ae6_jpg.rf.4f23e31b9da05582b717091ef907b812.jpg, 0, 1
8dfde29c-73a0-4bd6-a788-0a31baf572a0_jpg.rf.4f29d5e7e9c31956c6c22620855f4893.jpg, 0, 1
WIN_20221229_22_42_04_Pro_jpg.rf.4f39c681e63a6ffb8e6d20eb6eb819df.jpg, 1, 0
6b30113e-141c-4956-964b-7b64918f694b_270_jpg.rf.4f3648f75c8ece17814b1ceaf3a39ee8.jpg, 1, 0
ba25564d-c23a-450d-b0af-a191ed900fb1_jpg.rf.4f3bc63b15acbf843b59d46756c17eab.jpg, 1, 0
90ecbd63-5a3d-4c6b-bd34-594c7c6a2d40_135_jpg.rf.4f3d43b63430a6caa5dce672c4317f6b.jpg, 0, 1
66ba2553-31f1-473c-9602-d2df0c1bb3f0_270_jpg.rf.4f441de7930f1a989a7114d376594ff1.jpg, 0, 1
WIN_20221229_22_09_56_Pro_jpg.rf.4f3e2d1f7cbe6bd68c1149860b89c0fe.jpg, 1, 0
642d6f5f-fa24-4c18-b7b2-6b24334629a3_135_jpg.rf.4f44870e991d9b37d3b7eb4c2e7fa8b2.jpg, 0, 1
44c7fb6b-7175-4aa3-98c2-9bc78d8a6f92_jpg.rf.4f48f0de60546bc1967717803d1ba3ae.jpg, 0, 1
40cbb123-b3d1-4546-aa26-2fdd1090b075_135_jpg.rf.4f4cb298674e38e6bc42bfdf6439f391.jpg, 0, 1
96f68346-9256-416a-a050-9ec4b750ccc6_135_jpg.rf.4f4bb554697170a9031605f381c5ec43.jpg, 0, 1
223d92bc-5ef8-450a-86d6-ab5d6e8c5b3e_270_jpg.rf.4f4d18c48f7a583f2a41830e0713d4b3.jpg, 0, 1
39c71820-6b5b-499e-b2c6-a957f48c62fa_jpg.rf.4f5a16b411e2fb94a64b8fd98f963120.jpg, 0, 1
0aa414bb-510b-40c9-85e1-f7a7163b3e2c_180_jpg.rf.4f6318db32df935d56d9ca3e183b068c.jpg, 0, 1
98cb62e4-f491-47c7-b871-9d1aeeac307e_270_jpg.rf.4f5ca437d9bfdd4b73168b0e2c4b0dd7.jpg, 0, 1
611513d3-0fb7-4068-8cd8-68a9bdb056c4_135_jpg.rf.4f53e173a7876bbc667427657f536772.jpg, 1, 0
72a2b8f8-c7ca-4222-b2a1-9b82ac7990f4_225_jpg.rf.4f6ad13d44902a7c80344ae563aba160.jpg, 0, 1
a1690e8a-68f2-42fa-b0a0-6c59cc895c84_90_jpg.rf.4f6d757ba9d662268b0a53c79a24aaa1.jpg, 0, 1
WIN_20221229_22_11_51_Pro_jpg.rf.4f780a5816fc4a19ad79d3a59dc084c7.jpg, 1, 0
7ceae77f-3a56-4262-a271-2a8d727efbe9_90_jpg.rf.4f8291bfdda9f9c66156004599f822a8.jpg, 0, 1
ccd5cdb4-3df2-4b3b-833b-3bdc7d43ee4d_180_jpg.rf.4f863d2b9692e68f894321df03a383ed.jpg, 0, 1
2c59ee70-dc1c-4de3-83ab-aa36a5fb92c9_270_jpg.rf.4f79e978fb0c14fccb8d72c81ac3bb35.jpg, 0, 1
0c4d65e5-1985-47b2-8252-616ed898bd7c_90_jpg.rf.4f90231a4d0a1b8119f7007ab50409b6.jpg, 0, 1
87e64a68-c898-4474-bd57-1e570902862f_90_jpg.rf.4f90b267ae83337b333261e6e8734dce.jpg, 0, 1
WIN_20221229_22_06_17_Pro_jpg.rf.4f96e8c0541c9ef504c3ffe2172904f1.jpg, 1, 0
41cfc0a3-c4ad-4285-9951-7a37d79f1c17_135_jpg.rf.4f90f4d95d3f698fe733430b79675f49.jpg, 0, 1
96d467c2-fa44-474b-9e64-88f1f265aeaf_270_jpg.rf.4f9f6752ed0695dcd77415b4df21384e.jpg, 0, 1
WIN_20221229_22_29_11_Pro_jpg.rf.4fa440e57ec75e8407800ab4d96e2c1f.jpg, 1, 0
2eae8682-54b6-40b7-9684-d956300a4077_225_jpg.rf.4fa49d18c1e04baea50c8f481d81aee0.jpg, 0, 1
217ac982-fddf-49ae-a311-27cf800d10f0_180_jpg.rf.4f925660ecf9f2e8887fe1a892a1605f.jpg, 0, 1
a968e0be-061b-40ae-801e-5e286dcbb663_180_jpg.rf.4fb0811e42279dbcf621022f128eec47.jpg, 0, 1
53f913e3-941b-4772-8446-2bad471e22b0_jpg.rf.4fb0b825e9f46c7f00fd4dcc87c5b7e7.jpg, 0, 1
2c59ee70-dc1c-4de3-83ab-aa36a5fb92c9_180_jpg.rf.4fb0f43bddf7dda1bccd447a9104d481.jpg, 0, 1
2d398321-1a08-4aec-98b9-eb3301da9d79_45_jpg.rf.4fb14c59304a499546314050339c4d48.jpg, 0, 1
01b9d47e-ecba-48fd-a83f-ece6e05995fc_45_jpg.rf.4fb4419596ddbbad1303494beeac6c27.jpg, 1, 0
6343bade-4271-437b-84ea-e9756e715080_180_jpg.rf.4fb704775f4e5dcb327e9a7d421273a3.jpg, 0, 1
9dd803f6-3218-4e96-ad6e-55b3d36e8470_270_jpg.rf.4fb9d550b283d880a6413e41503e10dd.jpg, 0, 1
0c4d65e5-1985-47b2-8252-616ed898bd7c_180_jpg.rf.4fb916c3232f606d62aa4c8fa378389f.jpg, 0, 1
96d467c2-fa44-474b-9e64-88f1f265aeaf_jpg.rf.4fcb4979d816542941f8be13823cb796.jpg, 0, 1
70be0397-922c-4185-bb84-728b59ab25f8_225_jpg.rf.4fd215a07362fe528b24ccca47a840f2.jpg, 0, 1
868aed84-639d-46d3-9f59-3d71ba702ea0_135_jpg.rf.4fd30f43144edb283182fcbd941d7f2f.jpg, 1, 0
41cfc0a3-c4ad-4285-9951-7a37d79f1c17_270_jpg.rf.4fd484b339e6d1c30610091b9099566c.jpg, 0, 1
5d105570-fd52-46cd-a90a-9dfa42ef878a_45_jpg.rf.4fd99c811bde1048fb4cb15b2b8ffca0.jpg, 0, 1
80c4e3b8-9502-4216-aad1-1b5f6f3d6b72_225_jpg.rf.4fd54ec6b6cdac055260e16da9a05193.jpg, 0, 1
05693239-35bd-4086-b8c3-e7b6aa763b4f_180_jpg.rf.4fdfa1a50e684933d3407e9e023f5fff.jpg, 0, 1
1b05898a-3be4-4b9e-b4a0-6d23dfdaabf0_270_jpg.rf.4fdcab8c2188a376131171c1309b7c87.jpg, 0, 1
a936c90a-8f24-4289-b10b-4830ac9f3019_180_jpg.rf.4ff0e802a4a5ba58654765d43cd76ff7.jpg, 0, 1
aa8cc596-1881-4e18-a73f-fe60f6a6a031_90_jpg.rf.50077cee3897eb342e445e2548a6ea0f.jpg, 0, 1
642d6f5f-fa24-4c18-b7b2-6b24334629a3_jpg.rf.4ff51d9b62a08345a8337eea7c6c0f3c.jpg, 0, 1
859bbe6e-7f46-4b86-acd1-86fea679de36_45_jpg.rf.5008bbc6dee03953f9e28e6ae72cfd9f.jpg, 0, 1
706a501b-940f-4252-89a9-1afae476d3b1_90_jpg.rf.500bf5cfc470714ad6b3564166845867.jpg, 0, 1
5064456d-d977-4c88-a2f7-613db1f3f19b_180_jpg.rf.50165cf112cebf6662d5d50220b3f102.jpg, 0, 1
dc2bb2f5-03e1-46c1-9886-bda5f5bee11b_jpg.rf.501cb02cf44daa6a0d95a18d34d16f0d.jpg, 0, 1
0fbac742-48ee-4857-ab82-3318c8fbdcb8_225_jpg.rf.50179567aed233c1461434a12a14f34d.jpg, 0, 1
WIN_20221229_22_59_27_Pro_jpg.rf.501cda3d8e9f31523a939696018f52c8.jpg, 1, 0
66ffa488-289b-4188-afe1-7764a1a1bb1a_90_jpg.rf.502b9d42cdce9ce13549960eaf90ed54.jpg, 0, 1
d65589fa-33dc-4e7f-9d37-a8763424d061_135_jpg.rf.502e1e0417fefdf09343498ee747b9f3.jpg, 1, 0
7e2e4fb2-dc94-46c6-a203-0db83ca84e81_180_jpg.rf.50301ca3a68192f1409d2ff1ff3d8e24.jpg, 0, 1
859bbe6e-7f46-4b86-acd1-86fea679de36_135_jpg.rf.50356274ec3870e9869364603d8aa526.jpg, 0, 1
54619429-78f2-42b3-b007-8ea9c0984c4b_90_jpg.rf.5037fc8bbae1b283eb28d635f0667fcf.jpg, 0, 1
120bdf6d-39ea-4df8-b8a7-1a4362423b28_jpg.rf.504d215f8e830d6a22cbebd8073d6ca5.jpg, 0, 1
ac755961-63a0-4e01-b87e-eacd0b5d7899_135_jpg.rf.503d44e06916875b67fbcf324ba26857.jpg, 0, 1
a936c90a-8f24-4289-b10b-4830ac9f3019_270_jpg.rf.506392f49d5c6c63a709d400f89f14d9.jpg, 0, 1
2be59dd5-7793-413c-96cb-c40098eba6f6_45_jpg.rf.507bc67b23b7617d8912636815c09e18.jpg, 0, 1
WIN_20221229_23_27_05_Pro_jpg.rf.507910bb09fe9fee7cd4da540a49041a.jpg, 0, 1
25365714-d0ec-4a39-aba3-ea056e686ce9_180_jpg.rf.5074254f721994a1d6b9751a931c322f.jpg, 0, 1
9ef0276c-3a70-4027-8d1d-2503df2e9f56_90_jpg.rf.50930b86e5fb64b3caf8558cb4eba283.jpg, 0, 1
687d8151-bfed-420b-9a07-5213500e2964_jpg.rf.50a08d5217d44c9be20e07300afddda6.jpg, 0, 1
WIN_20221229_23_24_48_Pro_jpg.rf.50955ed97dcd92e1fec3642af2b87670.jpg, 0, 1
345b8a93-c7d2-4b34-9e0c-90f2561ada84_jpg.rf.509b9cfcd689aaac17715f27530dd364.jpg, 0, 1
0b521929-1734-47b8-86c9-093445af0697_270_jpg.rf.509b09ce12c717b3f6567a91f2578b8a.jpg, 0, 1
24a200ea-e903-4bcd-aee1-fb26e7bfd757_180_jpg.rf.50a70371cb11f4afdbfa20f738d28677.jpg, 0, 1
01c27009-f681-4495-8d82-599547aba120_225_jpg.rf.50a0b5920af969a091554f826b0c6d41.jpg, 1, 0
0aa414bb-510b-40c9-85e1-f7a7163b3e2c_jpg.rf.50a4bf10b69335235d7e489faa1b3b8a.jpg, 0, 1
WIN_20221229_23_22_47_Pro_jpg.rf.50a89ebc74cd36467f7a32acb6701f54.jpg, 0, 1
706a501b-940f-4252-89a9-1afae476d3b1_270_jpg.rf.50a96af04782a88a577ba0900544d551.jpg, 0, 1
24522061-cd21-4507-92da-432712838d1d_225_jpg.rf.50acf0c2ca6b357ffb6f231e58762420.jpg, 0, 1
82743c35-e968-47ee-93f6-95270352fe13_225_jpg.rf.50cce3e3d189f436233eadf0d69594ee.jpg, 1, 0
d6ed6d4c-2acb-4507-bc4c-70480968eacb_jpg.rf.50be02c0d1df59e5c932bf778f9ff856.jpg, 0, 1
507e6cd8-2041-47e5-b174-28a6d9328985_45_jpg.rf.50f12559e615b4e1d0e3050ee7c09248.jpg, 0, 1
05693239-35bd-4086-b8c3-e7b6aa763b4f_270_jpg.rf.50d723b875ac3c631cd5bfa91a5068a0.jpg, 0, 1
0fbac742-48ee-4857-ab82-3318c8fbdcb8_90_jpg.rf.50d179e856d3f01b7ac6b8d832207180.jpg, 0, 1
220fcc53-6ef7-45d1-8122-fa1c19ca9ec5_45_jpg.rf.50f542f65ce30aeaf25fe40bb93334e8.jpg, 0, 1
69c9cfea-cfbd-4dfe-a8a2-2ed31daafd85_270_jpg.rf.5103358dd24a5df13ead0050d0275c0f.jpg, 0, 1
24522061-cd21-4507-92da-432712838d1d_135_jpg.rf.510236c6be5879172ef8d252625348fc.jpg, 0, 1
589950d7-088b-4c4b-abc1-9b824671ec8f_225_jpg.rf.510e0565216b0d7ce29145755d1eb050.jpg, 1, 0
a1690e8a-68f2-42fa-b0a0-6c59cc895c84_270_jpg.rf.5104feacd4c08dd0f27ea2d9a15946e5.jpg, 0, 1
c6d5a9cd-56bd-4e1a-9ca8-c3562c8140f8_135_jpg.rf.510e0fe8f0d2011da21c69a022356ff3.jpg, 0, 1
52e703e1-69d2-44c7-a214-269fa0e09054_180_jpg.rf.511dcb5fd929f4012094cc7956429692.jpg, 0, 1
4de4ad31-de11-418b-a60d-a7192ea0c98a_180_jpg.rf.5122753722fc358848b170da521aebc4.jpg, 1, 0
665aeca5-e68c-49d3-ad8d-5755fad74dcf_45_jpg.rf.512d76e3fb8b9c56b2daf816c8610802.jpg, 0, 1
24a200ea-e903-4bcd-aee1-fb26e7bfd757_180_jpg.rf.5138a0283ab3a04d2b562f015fd05f1d.jpg, 0, 1
d6ed6d4c-2acb-4507-bc4c-70480968eacb_135_jpg.rf.51390436fa82374ba87c6ba46a438b03.jpg, 0, 1
0dab9689-2c2d-4dc6-bb71-db1b6d82cb17_45_jpg.rf.5146f0948a0d82f7a1a36638cd70f35f.jpg, 0, 1
76a872d2-5c22-4f33-82b4-18c0f78e1a1b_180_jpg.rf.5145ccc46e64292975222bde7c0c5cc2.jpg, 0, 1
73cca509-de66-4cbc-9421-8fcb263fefcc_180_jpg.rf.514c08fba6d848281fc6f480e452b638.jpg, 0, 1
3c5c4ffd-e4d4-45b7-a07c-64e2f6788de2_270_jpg.rf.514cc81235b6fb6f3f6968980496fd70.jpg, 1, 0
WIN_20221229_23_24_00_Pro_jpg.rf.5161c14328e9bc62c577ceb4ac41f5ab.jpg, 0, 1
600d2167-2072-4825-9516-6c13af9fc382_45_jpg.rf.514e0c4075b0f25594edb9bba6e3f681.jpg, 0, 1
24522061-cd21-4507-92da-432712838d1d_135_jpg.rf.5163bc0a6c55af929f7aa055211b320e.jpg, 0, 1
6bb51206-67ec-431b-8484-93739b1fddad_jpg.rf.5168100e1d2e6981995256d71369d95b.jpg, 1, 0
66ffa488-289b-4188-afe1-7764a1a1bb1a_90_jpg.rf.5176f1ed9a3a5f7ecae84318edfa694a.jpg, 0, 1
8efe1e18-4032-4f20-996f-60a19c62f547_135_jpg.rf.516c2b2e4944f80ef68485d0b5e81fa4.jpg, 0, 1
f206736f-e48f-4e12-b367-144752c744e6_225_jpg.rf.517ce6a81ea310dee5195fa5209963f0.jpg, 1, 0
98cb62e4-f491-47c7-b871-9d1aeeac307e_270_jpg.rf.517e8b331946858a623df8243d73687c.jpg, 0, 1
4d510781-6fad-4149-909f-5b3615711984_45_jpg.rf.5185f1fec7b5adc9b49afe8e8ef13357.jpg, 1, 0
9aa3d151-a2d6-4d13-ad4f-f133f4552c4f_jpg.rf.5187149ac8f5f847f50b15987805b43e.jpg, 0, 1
687d8151-bfed-420b-9a07-5213500e2964_jpg.rf.518f248c841d6c5af819f956af6e71a4.jpg, 0, 1
8bfe69f8-33fd-4fea-8a42-c821ffd94be0_90_jpg.rf.518103527a23b9b92daa05210cf8e0be.jpg, 1, 0
WIN_20221229_22_27_45_Pro_jpg.rf.518f2569838302e5aa77214b3c2f40ee.jpg, 1, 0
69dc5c1e-a7ad-49aa-ba21-235545c312c6_135_jpg.rf.5187ce8cafc3129400092597a375e5aa.jpg, 0, 1
93bde728-be7b-4af0-a18e-67f00d6fdcac_jpg.rf.518f2aeed0e07351163ac26d625c43d3.jpg, 0, 1
120bdf6d-39ea-4df8-b8a7-1a4362423b28_270_jpg.rf.51b325ca13412a9a0333be7527010b84.jpg, 0, 1
91b94861-b751-4b86-b7a3-f6b2e3dbbd89_135_jpg.rf.518f4e382ac29819e88df22992017da1.jpg, 0, 1
15fd3442-e84f-4c27-952b-ec415fe777d6_225_jpg.rf.51bb13623b9d50015a726c40e5347490.jpg, 0, 1
44c7fb6b-7175-4aa3-98c2-9bc78d8a6f92_225_jpg.rf.51c08d530ed2183cf9bdddba26a49f06.jpg, 0, 1
a4b1b05e-8f9a-4f68-98fe-52dd9e2a9663_270_jpg.rf.51bb5e7b305eacb26b8fa4abf6a27492.jpg, 1, 0
3bde05ec-782e-445d-a221-38a8ecbc5dab_180_jpg.rf.51c00ef8eebcbb786d47dacae4d4bb2e.jpg, 0, 1
878a59f0-76a6-4a7c-8e4a-45283cfb4465_135_jpg.rf.51cc4300662d388c4e37ec12a37891dd.jpg, 0, 1
WIN_20221229_23_01_23_Pro_jpg.rf.51ce9b19556f23d66f3ce40f4d4f8d99.jpg, 1, 0
5c99f964-3704-402c-aa2d-42bd2fbacf4f_180_jpg.rf.51dd5ba8ee72a6bbb12e94b5e045f7a9.jpg, 0, 1
611513d3-0fb7-4068-8cd8-68a9bdb056c4_jpg.rf.51d593f3890f5c960a22c9bce4be329c.jpg, 1, 0
WIN_20221229_22_49_53_Pro_jpg.rf.51d7e573f03e6ee8552c16534ec57bff.jpg, 1, 0
WIN_20221229_22_11_22_Pro_jpg.rf.51e10ac493f692827dfdc874f8a9432d.jpg, 1, 0
233af445-c0e5-4bb1-ad5f-743becd76cab_270_jpg.rf.51e780e8ea4b0c0e566f35d6097c8098.jpg, 0, 1
WIN_20221229_23_24_00_Pro_jpg.rf.51f8371f6cf70f0efaac0d9c6766167e.jpg, 0, 1
217ac982-fddf-49ae-a311-27cf800d10f0_225_jpg.rf.51f9644583b1633e68b844dd2cb043f3.jpg, 0, 1
1d4ead22-cc06-4fa2-9784-d9257f24ef86_135_jpg.rf.520310d458cd896150f11d4de8040dc1.jpg, 0, 1
0df87bae-ddf0-49e3-97af-b371d8544547_jpg.rf.52010d28ddeb1b9e7e01afb276cdfd82.jpg, 0, 1
665aeca5-e68c-49d3-ad8d-5755fad74dcf_180_jpg.rf.51fd908d0f189ceb841c7d5f388a426b.jpg, 0, 1
53f913e3-941b-4772-8446-2bad471e22b0_225_jpg.rf.5206d8e60682ddba67cdd3b03025aa7e.jpg, 0, 1
d65589fa-33dc-4e7f-9d37-a8763424d061_135_jpg.rf.5208aafd4c0e9df2fb2b32df955c0e8f.jpg, 1, 0
a4b1b05e-8f9a-4f68-98fe-52dd9e2a9663_180_jpg.rf.5209e1b31310085cfd909189fd653d1f.jpg, 1, 0
5a3117dc-7932-4c34-ae3f-e5867c98ee0a_270_jpg.rf.520ff22e21bc46002e392fbe67a37c75.jpg, 0, 1
9dd803f6-3218-4e96-ad6e-55b3d36e8470_90_jpg.rf.5214e2cccf2ab437d2186bd91ae6f1ca.jpg, 0, 1
9dd803f6-3218-4e96-ad6e-55b3d36e8470_135_jpg.rf.52198caa1847b61856cd670b2fe5f99a.jpg, 0, 1
9a5fc62c-6820-4cb6-ba66-1063e612d144_135_jpg.rf.521b1fa14ca04b5b82ae162cfe4fc7a7.jpg, 0, 1
4461774a-c193-43e6-9849-19c25ad533fb_90_jpg.rf.52207ddd1129680dc60de0b2ca8ab883.jpg, 1, 0
2b3fa5f4-98bb-4565-b461-8ebc3db528ca_jpg.rf.521e56ccbda714f80781063aa7970b38.jpg, 1, 0
84f05969-c971-4d44-8df4-3a80a71a545d_225_jpg.rf.522352c9fa5fcf7786fb48b9424b7c1f.jpg, 0, 1
75f27827-8267-4ad8-8c7f-938a7c0c0a72_180_jpg.rf.5224531543d8ed0fe81df511e58a850e.jpg, 0, 1
a36b24dc-58f1-4270-b642-3bb7ec46de0f_270_jpg.rf.52295c7b68a85593750b1208d3f969f6.jpg, 1, 0
16179c8f-5a02-46d2-bcf1-145bf553fc58_225_jpg.rf.5226d94d8d93a99ee070340ccabd6262.jpg, 0, 1
dc2d0160-f922-429c-8c3c-5a6f0f68c023_180_jpg.rf.522cf516cbbc2e4c0ed7b87844e0ba36.jpg, 0, 1
215be899-dd62-42e0-b42e-8331622f5b9a_90_jpg.rf.523cef3c5e9f0b0b425448ed27235499.jpg, 0, 1
503a19e2-d693-4ab0-aae9-9181b1789a94_270_jpg.rf.522e8fa54146385d8705daed5aee70e0.jpg, 0, 1
6e3c83a7-c5c6-46b5-8562-ffa8d99f4bb2_45_jpg.rf.5236ff93b3cf9c8ba3875f9157a91cca.jpg, 0, 1
93a64c9f-678d-4302-94ea-5758bbf7451c_180_jpg.rf.523fb0ee6d57d8a979754da553cd93dc.jpg, 0, 1
7ceae77f-3a56-4262-a271-2a8d727efbe9_225_jpg.rf.52657dd89025f352dcf0c6e7007380ab.jpg, 0, 1
0327f441-9a02-40a9-b280-251440ad4cec_90_jpg.rf.5263ac88d3187ad138d48172e9983adc.jpg, 0, 1
WIN_20221229_22_32_08_Pro_jpg.rf.526704c2c890c06e8682c2dbfb789219.jpg, 1, 0
90dec1cd-f163-48fd-bcc4-58066e5acb09_225_jpg.rf.526d98e01512dfe3eaaaf995ca4ead5e.jpg, 0, 1
220fcc53-6ef7-45d1-8122-fa1c19ca9ec5_jpg.rf.525a6b13c63669122119d52678d212e9.jpg, 0, 1
014bcc0a-10c7-41eb-80eb-e2f62bb652b3_225_jpg.rf.5276c2d0b6690dcee82c1ab69f6d6225.jpg, 0, 1
09e044e6-a2b6-4827-9853-beb7d392347f_270_jpg.rf.5282c7f6cfc30a5b3f1238be02cfdf77.jpg, 0, 1
3c36fca1-acb0-4a53-95be-087e2c614c76_135_jpg.rf.528b8f16f761eb30b21b6f73a0e11fc0.jpg, 1, 0
WIN_20221229_22_33_47_Pro_jpg.rf.52879ed826155d0f66c415202f347640.jpg, 1, 0
73cca509-de66-4cbc-9421-8fcb263fefcc_180_jpg.rf.527b2f58e14fd79a7b707e4c5f724585.jpg, 0, 1
499ce0e3-7fe4-4fd4-bd8a-5aa00aab3f43_225_jpg.rf.5294a612b37e0b1623146543de258559.jpg, 0, 1
WIN_20221229_23_21_27_Pro_jpg.rf.5298fdd51e2a90c56eac91c69f6619eb.jpg, 0, 1
70f70f97-4a9e-4d42-a08b-3b7d1b9abef8_225_jpg.rf.529afdcbdf8a59e5d50cb6a0f78f5673.jpg, 0, 1
91e77c81-f2eb-4358-81d6-eea2509ae443_180_jpg.rf.52a8ee55cad07300feaf0dc7d3919344.jpg, 0, 1
91c2e56d-2549-4574-9414-86aa17e84ef4_180_jpg.rf.52a143eb32a85c805486a402310844f8.jpg, 0, 1
66ffa488-289b-4188-afe1-7764a1a1bb1a_jpg.rf.52acb8e40efc3490922f511ee2b4f881.jpg, 0, 1
9dd803f6-3218-4e96-ad6e-55b3d36e8470_180_jpg.rf.52ada581ec6f900ea4c2c406786e20f1.jpg, 0, 1
b84b2bd1-353d-4da0-80e6-da6df7b611b8_135_jpg.rf.52b0a7c932ca3c7e1eb5dd13b32586c2.jpg, 0, 1
00800bbf-203e-48bd-b64c-f14ef2579c8a_135_jpg.rf.52b790a33383878a4f833caf3d419134.jpg, 0, 1
90dec1cd-f163-48fd-bcc4-58066e5acb09_45_jpg.rf.52ad18a9b8568a7d094707f1724943ba.jpg, 0, 1
WIN_20221229_22_57_01_Pro_jpg.rf.52b8464257c31f9873fcb5c8e6d05b01.jpg, 1, 0
6fb259e3-002e-473c-a2bc-4a9f48c1ebe7_jpg.rf.52bda248c2aac7bb41bdfe88e613f89c.jpg, 1, 0
2bf615ea-7241-4861-82d7-bb74c8b5dfba_225_jpg.rf.52cba662fd2272ab287c66b7a4cb2aa1.jpg, 0, 1
52c230c2-20b1-4769-978c-d0a859364b3e_180_jpg.rf.52e505b9aea88bb27b147cf017db989a.jpg, 0, 1
WIN_20221229_22_06_17_Pro_jpg.rf.52d436f387d76a63ea8ed1d90596ac84.jpg, 1, 0
014bcc0a-10c7-41eb-80eb-e2f62bb652b3_225_jpg.rf.52dfd6de4fc36842f8ead71320579a67.jpg, 0, 1
82dbf814-a3a3-4cba-9277-08c10de5c8a4_jpg.rf.52f9f7ddd4796c3d2083036772053ca8.jpg, 0, 1
WIN_20221229_23_32_15_Pro_jpg.rf.53059723dafaa8d19c4ce55ca87ecd6e.jpg, 0, 1
01aff576-d811-4858-bc7b-e66af9db530f_jpg.rf.5302aaa524c9dde4bf33c652076e83ff.jpg, 1, 0
WIN_20221229_23_03_07_Pro_jpg.rf.53139961a6ebcdb48551f172049b40cc.jpg, 1, 0
6cdbe5d2-04bc-4a25-b1a0-be0a00a136ae_90_jpg.rf.531e1ece6ad562ba3d843c8406e2d53a.jpg, 0, 1
40cbb123-b3d1-4546-aa26-2fdd1090b075_270_jpg.rf.5331cd3bca2d67df3c176a1f1089b5af.jpg, 0, 1
16179c8f-5a02-46d2-bcf1-145bf553fc58_135_jpg.rf.533a3db4b772b3a47540790a9eaff790.jpg, 0, 1
878a59f0-76a6-4a7c-8e4a-45283cfb4465_135_jpg.rf.531131b37bde8bcd932227f419c539c2.jpg, 0, 1
WIN_20221229_23_30_09_Pro_jpg.rf.53291c1e015727612771756022a9b214.jpg, 0, 1
8bfe69f8-33fd-4fea-8a42-c821ffd94be0_270_jpg.rf.533b92422aa9ad3d37cca305460c11fb.jpg, 1, 0
8a28aff5-8859-462a-bccf-e8d61dde3eff_225_jpg.rf.533eb0bd820fc0fe721cb49c0f865eda.jpg, 1, 0
39c71820-6b5b-499e-b2c6-a957f48c62fa_135_jpg.rf.534222654d4665e1a4ed777570b84cc7.jpg, 0, 1
7d0322d1-3583-4a2b-ad25-e76d31603cee_180_jpg.rf.534a1c126600d76d75bf7a9e44ffbf1e.jpg, 0, 1
2b3fa5f4-98bb-4565-b461-8ebc3db528ca_180_jpg.rf.534fcccbb0d90e3dfa3a87345c056fbb.jpg, 1, 0
91fd5e6d-6fa7-45ec-b8dd-a390713a150f_135_jpg.rf.534da33ec22dc400a37939797bb48027.jpg, 0, 1
61bd5e75-cfb1-47e8-b4be-24447913359a_90_jpg.rf.5354b980a27d5d071bd6cae38dfe2b79.jpg, 0, 1
94a26150-c197-425f-961b-0a4ae35825cf_135_jpg.rf.5355d89fd8bc9244030909e6b497539e.jpg, 0, 1
3c36fca1-acb0-4a53-95be-087e2c614c76_90_jpg.rf.536142181de54cc952c849c38a24630b.jpg, 1, 0
69dc5c1e-a7ad-49aa-ba21-235545c312c6_270_jpg.rf.535f2a70373d2201e1f27af3226b4fbe.jpg, 0, 1
WIN_20221229_22_20_31_Pro_jpg.rf.536e78e942f514ca715a831912999dde.jpg, 1, 0
98cb62e4-f491-47c7-b871-9d1aeeac307e_135_jpg.rf.5375da9218f97ad6626ce30a68f3affd.jpg, 0, 1
24a200ea-e903-4bcd-aee1-fb26e7bfd757_225_jpg.rf.5373c42fd691e782c292a790eb7ffac9.jpg, 0, 1
WIN_20221229_22_39_03_Pro_jpg.rf.5366b63d0a8e5f42e389a3a3b509059c.jpg, 1, 0
41cfc0a3-c4ad-4285-9951-7a37d79f1c17_45_jpg.rf.5377ad72268a5d33aeeaf9666395b394.jpg, 0, 1
1b05898a-3be4-4b9e-b4a0-6d23dfdaabf0_270_jpg.rf.53765531750d09bf6a197db17fd80ebf.jpg, 0, 1
82743c35-e968-47ee-93f6-95270352fe13_180_jpg.rf.5381e4d213bb0f3d22da6c338fdaa1fe.jpg, 1, 0
WIN_20221229_23_29_16_Pro_jpg.rf.5390533617ae31907b5e2310966ff3ef.jpg, 0, 1
00800bbf-203e-48bd-b64c-f14ef2579c8a_45_jpg.rf.53954d0437a0b42a0e2201194d141c03.jpg, 0, 1
WIN_20221229_22_37_13_Pro_jpg.rf.53964d98ad1ccb2e9d67692bd75ea94a.jpg, 1, 0
WIN_20221229_22_04_24_Pro_jpg.rf.53a09b053e06d175a5c23c8b50f5fdc1.jpg, 1, 0
WIN_20221229_22_40_07_Pro_jpg.rf.5399fea718ed5059f77db8c851e33914.jpg, 1, 0
1f4613ea-1b60-4092-876c-1a474a8c51b9_225_jpg.rf.539f6e64c4e689cb56a347367c6c4795.jpg, 1, 0
7ceae77f-3a56-4262-a271-2a8d727efbe9_270_jpg.rf.53bd447f5c56c38879098d93bc0f0928.jpg, 0, 1
2be59dd5-7793-413c-96cb-c40098eba6f6_225_jpg.rf.53c11c6fbc9436fc27a098b7f42e242d.jpg, 0, 1
73cca509-de66-4cbc-9421-8fcb263fefcc_180_jpg.rf.53c3a17ea7292bf1678c8017a78e9e7e.jpg, 0, 1
WIN_20221229_23_30_43_Pro_jpg.rf.53ca6a207df17e3e09b94be68c739917.jpg, 0, 1
a70cfd80-0fa8-48c8-ab56-7f7cc8b0bb9b_jpg.rf.53cb57413d4d68aed45b654cf9bf677a.jpg, 0, 1
9aa3d151-a2d6-4d13-ad4f-f133f4552c4f_225_jpg.rf.53d4f020bf2d2aeef237c6bce516c087.jpg, 0, 1
805c86e2-7416-44fc-b8aa-f663db39cf8a_45_jpg.rf.53e4d245d0bd181513a98cb53811567e.jpg, 0, 1
507e6cd8-2041-47e5-b174-28a6d9328985_jpg.rf.53d2de4fa2cdf0ed71f3ffac8148e8e7.jpg, 0, 1
228a8b47-9459-4326-898b-1c5953d755b4_270_jpg.rf.53df7f21623c8f6fba1f12c3b0930907.jpg, 0, 1
642d6f5f-fa24-4c18-b7b2-6b24334629a3_180_jpg.rf.53f0933fc9de40e4ab007ba681bea21f.jpg, 0, 1
2a99660b-f767-40aa-937f-c4cd68d2ceac_180_jpg.rf.53e9998c71da00cc1e36fce93271bb8e.jpg, 0, 1
0aa414bb-510b-40c9-85e1-f7a7163b3e2c_225_jpg.rf.53f3d1f4a0969b0a6e26b49ec6d2b42a.jpg, 0, 1
WIN_20221229_21_59_55_Pro_jpg.rf.53f5461ea5c40525619e88d1a1ba6c56.jpg, 1, 0
09e044e6-a2b6-4827-9853-beb7d392347f_90_jpg.rf.53fa2308714182e1e7a215fd82b19784.jpg, 0, 1
09e044e6-a2b6-4827-9853-beb7d392347f_90_jpg.rf.5402cb98b7ec5209fd45bcda20b17cfa.jpg, 0, 1
1acf8679-d50f-446c-b806-def7d073e244_135_jpg.rf.540e05c2636c944e8e3154876e7daba5.jpg, 1, 0
afd3edfe-e4fe-4715-8429-5af060c5f0d9_jpg.rf.5410f2ceb1c2994a9dab0276fdf44eee.jpg, 0, 1
WIN_20221229_22_25_34_Pro_jpg.rf.541d4c91d54826a914f12ccd63375b1f.jpg, 1, 0
aa8cc596-1881-4e18-a73f-fe60f6a6a031_90_jpg.rf.541685dcd11b6184490dd6d4d2b00055.jpg, 0, 1
00a9637f-e5c9-4522-8d19-d6b3e8bae3f3_180_jpg.rf.543bf0d8dbb6b7d423e5fc8e310bdac1.jpg, 0, 1
22ada72b-340c-4d68-9534-2729e3347cab_45_jpg.rf.542e1fa0b2a83642e7fa296b405228c4.jpg, 0, 1
226b7023-757d-4c11-9b59-a0e8f02e5274_135_jpg.rf.544d716272bb6908633f2a14b4dc1deb.jpg, 0, 1
97e4c08e-3475-4d77-8b54-a2231e38f6a2_jpg.rf.544cca99f4bbd41ce08e09aeaf6e593e.jpg, 0, 1
WIN_20221229_23_32_28_Pro_jpg.rf.544f947a2ca5a4ee21c5414848bf64a8.jpg, 0, 1
1513532a-b352-4b17-b681-b02f3127b483_135_jpg.rf.5450d5a9ebdbf55a1a6ae09466e4dd91.jpg, 0, 1
9a5fc62c-6820-4cb6-ba66-1063e612d144_jpg.rf.546bbce649de23f0dee4ebee96324367.jpg, 0, 1
224748bb-08de-4a59-98e5-2bbef0629846_270_jpg.rf.5454af95f2c99eea5b87e1126c0a4b85.jpg, 1, 0
ef757b72-613c-4d8f-b8e0-a3564581cb0f_270_jpg.rf.547a18f4c7aa9eeded5aa723491f4529.jpg, 1, 0
06b95f3f-e2f5-4f58-95b1-6f9024e8e5d7_90_jpg.rf.5472b3172da33be95451271720c364a6.jpg, 0, 1
4dbf4259-4cc3-4ff3-8768-970703c6c8f9_90_jpg.rf.547d7d9179fc6a6fcc71d9f2886148f7.jpg, 0, 1
d6faa4f5-e419-4c2d-b0be-316f48d5464a_180_jpg.rf.5486d6ba7a588d80098379ae30f469dd.jpg, 0, 1
WIN_20221229_23_28_52_Pro_jpg.rf.54843b6efd0b88c5967dbc2e477afa4f.jpg, 0, 1
5c99f964-3704-402c-aa2d-42bd2fbacf4f_45_jpg.rf.548c5f24f435d2f1946143380614cd00.jpg, 0, 1
cce642b7-d4aa-4dc6-951b-e1b655f68334_270_jpg.rf.548dcd76e823a2df123d6d31c72c6a71.jpg, 1, 0
345b8a93-c7d2-4b34-9e0c-90f2561ada84_270_jpg.rf.54a5b72bf4e7d2f86e005b4405fd0bce.jpg, 0, 1
9dd803f6-3218-4e96-ad6e-55b3d36e8470_jpg.rf.549d1438dccd39b86055703ad32df68c.jpg, 0, 1
5d06dc79-9d5c-46d0-a720-e4898e65949c_180_jpg.rf.54ae68951d492bf645cdd4877326bce6.jpg, 1, 0
9fc543ac-91f3-43f6-8df6-28bb9709a3e6_270_jpg.rf.54b2801ae6781af20f8f75d78d161e06.jpg, 0, 1
91fd5e6d-6fa7-45ec-b8dd-a390713a150f_180_jpg.rf.54b3787e4aee5961c5b94f30e8bfda5a.jpg, 0, 1
WIN_20221229_22_40_53_Pro_jpg.rf.54ac879df1aee30d2399c11c5ce92e28.jpg, 1, 0
80c4e3b8-9502-4216-aad1-1b5f6f3d6b72_225_jpg.rf.54bc67841bff228bf0e10a84d6691d96.jpg, 0, 1
215be899-dd62-42e0-b42e-8331622f5b9a_90_jpg.rf.54c1b133ceac136a45832afa09795cad.jpg, 0, 1
6bb51206-67ec-431b-8484-93739b1fddad_135_jpg.rf.54c4341695757fcdc4fd80cf583fa6f9.jpg, 1, 0
4d510781-6fad-4149-909f-5b3615711984_45_jpg.rf.54c46093874e40b430e9c69e6c5fa41b.jpg, 1, 0
5c99f964-3704-402c-aa2d-42bd2fbacf4f_45_jpg.rf.54d46c205ad493544ffdf17a30fcc846.jpg, 0, 1
aa8cc596-1881-4e18-a73f-fe60f6a6a031_jpg.rf.54dceca0719f8871d14db169a9a81ac7.jpg, 0, 1
WIN_20221229_22_45_17_Pro_jpg.rf.54dbeba35674e088f360c136e158b80e.jpg, 1, 0
91c2e56d-2549-4574-9414-86aa17e84ef4_270_jpg.rf.54e51b0411f44bfe1b9a90ae34e9eb77.jpg, 0, 1
WIN_20221229_22_45_08_Pro_jpg.rf.54ea2ee5ac62f28dc59373d23c7f87bc.jpg, 1, 0
WIN_20221229_23_28_39_Pro_jpg.rf.55106d85bf9dacba39a9f5fd1aa1a128.jpg, 0, 1
5c99f964-3704-402c-aa2d-42bd2fbacf4f_135_jpg.rf.54fb077cd0a58a228851ad862fa04d8e.jpg, 0, 1
1ab90226-8889-4bcd-ad0c-ea01fedaaffd_jpg.rf.551c23bae53db7a0a96a01f2cd6e7623.jpg, 1, 0
8140aed5-a61c-4048-81dc-c9e2149f60b2_jpg.rf.551e79a66b56dcba3eb4e775ab2dfd01.jpg, 0, 1
0c4d65e5-1985-47b2-8252-616ed898bd7c_270_jpg.rf.551e915a426bc6e7e3a682cd3231715c.jpg, 0, 1
d2936fba-871f-4fbe-97da-b6e6e347e889_135_jpg.rf.5526300b66f51e9d2370e74cfa4d6fff.jpg, 1, 0
70be0397-922c-4185-bb84-728b59ab25f8_90_jpg.rf.5525e2d08f14e2e4ea6d1219ad126598.jpg, 0, 1
87ad76a7-bd79-4c43-86bb-4db4498e10f1_225_jpg.rf.553278f98b15eb16d284145ed1bf11cc.jpg, 0, 1
aa8cc596-1881-4e18-a73f-fe60f6a6a031_90_jpg.rf.552aaf452f08dba830eadfcccba47b2e.jpg, 0, 1
5c99f964-3704-402c-aa2d-42bd2fbacf4f_180_jpg.rf.553727bbc06d824fcbce6e6c51259221.jpg, 0, 1
3c966d73-e030-422f-8e66-a2bfb35337dc_270_jpg.rf.55421bedd3858b91b22e700f94a63fde.jpg, 0, 1
60f07eaa-f4a0-4939-9882-acce7b2ee256_45_jpg.rf.554b2858bd5337dab3677e1cd4255d42.jpg, 0, 1
228a8b47-9459-4326-898b-1c5953d755b4_45_jpg.rf.554fb2d8d6110d425c1222d78767bdf4.jpg, 0, 1
936d35a1-f617-4a9b-99c6-32cfd8284d34_jpg.rf.554c09f2a8e62461a4cdafea7bea852e.jpg, 0, 1
ac755961-63a0-4e01-b87e-eacd0b5d7899_jpg.rf.5550fb4285fe134e29cf7ae1ae9645b7.jpg, 0, 1
9aa3d151-a2d6-4d13-ad4f-f133f4552c4f_135_jpg.rf.5551af74b2749d6bcd37f3f92bdeaab5.jpg, 0, 1
233af445-c0e5-4bb1-ad5f-743becd76cab_45_jpg.rf.555237e5d5562312d42a061098382cde.jpg, 0, 1
70be0397-922c-4185-bb84-728b59ab25f8_270_jpg.rf.5557437ac0ca311f45e804e10deeec1c.jpg, 0, 1
6f8a29a3-8b83-47d6-8a5b-7baf97fd4469_jpg.rf.5566d69ce46e4e0a75cd3b0efa791123.jpg, 0, 1
WIN_20221229_22_13_29_Pro_jpg.rf.5568357f0e9ceb6af1e5c7b3644d5b6b.jpg, 1, 0
01b9d47e-ecba-48fd-a83f-ece6e05995fc_90_jpg.rf.55783d2df2e93dd938736e93bd7289e7.jpg, 1, 0
96f68346-9256-416a-a050-9ec4b750ccc6_90_jpg.rf.5579dd98f996cb18a67cc08898f97e62.jpg, 0, 1
00137db3-94aa-4aa5-aa3b-e3e09d6a5ef5_135_jpg.rf.558124cdc824d18990aab21448b05d64.jpg, 0, 1
69fc95bf-f644-4c92-8057-f05146da07f7_225_jpg.rf.558ea6f47e6cecf5ed80d7acd311acc6.jpg, 0, 1
d02674ec-4a90-43c1-9aba-1cf70300a55a_45_jpg.rf.559ad8e96a567b6ee0b27ba0f84ffec7.jpg, 1, 0
764af58e-c590-444a-aefd-b4bc11f74c40_225_jpg.rf.55987b4822092f33151bbfba17955fae.jpg, 1, 0
98cb62e4-f491-47c7-b871-9d1aeeac307e_225_jpg.rf.559bd55fbc645088ba9ebb840bc2b2cf.jpg, 0, 1
69ab59e3-c1ad-4509-a8b8-bd8e4fac2ae6_135_jpg.rf.559be8dd0c84908c0953406a82518600.jpg, 0, 1
87ad76a7-bd79-4c43-86bb-4db4498e10f1_45_jpg.rf.55a120babf1a3528e9e867205fc1b1bc.jpg, 0, 1
79eb3e80-65d5-431c-b388-ea52ce593c7d_45_jpg.rf.559c8ab126c5e4898e78efc2d55bc90b.jpg, 1, 0
0c4d65e5-1985-47b2-8252-616ed898bd7c_225_jpg.rf.55a1d3ff2c019ca4b853e923b18b2c1f.jpg, 0, 1
217fef04-2462-4dca-a170-f780b700b17e_45_jpg.rf.55ad0829b9d324fcb98ee5841613b5f6.jpg, 0, 1
87ad76a7-bd79-4c43-86bb-4db4498e10f1_180_jpg.rf.55ae13266b76417d6b04ca6cfb644e57.jpg, 0, 1
2bf615ea-7241-4861-82d7-bb74c8b5dfba_jpg.rf.55bd33207f147372d67fccb2ca24760b.jpg, 0, 1
665aeca5-e68c-49d3-ad8d-5755fad74dcf_jpg.rf.55b634cab01a11c00fdfc6207ba49510.jpg, 0, 1
WIN_20221229_22_54_55_Pro_jpg.rf.55b1dc9115721b1200a1c3cd53a71992.jpg, 1, 0
1f4613ea-1b60-4092-876c-1a474a8c51b9_45_jpg.rf.55c35dcb3d7918c23a84bb5ca6020445.jpg, 1, 0
df1a716e-d93a-4e13-8144-399bae44a249_90_jpg.rf.55ca8f6999616d99c09deba813b7bdfc.jpg, 1, 0
6f8a29a3-8b83-47d6-8a5b-7baf97fd4469_225_jpg.rf.55c9234f6f82dfa8390a4297e221fd49.jpg, 0, 1
ef757b72-613c-4d8f-b8e0-a3564581cb0f_jpg.rf.55cff71d2fe8cdc89d28119dd390332c.jpg, 1, 0
16179c8f-5a02-46d2-bcf1-145bf553fc58_180_jpg.rf.55d9a78e1e922a95aec5f8f4d68076ea.jpg, 0, 1
WIN_20221229_22_13_29_Pro_jpg.rf.55dc3764b04f7317a976af77dd7ed8cd.jpg, 1, 0
ccd5cdb4-3df2-4b3b-833b-3bdc7d43ee4d_180_jpg.rf.55e1d0bf61db6642eb5afbc327e1f6db.jpg, 0, 1
4dcbce83-654c-4125-9939-c4398187533a_270_jpg.rf.55f68b61f6a8bb6bf47732ff36560f5a.jpg, 1, 0
217ac982-fddf-49ae-a311-27cf800d10f0_270_jpg.rf.56069e0a04e3ec8197fce1520f74b768.jpg, 0, 1
70be0397-922c-4185-bb84-728b59ab25f8_180_jpg.rf.55f916cbaecfecc6d4e8898a956d897c.jpg, 0, 1
87595b49-d19a-4221-8418-57ee268de2d5_135_jpg.rf.55fe3d7d56b8bb17add2d08263fa1909.jpg, 0, 1
52c230c2-20b1-4769-978c-d0a859364b3e_90_jpg.rf.5607fc1cf310ceea8399590d42c1aff2.jpg, 0, 1
9dd803f6-3218-4e96-ad6e-55b3d36e8470_135_jpg.rf.5622588000ad1923afcb3f580813cb8d.jpg, 0, 1
ef757b72-613c-4d8f-b8e0-a3564581cb0f_90_jpg.rf.56265b43bf0b06eca05eac5be889f5aa.jpg, 1, 0
WIN_20221229_22_55_39_Pro_jpg.rf.56308314e5010468517a7a6a03443a22.jpg, 1, 0
9aa3d151-a2d6-4d13-ad4f-f133f4552c4f_270_jpg.rf.561267aca2c6d439d0e85bb212ec0d14.jpg, 0, 1
b84b2bd1-353d-4da0-80e6-da6df7b611b8_135_jpg.rf.5644f03c363a1c3199890e111b4ec07a.jpg, 0, 1
WIN_20221229_22_02_24_Pro_jpg.rf.5654da06b7644cac745aa3c9c5f3998f.jpg, 1, 0
611513d3-0fb7-4068-8cd8-68a9bdb056c4_180_jpg.rf.5654973c1089753c515d8d1271f0224c.jpg, 1, 0
93bde728-be7b-4af0-a18e-67f00d6fdcac_270_jpg.rf.565512d6cb0ec92d56bfd4c7d1619cad.jpg, 0, 1
24a200ea-e903-4bcd-aee1-fb26e7bfd757_135_jpg.rf.565b321383b809fd75733d7b82eedb23.jpg, 0, 1
91b94861-b751-4b86-b7a3-f6b2e3dbbd89_270_jpg.rf.5656fde4f0df56016ee4ca6205f1cdff.jpg, 0, 1
4f280435-14a2-4194-9f75-2e7ea72b39ba_jpg.rf.566065656dcf34194fea155cf2bb4d5f.jpg, 1, 0
WIN_20221229_22_27_45_Pro_jpg.rf.565f8792cf1d091b3004846a08c25b15.jpg, 1, 0
8e753e61-dd28-45b8-aa64-e6c1e71bd812_jpg.rf.566b4414a09504eaa2e0e067457f533b.jpg, 0, 1
WIN_20221229_22_10_20_Pro_jpg.rf.5660ea9ac46b2d518884512d82099a29.jpg, 1, 0
80c4e3b8-9502-4216-aad1-1b5f6f3d6b72_180_jpg.rf.566c6ecf42304b76e96c70e48a6bfb52.jpg, 0, 1
2b560df3-ff42-4546-a0bd-11ff2ca590e2_45_jpg.rf.5670a52fc8a04954a890e8dfaea5b2fc.jpg, 1, 0
56863d51-82dd-432b-808a-bb09a5e65be6_135_jpg.rf.566ea5270b088f4b8560de8581c84f5d.jpg, 0, 1
69ab59e3-c1ad-4509-a8b8-bd8e4fac2ae6_135_jpg.rf.566d50d2f7c64033d7bb57a29ec8eecd.jpg, 0, 1
488a316b-07fc-410e-a5fd-84f831acc653_135_jpg.rf.567688804dfee2c3fd73455f8dc7a942.jpg, 0, 1
52c230c2-20b1-4769-978c-d0a859364b3e_225_jpg.rf.5687fcbe108602b732b9df89593d9d31.jpg, 0, 1
936d35a1-f617-4a9b-99c6-32cfd8284d34_45_jpg.rf.56808c750b179550ab08cd58bbf39564.jpg, 0, 1
06b95f3f-e2f5-4f58-95b1-6f9024e8e5d7_45_jpg.rf.567bcd6620c57fe32b34e4ebab44bc54.jpg, 0, 1
9aa3d151-a2d6-4d13-ad4f-f133f4552c4f_270_jpg.rf.568ce6ad8f69ce2466f6b40d437e19b4.jpg, 0, 1
5c99f964-3704-402c-aa2d-42bd2fbacf4f_90_jpg.rf.568deceabcad5f74b66d66a461f2727d.jpg, 0, 1
805c86e2-7416-44fc-b8aa-f663db39cf8a_jpg.rf.5696a3851bde71a26fde4dfd2f9faacd.jpg, 0, 1
66ba2553-31f1-473c-9602-d2df0c1bb3f0_225_jpg.rf.56962f9feb3db5c0c4c1171eae96ae9e.jpg, 0, 1
91e77c81-f2eb-4358-81d6-eea2509ae443_45_jpg.rf.568ec04080507a0c35f33be709ad0300.jpg, 0, 1
108ca99a-5abc-4dca-8e9e-ad3551748f1a_270_jpg.rf.5699d9cea9997c022243d9c7f8321289.jpg, 0, 1
a70cfd80-0fa8-48c8-ab56-7f7cc8b0bb9b_90_jpg.rf.569a51758937836e9caa07743577a829.jpg, 0, 1
2d398321-1a08-4aec-98b9-eb3301da9d79_jpg.rf.569c363338b06aa0c004acc0fa5fb3fb.jpg, 0, 1
8140aed5-a61c-4048-81dc-c9e2149f60b2_45_jpg.rf.56a30b171fbbe6050c1416740a7c600b.jpg, 0, 1
69fc95bf-f644-4c92-8057-f05146da07f7_270_jpg.rf.56a80ab3c993540844f239cdd56d406e.jpg, 0, 1
53f913e3-941b-4772-8446-2bad471e22b0_270_jpg.rf.56aa3a1f76ecac0d827879a9b6aba14e.jpg, 0, 1
00137db3-94aa-4aa5-aa3b-e3e09d6a5ef5_90_jpg.rf.56b6e2e19500ac273b5f00c773ed4047.jpg, 0, 1
81d526fb-cb95-4b9d-a013-dad7b3f083b3_180_jpg.rf.56c2bdaec209f24dcefbe31bf12f7768.jpg, 0, 1
2b3188c7-77de-4b98-aaa5-012b0941ca45_45_jpg.rf.56ce055db06e865ce4594d6dc40f32c1.jpg, 0, 1
9dbe8a30-979a-4722-a1a9-712f4ecbb2a6_135_jpg.rf.56c8d0f52e856d2c2412f0d6267c85c4.jpg, 0, 1
WIN_20221229_23_32_55_Pro_jpg.rf.56cfb66a4b3760966263867c3740947a.jpg, 0, 1
WIN_20221229_23_20_56_Pro_jpg.rf.56c3a2f19b6060972c9f15dc0b26967a.jpg, 0, 1
75a3c3df-b678-4a55-aa92-02be5879a4cd_180_jpg.rf.56d10fedb121c4f5d4eb1986498eeb45.jpg, 0, 1
228a8b47-9459-4326-898b-1c5953d755b4_135_jpg.rf.56e3517f7a5b105f69b9b90043b4653b.jpg, 0, 1
91fd5e6d-6fa7-45ec-b8dd-a390713a150f_135_jpg.rf.56e5b69c9ece3c25046af8da02c7e8f6.jpg, 0, 1
69dc5c1e-a7ad-49aa-ba21-235545c312c6_135_jpg.rf.56f5f71406a9667568762fc640ad9921.jpg, 0, 1
33e3e3fe-8e37-4b4a-aa04-ad3864731632_225_jpg.rf.57002e0fb14a294c9870a01bfff21502.jpg, 0, 1
c01c35d2-7769-4a57-abff-c52f7def3900_135_jpg.rf.570a3ac003a5387835f3d7651c2737ab.jpg, 1, 0
4de4ad31-de11-418b-a60d-a7192ea0c98a_90_jpg.rf.570c5b111276c103b8b7a4e1e3490d7e.jpg, 1, 0
76a872d2-5c22-4f33-82b4-18c0f78e1a1b_270_jpg.rf.570ed5bd5a0c1ddcf791b25980f9c0b8.jpg, 0, 1
8bfe69f8-33fd-4fea-8a42-c821ffd94be0_135_jpg.rf.570cf111065b9ba442d3eae23f1cf6e3.jpg, 1, 0
bd17953c-5cc6-4fc5-8ade-fd7ece53be19_225_jpg.rf.57163d9776726fa7a524ca0972b30c45.jpg, 0, 1
96d467c2-fa44-474b-9e64-88f1f265aeaf_270_jpg.rf.57177b7f4a04c74d3b6d33f9649a77ee.jpg, 0, 1
2a99660b-f767-40aa-937f-c4cd68d2ceac_90_jpg.rf.57203f913704d27ed8e3991af24f4905.jpg, 0, 1
93a64c9f-678d-4302-94ea-5758bbf7451c_jpg.rf.571f79b633ba1a6323e20ad97669117a.jpg, 0, 1
2b3fa5f4-98bb-4565-b461-8ebc3db528ca_270_jpg.rf.5722ae1905834236bd6eae824863292b.jpg, 1, 0
d141258d-4b06-4d47-9e08-82edbd725dd1_45_jpg.rf.5720e0f8633cf9e36190d06dd2daf2a1.jpg, 0, 1
dc2bb2f5-03e1-46c1-9886-bda5f5bee11b_225_jpg.rf.5725eeacea0938e5d3f61ba010ade931.jpg, 0, 1
c01c35d2-7769-4a57-abff-c52f7def3900_jpg.rf.5734d1dd1bde8ea24bcf7e6c3072d162.jpg, 1, 0
4f280435-14a2-4194-9f75-2e7ea72b39ba_180_jpg.rf.573b185b6598ced8fa59a9e929cb73e0.jpg, 1, 0
53f913e3-941b-4772-8446-2bad471e22b0_jpg.rf.573ce7f27312119b389fdd2f5186d7e6.jpg, 0, 1
WIN_20221229_23_33_19_Pro_jpg.rf.573dc171f5fed272029514f95ebc09bc.jpg, 0, 1
233af445-c0e5-4bb1-ad5f-743becd76cab_45_jpg.rf.573e4b9577562b56d07065a508af8892.jpg, 0, 1
69dc5c1e-a7ad-49aa-ba21-235545c312c6_270_jpg.rf.57409fceff5a6552892cfd68b950a1a8.jpg, 0, 1
0dc01fa2-4d5e-46ae-ad61-19485b378972_225_jpg.rf.5741e420cd6971515f0c887e82618067.jpg, 0, 1
1acf8679-d50f-446c-b806-def7d073e244_270_jpg.rf.57423e16de979f8e9927efd5f3548d78.jpg, 1, 0
a70cfd80-0fa8-48c8-ab56-7f7cc8b0bb9b_90_jpg.rf.573a5c4f67ab156d4fe2da23cd9e7d4b.jpg, 0, 1
4f280435-14a2-4194-9f75-2e7ea72b39ba_135_jpg.rf.5763b0178575287c4372f6122973bee5.jpg, 1, 0
a936c90a-8f24-4289-b10b-4830ac9f3019_jpg.rf.575a81c711a475186db105ce456f8531.jpg, 0, 1
66ffa488-289b-4188-afe1-7764a1a1bb1a_45_jpg.rf.575f16d6012421545a889397ddd07b0b.jpg, 0, 1
87ad76a7-bd79-4c43-86bb-4db4498e10f1_135_jpg.rf.5766a8a7081129152ddc1b3f33f66e10.jpg, 0, 1
06b95f3f-e2f5-4f58-95b1-6f9024e8e5d7_90_jpg.rf.5782b09732aab85728df33445ff6911f.jpg, 0, 1
WIN_20221229_22_42_36_Pro_jpg.rf.578977d725bc1771d36d314b2b30dbd3.jpg, 1, 0
2d6fa448-2f18-4db5-a942-7097acff076a_225_jpg.rf.57923e2d5cc359445f0003b028619ad1.jpg, 1, 0
d65589fa-33dc-4e7f-9d37-a8763424d061_45_jpg.rf.57997e25361d0af2a7a9661a62011f81.jpg, 1, 0
WIN_20221229_23_35_35_Pro_jpg.rf.57a449cbf8196e1f132a7d9384d18ec2.jpg, 0, 1
00a9637f-e5c9-4522-8d19-d6b3e8bae3f3_270_jpg.rf.57ab5c5c78b78bea7a6960b9e7f6f27c.jpg, 0, 1
WIN_20221229_22_06_29_Pro_jpg.rf.57b18ad89037e7f534b7ea9999b02e5f.jpg, 1, 0
96383b0f-647d-4d8b-aae4-c525fb9365d6_135_jpg.rf.57a1724e571294d2bf1e7db84cbc13cf.jpg, 0, 1
WIN_20221229_23_24_05_Pro_jpg.rf.57b18ecf5f30656f169933bced69e212.jpg, 0, 1
9fc543ac-91f3-43f6-8df6-28bb9709a3e6_45_jpg.rf.57b39792e178e496e422cca9c963d015.jpg, 0, 1
cce642b7-d4aa-4dc6-951b-e1b655f68334_135_jpg.rf.57bf39c7fb17d6152f8b2fcc61eef78a.jpg, 1, 0
9dd803f6-3218-4e96-ad6e-55b3d36e8470_225_jpg.rf.57bcb848bb076a1a7d45f16eeafc0226.jpg, 0, 1
WIN_20221229_22_00_50_Pro_jpg.rf.57cdc36a47236a4a69a1d1da47cf8018.jpg, 1, 0
56863d51-82dd-432b-808a-bb09a5e65be6_jpg.rf.57c11a039aae07cfe58ef8e7d6744e49.jpg, 0, 1
4461774a-c193-43e6-9849-19c25ad533fb_225_jpg.rf.57d541a690e37e0c7115f920016ac26c.jpg, 1, 0
8d331829-b225-451b-8aaa-89058c62faf5_180_jpg.rf.57d1294b0d68046bee70b0bc0c8da209.jpg, 0, 1
0c04b448-fe60-4b89-bf5a-b18fe90a5870_270_jpg.rf.57e5433ea5f69cefdea73258f5a43f3b.jpg, 0, 1
WIN_20221229_22_22_23_Pro_jpg.rf.57d980b70a8c4edf679cc68d906eb2b6.jpg, 1, 0
WIN_20221229_23_33_42_Pro_jpg.rf.57e6ad4f5b6166b3f243a6b9d5dc53f0.jpg, 0, 1
8bfe69f8-33fd-4fea-8a42-c821ffd94be0_270_jpg.rf.57da5b1638feb3897a2bf6e0a6fcb07f.jpg, 1, 0
a36b24dc-58f1-4270-b642-3bb7ec46de0f_225_jpg.rf.57f0dc178e57878d5843dc347032349f.jpg, 1, 0
6f8a29a3-8b83-47d6-8a5b-7baf97fd4469_180_jpg.rf.57f26b4e5c6e7ac4bafec6a6e2b39fc2.jpg, 0, 1
ba23ca74-9f22-43fe-8e97-1aaac5891d8d_270_jpg.rf.57f3d807836e4b75b923eaf1e033053d.jpg, 0, 1
2b3fa5f4-98bb-4565-b461-8ebc3db528ca_jpg.rf.57f7ccd0a295352a63b931d35e7f6e7f.jpg, 1, 0
80c4e3b8-9502-4216-aad1-1b5f6f3d6b72_180_jpg.rf.580db168093ec5dce3fc6a27352c36a7.jpg, 0, 1
WIN_20221229_23_21_27_Pro_jpg.rf.5817b72f2d5911e02f1ea4931f5ddb7c.jpg, 0, 1
15f5d196-2633-4a7b-9102-b33c659c6024_135_jpg.rf.5811093da8e50a2b979410e4e300c7be.jpg, 0, 1
811f5cf3-9a05-4b39-b1b3-174f31f7cec6_135_jpg.rf.582f1fbe2965533389f9c6ddfe5fe5e7.jpg, 0, 1
345b8a93-c7d2-4b34-9e0c-90f2561ada84_180_jpg.rf.58307e27f1c553f53c31f2b2d7c56a2b.jpg, 0, 1
4dcbce83-654c-4125-9939-c4398187533a_225_jpg.rf.5834367df87614f1ad01d330fd3c1702.jpg, 1, 0
642d6f5f-fa24-4c18-b7b2-6b24334629a3_jpg.rf.583b375ba5584039bc3eaaa6c6a2fd78.jpg, 0, 1
642d6f5f-fa24-4c18-b7b2-6b24334629a3_90_jpg.rf.58402c699e765a412ef407fd585377a0.jpg, 0, 1
df1a716e-d93a-4e13-8144-399bae44a249_135_jpg.rf.5843411306c0b7a1e6ddb40594057fa9.jpg, 1, 0
680cc473-598d-49e7-847e-6b8c099e14fc_45_jpg.rf.58473b66d10bcd098dff8fd0c9886550.jpg, 0, 1
00137db3-94aa-4aa5-aa3b-e3e09d6a5ef5_jpg.rf.58584ae570cdedbb67a3d0a690373009.jpg, 0, 1
228a8b47-9459-4326-898b-1c5953d755b4_270_jpg.rf.5855791197485f70d492f45217f717a3.jpg, 0, 1
a1690e8a-68f2-42fa-b0a0-6c59cc895c84_270_jpg.rf.585a14922202be71d0979014afa4e046.jpg, 0, 1
220fcc53-6ef7-45d1-8122-fa1c19ca9ec5_180_jpg.rf.586473af212837eb5ec0878441b7d043.jpg, 0, 1
76d57cee-bb5c-4631-b737-fe16b92c2a28_jpg.rf.58635b23c4e5cbc0e268a27a70ea8315.jpg, 0, 1
4de4ad31-de11-418b-a60d-a7192ea0c98a_135_jpg.rf.58649b997fac38e9fa9b87dac1111d34.jpg, 1, 0
WIN_20221229_22_00_50_Pro_jpg.rf.587256aa9ecefe4a44b34ce6fa3d46fe.jpg, 1, 0
ac755961-63a0-4e01-b87e-eacd0b5d7899_225_jpg.rf.587fde4e83166dd959b071b5710779ac.jpg, 0, 1
611513d3-0fb7-4068-8cd8-68a9bdb056c4_225_jpg.rf.5879f8bacb80b8edcfe97a55338ac51c.jpg, 1, 0
93bde728-be7b-4af0-a18e-67f00d6fdcac_225_jpg.rf.588a6475d4b419dd2fff0795acb1d9e2.jpg, 0, 1
5a3117dc-7932-4c34-ae3f-e5867c98ee0a_jpg.rf.588d2f01f1e62d3da18d811e252850e3.jpg, 0, 1
33e3e3fe-8e37-4b4a-aa04-ad3864731632_jpg.rf.58965db368e5dee394c1190d0b5fa435.jpg, 0, 1
d02674ec-4a90-43c1-9aba-1cf70300a55a_45_jpg.rf.58985e58846b7e6666954e06b9419484.jpg, 1, 0
WIN_20221229_23_32_23_Pro_jpg.rf.589a15a869f6a30b4e5b8491cbbd756a.jpg, 0, 1
764af58e-c590-444a-aefd-b4bc11f74c40_270_jpg.rf.58a9da4d764e50d944d848d7ba2ff16d.jpg, 1, 0
dc2bb2f5-03e1-46c1-9886-bda5f5bee11b_270_jpg.rf.58be7e19df84ac42476d27309bffaf38.jpg, 0, 1
a8ba45d9-69a1-4fc4-a6c3-74c50107e59c_180_jpg.rf.588f1541d8dc3fcefeb2fc0070f72a05.jpg, 0, 1
91c2e56d-2549-4574-9414-86aa17e84ef4_45_jpg.rf.58c210e46b4edb9b8de6d4ab57dca798.jpg, 0, 1
00137db3-94aa-4aa5-aa3b-e3e09d6a5ef5_180_jpg.rf.58c6bfd8a0a3c1461d680a6bc4460713.jpg, 0, 1
1acf8679-d50f-446c-b806-def7d073e244_135_jpg.rf.58d2b5ed18e9b51a7b0df1f6abaf99b4.jpg, 1, 0
9dbe8a30-979a-4722-a1a9-712f4ecbb2a6_90_jpg.rf.58da1df346d158164b8b877959b46d3e.jpg, 0, 1
22ada72b-340c-4d68-9534-2729e3347cab_135_jpg.rf.58dceff1b29de78132e4049f365fe77c.jpg, 0, 1
92009a81-ec1a-4dc0-99aa-c0898383287c_45_jpg.rf.58ddd632abbb290f96c022a56d59ff8c.jpg, 0, 1
93a64c9f-678d-4302-94ea-5758bbf7451c_180_jpg.rf.58e02222e2c646dfb72187b05c96efe8.jpg, 0, 1
a4b1b05e-8f9a-4f68-98fe-52dd9e2a9663_180_jpg.rf.58da73498627e4b3e3dcb7b2b8361edb.jpg, 1, 0
5aa96b87-9a19-4beb-971d-21bde07a9a0b_225_jpg.rf.58e425856bbc587ccb676efd922b5d08.jpg, 1, 0
0b521929-1734-47b8-86c9-093445af0697_135_jpg.rf.5906ba3f742f6e5c900a1a6e15932fbd.jpg, 0, 1
WIN_20221229_23_26_46_Pro_jpg.rf.58fe176a7070610493f1087dead35cc8.jpg, 0, 1
6343bade-4271-437b-84ea-e9756e715080_225_jpg.rf.58fcb662a9fe2e3dfa20b2a7f011b13a.jpg, 0, 1
0df87bae-ddf0-49e3-97af-b371d8544547_225_jpg.rf.590cf693adff14a9f80726bc938232e4.jpg, 0, 1
56863d51-82dd-432b-808a-bb09a5e65be6_jpg.rf.590d7151bd36ed192ff16ab0632a4744.jpg, 0, 1
223d92bc-5ef8-450a-86d6-ab5d6e8c5b3e_45_jpg.rf.590a2c3aaca57d82f59cd224fd5278ff.jpg, 0, 1
6181c79d-f063-4fa4-be90-ae376d6b3bdc_90_jpg.rf.591cb300b2c4ec7e670a07e07e72d94a.jpg, 1, 0
217fef04-2462-4dca-a170-f780b700b17e_jpg.rf.5908523a8879d7a62ca072073c7fb485.jpg, 0, 1
82dbf814-a3a3-4cba-9277-08c10de5c8a4_45_jpg.rf.5927a7830de8a4327eb1a70c3d2f0717.jpg, 0, 1
6343bade-4271-437b-84ea-e9756e715080_225_jpg.rf.5921d884e4cf15e399d21626662bed8d.jpg, 0, 1
4737a7d7-5d10-4912-b3e7-c8254a88af02_45_jpg.rf.5935479bea535b45eddf0121014b440f.jpg, 0, 1
52e703e1-69d2-44c7-a214-269fa0e09054_135_jpg.rf.592b17824c169bb04a1527f70953d81c.jpg, 0, 1
61bd5e75-cfb1-47e8-b4be-24447913359a_180_jpg.rf.5941c9a8bcc493f1141f89cd7653eb6d.jpg, 0, 1
014bcc0a-10c7-41eb-80eb-e2f62bb652b3_135_jpg.rf.593f27f72d43432a37b99b4e79003ee1.jpg, 0, 1
80c4e3b8-9502-4216-aad1-1b5f6f3d6b72_180_jpg.rf.5941b173790f2496bc45de4cbd9cd3cf.jpg, 0, 1
15fd3442-e84f-4c27-952b-ec415fe777d6_225_jpg.rf.5946220d2f30426fb6f5c78842d71cfc.jpg, 0, 1
3c5c4ffd-e4d4-45b7-a07c-64e2f6788de2_45_jpg.rf.595025fbaad2212bbb3951c13d1761a7.jpg, 1, 0
93a64c9f-678d-4302-94ea-5758bbf7451c_jpg.rf.594d096e041e25bcedeb48100da43094.jpg, 0, 1
936d35a1-f617-4a9b-99c6-32cfd8284d34_180_jpg.rf.5950a5446cc97ae77999cdc464509fbe.jpg, 0, 1
2da43d43-ad7b-435c-920d-0fbfebb88959_45_jpg.rf.5965cf4e14d2b3ea42db458b2feee045.jpg, 1, 0
a936c90a-8f24-4289-b10b-4830ac9f3019_135_jpg.rf.59591cfe990b6108c8abbce29c425102.jpg, 0, 1
WIN_20221229_22_03_51_Pro_jpg.rf.5965db64b657f95d4155a6d443a26d8f.jpg, 1, 0
5aa96b87-9a19-4beb-971d-21bde07a9a0b_jpg.rf.5968e303d235ceea44d2a4e7378e907f.jpg, 1, 0
53f913e3-941b-4772-8446-2bad471e22b0_90_jpg.rf.596e26130197c92ecbde873c3e91b8e4.jpg, 0, 1
3bde05ec-782e-445d-a221-38a8ecbc5dab_270_jpg.rf.5971bf75ae57bf6ea1265b235c721029.jpg, 0, 1
52fd332d-b13d-4675-8292-bfb533d39432_45_jpg.rf.59718c7858d148d6f0e2f07e0e9168a4.jpg, 0, 1
8a28aff5-8859-462a-bccf-e8d61dde3eff_45_jpg.rf.597a2e8777963c376c9912c3c3da92b4.jpg, 1, 0
120bdf6d-39ea-4df8-b8a7-1a4362423b28_225_jpg.rf.598078334b36cd54dfdb4e30eba18015.jpg, 0, 1
8bfe69f8-33fd-4fea-8a42-c821ffd94be0_180_jpg.rf.59842b7e2e6e6ade74edfadf586b3f7c.jpg, 1, 0
1d4ead22-cc06-4fa2-9784-d9257f24ef86_90_jpg.rf.59930f47b0af4fadaf83a6acf254a1f1.jpg, 0, 1
2b3188c7-77de-4b98-aaa5-012b0941ca45_jpg.rf.5999a92631e2172e06d4a053bf61635d.jpg, 0, 1
5671fc02-681e-4da8-826f-c1a0b2dc5870_225_jpg.rf.59abc560ebe59eedfbe3bb2799b7e9bb.jpg, 0, 1
84f05969-c971-4d44-8df4-3a80a71a545d_225_jpg.rf.59ac611f23cbedf1c53dd97b39484814.jpg, 0, 1
WIN_20221229_22_43_58_Pro_jpg.rf.59b48084a8b5bb39bb39368d3cdac363.jpg, 1, 0
687de30d-714c-4d10-9b23-998af950a13a_225_jpg.rf.59b8e13ec6fb06144f42b49e152f10c7.jpg, 1, 0
87595b49-d19a-4221-8418-57ee268de2d5_135_jpg.rf.59c3d8075bef2fb119af6e8b19311ab8.jpg, 0, 1
76d57cee-bb5c-4631-b737-fe16b92c2a28_270_jpg.rf.59d364e25263a25a7a875044f0f98b0e.jpg, 0, 1
9fc543ac-91f3-43f6-8df6-28bb9709a3e6_90_jpg.rf.59cdb65038edbc1fe887a9e8722b1110.jpg, 0, 1
1513532a-b352-4b17-b681-b02f3127b483_45_jpg.rf.59de7408aa2b5c9ced7460091d6ac890.jpg, 0, 1
24522061-cd21-4507-92da-432712838d1d_45_jpg.rf.59d4a6de9ad15b9ca244caef439ff013.jpg, 0, 1
15fd3442-e84f-4c27-952b-ec415fe777d6_jpg.rf.5a2573f7d302834db39e972fe3a9428a.jpg, 0, 1
d02674ec-4a90-43c1-9aba-1cf70300a55a_45_jpg.rf.59eeb8a3325e23af2ba049c67738b107.jpg, 1, 0
1b05898a-3be4-4b9e-b4a0-6d23dfdaabf0_135_jpg.rf.5a16a6e8ab41c1c841fc69d2fa9a0076.jpg, 0, 1
2b3188c7-77de-4b98-aaa5-012b0941ca45_180_jpg.rf.59f167236b9c6830d6c008d14e28ca32.jpg, 0, 1
859bbe6e-7f46-4b86-acd1-86fea679de36_jpg.rf.5a25c1fd1984923a248e9f908a0b6357.jpg, 0, 1
72a74631-171a-4cf4-b978-58f358afa95c_225_jpg.rf.5a2f1d85df8e2a49731757db534ac1e8.jpg, 0, 1
bd17953c-5cc6-4fc5-8ade-fd7ece53be19_jpg.rf.5a27efdb05770da050aa34e10ecba9ef.jpg, 0, 1
a4b1b05e-8f9a-4f68-98fe-52dd9e2a9663_jpg.rf.5a42ca3360fc4cc24b7fd2d649da5b89.jpg, 1, 0
2b3fa5f4-98bb-4565-b461-8ebc3db528ca_90_jpg.rf.5a57b0818fe51c91b883ba29c7c75f80.jpg, 1, 0
WIN_20221229_23_32_15_Pro_jpg.rf.5a4b95343fbfe552282049ade2419c01.jpg, 0, 1
WIN_20221229_23_30_35_Pro_jpg.rf.5a4ea691b0dfba13d7f1c28f278835fe.jpg, 0, 1
96d467c2-fa44-474b-9e64-88f1f265aeaf_225_jpg.rf.5a4bfad53c202942881150e9202f8d61.jpg, 0, 1
1513532a-b352-4b17-b681-b02f3127b483_90_jpg.rf.5a6b69270cd051c7a53c0d1dfb8d0545.jpg, 0, 1
9cc65155-05ca-40b0-b813-2892c3ff04a4_90_jpg.rf.5a84549c3c2c3b47ba7ac2028c74fea2.jpg, 0, 1
WIN_20221229_23_09_14_Pro_jpg.rf.5a59eb7c1ab5a14bee81a888628457b0.jpg, 1, 0
61e87bb2-b69a-4d10-afa1-6c1a3d0291df_45_jpg.rf.5a886f601ae50b47a2a20d8d3c2fd21a.jpg, 1, 0
4dcbce83-654c-4125-9939-c4398187533a_45_jpg.rf.5a8c32e612c4b28034a696a8474d3cb9.jpg, 1, 0
a8ba45d9-69a1-4fc4-a6c3-74c50107e59c_45_jpg.rf.5aa46c880a07f270709e58d5d2dc41ac.jpg, 0, 1
7a6523d6-ef65-4cca-8160-946936395ede_jpg.rf.5aac40664014c5bed93c588ae277fb2f.jpg, 0, 1
589950d7-088b-4c4b-abc1-9b824671ec8f_45_jpg.rf.5aa81cf863632107f6d1fdee1cf7c308.jpg, 1, 0
16117db8-0d07-4950-b684-370b7d0813ec_jpg.rf.5aaf402d007759bf88f44b480d4247f8.jpg, 0, 1
5d105570-fd52-46cd-a90a-9dfa42ef878a_45_jpg.rf.5ab9bf493a56ea770afc676f74dea059.jpg, 0, 1
92a893f4-8dd5-4f4a-9864-08811d4ed00a_jpg.rf.5ad7165e69a93179f44b456c69a780af.jpg, 0, 1
f206736f-e48f-4e12-b367-144752c744e6_90_jpg.rf.5ad870445de3c32a28ad7deb84cba9a0.jpg, 1, 0
66ffa488-289b-4188-afe1-7764a1a1bb1a_270_jpg.rf.5aeadf19f88c4691ab92b76327236a00.jpg, 0, 1
9cb97279-36f3-438c-97d5-91da39c4e13a_jpg.rf.5af3e500313e1422fabbccb6c527ffca.jpg, 0, 1
06b95f3f-e2f5-4f58-95b1-6f9024e8e5d7_270_jpg.rf.5ae4a635bea029804ea7f60f28bba802.jpg, 0, 1
WIN_20221229_23_33_42_Pro_jpg.rf.5b02e19b09a94490242b1323f7cebd83.jpg, 0, 1
56863d51-82dd-432b-808a-bb09a5e65be6_jpg.rf.5b0eb69ee34e1803a5dde6f59df14c82.jpg, 0, 1
3bde05ec-782e-445d-a221-38a8ecbc5dab_135_jpg.rf.5b1c28cef3fb8466a3528be61e45ff2d.jpg, 0, 1
9a5fc62c-6820-4cb6-ba66-1063e612d144_45_jpg.rf.5b2bc302f0ccceaf25e24b1201e658df.jpg, 0, 1
ba23ca74-9f22-43fe-8e97-1aaac5891d8d_180_jpg.rf.5b19b91f6f1e8ab76d73ee5c580c111b.jpg, 0, 1
82743c35-e968-47ee-93f6-95270352fe13_180_jpg.rf.5b35f87db4af4f2c3881bb3b4f2b5c81.jpg, 1, 0
b361e99e-9c59-43b5-92f6-80ad77c3287f_135_jpg.rf.5b4e99d4ea6c109d2269703f7e8a0b7e.jpg, 1, 0
4dcbce83-654c-4125-9939-c4398187533a_jpg.rf.5b5559d42be66ccc6fa8b705b090e9b3.jpg, 1, 0
708fb576-4b86-4d50-a652-cc0d64f5407a_135_jpg.rf.5b51b77dc26b620cdba234e944a752ea.jpg, 0, 1
aa8cc596-1881-4e18-a73f-fe60f6a6a031_180_jpg.rf.5b6b7e6c30a7bf902351823dab9b1832.jpg, 0, 1
a4b1b05e-8f9a-4f68-98fe-52dd9e2a9663_180_jpg.rf.5b6b9aa8795c2bd77bf4f2d23555af33.jpg, 1, 0
ef757b72-613c-4d8f-b8e0-a3564581cb0f_135_jpg.rf.5b6f7d069587ea23f6ea41776acfcac2.jpg, 1, 0
7089d907-9aaf-459e-ae22-53962285fbc8_270_jpg.rf.5b656198365c526cb3a967279e0ff079.jpg, 0, 1
92787dc3-1720-41c4-8acc-5c7f3fda0fa5_225_jpg.rf.5b7e2af53fbf0c9b90656dfda7360660.jpg, 1, 0
488a316b-07fc-410e-a5fd-84f831acc653_270_jpg.rf.5b874225b030611bb5d2e970f5473042.jpg, 0, 1
5064456d-d977-4c88-a2f7-613db1f3f19b_90_jpg.rf.5b78699707604367a32420474254bb2e.jpg, 0, 1
93bde728-be7b-4af0-a18e-67f00d6fdcac_135_jpg.rf.5b70089dd7563ec36024ce0483696e71.jpg, 0, 1
87cc591e-7e25-4d08-a519-6b5ec6d98cfa_jpg.rf.5bacc854681a2156e83feb31db42f906.jpg, 0, 1
8ddce3ce-bc64-4942-93aa-940868007f64_90_jpg.rf.5b9a9fca2f64d589dcefe447e72dc467.jpg, 0, 1
0327f441-9a02-40a9-b280-251440ad4cec_135_jpg.rf.5b8c0c31ddde19bfaecf8a4f545b7a6c.jpg, 0, 1
70be0397-922c-4185-bb84-728b59ab25f8_270_jpg.rf.5bad3925d768a86670f8a791e1910bbf.jpg, 0, 1
7089d907-9aaf-459e-ae22-53962285fbc8_jpg.rf.5bb0a2dc1342748a023f58183f7df3d5.jpg, 0, 1
WIN_20221229_23_02_29_Pro_jpg.rf.5bb6c8a38be497f39879fb095e88bc5a.jpg, 1, 0
9fc543ac-91f3-43f6-8df6-28bb9709a3e6_270_jpg.rf.5bcaa704539e371934777917d00b3421.jpg, 0, 1
39c71820-6b5b-499e-b2c6-a957f48c62fa_jpg.rf.5bd5fe6d510ecf30086015d52f796bff.jpg, 0, 1
5d5357ec-e4b0-4f32-a45c-2dca5338324d_225_jpg.rf.5bddcdfb876e98b5610c2a2b7373751e.jpg, 0, 1
7ebb4762-7de4-4754-8cd2-2d4f743f512c_225_jpg.rf.5be121664256e8e411b83f8f68bded15.jpg, 0, 1
fbe4f519-6225-4168-bcf9-4ccc4d0d82bf_225_jpg.rf.5bda0d7e37c54af767be3ae0f8b986ed.jpg, 1, 0
WIN_20221229_23_23_07_Pro_jpg.rf.5be385c9723dc2ec53199cfbca96096b.jpg, 0, 1
014bcc0a-10c7-41eb-80eb-e2f62bb652b3_135_jpg.rf.5be1963f964502f232b014f4150dcbad.jpg, 0, 1
05693239-35bd-4086-b8c3-e7b6aa763b4f_270_jpg.rf.5bdfc11ea6a7d0f15c5279db047f1f93.jpg, 0, 1
764af58e-c590-444a-aefd-b4bc11f74c40_45_jpg.rf.5be7276cc3a0b23afa22bfdc776cff0b.jpg, 1, 0
WIN_20221229_22_31_15_Pro_jpg.rf.5be707f05553aa8a91f2eee85a8de963.jpg, 1, 0
d4ea5845-ed1c-4bcd-b615-557884bb64c2_jpg.rf.5be9d54a1f70fca67ba5d8494283c3de.jpg, 1, 0
90ecbd63-5a3d-4c6b-bd34-594c7c6a2d40_180_jpg.rf.5bf106341bfc9ca682a57ef1925f555f.jpg, 0, 1
708fb576-4b86-4d50-a652-cc0d64f5407a_135_jpg.rf.5bfd7b0c3fa8cc14c209f9fdeecef491.jpg, 0, 1
6bb51206-67ec-431b-8484-93739b1fddad_90_jpg.rf.5bfd818b28f379a95280ac3aa920cf04.jpg, 1, 0
d4ea5845-ed1c-4bcd-b615-557884bb64c2_225_jpg.rf.5bf6bdc3c9af462a6c3c501f764d78e5.jpg, 1, 0
0fbac742-48ee-4857-ab82-3318c8fbdcb8_jpg.rf.5c117022bd72357bca2e1a19db8f86a9.jpg, 0, 1
2be59dd5-7793-413c-96cb-c40098eba6f6_225_jpg.rf.5c0bba38a2b07bcce2d883041cad3f75.jpg, 0, 1
92009a81-ec1a-4dc0-99aa-c0898383287c_45_jpg.rf.5c13567f19730a44890129cd7d3c5992.jpg, 0, 1
24522061-cd21-4507-92da-432712838d1d_180_jpg.rf.5c297e740dd076714ae836bccef8123c.jpg, 0, 1
66c7508a-f4ff-4af6-a91b-5f33d3c4d20d_225_jpg.rf.5c21b3cd64d4585518ddf7b9f32114d7.jpg, 0, 1
WIN_20221229_22_16_50_Pro_jpg.rf.5c2c5380a6060ec1b6de5c75dea0508e.jpg, 1, 0
5522f66d-ad72-48d5-9767-5e7b23f6a206_135_jpg.rf.5c27b03914fa792ce609e7c320f900bd.jpg, 1, 0
24522061-cd21-4507-92da-432712838d1d_135_jpg.rf.5c402598a07302c901b3f1587afa0221.jpg, 0, 1
5a3117dc-7932-4c34-ae3f-e5867c98ee0a_270_jpg.rf.5c4ba4b1ecee3be55a2ebe82f9228ee4.jpg, 0, 1
d6faa4f5-e419-4c2d-b0be-316f48d5464a_180_jpg.rf.5c4fb6719400ef15973460b4581d628f.jpg, 0, 1
15f5d196-2633-4a7b-9102-b33c659c6024_90_jpg.rf.5c6f2f6ccc79971117bafb1fd7865e39.jpg, 0, 1
66c7508a-f4ff-4af6-a91b-5f33d3c4d20d_270_jpg.rf.5c56d98507059755deeb6f4082801d47.jpg, 0, 1
98cb62e4-f491-47c7-b871-9d1aeeac307e_225_jpg.rf.5c5697651b12715bfef904dde9acb5cd.jpg, 0, 1
898d6980-0ea3-4451-82f1-3bdabc8c6d9d_135_jpg.rf.5c7056c921683036d93476f2a0c25942.jpg, 0, 1
a4b1b05e-8f9a-4f68-98fe-52dd9e2a9663_270_jpg.rf.5c79b7b4df36667f4e0be772eae26ed3.jpg, 1, 0
75fea9b7-7c08-4ea2-bb8d-50096fdf774b_225_jpg.rf.5c5e1beee6afbb57fd89e504ba794f40.jpg, 0, 1
a1690e8a-68f2-42fa-b0a0-6c59cc895c84_225_jpg.rf.5c7a7475d5adaab88e1a943e54f5817c.jpg, 0, 1
39c71820-6b5b-499e-b2c6-a957f48c62fa_jpg.rf.5c7dac77c4cabea44e39931d7c2a7e55.jpg, 0, 1
1513532a-b352-4b17-b681-b02f3127b483_jpg.rf.5c8016cb68894dc22847b974620f1007.jpg, 0, 1
859bbe6e-7f46-4b86-acd1-86fea679de36_45_jpg.rf.5c8ae076ffa92bb61e30d4fa61a86dac.jpg, 0, 1
d6ed6d4c-2acb-4507-bc4c-70480968eacb_jpg.rf.5c903d6b8c68afabe3bc53fefda25bcd.jpg, 0, 1
6fb259e3-002e-473c-a2bc-4a9f48c1ebe7_180_jpg.rf.5c91615edb47e5802ce247cb8c033603.jpg, 1, 0
220fcc53-6ef7-45d1-8122-fa1c19ca9ec5_270_jpg.rf.5c95f142bf4d6b7770e0ecf96b198c73.jpg, 0, 1
WIN_20221229_23_13_03_Pro_jpg.rf.5ca1e081464a280a63bbc48261e99330.jpg, 1, 0
6f8a29a3-8b83-47d6-8a5b-7baf97fd4469_45_jpg.rf.5ca108f34f59abab8a2f41e6b8970d79.jpg, 0, 1
805c86e2-7416-44fc-b8aa-f663db39cf8a_270_jpg.rf.5ca728374e40fe04f9510f147ac01c67.jpg, 0, 1
1acf8679-d50f-446c-b806-def7d073e244_135_jpg.rf.5ca2f33ed5ec8755f22edd81aa6eef5d.jpg, 1, 0
6f8a29a3-8b83-47d6-8a5b-7baf97fd4469_180_jpg.rf.5caa8483f760c0b19c1a48e2b1f42152.jpg, 0, 1
WIN_20221229_22_05_15_Pro_jpg.rf.5cac9a4bc076c6429ff5b36fb50150d3.jpg, 1, 0
69fc95bf-f644-4c92-8057-f05146da07f7_45_jpg.rf.5cacc8983013f417e71c1e2bd974feeb.jpg, 0, 1
16179c8f-5a02-46d2-bcf1-145bf553fc58_270_jpg.rf.5cae48e09b32721b5948b26095dd61ce.jpg, 0, 1
f206736f-e48f-4e12-b367-144752c744e6_90_jpg.rf.5caa8f8c6b4f218bac54dc3c3dbaf87c.jpg, 1, 0
5064456d-d977-4c88-a2f7-613db1f3f19b_45_jpg.rf.5cb0bc05e450736fbe48d9ab6c560358.jpg, 0, 1
503a19e2-d693-4ab0-aae9-9181b1789a94_90_jpg.rf.5cb588c1826b8099c3d0818355a4660c.jpg, 0, 1
706a501b-940f-4252-89a9-1afae476d3b1_jpg.rf.5cb57350ef8aff6aae285bd6b5fb0c0b.jpg, 0, 1
WIN_20221229_23_22_35_Pro_jpg.rf.5cb5b2857ff1a83b758804680427b838.jpg, 0, 1
8d331829-b225-451b-8aaa-89058c62faf5_270_jpg.rf.5cc329bf6eccdc253696c64851b2c4b3.jpg, 0, 1
00137db3-94aa-4aa5-aa3b-e3e09d6a5ef5_135_jpg.rf.5cbf19c6d96a3615709d13824ea87330.jpg, 0, 1
96f68346-9256-416a-a050-9ec4b750ccc6_180_jpg.rf.5cd8174578232843afa3583463f3a1f4.jpg, 0, 1
afd3edfe-e4fe-4715-8429-5af060c5f0d9_135_jpg.rf.5cdb92c97937efe2fb883e3813e1b828.jpg, 0, 1
0df87bae-ddf0-49e3-97af-b371d8544547_jpg.rf.5cce99a22893258c20aaf52151007114.jpg, 0, 1
a936c90a-8f24-4289-b10b-4830ac9f3019_jpg.rf.5d03e2f30034df1cb1e43e39e0079b4e.jpg, 0, 1
WIN_20221229_22_48_25_Pro_jpg.rf.5cf36768b1b769516933a1c27ff11348.jpg, 1, 0
8efe1e18-4032-4f20-996f-60a19c62f547_225_jpg.rf.5cf3e19b1d3dd625a6f591ceba5a5881.jpg, 0, 1
69ab59e3-c1ad-4509-a8b8-bd8e4fac2ae6_225_jpg.rf.5d21a7afe7f770e76e34603996d1e921.jpg, 0, 1
2d6fa448-2f18-4db5-a942-7097acff076a_jpg.rf.5d0f9f43c1854a26a6d58056294f049c.jpg, 1, 0
53f913e3-941b-4772-8446-2bad471e22b0_jpg.rf.5d1874cf50687961dd3d69de6e5c8b48.jpg, 0, 1
6bb51206-67ec-431b-8484-93739b1fddad_270_jpg.rf.5d274645ade260da7d1122dfd7c8eade.jpg, 1, 0
6e3c83a7-c5c6-46b5-8562-ffa8d99f4bb2_90_jpg.rf.5d274a8eb8032517a82e4ff59bdec80d.jpg, 0, 1
680cc473-598d-49e7-847e-6b8c099e14fc_90_jpg.rf.5d2ac76bda9f97d51265f9855dbec532.jpg, 0, 1
72ab964e-0b95-46ec-a135-1890eb300c53_jpg.rf.5d37caad51de4355813c4a7a67e5aefa.jpg, 0, 1
a70cfd80-0fa8-48c8-ab56-7f7cc8b0bb9b_45_jpg.rf.5d37ecc3cf49374d62157938da4a4a65.jpg, 0, 1
87ad76a7-bd79-4c43-86bb-4db4498e10f1_jpg.rf.5d44971a80b528a5f503f0d5a8cf54e2.jpg, 0, 1
72a2b8f8-c7ca-4222-b2a1-9b82ac7990f4_135_jpg.rf.5d3d405f60395704c22144f7b82f805b.jpg, 0, 1
507e6cd8-2041-47e5-b174-28a6d9328985_225_jpg.rf.5d52036a291bfef6eb17d77e47214ba7.jpg, 0, 1
WIN_20221229_23_32_23_Pro_jpg.rf.5d543a68221bb93fcdc3e2941d610c86.jpg, 0, 1
4737a7d7-5d10-4912-b3e7-c8254a88af02_45_jpg.rf.5d58248642fdf53b6e1972a55781c8e8.jpg, 0, 1
d65589fa-33dc-4e7f-9d37-a8763424d061_45_jpg.rf.5d48bcb9eaebe5c5557da11e280d782a.jpg, 1, 0
22ada72b-340c-4d68-9534-2729e3347cab_180_jpg.rf.5d5a12a40031e8a35fbf600c19bf6e0b.jpg, 0, 1
91fd5e6d-6fa7-45ec-b8dd-a390713a150f_270_jpg.rf.5d5bc855eec98cd189cd1a06c4e916da.jpg, 0, 1
d4ea5845-ed1c-4bcd-b615-557884bb64c2_135_jpg.rf.5d6b75c0862abe7d391a2fb9fbf364c9.jpg, 1, 0
WIN_20221229_23_34_04_Pro_jpg.rf.5d61e47dcccc48f430c3c07a733a1d81.jpg, 0, 1
WIN_20221229_22_45_31_Pro_jpg.rf.5d6b8d344c6e1dc6ebc25651e5c06cb4.jpg, 1, 0
WIN_20221229_23_12_48_Pro_jpg.rf.5d84e5121ff9d34719930192be6f2ff7.jpg, 1, 0
8c678484-e530-433f-9265-cadfa51b5d6a_180_jpg.rf.5d7ce4a3278216643b22c6b98c6573e1.jpg, 0, 1
8efe1e18-4032-4f20-996f-60a19c62f547_135_jpg.rf.5d82792b5ff44ab7185e1b36488ce668.jpg, 0, 1
96f68346-9256-416a-a050-9ec4b750ccc6_225_jpg.rf.5d95d0b17475efe91cb92475043012a6.jpg, 0, 1
09e044e6-a2b6-4827-9853-beb7d392347f_90_jpg.rf.5da880c85fccb14ec2fb1a2936da217d.jpg, 0, 1
c6d5a9cd-56bd-4e1a-9ca8-c3562c8140f8_45_jpg.rf.5dbbea63aeb753a8a5d22c875656bb77.jpg, 0, 1
0c279d03-a83d-4404-b852-2b90d79e1ed3_jpg.rf.5dae578b66e6ca49d8b620e958bfcbc1.jpg, 0, 1
66ffa488-289b-4188-afe1-7764a1a1bb1a_270_jpg.rf.5dbc5e94feb1a8d9bb79f0f1978912c2.jpg, 0, 1
ef757b72-613c-4d8f-b8e0-a3564581cb0f_225_jpg.rf.5dc388f1dd382e7e0cd8bc3389b6b745.jpg, 1, 0
44c7fb6b-7175-4aa3-98c2-9bc78d8a6f92_270_jpg.rf.5dc5b6e2d2897b1c9097fdc3da268e97.jpg, 0, 1
4ded4873-2bd7-4d9b-80ae-7a8967c128ce_270_jpg.rf.5de3a53fdae12056c9753a752ef7ad20.jpg, 1, 0
d02674ec-4a90-43c1-9aba-1cf70300a55a_135_jpg.rf.5dd51cb6488dd44a7c309c72708feadd.jpg, 1, 0
WIN_20221229_23_19_44_Pro_jpg.rf.5ded96df227123916f13b64fbee9c794.jpg, 1, 0
WIN_20221229_22_34_21_Pro_jpg.rf.5de913b24702b4342641304ba455b4de.jpg, 1, 0
54619429-78f2-42b3-b007-8ea9c0984c4b_90_jpg.rf.5e07031948c9141599c39c626c393f32.jpg, 0, 1
79eb3e80-65d5-431c-b388-ea52ce593c7d_270_jpg.rf.5e13d97266d486e4321405331eb91d8a.jpg, 1, 0
09f44886-0cae-43b1-97fe-d8055d8d3616_225_jpg.rf.5e25b6ffc93f537134fc56ad9a7797b0.jpg, 0, 1
15fd3442-e84f-4c27-952b-ec415fe777d6_225_jpg.rf.5e145592d9a93f03e8a43dde810f5577.jpg, 0, 1
15f5d196-2633-4a7b-9102-b33c659c6024_135_jpg.rf.5e15c4d9f05c7d5d1151f7690c1fb58f.jpg, 0, 1
5d5357ec-e4b0-4f32-a45c-2dca5338324d_135_jpg.rf.5e285c1b77066cf24cf15703e19828d6.jpg, 0, 1
898d6980-0ea3-4451-82f1-3bdabc8c6d9d_180_jpg.rf.5e43276c2b60e8e2954bc756fb1f50e1.jpg, 0, 1
adcb9cef-245f-4674-bd16-4c8ad789d0a8_90_jpg.rf.5e4bd8c8aad0497c7ef6ba4ffc954b6d.jpg, 0, 1
1af687ed-553d-491e-a213-8ddfbfea61ec_jpg.rf.5e461976e4c82b06bc4a3b481ff13394.jpg, 1, 0
16179c8f-5a02-46d2-bcf1-145bf553fc58_225_jpg.rf.5e4bf440409d2678424afa8cb162c6a8.jpg, 0, 1
6181c79d-f063-4fa4-be90-ae376d6b3bdc_270_jpg.rf.5e617952d07ee147fb83b1fc1747a4a9.jpg, 1, 0
98cb62e4-f491-47c7-b871-9d1aeeac307e_90_jpg.rf.5e661ef752ee5b224dcfc654fbb2a364.jpg, 0, 1
WIN_20221229_22_16_31_Pro_jpg.rf.5e6b2e931ef44ee5ae2f13971f5519de.jpg, 1, 0
b361e99e-9c59-43b5-92f6-80ad77c3287f_270_jpg.rf.5e800e921477953c8e812f75d6f8679b.jpg, 1, 0
4ded4873-2bd7-4d9b-80ae-7a8967c128ce_225_jpg.rf.5e816da0fe754f3dd4c3c80074195f2d.jpg, 1, 0
1ab90226-8889-4bcd-ad0c-ea01fedaaffd_180_jpg.rf.5e854a9f50acd4564a40bc2f9e3ad434.jpg, 1, 0
6f8a29a3-8b83-47d6-8a5b-7baf97fd4469_jpg.rf.5e85f119b151338eedd9be357be19b35.jpg, 0, 1
91e77c81-f2eb-4358-81d6-eea2509ae443_180_jpg.rf.5e91f393a9337276653c78e0984d0c84.jpg, 0, 1
ac755961-63a0-4e01-b87e-eacd0b5d7899_90_jpg.rf.5e9ae9f284210871d9e3ae43c3e3df47.jpg, 0, 1
90ecbd63-5a3d-4c6b-bd34-594c7c6a2d40_45_jpg.rf.5ea5b5e4f43a36880c2e47ed1809f82c.jpg, 0, 1
611513d3-0fb7-4068-8cd8-68a9bdb056c4_90_jpg.rf.5ea841cca08d7f6f69f0c46d720bcb27.jpg, 1, 0
70f70f97-4a9e-4d42-a08b-3b7d1b9abef8_180_jpg.rf.5eaa114d000fb87566d5a19cf3ec261a.jpg, 0, 1
WIN_20221229_23_02_13_Pro_jpg.rf.5ea9635ece9794399974db352901f3f1.jpg, 1, 0
15f5d196-2633-4a7b-9102-b33c659c6024_135_jpg.rf.5eace04e850f2390576d82949222af9b.jpg, 0, 1
b4b3a28f-aee8-402c-856a-b09db5dbeb4a_90_jpg.rf.5eb6c93a0ae93e1c146e9cb9f205b5cd.jpg, 1, 0
ba25564d-c23a-450d-b0af-a191ed900fb1_jpg.rf.5ebe5cccf18475d0f050abf35a72c9c3.jpg, 1, 0
226b7023-757d-4c11-9b59-a0e8f02e5274_180_jpg.rf.5ec70a716bb4c6eb0b40fd4dcb304c60.jpg, 0, 1
a36b24dc-58f1-4270-b642-3bb7ec46de0f_225_jpg.rf.5ecaa382ca594a8d4df5b60d633edf9b.jpg, 1, 0
d4ea5845-ed1c-4bcd-b615-557884bb64c2_180_jpg.rf.5ecddd51efef7a53431f5d8dbcdd06aa.jpg, 1, 0
226b7023-757d-4c11-9b59-a0e8f02e5274_135_jpg.rf.5ed39c639923d6482b4213f529d05ecb.jpg, 0, 1
2da43d43-ad7b-435c-920d-0fbfebb88959_90_jpg.rf.5edb94b404e09b984992617fc7d7327a.jpg, 1, 0
2d6fa448-2f18-4db5-a942-7097acff076a_jpg.rf.5ee60ab6fcbc768ecd8514cda186b763.jpg, 1, 0
503a19e2-d693-4ab0-aae9-9181b1789a94_270_jpg.rf.5ef1eab7b5c0a9c3052b5171aeb46fb4.jpg, 0, 1
2b3fa5f4-98bb-4565-b461-8ebc3db528ca_180_jpg.rf.5ee1af059218c59dc95a65e844d93750.jpg, 1, 0
92fe0088-90bc-4eaa-8567-a9b3ad0645e8_225_jpg.rf.5f08fa2cf906e24503480d722d41f56f.jpg, 0, 1
87e64a68-c898-4474-bd57-1e570902862f_135_jpg.rf.5f0b2896b4591e68d394ad124e20353f.jpg, 0, 1
5aa96b87-9a19-4beb-971d-21bde07a9a0b_90_jpg.rf.5f04392c5789218c180116bce82dcc59.jpg, 1, 0
8140aed5-a61c-4048-81dc-c9e2149f60b2_180_jpg.rf.5ef3824b7bbae2428a0a75bf547e2106.jpg, 0, 1
93bde728-be7b-4af0-a18e-67f00d6fdcac_225_jpg.rf.5f08ef847a864e806ae0f791f76fd84b.jpg, 0, 1
a1690e8a-68f2-42fa-b0a0-6c59cc895c84_180_jpg.rf.5f13135820083610af2e2755ee8584bf.jpg, 0, 1
ef757b72-613c-4d8f-b8e0-a3564581cb0f_180_jpg.rf.5f1d3cd9d918af065b2ca152dd8ec9de.jpg, 1, 0
92fe0088-90bc-4eaa-8567-a9b3ad0645e8_270_jpg.rf.5f2861a7d65810fd7d3ea539cba99c22.jpg, 0, 1
00800bbf-203e-48bd-b64c-f14ef2579c8a_135_jpg.rf.5f286f2f5ce08c40399ac82e6dc93460.jpg, 0, 1
7a6523d6-ef65-4cca-8160-946936395ede_270_jpg.rf.5f38699857693be7fb731d86b88ad46d.jpg, 0, 1
WIN_20221229_22_05_40_Pro_jpg.rf.5f38746d13e5cfc3590e77c5b00f110d.jpg, 1, 0
c01c35d2-7769-4a57-abff-c52f7def3900_225_jpg.rf.5f48d2b03fad58e2466e3f9d08c61459.jpg, 1, 0
WIN_20221229_22_54_55_Pro_jpg.rf.5f4b17bd1be095beeec8faa61b24dc02.jpg, 1, 0
d02674ec-4a90-43c1-9aba-1cf70300a55a_jpg.rf.5f183f1d6163b7f1611e4589ca1be71f.jpg, 1, 0
2bf615ea-7241-4861-82d7-bb74c8b5dfba_225_jpg.rf.a9ca085ba6cc9dd9996a3fe4f2e207b5.jpg, 0, 1
WIN_20221229_22_05_15_Pro_jpg.rf.a929071ec0b7691eaa9fac593aebc6de.jpg, 1, 0
WIN_20221229_23_28_52_Pro_jpg.rf.a9c85caa31852f633a637d1d180cdf68.jpg, 0, 1
2a99660b-f767-40aa-937f-c4cd68d2ceac_225_jpg.rf.a983dbfbb57755c5c0d0e7d1d2ca7075.jpg, 0, 1
91e77c81-f2eb-4358-81d6-eea2509ae443_180_jpg.rf.a994da42abc67a078f163631e3d02bc0.jpg, 0, 1
4eddf419-3396-43d2-8b40-3ccecf2a2620_270_jpg.rf.a9af843b9df695db75e785c729ddecdc.jpg, 1, 0
bd17953c-5cc6-4fc5-8ade-fd7ece53be19_jpg.rf.a996a3847c55878e51de5a77e65096da.jpg, 0, 1
de7c5c69-6255-4087-9565-1732a07c986d_270_jpg.rf.a9b440408bec98709d1d187a6cfdc001.jpg, 1, 0
207aff1c-09cf-47d1-ae76-474c6c31b0e4_270_jpg.rf.a9b1087ca3b7eff4e98889ffec283db6.jpg, 0, 1
4f08fc98-7d4d-43f7-921d-b2ccf8ca726d_225_jpg.rf.a9e1dcb54b7225193617d994d53b5d57.jpg, 1, 0
WIN_20221229_22_03_10_Pro_jpg.rf.a9dda8dac49390d7742b296bdcc044d6.jpg, 1, 0
d6ed6d4c-2acb-4507-bc4c-70480968eacb_135_jpg.rf.a9e393558a982baad682614eb1e2997f.jpg, 0, 1
303bf4f0-4e58-4f52-83e1-73f1a7ceabc5_jpg.rf.a9de9862a6d6c792b895338d5ffc33c3.jpg, 0, 1
6b30113e-141c-4956-964b-7b64918f694b_225_jpg.rf.a9f377f6a9442359128c6bd2adf6c462.jpg, 1, 0
92787dc3-1720-41c4-8acc-5c7f3fda0fa5_90_jpg.rf.a98a11f56465d624c45cc1da168088f1.jpg, 1, 0
4d510781-6fad-4149-909f-5b3615711984_jpg.rf.a975d3265b032c902f9febec26d88f7f.jpg, 1, 0
52fd332d-b13d-4675-8292-bfb533d39432_270_jpg.rf.a996eb2bf80354ed1817abd9d78ac45b.jpg, 0, 1
8dfde29c-73a0-4bd6-a788-0a31baf572a0_90_jpg.rf.a9acd12e63f6e3c4067d5185690e4bc6.jpg, 0, 1
c01c35d2-7769-4a57-abff-c52f7def3900_225_jpg.rf.a9f7e2c5d0bef7b0af328c72488f8060.jpg, 1, 0
16117db8-0d07-4950-b684-370b7d0813ec_jpg.rf.a99c664fcc74f77808cce670edf0443b.jpg, 0, 1
0c279d03-a83d-4404-b852-2b90d79e1ed3_225_jpg.rf.a9cf7e2c85b18e761d517998fc607c54.jpg, 0, 1
1f4613ea-1b60-4092-876c-1a474a8c51b9_135_jpg.rf.a9b5e3f9e69fd4295b8ba9c26a42f9a7.jpg, 1, 0
5671fc02-681e-4da8-826f-c1a0b2dc5870_90_jpg.rf.aa0b5ca05d84878329cc1c1e4b45ee45.jpg, 0, 1
503a19e2-d693-4ab0-aae9-9181b1789a94_180_jpg.rf.aa1a91f7adab590ee716b54e0e50f5be.jpg, 0, 1
811f5cf3-9a05-4b39-b1b3-174f31f7cec6_jpg.rf.aa1576aa7d5d4e497e96aba959461232.jpg, 0, 1
cfed691e-4738-45c4-a2bd-65fc9d5c2da8_135_jpg.rf.aa0efc93a8bd31af9df2d64869815771.jpg, 1, 0
72ab964e-0b95-46ec-a135-1890eb300c53_135_jpg.rf.a9c4696014143a8cc6b02601bf129a9e.jpg, 0, 1
WIN_20221229_22_52_24_Pro_jpg.rf.a91f67619206d4af9df94a61a73ef8b7.jpg, 1, 0
WIN_20221229_22_39_03_Pro_jpg.rf.a9db47c2bb83bf73d76e278fef06e79a.jpg, 1, 0
9765b374-f3eb-4a26-903c-90d85bc9fe0a_135_jpg.rf.aa34a4e272b48da03984690b3a9dca44.jpg, 0, 1
0fbac742-48ee-4857-ab82-3318c8fbdcb8_90_jpg.rf.aa2a90d01b178056d8d921ee17bf5672.jpg, 0, 1
80de665e-2077-4a83-9a40-20d2bcaeac43_270_jpg.rf.aa20494fcc69a89ff0beba70852c3252.jpg, 0, 1
d6ed6d4c-2acb-4507-bc4c-70480968eacb_225_jpg.rf.aa384e1b22b2d9ba51b9374d7156f448.jpg, 0, 1
2da43d43-ad7b-435c-920d-0fbfebb88959_135_jpg.rf.aa40b5db95c55d49c3be1acd39478ce0.jpg, 1, 0
9a5fc62c-6820-4cb6-ba66-1063e612d144_135_jpg.rf.aa3a25c49a78df26e7033709c0a3ed71.jpg, 0, 1
75fea9b7-7c08-4ea2-bb8d-50096fdf774b_180_jpg.rf.aa4c1627b7a27e541c1aa2305c9912b6.jpg, 0, 1
adcb9cef-245f-4674-bd16-4c8ad789d0a8_45_jpg.rf.aa3d1699347750030ed2017c3c263e77.jpg, 0, 1
9765b374-f3eb-4a26-903c-90d85bc9fe0a_jpg.rf.aa4c617a49561e8a9b21164913ddf5fe.jpg, 0, 1
01aff576-d811-4858-bc7b-e66af9db530f_45_jpg.rf.aa6e6481df2117b766552ff00e625999.jpg, 1, 0
5c99f964-3704-402c-aa2d-42bd2fbacf4f_180_jpg.rf.aa6fc8ca158e4e507893c61f913e79e9.jpg, 0, 1
WIN_20221229_23_32_40_Pro_jpg.rf.aa5d168f79586155c9553b57e9e06edf.jpg, 0, 1
764af58e-c590-444a-aefd-b4bc11f74c40_270_jpg.rf.aa9499e0d159c3e1fecf0292989745f9.jpg, 1, 0
WIN_20221229_22_58_25_Pro_jpg.rf.aa853bb7899d23728a043c4114183d27.jpg, 1, 0
d6ed6d4c-2acb-4507-bc4c-70480968eacb_225_jpg.rf.aa97bb04def4b1ce34c8de28ecdfe6d9.jpg, 0, 1
5522f66d-ad72-48d5-9767-5e7b23f6a206_jpg.rf.aaa343c071b86e790022b17db347bf34.jpg, 1, 0
3fa757aa-5f48-4acc-b2d9-edf0d584d79a_90_jpg.rf.aab19dedd9f06208cbd456b0fd532068.jpg, 0, 1
9765b374-f3eb-4a26-903c-90d85bc9fe0a_45_jpg.rf.aab1a118f031afe82a470c6b7288ba56.jpg, 0, 1
9765b374-f3eb-4a26-903c-90d85bc9fe0a_90_jpg.rf.aabefb2642bddd45e95075faa4dd0126.jpg, 0, 1
00137db3-94aa-4aa5-aa3b-e3e09d6a5ef5_270_jpg.rf.aabce236ec01df6578b797a72be0c485.jpg, 0, 1
4d510781-6fad-4149-909f-5b3615711984_45_jpg.rf.aac4f91ceaf6c6e993bf846ebcb224fc.jpg, 1, 0
680cc473-598d-49e7-847e-6b8c099e14fc_135_jpg.rf.aac6d2ea596b2802268931f3d3d7ff0d.jpg, 0, 1
120bdf6d-39ea-4df8-b8a7-1a4362423b28_270_jpg.rf.aacaf80fe7e64e88651e08fd13a1819c.jpg, 0, 1
085c4ff0-ec11-44e6-b865-d4a8e163bcee_135_jpg.rf.aac59ac772282bec3c36b5635416a869.jpg, 0, 1
94a26150-c197-425f-961b-0a4ae35825cf_270_jpg.rf.aadb14efcd609ad720b0bd96c6095e4d.jpg, 0, 1
589950d7-088b-4c4b-abc1-9b824671ec8f_135_jpg.rf.aacb0a6abe0477cba51be619f3dd3f10.jpg, 1, 0
1ab90226-8889-4bcd-ad0c-ea01fedaaffd_270_jpg.rf.aae1b4077166449dfbfa249dcd82f8c9.jpg, 1, 0
0b521929-1734-47b8-86c9-093445af0697_90_jpg.rf.aacd9d069e638cd39e22185cc8677036.jpg, 0, 1
84f05969-c971-4d44-8df4-3a80a71a545d_180_jpg.rf.aae6e728759cfd7e938bdb50a25fba5d.jpg, 0, 1
WIN_20221229_23_18_37_Pro_jpg.rf.aaee2c741564017a1709af6d1fc54d56.jpg, 1, 0
52e703e1-69d2-44c7-a214-269fa0e09054_jpg.rf.aaf3d0816abc8e67102d86d03579783c.jpg, 0, 1
8ddce3ce-bc64-4942-93aa-940868007f64_180_jpg.rf.ab08040e2db843b3fe7bcdb555ab6e16.jpg, 0, 1
96383b0f-647d-4d8b-aae4-c525fb9365d6_180_jpg.rf.ab1d1dcf1b2cf7167059dfc51a6c3d62.jpg, 0, 1
WIN_20221229_23_01_23_Pro_jpg.rf.ab0a7411ee7e429d63b050ace224c82b.jpg, 1, 0
680cc473-598d-49e7-847e-6b8c099e14fc_180_jpg.rf.ab1b91ff603859e62c4068cc3288eaed.jpg, 0, 1
57ab1fc0-e755-40c3-82cb-cce0684f11f4_225_jpg.rf.ab254ed807cef841d19c644f2440915b.jpg, 0, 1
91b94861-b751-4b86-b7a3-f6b2e3dbbd89_90_jpg.rf.ab295a243d66ca01c1984d2df206228e.jpg, 0, 1
96d467c2-fa44-474b-9e64-88f1f265aeaf_270_jpg.rf.ab3b22d1043cacd62b04c5b6b3978d73.jpg, 0, 1
56863d51-82dd-432b-808a-bb09a5e65be6_45_jpg.rf.ab3c0139161bd3bc8dd3393493e3fb85.jpg, 0, 1
8a28aff5-8859-462a-bccf-e8d61dde3eff_45_jpg.rf.ab40481681685f5429c611c51c72287a.jpg, 1, 0
120bdf6d-39ea-4df8-b8a7-1a4362423b28_225_jpg.rf.ab532d193ab18b285054ec09ea6e6ecc.jpg, 0, 1
WIN_20221229_23_28_39_Pro_jpg.rf.ab49ad335acc48dde200b907950801d4.jpg, 0, 1
WIN_20221229_22_04_24_Pro_jpg.rf.ab5674d545d4868ad869adf282b3c531.jpg, 1, 0
69c9cfea-cfbd-4dfe-a8a2-2ed31daafd85_225_jpg.rf.ab4cfde2c327198fcc271f0655dbafd3.jpg, 0, 1
7089d907-9aaf-459e-ae22-53962285fbc8_jpg.rf.ab71ff8ecab6be12aab2000b09121d56.jpg, 0, 1
WIN_20221229_23_13_20_Pro_jpg.rf.ab7179cf615d4c1781e50cb3775ddc39.jpg, 1, 0
6fb259e3-002e-473c-a2bc-4a9f48c1ebe7_180_jpg.rf.ab68426071749c4d4e8c5384fdb7b9af.jpg, 1, 0
WIN_20221229_22_23_56_Pro_jpg.rf.ab7bf1bff888df187e9a4a2e9fcf2b0d.jpg, 1, 0
92787dc3-1720-41c4-8acc-5c7f3fda0fa5_jpg.rf.ab9d517b72a72a6d6b694613f7fa9ba7.jpg, 1, 0
d65589fa-33dc-4e7f-9d37-a8763424d061_90_jpg.rf.ab8d97ba7dc97eff96a7e767630cad6b.jpg, 1, 0
4de4ad31-de11-418b-a60d-a7192ea0c98a_225_jpg.rf.ab7f3ea558af525c25cc82efbca3a92e.jpg, 1, 0
5a3117dc-7932-4c34-ae3f-e5867c98ee0a_270_jpg.rf.ab8f00798015909bceab59739168bbf7.jpg, 0, 1
09e044e6-a2b6-4827-9853-beb7d392347f_90_jpg.rf.aba0ab91a79e03ff78494b8b9dab3448.jpg, 0, 1
ef757b72-613c-4d8f-b8e0-a3564581cb0f_270_jpg.rf.abaaa525511ce4436b44ec94e7321871.jpg, 1, 0
WIN_20221229_22_42_36_Pro_jpg.rf.aba0c2df2d64eb63faf2263ed29be1df.jpg, 1, 0
2c59ee70-dc1c-4de3-83ab-aa36a5fb92c9_45_jpg.rf.abb500222851a52008e96053146ea133.jpg, 0, 1
5c99f964-3704-402c-aa2d-42bd2fbacf4f_jpg.rf.abc7c578861789f4f7d27631ad02fb48.jpg, 0, 1
1d4ead22-cc06-4fa2-9784-d9257f24ef86_135_jpg.rf.abba6d18f898f99ea4ae1c3b989ee271.jpg, 0, 1
4737a7d7-5d10-4912-b3e7-c8254a88af02_45_jpg.rf.abdf21fb9c6278ae74fcd5df258d4bf4.jpg, 0, 1
8ddce3ce-bc64-4942-93aa-940868007f64_225_jpg.rf.abed74acef1579cf12ac20c9ffdec9b9.jpg, 0, 1
2bf615ea-7241-4861-82d7-bb74c8b5dfba_225_jpg.rf.abf4ea52dd66d9f1d5c721ecc449e2bd.jpg, 0, 1
93a64c9f-678d-4302-94ea-5758bbf7451c_270_jpg.rf.abfc7fad0ba180624d24ea02cfb61505.jpg, 0, 1
WIN_20221229_22_11_22_Pro_jpg.rf.abfe3a39241850be6d837f37d7b63a01.jpg, 1, 0
ac755961-63a0-4e01-b87e-eacd0b5d7899_225_jpg.rf.abffd79141d4dc5bb02846f531667fa6.jpg, 0, 1
79eb3e80-65d5-431c-b388-ea52ce593c7d_225_jpg.rf.ac13174c0e3a8a1323b3682eb4f94ae3.jpg, 1, 0
56863d51-82dd-432b-808a-bb09a5e65be6_180_jpg.rf.ac0d0f7a3686a0b9db866e38e2271bf2.jpg, 0, 1
9fc543ac-91f3-43f6-8df6-28bb9709a3e6_270_jpg.rf.ac2be685525ed03e46946b115c96f86d.jpg, 0, 1
9aa3d151-a2d6-4d13-ad4f-f133f4552c4f_270_jpg.rf.ac318ece1c0052f0f07de98a4b8e1b59.jpg, 0, 1
5064456d-d977-4c88-a2f7-613db1f3f19b_270_jpg.rf.ac340d2332ef4dba4e6fafd1671385cb.jpg, 0, 1
665aeca5-e68c-49d3-ad8d-5755fad74dcf_45_jpg.rf.ac34808569c6e7d79afc21a12a4c2a84.jpg, 0, 1
a1690e8a-68f2-42fa-b0a0-6c59cc895c84_90_jpg.rf.ac1fca5de75783b97cf326c56474a8a3.jpg, 0, 1
7e2e4fb2-dc94-46c6-a203-0db83ca84e81_225_jpg.rf.ac3b7595565f11b1975501627f79b688.jpg, 0, 1
96383b0f-647d-4d8b-aae4-c525fb9365d6_45_jpg.rf.ac53fc7b9bdcecbced329e0304a9f106.jpg, 0, 1
878a59f0-76a6-4a7c-8e4a-45283cfb4465_135_jpg.rf.ac5ee595fde33ba2909ec635dd6b1c49.jpg, 0, 1
2d6fa448-2f18-4db5-a942-7097acff076a_45_jpg.rf.ac5e82c1207e041449bcdc087fe6fa42.jpg, 1, 0
09f44886-0cae-43b1-97fe-d8055d8d3616_225_jpg.rf.ac65729d286227189e8474ca0cbe3647.jpg, 0, 1
7e2e4fb2-dc94-46c6-a203-0db83ca84e81_135_jpg.rf.ac65f630f90a474750145fc07dbf6461.jpg, 0, 1
ac755961-63a0-4e01-b87e-eacd0b5d7899_45_jpg.rf.ac6c1599c808ca2f12ea5774e6fc5522.jpg, 0, 1
WIN_20221229_23_19_00_Pro_jpg.rf.ac7843163976dd179490b1ac383c2189.jpg, 1, 0
84c8c90b-b9c3-4290-bdff-f1946a11050a_45_jpg.rf.ac7a9149e962001c2176cde40c38f8aa.jpg, 0, 1
8ddce3ce-bc64-4942-93aa-940868007f64_270_jpg.rf.ac8b3d0fa8da777d4f421652432f3cfd.jpg, 0, 1
WIN_20221229_22_03_10_Pro_jpg.rf.ac8d0de558b20545c3e55f4935c1cca8.jpg, 1, 0
108ca99a-5abc-4dca-8e9e-ad3551748f1a_45_jpg.rf.aca626285d676a760ea68ba270420ddc.jpg, 0, 1
afd3edfe-e4fe-4715-8429-5af060c5f0d9_jpg.rf.acacb77d55defb6b532ff3cf2450b981.jpg, 0, 1
120bdf6d-39ea-4df8-b8a7-1a4362423b28_135_jpg.rf.acad2ba5d9d900e6b5efe8c999d59947.jpg, 0, 1
5d105570-fd52-46cd-a90a-9dfa42ef878a_225_jpg.rf.acc52ec61e460b8113ccf8fb0c9370ea.jpg, 0, 1
51ba5ef7-fd64-4d52-9c3f-9d70e0ff040f_225_jpg.rf.acb63079a344fc32b61a2dfec8cfbcf5.jpg, 0, 1
WIN_20221229_23_30_43_Pro_jpg.rf.acc561c994eab2ad6f9484c061319ea5.jpg, 0, 1
7ebb4762-7de4-4754-8cd2-2d4f743f512c_225_jpg.rf.accd9ed34422b3a76db315635066ddbc.jpg, 0, 1
69ab59e3-c1ad-4509-a8b8-bd8e4fac2ae6_135_jpg.rf.accea00f15f375e01982c1fa008bfa4d.jpg, 0, 1
220fcc53-6ef7-45d1-8122-fa1c19ca9ec5_225_jpg.rf.acd36e32dea24c03408797f39a52a6b7.jpg, 0, 1
642d6f5f-fa24-4c18-b7b2-6b24334629a3_135_jpg.rf.acdafe05aec2ba6af78d9e78002c4df5.jpg, 0, 1
9765b374-f3eb-4a26-903c-90d85bc9fe0a_270_jpg.rf.acf0a93d1a6faae204b7814b20f20345.jpg, 0, 1
1513532a-b352-4b17-b681-b02f3127b483_jpg.rf.ace3dc9836ff5a52b936ef55552eb9dd.jpg, 0, 1
215be899-dd62-42e0-b42e-8331622f5b9a_270_jpg.rf.acf56ab7896c19fb32a7e0c732535ab4.jpg, 0, 1
226b7023-757d-4c11-9b59-a0e8f02e5274_jpg.rf.acf25233fa70dd4c8a76db0130620c48.jpg, 0, 1
256d7e4e-e47b-466f-adb1-051bda40d918_jpg.rf.acfa825410d73190386939eb0c1f4ec3.jpg, 0, 1
WIN_20221229_22_56_04_Pro_jpg.rf.acf5a17630749831e3fc0750eb5c1f9b.jpg, 1, 0
5c99f964-3704-402c-aa2d-42bd2fbacf4f_135_jpg.rf.ad057a8636521a6ec3c5d097c69b78e2.jpg, 0, 1
3bde05ec-782e-445d-a221-38a8ecbc5dab_180_jpg.rf.ad18bfa5f62a5a73d3a11d320e3c84a2.jpg, 0, 1
WIN_20221229_22_46_47_Pro_jpg.rf.ad1cd283621d878e39d096109474f3d3.jpg, 1, 0
92810cd4-1652-4556-bc0b-b2e953449143_jpg.rf.ad1c58c2adcd1c7702a54ca989928979.jpg, 0, 1
aa8cc596-1881-4e18-a73f-fe60f6a6a031_225_jpg.rf.ad31e36ff606c089dc4cc3ab380a7a0a.jpg, 0, 1
1513532a-b352-4b17-b681-b02f3127b483_45_jpg.rf.ad36a0003d5a3a86b0c0e7689f1723fc.jpg, 0, 1
9cc65155-05ca-40b0-b813-2892c3ff04a4_135_jpg.rf.ad3b70176a7fd39517b161c1b9c00005.jpg, 0, 1
589950d7-088b-4c4b-abc1-9b824671ec8f_225_jpg.rf.ad4d607b6c7399b13c80092dd0e6bb48.jpg, 1, 0
16179c8f-5a02-46d2-bcf1-145bf553fc58_180_jpg.rf.ad4bb8a6d87095553a9ac71fbf44a37a.jpg, 0, 1
8a28aff5-8859-462a-bccf-e8d61dde3eff_180_jpg.rf.ad4f857e6566090ad1d697a75bddb4f0.jpg, 1, 0
WIN_20221229_22_09_56_Pro_jpg.rf.ad541b6cffd2a5a01c99abc242ec4f4d.jpg, 1, 0
WIN_20221229_23_33_42_Pro_jpg.rf.ad55aa9fbbe218b11f16f00778050955.jpg, 0, 1
9cc65155-05ca-40b0-b813-2892c3ff04a4_90_jpg.rf.ad56fdea70e3358c81710bc49db4a19d.jpg, 0, 1
8140aed5-a61c-4048-81dc-c9e2149f60b2_90_jpg.rf.ad5a8541dabf6a5735d233f55828e889.jpg, 0, 1
3fa757aa-5f48-4acc-b2d9-edf0d584d79a_jpg.rf.ad5bd52e515b77007bf60b509cb8d60d.jpg, 0, 1
97e4c08e-3475-4d77-8b54-a2231e38f6a2_jpg.rf.ad6114e5991e26ac792029e15c123741.jpg, 0, 1
9cc65155-05ca-40b0-b813-2892c3ff04a4_90_jpg.rf.ad65668ede084a051063f46e60824f2c.jpg, 0, 1
9eaca121-9239-49f4-9d05-34ef9f10bcaa_225_jpg.rf.ad7fed17a3864aabf304e63c9fec9d7a.jpg, 0, 1
d65589fa-33dc-4e7f-9d37-a8763424d061_270_jpg.rf.ad83165a51e04a09c6345ceea2003f9d.jpg, 1, 0
6fb259e3-002e-473c-a2bc-4a9f48c1ebe7_45_jpg.rf.ad92e18c70b397c83fb98eab8c77d1b3.jpg, 1, 0
1ab90226-8889-4bcd-ad0c-ea01fedaaffd_90_jpg.rf.ad9229bf0dc0203a9f5c991712f152bf.jpg, 1, 0
3c966d73-e030-422f-8e66-a2bfb35337dc_135_jpg.rf.ad9734463a314b07b5495509d0033d94.jpg, 0, 1
2b560df3-ff42-4546-a0bd-11ff2ca590e2_225_jpg.rf.ada0d31101d6a533d7954eecabd0ba85.jpg, 1, 0
WIN_20221229_23_32_28_Pro_jpg.rf.ada18d75b326f0ccc249c57d39a28b1a.jpg, 0, 1
108ca99a-5abc-4dca-8e9e-ad3551748f1a_45_jpg.rf.ada9205ea4e3995ce2367df0940079f4.jpg, 0, 1
d6ed6d4c-2acb-4507-bc4c-70480968eacb_jpg.rf.adb2322eda7866fa4f0d1330195b71da.jpg, 0, 1
WIN_20221229_22_06_00_Pro_jpg.rf.adbbfcbd10dfee38ac7ea2d2caa88412.jpg, 1, 0
WIN_20221229_23_23_14_Pro_jpg.rf.adb39947105b6953a4b374514b16854d.jpg, 0, 1
0aa414bb-510b-40c9-85e1-f7a7163b3e2c_270_jpg.rf.adbd3689aa979f55c95674b05f9f5494.jpg, 0, 1
WIN_20221229_22_54_55_Pro_jpg.rf.add1a1437ac507af0a0b15c5ab5d45f4.jpg, 1, 0
9a5fc62c-6820-4cb6-ba66-1063e612d144_45_jpg.rf.adc14c3eb41cf26e34c0122437e48f9a.jpg, 0, 1
92787dc3-1720-41c4-8acc-5c7f3fda0fa5_jpg.rf.adc9160a08a82b7996f21450232eda1d.jpg, 1, 0
afd3edfe-e4fe-4715-8429-5af060c5f0d9_135_jpg.rf.adc962b6ef7e328224753845cbc6fd70.jpg, 0, 1
WIN_20221229_22_09_56_Pro_jpg.rf.add27faf7cfa9a0ef59168387d28abae.jpg, 1, 0
25365714-d0ec-4a39-aba3-ea056e686ce9_180_jpg.rf.add26c80fdd1667a0b4560133f7dca66.jpg, 0, 1
680cc473-598d-49e7-847e-6b8c099e14fc_jpg.rf.add362ddee6e847f6f68880faf985d21.jpg, 0, 1
79eb3e80-65d5-431c-b388-ea52ce593c7d_135_jpg.rf.ade7adc882d411cd74012e18c090a709.jpg, 1, 0
085c4ff0-ec11-44e6-b865-d4a8e163bcee_135_jpg.rf.add525f06faadb79b307f72cdc59df02.jpg, 0, 1
217fef04-2462-4dca-a170-f780b700b17e_90_jpg.rf.adf95997665a6dbfc42b20bcb1a1c260.jpg, 0, 1
6b30113e-141c-4956-964b-7b64918f694b_135_jpg.rf.adfe10e2fbba34ddd6d4ec8f80c90b92.jpg, 1, 0
91fd5e6d-6fa7-45ec-b8dd-a390713a150f_jpg.rf.ae0f2ba5428f6b115d7ae09370459630.jpg, 0, 1
5c99f964-3704-402c-aa2d-42bd2fbacf4f_135_jpg.rf.ae1093a17721ab1ef0257c9a419d050a.jpg, 0, 1
90dec1cd-f163-48fd-bcc4-58066e5acb09_225_jpg.rf.ae1bb46895cacf1b674cd3e983b05893.jpg, 0, 1
4461774a-c193-43e6-9849-19c25ad533fb_45_jpg.rf.ae1d534ddc85ff684f7adf6867702807.jpg, 1, 0
dc2bb2f5-03e1-46c1-9886-bda5f5bee11b_225_jpg.rf.ae23995276f0570c03e6084ac6ed7e76.jpg, 0, 1
6fb259e3-002e-473c-a2bc-4a9f48c1ebe7_jpg.rf.ae2201cc4ee31451369dcdb449ae6673.jpg, 1, 0
91e77c81-f2eb-4358-81d6-eea2509ae443_45_jpg.rf.ae325d958e2d05b89ad7014f37b56805.jpg, 0, 1
aa8cc596-1881-4e18-a73f-fe60f6a6a031_180_jpg.rf.ae309e918098246f8a3919b7637b3abb.jpg, 0, 1
WIN_20221229_22_22_23_Pro_jpg.rf.ae3c3f9326ab66ef451af6cf7c99221d.jpg, 1, 0
805c86e2-7416-44fc-b8aa-f663db39cf8a_45_jpg.rf.ae4153f31600a5708a4763021f306e5c.jpg, 0, 1
06b95f3f-e2f5-4f58-95b1-6f9024e8e5d7_90_jpg.rf.ae57328310a41ce8c4f3b84ca853c56a.jpg, 0, 1
WIN_20221229_22_45_17_Pro_jpg.rf.ae4d19a22eb3e789fb932f58ab7c6380.jpg, 1, 0
WIN_20221229_22_59_01_Pro_jpg.rf.ae63e3432db6b9855a4651a6bc0e3e94.jpg, 1, 0
00137db3-94aa-4aa5-aa3b-e3e09d6a5ef5_225_jpg.rf.ae69ce77310634e9fdb8734bb8f2b1bd.jpg, 0, 1
9cb97279-36f3-438c-97d5-91da39c4e13a_jpg.rf.ae36ce402e6367a7b9dbcd8283c87e0b.jpg, 0, 1
ac755961-63a0-4e01-b87e-eacd0b5d7899_45_jpg.rf.ae788c106d71fac31c25379bcea95604.jpg, 0, 1
a8ba45d9-69a1-4fc4-a6c3-74c50107e59c_225_jpg.rf.ae668eef8ff7943092268f8e07babfaa.jpg, 0, 1
1acf8679-d50f-446c-b806-def7d073e244_225_jpg.rf.ae795b1f262dc366dbcf007237a55f48.jpg, 1, 0
69ab59e3-c1ad-4509-a8b8-bd8e4fac2ae6_45_jpg.rf.ae87b2ec9464d2624af9d620196d840b.jpg, 0, 1
cce642b7-d4aa-4dc6-951b-e1b655f68334_135_jpg.rf.ae8ab7dbb9a3a9d9fc08fe0215517cfa.jpg, 1, 0
cfed691e-4738-45c4-a2bd-65fc9d5c2da8_270_jpg.rf.ae88d84adc6e45a28175faa46592f568.jpg, 1, 0
16179c8f-5a02-46d2-bcf1-145bf553fc58_45_jpg.rf.ae95303e4377dfb50891292a1c4f0c11.jpg, 0, 1
dc2d0160-f922-429c-8c3c-5a6f0f68c023_90_jpg.rf.ae946d60cb018bd115475e07d82eb14d.jpg, 0, 1
4dbf4259-4cc3-4ff3-8768-970703c6c8f9_135_jpg.rf.ae91bea3311709dc87b8c5a6319ab5ac.jpg, 0, 1
3c36fca1-acb0-4a53-95be-087e2c614c76_180_jpg.rf.ae97cb147f32c545635a2f4dc5b4bda8.jpg, 1, 0
66ba2553-31f1-473c-9602-d2df0c1bb3f0_270_jpg.rf.ae9d767c88a1750612f5debb247ebee0.jpg, 0, 1
WIN_20221229_22_43_41_Pro_jpg.rf.aea55e97f3763f40c0523fa72c4b66cc.jpg, 1, 0
6cdbe5d2-04bc-4a25-b1a0-be0a00a136ae_45_jpg.rf.aea630199b23be388153e584b5c3e2da.jpg, 0, 1
afd44643-9287-4080-934f-7a13c66d9bfd_135_jpg.rf.aeb7bdee9e4694249e371d44521b3ca6.jpg, 0, 1
60f07eaa-f4a0-4939-9882-acce7b2ee256_135_jpg.rf.aeb6e11f62bffafbe3ef81da59821a48.jpg, 0, 1
73cca509-de66-4cbc-9421-8fcb263fefcc_jpg.rf.aeb96d790b754bed79a2c8869b3c9f3f.jpg, 0, 1
WIN_20221229_22_16_50_Pro_jpg.rf.aed185e6a4220547a088773c1afbd748.jpg, 1, 0
66ffa488-289b-4188-afe1-7764a1a1bb1a_180_jpg.rf.aec205c06d02297ffb6902c4f450ba1f.jpg, 0, 1
1af687ed-553d-491e-a213-8ddfbfea61ec_180_jpg.rf.aed2652481986cf4dde4cbbdb02f3dfd.jpg, 1, 0
WIN_20221229_23_34_04_Pro_jpg.rf.aed5706a4cdab29fe54f28dd5a17baf1.jpg, 0, 1
73cca509-de66-4cbc-9421-8fcb263fefcc_45_jpg.rf.aed6a92f8ace8dd1580f998914dfe830.jpg, 0, 1
8a28aff5-8859-462a-bccf-e8d61dde3eff_45_jpg.rf.aedbb70b54c7d85d907375525c56d8c5.jpg, 1, 0
6b316208-fce5-4562-a45b-736f29a3a697_45_jpg.rf.aeda700e2ea02d0554835f0766158aa3.jpg, 1, 0
0df87bae-ddf0-49e3-97af-b371d8544547_270_jpg.rf.aede8cdbd33a0966a8593b6abda3a828.jpg, 0, 1
91fd5e6d-6fa7-45ec-b8dd-a390713a150f_90_jpg.rf.aedfa41dc424f8857192d0007b27215b.jpg, 0, 1
5d5357ec-e4b0-4f32-a45c-2dca5338324d_225_jpg.rf.aeed6d19c983607dddfcd14901231b2f.jpg, 0, 1
9cc65155-05ca-40b0-b813-2892c3ff04a4_135_jpg.rf.aef09a67d050dff60b58a9256edf259d.jpg, 0, 1
25365714-d0ec-4a39-aba3-ea056e686ce9_135_jpg.rf.af01b50dac63e12be3bab53a246ccd6b.jpg, 0, 1
0dc01fa2-4d5e-46ae-ad61-19485b378972_270_jpg.rf.aefcb88808b8860cc61b7ff116519a64.jpg, 0, 1
16179c8f-5a02-46d2-bcf1-145bf553fc58_jpg.rf.af12db5a99b0b438c053c285f54fdf17.jpg, 0, 1
4ded4873-2bd7-4d9b-80ae-7a8967c128ce_45_jpg.rf.af1ff38782eb3f1d8a6d52bbfcdc8899.jpg, 1, 0
5522f66d-ad72-48d5-9767-5e7b23f6a206_135_jpg.rf.af2d817fd82b2d91f63b7b0125affbf7.jpg, 1, 0
72a74631-171a-4cf4-b978-58f358afa95c_270_jpg.rf.af3d75423ba13bcea0f64f90ea385ed6.jpg, 0, 1
2c59ee70-dc1c-4de3-83ab-aa36a5fb92c9_90_jpg.rf.af326b065c9df010e319eeb2da23c642.jpg, 0, 1
3c966d73-e030-422f-8e66-a2bfb35337dc_180_jpg.rf.af28fc9d210b2612979de29167fee53d.jpg, 0, 1
108ca99a-5abc-4dca-8e9e-ad3551748f1a_45_jpg.rf.af437718510f7aeacafda091dde4f40b.jpg, 0, 1
76a872d2-5c22-4f33-82b4-18c0f78e1a1b_jpg.rf.af53315bf98cafa151467cbaad1c6396.jpg, 0, 1
708fb576-4b86-4d50-a652-cc0d64f5407a_jpg.rf.af475702be8882532181f5d1aeb33edc.jpg, 0, 1
WIN_20221229_22_40_07_Pro_jpg.rf.af55a9041532429a93ce8da74c0f2f63.jpg, 1, 0
72a74631-171a-4cf4-b978-58f358afa95c_270_jpg.rf.af59e06208b3a3841af9abee216afe59.jpg, 0, 1
2c59ee70-dc1c-4de3-83ab-aa36a5fb92c9_90_jpg.rf.af562b5f7f630a169fef7dea1b77774c.jpg, 0, 1
adcb9cef-245f-4674-bd16-4c8ad789d0a8_135_jpg.rf.af69bd03236e5965156d9a997adf0379.jpg, 0, 1
d02674ec-4a90-43c1-9aba-1cf70300a55a_45_jpg.rf.af69d66fbf2f0119839ec2b49a94b757.jpg, 1, 0
a4b1b05e-8f9a-4f68-98fe-52dd9e2a9663_180_jpg.rf.af77f829d30072cd06ba614cbe3bd795.jpg, 1, 0
9cc65155-05ca-40b0-b813-2892c3ff04a4_135_jpg.rf.af803fbcab5acefc6290dd818dbf6ee2.jpg, 0, 1
223d92bc-5ef8-450a-86d6-ab5d6e8c5b3e_45_jpg.rf.af7d2c8635caf3edf34dc64482f04f52.jpg, 0, 1
2bf615ea-7241-4861-82d7-bb74c8b5dfba_90_jpg.rf.af845049d10625616bbbd7be15476891.jpg, 0, 1
69fc95bf-f644-4c92-8057-f05146da07f7_90_jpg.rf.af92a5adecfc73aa1a398ff003f1297e.jpg, 0, 1
764af58e-c590-444a-aefd-b4bc11f74c40_jpg.rf.afa1b561833211d225d507b0816f2f35.jpg, 1, 0
0b521929-1734-47b8-86c9-093445af0697_225_jpg.rf.af98678a294e42f9498d4355f81c5efb.jpg, 0, 1
24a200ea-e903-4bcd-aee1-fb26e7bfd757_225_jpg.rf.af8592e28cf4867474f4bf78aa64ed85.jpg, 0, 1
217fef04-2462-4dca-a170-f780b700b17e_jpg.rf.afa674df75a65a5e6fefa9c885a9ecff.jpg, 0, 1
d02674ec-4a90-43c1-9aba-1cf70300a55a_jpg.rf.afab0fcb099f853a26030fa9253359b2.jpg, 1, 0
a8ba45d9-69a1-4fc4-a6c3-74c50107e59c_270_jpg.rf.afab7202848486ac7841f053da20f91d.jpg, 0, 1
87e64a68-c898-4474-bd57-1e570902862f_135_jpg.rf.afb1165b6827e535ff12ad0fbfd0bcf0.jpg, 0, 1
15f5d196-2633-4a7b-9102-b33c659c6024_135_jpg.rf.afbf69654fc60e853eabe3a658e23e74.jpg, 0, 1
15fd3442-e84f-4c27-952b-ec415fe777d6_90_jpg.rf.afc26052e9291a30ec947c168e00ab49.jpg, 0, 1
2bf615ea-7241-4861-82d7-bb74c8b5dfba_180_jpg.rf.afc2ea83d22891084f06f55645656835.jpg, 0, 1
25365714-d0ec-4a39-aba3-ea056e686ce9_jpg.rf.afc3e209047ac5e7cc6b42d49282fdcd.jpg, 0, 1
WIN_20221229_23_25_49_Pro_jpg.rf.afca99c09c6d33059e0c1a13cccbad4f.jpg, 0, 1
6f8a29a3-8b83-47d6-8a5b-7baf97fd4469_jpg.rf.afc4410b9056612d4a946300c385c88c.jpg, 0, 1
8a28aff5-8859-462a-bccf-e8d61dde3eff_225_jpg.rf.afcb21bdc4c2757933145e05a9795145.jpg, 1, 0
fbe4f519-6225-4168-bcf9-4ccc4d0d82bf_45_jpg.rf.afd290c12c5ab85ef9c3a5d57abe9aec.jpg, 1, 0
WIN_20221229_22_42_54_Pro_jpg.rf.afd47b39fcf6994db89f315c502dfc10.jpg, 1, 0
bd17953c-5cc6-4fc5-8ade-fd7ece53be19_270_jpg.rf.afdc9e666c7f604ba2381201465adf14.jpg, 0, 1
WIN_20221229_23_22_35_Pro_jpg.rf.afdd03182f2151f8306c10aa2433cb92.jpg, 0, 1
61bd5e75-cfb1-47e8-b4be-24447913359a_270_jpg.rf.afeac42c419d12c15e9b1d8010e97b89.jpg, 0, 1
66ba2553-31f1-473c-9602-d2df0c1bb3f0_jpg.rf.afe70c7de44018ce269760856e9f5ea9.jpg, 0, 1
96d467c2-fa44-474b-9e64-88f1f265aeaf_225_jpg.rf.aff387b70ee0177c41473d29cbe62a8f.jpg, 0, 1
91c2e56d-2549-4574-9414-86aa17e84ef4_180_jpg.rf.aff7464df10c162b5ec26f9dbad18869.jpg, 0, 1
5d5357ec-e4b0-4f32-a45c-2dca5338324d_45_jpg.rf.b003e59681398bd5608d94100ee88565.jpg, 0, 1
56863d51-82dd-432b-808a-bb09a5e65be6_180_jpg.rf.b004a099a7b5f9e09cf4cc292020cb92.jpg, 0, 1
27f3e57e-469f-4627-8144-2ce3e9d048b7_90_jpg.rf.afe14e56b0eaabc35338b91132529ed2.jpg, 0, 1
WIN_20221229_23_13_20_Pro_jpg.rf.b00b14df20642af55ac48e03d0dedf69.jpg, 1, 0
706a501b-940f-4252-89a9-1afae476d3b1_270_jpg.rf.b00cf2163f34806cc25cc277c524f42d.jpg, 0, 1
a1690e8a-68f2-42fa-b0a0-6c59cc895c84_225_jpg.rf.b00913cac9090766fc7bce44d502c1ee.jpg, 0, 1
9765b374-f3eb-4a26-903c-90d85bc9fe0a_135_jpg.rf.b00f54077d394fe25adb4036f65fbaaa.jpg, 0, 1
8efe1e18-4032-4f20-996f-60a19c62f547_180_jpg.rf.b019fb9f8355b430f27924866d86c457.jpg, 0, 1
WIN_20221229_23_33_10_Pro_jpg.rf.b02b2c80ff1b0b672ea9e2f7a2928b5a.jpg, 0, 1
WIN_20221229_23_26_32_Pro_jpg.rf.b02ae511daf9c6a3aea9286f7cfd696c.jpg, 0, 1
d2936fba-871f-4fbe-97da-b6e6e347e889_225_jpg.rf.b03754ebc1e00718e7119b568332a467.jpg, 1, 0
92fe0088-90bc-4eaa-8567-a9b3ad0645e8_135_jpg.rf.b036b2b1c7a6b0188cafac97e95b9041.jpg, 0, 1
7089d907-9aaf-459e-ae22-53962285fbc8_270_jpg.rf.b036d1b6b4b8b4914f8b621745da42ae.jpg, 0, 1
120bdf6d-39ea-4df8-b8a7-1a4362423b28_135_jpg.rf.b03fb9366f912674c091f3c8ad9b4386.jpg, 0, 1
41ab7cda-4c88-47b8-98da-0c6ee6e07325_45_jpg.rf.b044d6246d30c21fbe7d056620589967.jpg, 0, 1
ef757b72-613c-4d8f-b8e0-a3564581cb0f_45_jpg.rf.b0532fbc58fe6d28bda1399d2f7ca292.jpg, 1, 0
3c36fca1-acb0-4a53-95be-087e2c614c76_180_jpg.rf.b035bec15f268436e5b58d6de9a5daaa.jpg, 1, 0
91e77c81-f2eb-4358-81d6-eea2509ae443_270_jpg.rf.b04dbf70245f75763f8d398975fd2294.jpg, 0, 1
66ffa488-289b-4188-afe1-7764a1a1bb1a_jpg.rf.b05b89c49e64d3c8074fde2f85c0f6bd.jpg, 0, 1
936d35a1-f617-4a9b-99c6-32cfd8284d34_jpg.rf.b0120cf1bdf76f90d11d9816b793cb8b.jpg, 0, 1
WIN_20221229_23_02_35_Pro_jpg.rf.b063fdfc29956cd21190e4bf21299993.jpg, 1, 0
cfed691e-4738-45c4-a2bd-65fc9d5c2da8_45_jpg.rf.b04300bc93c0def734abbe10721e97d3.jpg, 1, 0
d2936fba-871f-4fbe-97da-b6e6e347e889_45_jpg.rf.b06dea0841a4776c0ae09dd8ff555cbd.jpg, 1, 0
80c4e3b8-9502-4216-aad1-1b5f6f3d6b72_45_jpg.rf.b070f9c1982e04d5dc7b58b1cfee3bfe.jpg, 0, 1
507e6cd8-2041-47e5-b174-28a6d9328985_180_jpg.rf.b08e757a9f34affa4ec3b00b021dadb1.jpg, 0, 1
39c71820-6b5b-499e-b2c6-a957f48c62fa_45_jpg.rf.b0997dec76d5b1597b0ffd493bf5e9f2.jpg, 0, 1
aa8cc596-1881-4e18-a73f-fe60f6a6a031_180_jpg.rf.b095a1332db4310b0f6b58b19eeaed21.jpg, 0, 1
61bd5e75-cfb1-47e8-b4be-24447913359a_jpg.rf.b0aae91ae6ce19a2eb537ad4632d7895.jpg, 0, 1
207aff1c-09cf-47d1-ae76-474c6c31b0e4_90_jpg.rf.b0b158b5ec46fe99a05a55ac7c039555.jpg, 0, 1
82743c35-e968-47ee-93f6-95270352fe13_180_jpg.rf.b0b92f696a30bce1113bee5c61fed496.jpg, 1, 0
898d6980-0ea3-4451-82f1-3bdabc8c6d9d_180_jpg.rf.b0b13620b83fd8bda38cfce347d9e7e0.jpg, 0, 1
1513532a-b352-4b17-b681-b02f3127b483_jpg.rf.b0bdf6540e4b1a97ded3e6c8ad1ffe58.jpg, 0, 1
4461774a-c193-43e6-9849-19c25ad533fb_jpg.rf.b0a670f24c53d8f5f6784dccb6bd6dbd.jpg, 1, 0
ba25564d-c23a-450d-b0af-a191ed900fb1_135_jpg.rf.b0cb3978b340d86ebd0291dfa604d0bd.jpg, 1, 0
11037d07-18b3-4fc4-8025-f06dcbc0500d_jpg.rf.b0c60dd9beb7026172673866c4f2760a.jpg, 1, 0
93bde728-be7b-4af0-a18e-67f00d6fdcac_90_jpg.rf.b0d48cc81db2ccd191b8b35091c8b6ac.jpg, 0, 1
WIN_20221229_21_59_55_Pro_jpg.rf.b0cd63ad3e225d868c98d99332316adf.jpg, 1, 0
00800bbf-203e-48bd-b64c-f14ef2579c8a_180_jpg.rf.b0d7127276c7b0d39d72da610d1af820.jpg, 0, 1
9765b374-f3eb-4a26-903c-90d85bc9fe0a_45_jpg.rf.b0fa13e7ef82757589ba4008cb42cd29.jpg, 0, 1
afd3edfe-e4fe-4715-8429-5af060c5f0d9_jpg.rf.b0e210f9024cad353f54a27bf4e28307.jpg, 0, 1
499ce0e3-7fe4-4fd4-bd8a-5aa00aab3f43_180_jpg.rf.b0fc7343b5e86a5e4748a5e858ee500a.jpg, 0, 1
d6faa4f5-e419-4c2d-b0be-316f48d5464a_135_jpg.rf.b11245b3b68afe3ea01d84cae5f0fce8.jpg, 0, 1
92a893f4-8dd5-4f4a-9864-08811d4ed00a_90_jpg.rf.b112787cc9c5d366a08523b82dd14676.jpg, 0, 1
2b3fa5f4-98bb-4565-b461-8ebc3db528ca_135_jpg.rf.b10b52b22c4a3c4d5adb65b3f03b1f91.jpg, 1, 0
611513d3-0fb7-4068-8cd8-68a9bdb056c4_180_jpg.rf.b142def79dffcb043ac26d3351bc4754.jpg, 1, 0
96383b0f-647d-4d8b-aae4-c525fb9365d6_45_jpg.rf.b1259dd7678f2aff1b66cf60b09bd18b.jpg, 0, 1
75fea9b7-7c08-4ea2-bb8d-50096fdf774b_90_jpg.rf.b150648a4f6fc86f6803daab73ee30fa.jpg, 0, 1
2d398321-1a08-4aec-98b9-eb3301da9d79_90_jpg.rf.b12b14b27d0e093041f4da1ca79dc412.jpg, 0, 1
05693239-35bd-4086-b8c3-e7b6aa763b4f_225_jpg.rf.b153cc5638abc37e186e3e1a4eb58bc6.jpg, 0, 1
4737a7d7-5d10-4912-b3e7-c8254a88af02_45_jpg.rf.b15ccea3a7a14821dcc1f88358ffa406.jpg, 0, 1
33e3e3fe-8e37-4b4a-aa04-ad3864731632_45_jpg.rf.b15d61d3d3e62beb7f559da391212ba4.jpg, 0, 1
WIN_20221229_23_30_59_Pro_jpg.rf.b16004276b37bd30b7b9a732ce4f003c.jpg, 0, 1
b361e99e-9c59-43b5-92f6-80ad77c3287f_45_jpg.rf.b15d994db94fc4f7a4795484b33f2b21.jpg, 1, 0
6b30113e-141c-4956-964b-7b64918f694b_jpg.rf.b166ebdf4b73860a46dfab6699675d45.jpg, 1, 0
cce642b7-d4aa-4dc6-951b-e1b655f68334_135_jpg.rf.b167ee539298fc507884a30f527385ed.jpg, 1, 0
611513d3-0fb7-4068-8cd8-68a9bdb056c4_90_jpg.rf.b16e0f9bf791450b6f606f598b3772d3.jpg, 1, 0
8efe1e18-4032-4f20-996f-60a19c62f547_45_jpg.rf.b176fd0dd5e80614041bcfc5c21a6b54.jpg, 0, 1
6f8a29a3-8b83-47d6-8a5b-7baf97fd4469_225_jpg.rf.b187825b7c85aeaa107b35bad2525b75.jpg, 0, 1
93bde728-be7b-4af0-a18e-67f00d6fdcac_270_jpg.rf.b18a167559a9b471029c62107aedc870.jpg, 0, 1
75f27827-8267-4ad8-8c7f-938a7c0c0a72_180_jpg.rf.b190b89a9dbc229d32ce7f7a88329112.jpg, 0, 1
4eddf419-3396-43d2-8b40-3ccecf2a2620_135_jpg.rf.b19443345cdf10dcf4828ed1b7961ba9.jpg, 1, 0
9eaca121-9239-49f4-9d05-34ef9f10bcaa_90_jpg.rf.b1974f60c519b5e77245019a9218dd8c.jpg, 0, 1
72a74631-171a-4cf4-b978-58f358afa95c_90_jpg.rf.b199bd0311da88232c214a2d05b93ae1.jpg, 0, 1
d6faa4f5-e419-4c2d-b0be-316f48d5464a_90_jpg.rf.b19a007118d7f6aab4a04765814dc807.jpg, 0, 1
d6faa4f5-e419-4c2d-b0be-316f48d5464a_180_jpg.rf.b1a14e3f8a33d14b6c0512ea386aaff4.jpg, 0, 1
WIN_20221229_22_41_07_Pro_jpg.rf.b1ac6ed57da6a2c5808c804a66c35585.jpg, 1, 0
96383b0f-647d-4d8b-aae4-c525fb9365d6_135_jpg.rf.b19d4522279dabe54b99c7c3aa47bee4.jpg, 0, 1
9cb97279-36f3-438c-97d5-91da39c4e13a_180_jpg.rf.b1b939498e32bcb993d768f7bef14b99.jpg, 0, 1
2abea0f5-7c2a-4519-88c1-d33080ac7db2_45_jpg.rf.b1c76038aaa873e5b84c3d119e7b8ffa.jpg, 1, 0
0b521929-1734-47b8-86c9-093445af0697_180_jpg.rf.b1ab0c090fa09b7eaf9d59a89b5f1be3.jpg, 0, 1
600d2167-2072-4825-9516-6c13af9fc382_jpg.rf.b1cb6f29f181fc9aee673b6296ddd2d0.jpg, 0, 1
a36b24dc-58f1-4270-b642-3bb7ec46de0f_270_jpg.rf.b1dfe28160b15c374d5bfb4063667be6.jpg, 1, 0
WIN_20221229_22_19_20_Pro_jpg.rf.b1dad49c27db01d28768119fff438fcf.jpg, 1, 0
87e64a68-c898-4474-bd57-1e570902862f_180_jpg.rf.b1f913660905b20068f772e561301dd2.jpg, 0, 1
5671fc02-681e-4da8-826f-c1a0b2dc5870_180_jpg.rf.b1fce088312ecf40695f7eca87d72b6d.jpg, 0, 1
WIN_20221229_23_33_25_Pro_jpg.rf.b200c40f22ccd151e01f4d21e062cbf0.jpg, 0, 1
2eae8682-54b6-40b7-9684-d956300a4077_45_jpg.rf.b20d9a2deb0b568953e0fd458efe4d29.jpg, 0, 1
0d2a4a7e-7b37-49eb-9ad6-8faaf457ad82_jpg.rf.b204d1b4b549b66f62bb4f16e70f81ff.jpg, 0, 1
WIN_20221229_22_00_50_Pro_jpg.rf.b229f2d5e52c670be12c9f6bd919466e.jpg, 1, 0
WIN_20221229_22_16_50_Pro_jpg.rf.b214793d2227ab20bf4e43f931f217d5.jpg, 1, 0
0c279d03-a83d-4404-b852-2b90d79e1ed3_45_jpg.rf.b229f4698e1a368ec70bb08b16d8b588.jpg, 0, 1
0c04b448-fe60-4b89-bf5a-b18fe90a5870_90_jpg.rf.b226c2b1f78f2785e4e470a2f96cc42b.jpg, 0, 1
WIN_20221229_22_57_01_Pro_jpg.rf.b2361e4e8ad7be4019c1705179fb5673.jpg, 1, 0
WIN_20221229_22_59_01_Pro_jpg.rf.b2344c318f04e40d20d41049e316a815.jpg, 1, 0
0d2a4a7e-7b37-49eb-9ad6-8faaf457ad82_135_jpg.rf.b23b8ff9c7046b3924a69dc51d46c90c.jpg, 0, 1
859bbe6e-7f46-4b86-acd1-86fea679de36_90_jpg.rf.b23820385130c90549715304bbfc8731.jpg, 0, 1
WIN_20221229_22_23_56_Pro_jpg.rf.b23ba0d098cd70ca341c5319fe26c9f4.jpg, 1, 0
0dab9689-2c2d-4dc6-bb71-db1b6d82cb17_135_jpg.rf.b23ea052def86d6abe1c337dce197b42.jpg, 0, 1
600d2167-2072-4825-9516-6c13af9fc382_jpg.rf.b241393a608cbcd45e73281404c962d4.jpg, 0, 1
4461774a-c193-43e6-9849-19c25ad533fb_225_jpg.rf.b24927b7f5b6ab3a4a13afb08e25a50a.jpg, 1, 0
52e703e1-69d2-44c7-a214-269fa0e09054_225_jpg.rf.b2597683bdb248362f1f2a021936955a.jpg, 0, 1
488a316b-07fc-410e-a5fd-84f831acc653_45_jpg.rf.b2519ef0cc35d3a7817b3690652aa812.jpg, 0, 1
8a28aff5-8859-462a-bccf-e8d61dde3eff_135_jpg.rf.b244669932a127fc82b08de501647844.jpg, 1, 0
1acf8679-d50f-446c-b806-def7d073e244_90_jpg.rf.b25fcb641559fafc7eef36a97042e8de.jpg, 1, 0
d6faa4f5-e419-4c2d-b0be-316f48d5464a_270_jpg.rf.b25da8c434e034be63b0f6e3e27691c5.jpg, 0, 1
4f08fc98-7d4d-43f7-921d-b2ccf8ca726d_225_jpg.rf.b261fb681df6bf6134ebe6c31bc9e721.jpg, 1, 0
2c59ee70-dc1c-4de3-83ab-aa36a5fb92c9_225_jpg.rf.b2660da41643d6db8b9400441c5d16c2.jpg, 0, 1
3c36fca1-acb0-4a53-95be-087e2c614c76_135_jpg.rf.b2635e810c1376afea836ed6de070172.jpg, 1, 0
00a9637f-e5c9-4522-8d19-d6b3e8bae3f3_135_jpg.rf.b268b64dcbe7208c24a8e48fec9a2f48.jpg, 0, 1
0c04b448-fe60-4b89-bf5a-b18fe90a5870_45_jpg.rf.b26e5419ff40bb252e4bad9697d52d21.jpg, 0, 1
0c279d03-a83d-4404-b852-2b90d79e1ed3_270_jpg.rf.b270443840ffd409b0b4edc0cb19c48a.jpg, 0, 1
6343bade-4271-437b-84ea-e9756e715080_180_jpg.rf.b27735bf308431eaf005048c9766bbc2.jpg, 0, 1
92a893f4-8dd5-4f4a-9864-08811d4ed00a_90_jpg.rf.b27c6db5f79e9bda60439502ee1dc0d7.jpg, 0, 1
54619429-78f2-42b3-b007-8ea9c0984c4b_135_jpg.rf.b2a8d12a15cf4b58e63f360a1521d619.jpg, 0, 1
WIN_20221229_22_58_25_Pro_jpg.rf.b2a01a50b60fdb828b89b4fa175f755d.jpg, 1, 0
40cbb123-b3d1-4546-aa26-2fdd1090b075_135_jpg.rf.b2bbcdbd7c32f4cf13fcf09dcdf6656f.jpg, 0, 1
1f4613ea-1b60-4092-876c-1a474a8c51b9_90_jpg.rf.b2b206148e51b1f664b0091edc9202d4.jpg, 1, 0
5c99f964-3704-402c-aa2d-42bd2fbacf4f_90_jpg.rf.b2c70899959d2ef49cbfcde589a47c96.jpg, 0, 1
0dc01fa2-4d5e-46ae-ad61-19485b378972_90_jpg.rf.b2bc2f686681079c3c9fa9003c8f8470.jpg, 0, 1
8e753e61-dd28-45b8-aa64-e6c1e71bd812_90_jpg.rf.b2d06ae2ee4531f2e8e154a1f771780a.jpg, 0, 1
4d510781-6fad-4149-909f-5b3615711984_jpg.rf.b2dcd3ec900d7636df15610bcd49bd14.jpg, 1, 0
a936c90a-8f24-4289-b10b-4830ac9f3019_jpg.rf.b2dc41347ab9360947aed4552711277e.jpg, 0, 1
WIN_20221229_23_00_12_Pro_jpg.rf.b2e1e101b8cea77ba563b1e03a0edb0b.jpg, 1, 0
73cca509-de66-4cbc-9421-8fcb263fefcc_270_jpg.rf.b2f9ed988b7802360fa7b62a5d9e9792.jpg, 0, 1
ba23ca74-9f22-43fe-8e97-1aaac5891d8d_jpg.rf.b304c743ef92ed066711325db37423bc.jpg, 0, 1
WIN_20221229_22_39_03_Pro_jpg.rf.b3062ade0091224821541afb93367f34.jpg, 1, 0
93a64c9f-678d-4302-94ea-5758bbf7451c_180_jpg.rf.b312356c0a4814325698da89ae02b70e.jpg, 0, 1
859bbe6e-7f46-4b86-acd1-86fea679de36_45_jpg.rf.b312c1cf6e94023b1d5438517676f924.jpg, 0, 1
70f70f97-4a9e-4d42-a08b-3b7d1b9abef8_135_jpg.rf.b311395f5bbdd08558bff3d3bd7c1a39.jpg, 0, 1
4f280435-14a2-4194-9f75-2e7ea72b39ba_135_jpg.rf.b33d6fd49f5d32064e04d3ed8f83a04a.jpg, 1, 0
c01c35d2-7769-4a57-abff-c52f7def3900_135_jpg.rf.b32af5d8097600edcbc8093b33d04684.jpg, 1, 0
ac755961-63a0-4e01-b87e-eacd0b5d7899_225_jpg.rf.b34031ffc71373da1b5efed09ea644cc.jpg, 0, 1
a70cfd80-0fa8-48c8-ab56-7f7cc8b0bb9b_45_jpg.rf.b345d52d52ab2a6e8352ae0031622884.jpg, 0, 1
9ec72020-824e-4c15-b633-cba42d080364_270_jpg.rf.b340066c8dc3583924ab1bad1bb1df74.jpg, 1, 0
233af445-c0e5-4bb1-ad5f-743becd76cab_180_jpg.rf.b340c9e69e58142fece53789320480ab.jpg, 0, 1
9eaca121-9239-49f4-9d05-34ef9f10bcaa_90_jpg.rf.b3494511e6219a1751a35d76dca32be3.jpg, 0, 1
a70cfd80-0fa8-48c8-ab56-7f7cc8b0bb9b_jpg.rf.b360eed2fc4fd22051f393a542217ae0.jpg, 0, 1
WIN_20221229_23_31_53_Pro_jpg.rf.b35db2e4083efab8e56408799fd5f622.jpg, 0, 1
4461774a-c193-43e6-9849-19c25ad533fb_225_jpg.rf.b384d87ebb0c5d4f26bdf41ba61fe8ac.jpg, 1, 0
52e703e1-69d2-44c7-a214-269fa0e09054_jpg.rf.b39350dc23faab989b4dbc8e90c3bedd.jpg, 0, 1
0aa414bb-510b-40c9-85e1-f7a7163b3e2c_135_jpg.rf.b38fc66e0edc13df7c4fa29109237448.jpg, 0, 1
600d2167-2072-4825-9516-6c13af9fc382_45_jpg.rf.b3b921a2e26c82b5c43ef1baa599d666.jpg, 0, 1
24522061-cd21-4507-92da-432712838d1d_135_jpg.rf.b3c4f1e7b1cd09b7f14eab1e89c71ef9.jpg, 0, 1
611513d3-0fb7-4068-8cd8-68a9bdb056c4_180_jpg.rf.b3c97bdc9a0d24009ceb5eebcd7926c2.jpg, 1, 0
507e6cd8-2041-47e5-b174-28a6d9328985_45_jpg.rf.b3f569ce7bce770f7c1c9c14aca14afd.jpg, 0, 1
WIN_20221229_22_58_13_Pro_jpg.rf.b3f76551177455a5637f2686164d0f8b.jpg, 1, 0
57ab1fc0-e755-40c3-82cb-cce0684f11f4_90_jpg.rf.b4036ca65401e28961ef25a61ccd1eba.jpg, 0, 1
72a2b8f8-c7ca-4222-b2a1-9b82ac7990f4_180_jpg.rf.b4012b4657753c132a3a07630494a0a3.jpg, 0, 1
5d06dc79-9d5c-46d0-a720-e4898e65949c_90_jpg.rf.b412734382c2ba4ac55d4632b3be1c3c.jpg, 1, 0
2a99660b-f767-40aa-937f-c4cd68d2ceac_180_jpg.rf.b41b84250d2c80a12d78215ef8f3ab54.jpg, 0, 1
4f08fc98-7d4d-43f7-921d-b2ccf8ca726d_270_jpg.rf.b41f6548ad0bc6a633bc418f9de25cde.jpg, 1, 0
0c279d03-a83d-4404-b852-2b90d79e1ed3_45_jpg.rf.b3f212ac5222eda30513dfc0193e44ca.jpg, 0, 1
5a3117dc-7932-4c34-ae3f-e5867c98ee0a_90_jpg.rf.b41b1181aa4f9840df43c385d668c87b.jpg, 0, 1
764af58e-c590-444a-aefd-b4bc11f74c40_270_jpg.rf.b42e83d504f840d1dff374b5a6bc5393.jpg, 1, 0
1af687ed-553d-491e-a213-8ddfbfea61ec_180_jpg.rf.b43a3d7bb695b40512b7110aea2432bc.jpg, 1, 0
b361e99e-9c59-43b5-92f6-80ad77c3287f_180_jpg.rf.b44c67ce52b03035be75c05d023e337e.jpg, 1, 0
56863d51-82dd-432b-808a-bb09a5e65be6_jpg.rf.b42bed3f5fee34afc757c0b8038fc4f5.jpg, 0, 1
WIN_20221229_22_08_50_Pro_jpg.rf.b42d5383d42f1f7af66e52a40fa392c4.jpg, 1, 0
2b3fa5f4-98bb-4565-b461-8ebc3db528ca_135_jpg.rf.b44e0564e89f36037d05e1e4dbbe8787.jpg, 1, 0
22ada72b-340c-4d68-9534-2729e3347cab_180_jpg.rf.b451b4f9e518eab3c5129208d9cf111f.jpg, 0, 1
WIN_20221229_22_10_20_Pro_jpg.rf.b4645d0570a87b93b69f09600409021a.jpg, 1, 0
WIN_20221229_23_03_07_Pro_jpg.rf.b46e662696b5f21a7bd9af33327e6a0b.jpg, 1, 0
87cc591e-7e25-4d08-a519-6b5ec6d98cfa_180_jpg.rf.b46abfe47d5744913598ad6003d53127.jpg, 0, 1
WIN_20221229_22_25_34_Pro_jpg.rf.b47929d6ab565e959b4cfd90624de359.jpg, 1, 0
1b05898a-3be4-4b9e-b4a0-6d23dfdaabf0_270_jpg.rf.b4701ca1acfae47449a39103addf385d.jpg, 0, 1
69c9cfea-cfbd-4dfe-a8a2-2ed31daafd85_180_jpg.rf.b47fe37667bb0114db5891de4dd5bb1d.jpg, 0, 1
WIN_20221229_22_04_44_Pro_jpg.rf.b48468859035930b0ec537e3522cb59c.jpg, 1, 0
57ab1fc0-e755-40c3-82cb-cce0684f11f4_225_jpg.rf.b48875736e3be20719fc4392a55c3863.jpg, 0, 1
WIN_20221229_22_50_13_Pro_jpg.rf.b48e8c5771491f4fae44c98be82152c8.jpg, 1, 0
4737a7d7-5d10-4912-b3e7-c8254a88af02_270_jpg.rf.b48b1d5ec648a8452aec368fef149596.jpg, 0, 1
223d92bc-5ef8-450a-86d6-ab5d6e8c5b3e_45_jpg.rf.b47ccdb9c5c7e11c73005214c358716f.jpg, 0, 1
WIN_20221229_23_00_48_Pro_jpg.rf.b4937360babd087033acf2124882d529.jpg, 1, 0
39c71820-6b5b-499e-b2c6-a957f48c62fa_270_jpg.rf.b49acc5ca3f98b71e9bdb96d334b6be5.jpg, 0, 1
40cbb123-b3d1-4546-aa26-2fdd1090b075_225_jpg.rf.b49ca2b00c1eb3c32efea541fe250be2.jpg, 0, 1
1f4613ea-1b60-4092-876c-1a474a8c51b9_135_jpg.rf.b4a46668e6618471b194ddde0902a2f6.jpg, 1, 0
303bf4f0-4e58-4f52-83e1-73f1a7ceabc5_270_jpg.rf.b4ac8b10e09b7ffff2eaf1e8a4385867.jpg, 0, 1
a1690e8a-68f2-42fa-b0a0-6c59cc895c84_45_jpg.rf.b4c18a09e5761a85794ada85fad6e02b.jpg, 0, 1
345b8a93-c7d2-4b34-9e0c-90f2561ada84_180_jpg.rf.b4cd3ed2349c81b1073a0fc2fca8ff27.jpg, 0, 1
33e3e3fe-8e37-4b4a-aa04-ad3864731632_jpg.rf.b4bfca5e64c8582abf622ef8ad3d249c.jpg, 0, 1
4fac26f2-1588-4362-9e73-ffe2e8791cbb_90_jpg.rf.b4de3a4b6634f3a2f470e64f178c3c14.jpg, 1, 0
1f4613ea-1b60-4092-876c-1a474a8c51b9_90_jpg.rf.b4e80595a590aacd5ab85dbbbea6f650.jpg, 1, 0
4de4ad31-de11-418b-a60d-a7192ea0c98a_180_jpg.rf.b4ecd89dd788c0976a53c5ee8e1b287b.jpg, 1, 0
WIN_20221229_23_31_36_Pro_jpg.rf.b4f09df67d58f5e17c8a53a55b6cb702.jpg, 0, 1
92009a81-ec1a-4dc0-99aa-c0898383287c_90_jpg.rf.b4f4d1cf95670481d9b9139101abc330.jpg, 0, 1
WIN_20221229_23_32_23_Pro_jpg.rf.b50192ffc7152097d7a5dcd61825f197.jpg, 0, 1
d2936fba-871f-4fbe-97da-b6e6e347e889_135_jpg.rf.b517f7795edded383c1248732b37c74b.jpg, 1, 0
72ab964e-0b95-46ec-a135-1890eb300c53_225_jpg.rf.b50cdd70ee27e3b9a9a3bf031be2944a.jpg, 0, 1
5522f66d-ad72-48d5-9767-5e7b23f6a206_90_jpg.rf.b52dc2162536a7ed39653dc8e20528d2.jpg, 1, 0
8a28aff5-8859-462a-bccf-e8d61dde3eff_180_jpg.rf.b52775c01128067fcdfe3bab5c893be2.jpg, 1, 0
24a200ea-e903-4bcd-aee1-fb26e7bfd757_jpg.rf.b538076d1187f6fb55ab95f05e0cd9af.jpg, 0, 1
488a316b-07fc-410e-a5fd-84f831acc653_135_jpg.rf.b5355487a7d67ee111b3dffd8cfa5f7e.jpg, 0, 1
5671fc02-681e-4da8-826f-c1a0b2dc5870_225_jpg.rf.b53822610bd8f64a1b606c9f15bd2246.jpg, 0, 1
c01c35d2-7769-4a57-abff-c52f7def3900_135_jpg.rf.b545e580d3fa4e4256183eda2e377877.jpg, 1, 0
6b30113e-141c-4956-964b-7b64918f694b_90_jpg.rf.b54bc3fc2fc842f2258694f103a4690e.jpg, 1, 0
2bf615ea-7241-4861-82d7-bb74c8b5dfba_90_jpg.rf.b549ab5d1938b6c6e5089c7e16caed88.jpg, 0, 1
ba23ca74-9f22-43fe-8e97-1aaac5891d8d_jpg.rf.b552b5c676bd1e7f2e8b54012ee6cd22.jpg, 0, 1
4de4ad31-de11-418b-a60d-a7192ea0c98a_jpg.rf.b54fec0f2db6fae92d5a6461b23e83ce.jpg, 1, 0
91e77c81-f2eb-4358-81d6-eea2509ae443_180_jpg.rf.b57b4528d999e2f7f9ed78ce98642484.jpg, 0, 1
WIN_20221229_22_29_32_Pro_jpg.rf.b56a7307a54840ea86e5d8257b5a39a9.jpg, 1, 0
226b7023-757d-4c11-9b59-a0e8f02e5274_270_jpg.rf.b57ebe50cee96729f48c5cdbd1aa0198.jpg, 0, 1
706a501b-940f-4252-89a9-1afae476d3b1_90_jpg.rf.b57e1eb7cd75bf6f73458a459b02f0f8.jpg, 0, 1
5d06dc79-9d5c-46d0-a720-e4898e65949c_270_jpg.rf.b57f9fa91833956d2cbda95e5ab3646e.jpg, 1, 0
41ab7cda-4c88-47b8-98da-0c6ee6e07325_45_jpg.rf.b59c60b92821dc109cfff1452e002e02.jpg, 0, 1
7089d907-9aaf-459e-ae22-53962285fbc8_270_jpg.rf.b5b7f55f87371c7018dbf79cfc3f5341.jpg, 0, 1
25365714-d0ec-4a39-aba3-ea056e686ce9_45_jpg.rf.b5a888bad0122ceabac9a1ea7e4953f5.jpg, 0, 1
96383b0f-647d-4d8b-aae4-c525fb9365d6_225_jpg.rf.b5ba5445d0f326f5a07f487d32b38003.jpg, 0, 1
507e6cd8-2041-47e5-b174-28a6d9328985_90_jpg.rf.b5c5748bb4e54a297104021ea5c8d7d5.jpg, 0, 1
9cb97279-36f3-438c-97d5-91da39c4e13a_225_jpg.rf.b5db81b58f5d5d2d8ae8cf332b9e705d.jpg, 0, 1
84f05969-c971-4d44-8df4-3a80a71a545d_jpg.rf.b5d5942922522a14753e871735558873.jpg, 0, 1
d4ea5845-ed1c-4bcd-b615-557884bb64c2_45_jpg.rf.b5c09874c0a8487d618de75db8ee32c0.jpg, 1, 0
4dcbce83-654c-4125-9939-c4398187533a_225_jpg.rf.b5e430bd1f19bff21f9b6eb89163518f.jpg, 1, 0
93a64c9f-678d-4302-94ea-5758bbf7451c_90_jpg.rf.b5e4e07eabd4d648aa53950b179f9b3d.jpg, 0, 1
WIN_20221229_22_37_27_Pro_jpg.rf.b5d5d4f71af0bcaee6535cb5ca3b7e7c.jpg, 1, 0
91e77c81-f2eb-4358-81d6-eea2509ae443_225_jpg.rf.b5f1d4f9a29e82b9081bbd4a84cc8caf.jpg, 0, 1
WIN_20221229_23_27_48_Pro_jpg.rf.b5f31ade59e89c34e205d202ee34b8c4.jpg, 0, 1
0c4d65e5-1985-47b2-8252-616ed898bd7c_225_jpg.rf.b6038ea81f55c624044b9c20743c0d57.jpg, 0, 1
66c7508a-f4ff-4af6-a91b-5f33d3c4d20d_180_jpg.rf.b5fc1d8396d93a09479c95a5ecdafc93.jpg, 0, 1
WIN_20221229_23_05_50_Pro_jpg.rf.b60c1f3b34c02160dc1fcda4dfdab641.jpg, 1, 0
2da43d43-ad7b-435c-920d-0fbfebb88959_90_jpg.rf.b60ee067880ac3fae54d0e52a044e63c.jpg, 1, 0
b4b3a28f-aee8-402c-856a-b09db5dbeb4a_225_jpg.rf.b620c90cd1fc6fe45543d7c466c97a77.jpg, 1, 0
1ab90226-8889-4bcd-ad0c-ea01fedaaffd_225_jpg.rf.b62129f4fa34c9c198901e6751dafb33.jpg, 1, 0
642d6f5f-fa24-4c18-b7b2-6b24334629a3_90_jpg.rf.b62241bc032ec12a10b23195706e3d3f.jpg, 0, 1
87ad76a7-bd79-4c43-86bb-4db4498e10f1_45_jpg.rf.b6591eafed19955045afcf998b5843bc.jpg, 0, 1
00a9637f-e5c9-4522-8d19-d6b3e8bae3f3_45_jpg.rf.b641fba2161f89eebe1b42499afdcc51.jpg, 0, 1
b361e99e-9c59-43b5-92f6-80ad77c3287f_270_jpg.rf.b66b89e71e6847e17d9f9ce1533c057c.jpg, 1, 0
72ab964e-0b95-46ec-a135-1890eb300c53_135_jpg.rf.b6728059dfeaf6dfb3849cc3f7fef2e6.jpg, 0, 1
226b7023-757d-4c11-9b59-a0e8f02e5274_jpg.rf.b6741ae8185dec674e50849417cddec9.jpg, 0, 1
ccd5cdb4-3df2-4b3b-833b-3bdc7d43ee4d_90_jpg.rf.b6798313403e71e46cd43a264fadce96.jpg, 0, 1
5d5357ec-e4b0-4f32-a45c-2dca5338324d_180_jpg.rf.b67af6fa783f832aad15abb05d18891d.jpg, 0, 1
706a501b-940f-4252-89a9-1afae476d3b1_270_jpg.rf.b67e5905b7ebef21a10a257f35bec0cf.jpg, 0, 1
92fe0088-90bc-4eaa-8567-a9b3ad0645e8_45_jpg.rf.b67f3d7f8655f482148b05fe119c1c96.jpg, 0, 1
WIN_20221229_22_28_19_Pro_jpg.rf.b6811a52622c15102470c0135db4e45f.jpg, 1, 0
11037d07-18b3-4fc4-8025-f06dcbc0500d_270_jpg.rf.b6816c143d394336668f0e1e53eb80e8.jpg, 1, 0
69ab59e3-c1ad-4509-a8b8-bd8e4fac2ae6_225_jpg.rf.b6854a688a4a9b8e62f9ae276b0b6c91.jpg, 0, 1
7e2e4fb2-dc94-46c6-a203-0db83ca84e81_180_jpg.rf.b6868e03da38e4527b533ef74c511492.jpg, 0, 1
0dab9689-2c2d-4dc6-bb71-db1b6d82cb17_45_jpg.rf.b68947a79f8ac9e64e3980fac96e9c8e.jpg, 0, 1
6b30113e-141c-4956-964b-7b64918f694b_jpg.rf.b69aedbd1963a504defaa9ebfe61be66.jpg, 1, 0
93bde728-be7b-4af0-a18e-67f00d6fdcac_jpg.rf.b69987ecf8ee98ed81163bb6e312e118.jpg, 0, 1
1ab90226-8889-4bcd-ad0c-ea01fedaaffd_135_jpg.rf.b69c8d51ddf127352ae9d05defb301b0.jpg, 1, 0
82dbf814-a3a3-4cba-9277-08c10de5c8a4_180_jpg.rf.b6a7fd577e94077ffe7a6d0a9ac4e400.jpg, 0, 1
d02674ec-4a90-43c1-9aba-1cf70300a55a_180_jpg.rf.b69f3cc0f75e7b3fabc6f12e0a993c59.jpg, 1, 0
8c678484-e530-433f-9265-cadfa51b5d6a_90_jpg.rf.b6a8d3d7e073a5a09c3c1c591581041a.jpg, 0, 1
9a5fc62c-6820-4cb6-ba66-1063e612d144_270_jpg.rf.b6a9ad9560c2fcb28ac087e84817210c.jpg, 0, 1
2da43d43-ad7b-435c-920d-0fbfebb88959_180_jpg.rf.b6ad6ac06db670c4f8d49321086ced08.jpg, 1, 0
b361e99e-9c59-43b5-92f6-80ad77c3287f_180_jpg.rf.b6c5f743d4dbdf60ea61508f9e7a5c47.jpg, 1, 0
680cc473-598d-49e7-847e-6b8c099e14fc_180_jpg.rf.b6d888f106376d6d00962951f53afeb2.jpg, 0, 1
afd3edfe-e4fe-4715-8429-5af060c5f0d9_jpg.rf.b6e3c1a9bd0e3bf3388d66631827861e.jpg, 0, 1
8140aed5-a61c-4048-81dc-c9e2149f60b2_90_jpg.rf.b6e6c5d6a6740fe9bf66134e4f1a4612.jpg, 0, 1
0c04b448-fe60-4b89-bf5a-b18fe90a5870_180_jpg.rf.b6d8b288b806397adf1f45322809f578.jpg, 0, 1
WIN_20221229_22_04_05_Pro_jpg.rf.b6eb2234bce1c493e37aa30fc7c99c2c.jpg, 1, 0
4ded4873-2bd7-4d9b-80ae-7a8967c128ce_45_jpg.rf.b6f304d53bdb678350cf0725eed30894.jpg, 1, 0
706a501b-940f-4252-89a9-1afae476d3b1_90_jpg.rf.b6eb5532d945413960e351a8ea50e294.jpg, 0, 1
WIN_20221229_22_08_02_Pro_jpg.rf.b6f95e9fb6fbdcb105ed10d13bc4c400.jpg, 1, 0
8ddce3ce-bc64-4942-93aa-940868007f64_180_jpg.rf.b705941532f847f5afbe9143b6628eb1.jpg, 0, 1
a57c3779-84b6-494f-a396-47718417b914_180_jpg.rf.b7095bbb37051ec5ed959fbdb5814fce.jpg, 0, 1
8d331829-b225-451b-8aaa-89058c62faf5_jpg.rf.b6f192005bf46f891d21022572071430.jpg, 0, 1
69ab59e3-c1ad-4509-a8b8-bd8e4fac2ae6_225_jpg.rf.b711a6aea3a515611e8dce1293ee064d.jpg, 0, 1
WIN_20221229_22_42_54_Pro_jpg.rf.b7161a434103186eab550396cbda6179.jpg, 1, 0
4dbf4259-4cc3-4ff3-8768-970703c6c8f9_270_jpg.rf.b71f8ed6a47a4e64f8933964a2ba55de.jpg, 0, 1
15f5d196-2633-4a7b-9102-b33c659c6024_180_jpg.rf.b7213606762dd8512b7ec6c045ae7fd3.jpg, 0, 1
1ab90226-8889-4bcd-ad0c-ea01fedaaffd_45_jpg.rf.b7224a72362b9632cf93b8c60b5a664e.jpg, 1, 0
f206736f-e48f-4e12-b367-144752c744e6_45_jpg.rf.b729fa7c6ff9b1f50a0170d68203e59d.jpg, 1, 0
ba23ca74-9f22-43fe-8e97-1aaac5891d8d_270_jpg.rf.b7376547c0efedba8ce4cf857a07162f.jpg, 0, 1
WIN_20221229_22_24_12_Pro_jpg.rf.b7519b1e281d817c9e858a557c1033fb.jpg, 1, 0
WIN_20221229_22_29_11_Pro_jpg.rf.b7526e912191be34c1f28bf73bfb83af.jpg, 1, 0
217fef04-2462-4dca-a170-f780b700b17e_jpg.rf.b76216df77e4ae2fdbedf790e79dc8f8.jpg, 0, 1
dc2bb2f5-03e1-46c1-9886-bda5f5bee11b_90_jpg.rf.b759238159d10b5ccc48fc73a79b8342.jpg, 0, 1
52c230c2-20b1-4769-978c-d0a859364b3e_135_jpg.rf.b74c6058efe20d5a48fe081c72893149.jpg, 0, 1
223d92bc-5ef8-450a-86d6-ab5d6e8c5b3e_270_jpg.rf.b76c4318072dae460ee647162a7a3c57.jpg, 0, 1
91fd5e6d-6fa7-45ec-b8dd-a390713a150f_180_jpg.rf.b73ca22f06d11853b989510eecb39c34.jpg, 0, 1
69dc5c1e-a7ad-49aa-ba21-235545c312c6_270_jpg.rf.b782d83e6aecb4670ccb155487a6dcb9.jpg, 0, 1
WIN_20221229_23_21_06_Pro_jpg.rf.b73db70c33c6a9b885a564b2a0652405.jpg, 0, 1
1d4ead22-cc06-4fa2-9784-d9257f24ef86_270_jpg.rf.b79e8ed91d125f41df8bcf24d47ae4d8.jpg, 0, 1
aa8cc596-1881-4e18-a73f-fe60f6a6a031_180_jpg.rf.b78a6262baf6dac876cfb175dcb3e628.jpg, 0, 1
94a26150-c197-425f-961b-0a4ae35825cf_180_jpg.rf.b77261383191549dc9c43153ce24d8af.jpg, 0, 1
53f913e3-941b-4772-8446-2bad471e22b0_135_jpg.rf.b7a62a09862e812e6c00eff94feecf74.jpg, 0, 1
82743c35-e968-47ee-93f6-95270352fe13_45_jpg.rf.b7bb4934cb04eff2f93fd0dbbc72389d.jpg, 1, 0
WIN_20221229_23_10_12_Pro_jpg.rf.b7bb4ec47fe30cf92ce4f60fdb63bcc5.jpg, 1, 0
0b521929-1734-47b8-86c9-093445af0697_jpg.rf.b7bcd3dd7a359ddb640dee650a01cb8e.jpg, 0, 1
7e2e4fb2-dc94-46c6-a203-0db83ca84e81_jpg.rf.b7d635bd5704602e8abc3536010baf64.jpg, 0, 1
WIN_20221229_23_24_05_Pro_jpg.rf.b7db7a3cdd4d520fd599ec4720693143.jpg, 0, 1
a8ba45d9-69a1-4fc4-a6c3-74c50107e59c_90_jpg.rf.b7ddcd6e3a52544fecf2bbe00c499773.jpg, 0, 1
WIN_20221229_22_59_46_Pro_jpg.rf.b7e72f915b95e0d195f6dd510f127e79.jpg, 1, 0
1acf8679-d50f-446c-b806-def7d073e244_45_jpg.rf.b7eb9e43627f9651c8a48b9a32a66a14.jpg, 1, 0
WIN_20221229_22_39_39_Pro_jpg.rf.b7e2b5830645c26725d698c7c3d83285.jpg, 1, 0
a57c3779-84b6-494f-a396-47718417b914_270_jpg.rf.b7ec261caa3114f17a49146750f557e0.jpg, 0, 1
0516cd97-ef6c-4542-a884-e01aaa597ac3_jpg.rf.b7ef8af5876060050ea4e0efd4886606.jpg, 0, 1
WIN_20221229_23_24_00_Pro_jpg.rf.b7ec8088e6b9610bae623617773b2a39.jpg, 0, 1
72a2b8f8-c7ca-4222-b2a1-9b82ac7990f4_135_jpg.rf.b7fb5a1d6600a8b9f4d25d0492c5e45c.jpg, 0, 1
d6ed6d4c-2acb-4507-bc4c-70480968eacb_45_jpg.rf.b7f00c6ef635e8bda62fd2c87727a6a4.jpg, 0, 1
2a99660b-f767-40aa-937f-c4cd68d2ceac_135_jpg.rf.b7eec7d42887374c518e658cf2942295.jpg, 0, 1
9dd803f6-3218-4e96-ad6e-55b3d36e8470_45_jpg.rf.b82173aeaed7c36ac2f12fc097b39944.jpg, 0, 1
72ab964e-0b95-46ec-a135-1890eb300c53_135_jpg.rf.b819847de05caeb397d0aad5b78e347c.jpg, 0, 1
52c230c2-20b1-4769-978c-d0a859364b3e_45_jpg.rf.b82199b46b49da899e810d44219afa55.jpg, 0, 1
5aa96b87-9a19-4beb-971d-21bde07a9a0b_90_jpg.rf.b822662f4ebace4981ec571355034074.jpg, 1, 0
41ab7cda-4c88-47b8-98da-0c6ee6e07325_135_jpg.rf.b82f1654d04d77c46c0340dae4d40dbe.jpg, 0, 1
2da43d43-ad7b-435c-920d-0fbfebb88959_135_jpg.rf.b829b271637013edb41b6780ff4ceecb.jpg, 1, 0
a936c90a-8f24-4289-b10b-4830ac9f3019_45_jpg.rf.b84d4736b76d7cb37b5336d076b8adc8.jpg, 0, 1
2eae8682-54b6-40b7-9684-d956300a4077_270_jpg.rf.b835ee59b5c3f47877e7d8fd63195a19.jpg, 0, 1
811f5cf3-9a05-4b39-b1b3-174f31f7cec6_jpg.rf.b84b00ef05c79f238381b51c3258e2ee.jpg, 0, 1
44c7fb6b-7175-4aa3-98c2-9bc78d8a6f92_jpg.rf.b85bfdb8c2bf0581177fdb8e87791205.jpg, 0, 1
96d467c2-fa44-474b-9e64-88f1f265aeaf_135_jpg.rf.b8387a2bbaf659a58addb1b27e2fcf2e.jpg, 0, 1
2da43d43-ad7b-435c-920d-0fbfebb88959_45_jpg.rf.b86542004373c885f6f15713784044b1.jpg, 1, 0
92009a81-ec1a-4dc0-99aa-c0898383287c_jpg.rf.b860b7de63baf2f3e52bbf5db370cfec.jpg, 0, 1
9cb97279-36f3-438c-97d5-91da39c4e13a_90_jpg.rf.b86225272dfd01ed51464e5b5cf444e9.jpg, 0, 1
bd17953c-5cc6-4fc5-8ade-fd7ece53be19_90_jpg.rf.b86b245ddcdc32e9f1db4bd701e60a55.jpg, 0, 1
ba23ca74-9f22-43fe-8e97-1aaac5891d8d_180_jpg.rf.b86e45c95dbe1dd3ac21b2eb55c722bc.jpg, 0, 1
ba25564d-c23a-450d-b0af-a191ed900fb1_90_jpg.rf.b870b883bf49708d666ab298d69fd251.jpg, 1, 0
0c04b448-fe60-4b89-bf5a-b18fe90a5870_270_jpg.rf.b87d4ed7d3b53707646c466b4f7ae06c.jpg, 0, 1
4461774a-c193-43e6-9849-19c25ad533fb_225_jpg.rf.b886e7731272830c326fd6ddae7a8390.jpg, 1, 0
5d105570-fd52-46cd-a90a-9dfa42ef878a_jpg.rf.b8835a1e75109b1913462ea5c14c3dfe.jpg, 0, 1
4dbf4259-4cc3-4ff3-8768-970703c6c8f9_135_jpg.rf.b888a042902cca62f329746d703b17bf.jpg, 0, 1
7ceae77f-3a56-4262-a271-2a8d727efbe9_45_jpg.rf.b889d8c58f3bcf0c73748b63742206e4.jpg, 0, 1
87cc591e-7e25-4d08-a519-6b5ec6d98cfa_225_jpg.rf.b89353aac942c3ced4ae27029cc2a03d.jpg, 0, 1
0c279d03-a83d-4404-b852-2b90d79e1ed3_90_jpg.rf.b88f7c53130afef3e5da33ac13f7ca95.jpg, 0, 1
499ce0e3-7fe4-4fd4-bd8a-5aa00aab3f43_135_jpg.rf.b8990e5332c1caf8333fa6153e983f4a.jpg, 0, 1
69dc5c1e-a7ad-49aa-ba21-235545c312c6_135_jpg.rf.b8a09facf56fd56a398f018a2bf0aa2a.jpg, 0, 1
15f5d196-2633-4a7b-9102-b33c659c6024_270_jpg.rf.b8a75a33601d4f27d994f1df77d87c4f.jpg, 0, 1
afd44643-9287-4080-934f-7a13c66d9bfd_180_jpg.rf.b8a97222f5224d25d0e03f091bad2217.jpg, 0, 1
2da43d43-ad7b-435c-920d-0fbfebb88959_jpg.rf.b8aa849b31e20069cf3e4a5d89f960a1.jpg, 1, 0
91e77c81-f2eb-4358-81d6-eea2509ae443_270_jpg.rf.b8ac6ea1950879a2ba1f519cc279f917.jpg, 0, 1
cfed691e-4738-45c4-a2bd-65fc9d5c2da8_270_jpg.rf.b8b3123f670f31cb0a7a167f6b68e7f9.jpg, 1, 0
a936c90a-8f24-4289-b10b-4830ac9f3019_jpg.rf.b8b05078a4325777fb3cee0c5098039f.jpg, 0, 1
72a74631-171a-4cf4-b978-58f358afa95c_135_jpg.rf.b8c80e115e3c25f1c87130ca2b13c8ed.jpg, 0, 1
92a893f4-8dd5-4f4a-9864-08811d4ed00a_180_jpg.rf.b8c814f4776e3f7a5c29f8cf65bb065e.jpg, 0, 1
51ba5ef7-fd64-4d52-9c3f-9d70e0ff040f_jpg.rf.b8d56f5bb51c349fe1460f6e734fab03.jpg, 0, 1
d2936fba-871f-4fbe-97da-b6e6e347e889_45_jpg.rf.b8d9d601379699824484a2031658304e.jpg, 1, 0
6cdbe5d2-04bc-4a25-b1a0-be0a00a136ae_90_jpg.rf.b8e65341266a653ba87d55054aa68ec4.jpg, 0, 1
5c99f964-3704-402c-aa2d-42bd2fbacf4f_jpg.rf.b8e8dfb1cdc9569da846e975720c3d1b.jpg, 0, 1
WIN_20221229_23_27_13_Pro_jpg.rf.b8dcc94919677bb4fb81aa89d9c8c209.jpg, 0, 1
1b05898a-3be4-4b9e-b4a0-6d23dfdaabf0_270_jpg.rf.b8eb549a2be8728ce6b8aa010d319dbd.jpg, 0, 1
4461774a-c193-43e6-9849-19c25ad533fb_jpg.rf.b8f2abaea218afdcdd36ee6786fd4c47.jpg, 1, 0
b4b3a28f-aee8-402c-856a-b09db5dbeb4a_180_jpg.rf.b8f75edf017f56a28088bcaee01420dc.jpg, 1, 0
4ded4873-2bd7-4d9b-80ae-7a8967c128ce_45_jpg.rf.b8f9653feb987b4ec69f0c34523b6436.jpg, 1, 0
fbe4f519-6225-4168-bcf9-4ccc4d0d82bf_45_jpg.rf.b8fb0c1c8187197e7d2bee39401c33fd.jpg, 1, 0
2b3188c7-77de-4b98-aaa5-012b0941ca45_270_jpg.rf.b9066699294d9e0b3558bd48d646af2e.jpg, 0, 1
014bcc0a-10c7-41eb-80eb-e2f62bb652b3_135_jpg.rf.b90577d74543aaf481a94c52cae671c6.jpg, 0, 1
WIN_20221229_22_19_45_Pro_jpg.rf.b9096c9de5e0fb9b328a436bb070675f.jpg, 1, 0
4eddf419-3396-43d2-8b40-3ccecf2a2620_180_jpg.rf.b9103b2c85436d8d46b92b4cf621ddd1.jpg, 1, 0
8dfde29c-73a0-4bd6-a788-0a31baf572a0_jpg.rf.b91cd73a540379baf9002f71c5ff2c41.jpg, 0, 1
76a872d2-5c22-4f33-82b4-18c0f78e1a1b_135_jpg.rf.b92e94ef20eeba0bf70236c84211bece.jpg, 0, 1
75fea9b7-7c08-4ea2-bb8d-50096fdf774b_135_jpg.rf.b92fefc0ea695efa7580efbc611533de.jpg, 0, 1
a1690e8a-68f2-42fa-b0a0-6c59cc895c84_180_jpg.rf.b91e463126f15b2758b0a540766e5561.jpg, 0, 1
1ab90226-8889-4bcd-ad0c-ea01fedaaffd_180_jpg.rf.b935ba3a0649c11cdf2579d75c93ea80.jpg, 1, 0
a3f8b634-4b11-478d-bbfe-41a57317ad50_90_jpg.rf.b939c1ea08a271cec609ceaf6320d2f3.jpg, 0, 1
2be59dd5-7793-413c-96cb-c40098eba6f6_90_jpg.rf.b9483f3d8d041fd74787acbc7a26a2ee.jpg, 0, 1
9aa3d151-a2d6-4d13-ad4f-f133f4552c4f_135_jpg.rf.b94e2aa2ab32f8b4ee9268e20323757b.jpg, 0, 1
4eddf419-3396-43d2-8b40-3ccecf2a2620_180_jpg.rf.b94ac61735d2bcc80b6ad7df8a4e2217.jpg, 1, 0
224748bb-08de-4a59-98e5-2bbef0629846_90_jpg.rf.b9552e423b440a5534d33ac6d5e19b3f.jpg, 1, 0
15fd3442-e84f-4c27-952b-ec415fe777d6_270_jpg.rf.b950cbab4066035f503d1028209075ff.jpg, 0, 1
233af445-c0e5-4bb1-ad5f-743becd76cab_90_jpg.rf.b95bdea78517f103575fb04bc2c4b0ed.jpg, 0, 1
4d510781-6fad-4149-909f-5b3615711984_90_jpg.rf.b9620a36b191c980867821c9f1f25d1e.jpg, 1, 0
6e3c83a7-c5c6-46b5-8562-ffa8d99f4bb2_jpg.rf.b9614725cc2ef45fb8e8f4c1ae62ce97.jpg, 0, 1
57ab1fc0-e755-40c3-82cb-cce0684f11f4_270_jpg.rf.b97399fc7323f5c2abff83a704863670.jpg, 0, 1
ba23ca74-9f22-43fe-8e97-1aaac5891d8d_jpg.rf.b981639099a0d2c650a3eac6537ef0c7.jpg, 0, 1
8e753e61-dd28-45b8-aa64-e6c1e71bd812_90_jpg.rf.b96d11106546e2a495cd08b3ddd5284b.jpg, 0, 1
61bd5e75-cfb1-47e8-b4be-24447913359a_jpg.rf.b97542309b00dd6aabb7cad7b933f5cb.jpg, 0, 1
51ba5ef7-fd64-4d52-9c3f-9d70e0ff040f_jpg.rf.b98e3e3f38e44d88600413f3c8a51037.jpg, 0, 1
dc2d0160-f922-429c-8c3c-5a6f0f68c023_225_jpg.rf.b994af090c8c19a056f1d47ed5158812.jpg, 0, 1
cfed691e-4738-45c4-a2bd-65fc9d5c2da8_90_jpg.rf.b99c868a4c22a2e1859066f2265ff622.jpg, 1, 0
706a501b-940f-4252-89a9-1afae476d3b1_180_jpg.rf.b99f2db263c8e86e4b9134a98febc505.jpg, 0, 1
WIN_20221229_22_38_47_Pro_jpg.rf.b99573d447463bd930534b4a8e5328f9.jpg, 1, 0
82743c35-e968-47ee-93f6-95270352fe13_jpg.rf.b9a7a4f655126f777205cf0ba6f3bb0a.jpg, 1, 0
8c678484-e530-433f-9265-cadfa51b5d6a_270_jpg.rf.b9a5b4f8063c8d4107cf3a2b81c818ba.jpg, 0, 1
WIN_20221229_23_02_35_Pro_jpg.rf.b9aa12ead8ce2f1fc2e0cb92917e6ea7.jpg, 1, 0
WIN_20221229_22_52_24_Pro_jpg.rf.b9ad29e14fb18a8037dd3235723b24ad.jpg, 1, 0
92810cd4-1652-4556-bc0b-b2e953449143_270_jpg.rf.b9b37c5323e8456ac93e8036d8f87948.jpg, 0, 1
80de665e-2077-4a83-9a40-20d2bcaeac43_180_jpg.rf.b9bd649f35f4c4f4abf8e57fa515e490.jpg, 0, 1
WIN_20221229_23_24_59_Pro_jpg.rf.b9c05c2b8e5778bb9dbc69c7d432ad50.jpg, 0, 1
WIN_20221229_23_23_14_Pro_jpg.rf.b9c9883a54ac62aea1ce7de7f5f82dfc.jpg, 0, 1
5064456d-d977-4c88-a2f7-613db1f3f19b_180_jpg.rf.b9b57692e433c068c9fa3e47b984be75.jpg, 0, 1
8bfe69f8-33fd-4fea-8a42-c821ffd94be0_45_jpg.rf.b9d00b1f4e18b35ba2774afddd5a69aa.jpg, 1, 0
a1690e8a-68f2-42fa-b0a0-6c59cc895c84_225_jpg.rf.b9bbe076389ca41f3eb9ea4e726f8777.jpg, 0, 1
WIN_20221229_23_30_09_Pro_jpg.rf.b9ceb70a7e1d8f831afb9643478f150f.jpg, 0, 1
72ab964e-0b95-46ec-a135-1890eb300c53_90_jpg.rf.b9d9e7fac06ecc24e8590aae7ea537d1.jpg, 0, 1
0327f441-9a02-40a9-b280-251440ad4cec_45_jpg.rf.b9e6ac1ea1e56adb5f143e86719d56f7.jpg, 0, 1
0dc01fa2-4d5e-46ae-ad61-19485b378972_135_jpg.rf.b9ee9d52db512e963095912eaf918fba.jpg, 0, 1
75fea9b7-7c08-4ea2-bb8d-50096fdf774b_jpg.rf.b9ea480a74539688bb0c2c5a884e3218.jpg, 0, 1
5c99f964-3704-402c-aa2d-42bd2fbacf4f_jpg.rf.ba03181c374d6e1a186e91b122467d3a.jpg, 0, 1
228a8b47-9459-4326-898b-1c5953d755b4_45_jpg.rf.ba0673b29798b8e8adbfac7b9cedf108.jpg, 0, 1
WIN_20221229_22_56_26_Pro_jpg.rf.b992d86cf98bf53a440d1c7a71654305.jpg, 1, 0
WIN_20221229_23_27_32_Pro_jpg.rf.ba0acd93b7b11f0e73335465b7702292.jpg, 0, 1
WIN_20221229_22_29_47_Pro_jpg.rf.ba0ad559bca716c96e3dbce92f90630c.jpg, 1, 0
215be899-dd62-42e0-b42e-8331622f5b9a_225_jpg.rf.ba0bd4ea48ada867f82c0e907facc4d2.jpg, 0, 1
2da43d43-ad7b-435c-920d-0fbfebb88959_135_jpg.rf.ba1aacaeaba94f3732955aec0f6776fe.jpg, 1, 0
1513532a-b352-4b17-b681-b02f3127b483_jpg.rf.ba1cb8998ed05bf44b4dad73646336f6.jpg, 0, 1
0fbac742-48ee-4857-ab82-3318c8fbdcb8_180_jpg.rf.ba1f0359613c13e841a99d9fd23c894c.jpg, 0, 1
2b560df3-ff42-4546-a0bd-11ff2ca590e2_135_jpg.rf.ba1fb825b8e77aa981a8857f9d34362c.jpg, 1, 0
680cc473-598d-49e7-847e-6b8c099e14fc_180_jpg.rf.ba2c8eedf9d6143a5f686e35fc428249.jpg, 0, 1
WIN_20221229_22_06_00_Pro_jpg.rf.ba226ae7bbdaaf1b4e792e811b861e5d.jpg, 1, 0
WIN_20221229_22_19_45_Pro_jpg.rf.ba2eb7a28fd0fd46d1acf18669fa80d3.jpg, 1, 0
WIN_20221229_23_30_43_Pro_jpg.rf.ba2752aa6ee0d0267206e75a63323f48.jpg, 0, 1
22ada72b-340c-4d68-9534-2729e3347cab_135_jpg.rf.ba177d59ef61edcdd02025d8d2143e6a.jpg, 0, 1
2b3188c7-77de-4b98-aaa5-012b0941ca45_225_jpg.rf.ba34b3997541943810c234a1b69f57b4.jpg, 0, 1
WIN_20221229_23_24_48_Pro_jpg.rf.ba56494c9589dc6d61eeec316a864b5e.jpg, 0, 1
WIN_20221229_22_23_56_Pro_jpg.rf.ba68b576cd643eb54012aac5f3e06cd0.jpg, 1, 0
WIN_20221229_22_23_45_Pro_jpg.rf.ba5bfb5c8f6c69384278af68f9b06919.jpg, 1, 0
0aa414bb-510b-40c9-85e1-f7a7163b3e2c_90_jpg.rf.ba7005b5002f2612aa2861be3cdaca40.jpg, 0, 1
3c966d73-e030-422f-8e66-a2bfb35337dc_225_jpg.rf.ba730534fadd08c8b710d0e5a1d0838e.jpg, 0, 1
WIN_20221229_22_50_13_Pro_jpg.rf.ba7b0da4dceec36dd1b9104a10d4ae7c.jpg, 1, 0
4dcbce83-654c-4125-9939-c4398187533a_270_jpg.rf.ba7ccca99b6ef3a1e37ad8c633537ada.jpg, 1, 0
2bf615ea-7241-4861-82d7-bb74c8b5dfba_90_jpg.rf.ba7df12fd84086101bea5310dc7bd9be.jpg, 0, 1
600d2167-2072-4825-9516-6c13af9fc382_270_jpg.rf.ba8093f45a436fea4995f17f99892c4f.jpg, 0, 1
afd3edfe-e4fe-4715-8429-5af060c5f0d9_225_jpg.rf.ba84686f25d9bfaf566ff2f402c72294.jpg, 0, 1
93bde728-be7b-4af0-a18e-67f00d6fdcac_45_jpg.rf.ba879436ebad0bc3000f41d21d956274.jpg, 0, 1
2abea0f5-7c2a-4519-88c1-d33080ac7db2_225_jpg.rf.ba80fc22c7f2d4b030fcf3a357350cca.jpg, 1, 0
9fc543ac-91f3-43f6-8df6-28bb9709a3e6_45_jpg.rf.ba9e4fd3ad444ca60630dac98f1798e3.jpg, 0, 1
687d8151-bfed-420b-9a07-5213500e2964_90_jpg.rf.ba8e19b11808bb7b4a79a5bb03e38fc0.jpg, 0, 1
7d0322d1-3583-4a2b-ad25-e76d31603cee_90_jpg.rf.ba9789681310a693f51e917038e86582.jpg, 0, 1
WIN_20221229_23_28_39_Pro_jpg.rf.baa5b4696e874d3e7bd90a7bdd5d0c47.jpg, 0, 1
0c279d03-a83d-4404-b852-2b90d79e1ed3_270_jpg.rf.babafebd4ee69deb362dfa74f60d2806.jpg, 0, 1
06b95f3f-e2f5-4f58-95b1-6f9024e8e5d7_225_jpg.rf.bab95fdc8fdc14584816091891c19d1e.jpg, 0, 1
WIN_20221229_22_08_20_Pro_jpg.rf.baae22bc30194525d35531a7282dd42a.jpg, 1, 0
c6d5a9cd-56bd-4e1a-9ca8-c3562c8140f8_45_jpg.rf.bacb2a44c572aa19c0d6f6850fdd0521.jpg, 0, 1
91c2e56d-2549-4574-9414-86aa17e84ef4_135_jpg.rf.bad0e9372f4647a8477f95dc69a3d065.jpg, 0, 1
WIN_20221229_23_22_26_Pro_jpg.rf.bad8f2537378ce8a85c2ba86d3044f20.jpg, 0, 1
61bd5e75-cfb1-47e8-b4be-24447913359a_jpg.rf.badd6d325bb4410554006289b951906d.jpg, 0, 1
c6d5a9cd-56bd-4e1a-9ca8-c3562c8140f8_225_jpg.rf.baebb5af7d87541809badb5758e023ef.jpg, 0, 1
97e4c08e-3475-4d77-8b54-a2231e38f6a2_135_jpg.rf.baf62dec037336ef9a1bb0b65bf36c16.jpg, 0, 1
WIN_20221229_23_02_14_Pro_jpg.rf.bafb976e4c7789e4d75c4ec4e01c5dea.jpg, 1, 0
4dbf4259-4cc3-4ff3-8768-970703c6c8f9_jpg.rf.bb1057ce7f264aa113daa46bef602e05.jpg, 0, 1
c6d5a9cd-56bd-4e1a-9ca8-c3562c8140f8_jpg.rf.bafb1e31d6e9bb903e9264aba492aa15.jpg, 0, 1
499ce0e3-7fe4-4fd4-bd8a-5aa00aab3f43_135_jpg.rf.bb0ff57d6b415a6349885d1932c794ae.jpg, 0, 1
93bde728-be7b-4af0-a18e-67f00d6fdcac_180_jpg.rf.bb12bd80b5f32a3ac132cd5d19028360.jpg, 0, 1
0c4d65e5-1985-47b2-8252-616ed898bd7c_180_jpg.rf.bb15c8c1cb467fe07f25a8100ef1272e.jpg, 0, 1
859bbe6e-7f46-4b86-acd1-86fea679de36_225_jpg.rf.bb19cf41861556785e36774fe39a8935.jpg, 0, 1
d6faa4f5-e419-4c2d-b0be-316f48d5464a_90_jpg.rf.bb1d1a09a0dcd952b955c7c2672d0ee4.jpg, 0, 1
WIN_20221229_23_30_35_Pro_jpg.rf.bb200479d54e13c61a0c2e502a85a914.jpg, 0, 1
7a6523d6-ef65-4cca-8160-946936395ede_jpg.rf.bb271b34cc726a5d77d5cc61b5000360.jpg, 0, 1
9765b374-f3eb-4a26-903c-90d85bc9fe0a_45_jpg.rf.bb4058ab7a566755cfafe846ec377290.jpg, 0, 1
a57c3779-84b6-494f-a396-47718417b914_jpg.rf.bb36cb8b3867ed27fd7376cea85be494.jpg, 0, 1
53f913e3-941b-4772-8446-2bad471e22b0_90_jpg.rf.bb449aee16a6af542451fdc84ac9af45.jpg, 0, 1
WIN_20221229_23_31_09_Pro_jpg.rf.bb4a21c1e1dbdb999562bc549c005687.jpg, 0, 1
4eddf419-3396-43d2-8b40-3ccecf2a2620_225_jpg.rf.bb49d44de538c3c8027138eef0781de1.jpg, 1, 0
8140aed5-a61c-4048-81dc-c9e2149f60b2_45_jpg.rf.bb48b9f35f678ae258559e31f080391e.jpg, 0, 1
87ad76a7-bd79-4c43-86bb-4db4498e10f1_135_jpg.rf.bb5573909ee2f1a50acb3e28c9c2e17d.jpg, 0, 1
898d6980-0ea3-4451-82f1-3bdabc8c6d9d_225_jpg.rf.bb562ec412777038125218664275afa3.jpg, 0, 1
53f913e3-941b-4772-8446-2bad471e22b0_225_jpg.rf.bb576d1fe22fe1a1e7eb6f1cc2345367.jpg, 0, 1
WIN_20221229_22_10_20_Pro_jpg.rf.bb5ded7ed3738397f3cf5757d616f748.jpg, 1, 0
b4b3a28f-aee8-402c-856a-b09db5dbeb4a_90_jpg.rf.bb615c263df6cdc96b17615d37d0a80c.jpg, 1, 0
d6faa4f5-e419-4c2d-b0be-316f48d5464a_45_jpg.rf.bb5e161d16c812d1f0a65667531448c7.jpg, 0, 1
345b8a93-c7d2-4b34-9e0c-90f2561ada84_135_jpg.rf.bb672b3324077e4763d591de530df770.jpg, 0, 1
5064456d-d977-4c88-a2f7-613db1f3f19b_225_jpg.rf.bb6311c514488cae5cf97812baa775d2.jpg, 0, 1
0d2a4a7e-7b37-49eb-9ad6-8faaf457ad82_135_jpg.rf.bb72471b35cc64a32a4022721fce90f2.jpg, 0, 1
2b3fa5f4-98bb-4565-b461-8ebc3db528ca_270_jpg.rf.bb7d1b51458011de39b72b03c679bef6.jpg, 1, 0
0b521929-1734-47b8-86c9-093445af0697_jpg.rf.bb81cb07b81496551c87935967ebb6fb.jpg, 0, 1
6b316208-fce5-4562-a45b-736f29a3a697_225_jpg.rf.bb837737f89399ba84e6a6e26f4b15dd.jpg, 1, 0
6181c79d-f063-4fa4-be90-ae376d6b3bdc_jpg.rf.bb78c903cff3a02927f4e234726f6d5b.jpg, 1, 0
a4b1b05e-8f9a-4f68-98fe-52dd9e2a9663_270_jpg.rf.bb8b739436124cf46f6ec4c6d6b9f160.jpg, 1, 0
96f68346-9256-416a-a050-9ec4b750ccc6_135_jpg.rf.bb913e11b0ae43891517701760af4a34.jpg, 0, 1
1b05898a-3be4-4b9e-b4a0-6d23dfdaabf0_135_jpg.rf.bb87e262674a72fdc7e7e78c9bebb690.jpg, 0, 1
WIN_20221229_22_02_04_Pro_jpg.rf.bb8ebfcb656e05a5550d421354c48f79.jpg, 1, 0
22ada72b-340c-4d68-9534-2729e3347cab_270_jpg.rf.bb9c8a09e34d3791e18c8f3f4be0428f.jpg, 0, 1
87ad76a7-bd79-4c43-86bb-4db4498e10f1_45_jpg.rf.bba2c6ab1a309f96b3926d19ab53e9cc.jpg, 0, 1
98cb62e4-f491-47c7-b871-9d1aeeac307e_45_jpg.rf.bba53d3c07354cb8c225aef07a4ad71a.jpg, 0, 1
507e6cd8-2041-47e5-b174-28a6d9328985_jpg.rf.bba7f5cc4a24feda7d51a31fdabd2e27.jpg, 0, 1
70be0397-922c-4185-bb84-728b59ab25f8_90_jpg.rf.bbac86da7cd34db3c29e1690dc06b54b.jpg, 0, 1
09e044e6-a2b6-4827-9853-beb7d392347f_90_jpg.rf.bbacbe7193ba1efe017187149639634d.jpg, 0, 1
5a3117dc-7932-4c34-ae3f-e5867c98ee0a_135_jpg.rf.bbad3eaee7fc37852c5111fdebe0b9b3.jpg, 0, 1
5aa96b87-9a19-4beb-971d-21bde07a9a0b_90_jpg.rf.bbc4eeae5f4b499fb51755b4e6637181.jpg, 1, 0
6cdbe5d2-04bc-4a25-b1a0-be0a00a136ae_135_jpg.rf.bbca97b14a87ae9537d7b458447d1950.jpg, 0, 1
80c4e3b8-9502-4216-aad1-1b5f6f3d6b72_225_jpg.rf.bbccbaa711727836cfe52b6914f92901.jpg, 0, 1
ac755961-63a0-4e01-b87e-eacd0b5d7899_225_jpg.rf.bbcd1a3046546e242ab9601efcb28896.jpg, 0, 1
2be59dd5-7793-413c-96cb-c40098eba6f6_jpg.rf.bbcd7d434b3eac85710f8804ac7abe11.jpg, 0, 1
92787dc3-1720-41c4-8acc-5c7f3fda0fa5_135_jpg.rf.bbdbc40fa78371746b0d75832c55ef77.jpg, 1, 0
3c966d73-e030-422f-8e66-a2bfb35337dc_135_jpg.rf.bbe5815e11c8c8aa23fb31eacc55b9a5.jpg, 0, 1
69ab59e3-c1ad-4509-a8b8-bd8e4fac2ae6_jpg.rf.bbe756c3232f68077d190163cba3ab8d.jpg, 0, 1
01b9d47e-ecba-48fd-a83f-ece6e05995fc_270_jpg.rf.bbed38def66be3c499cb5cdafa3d91f6.jpg, 1, 0
0dc01fa2-4d5e-46ae-ad61-19485b378972_90_jpg.rf.bbf3710c6faff6ac921e9e3bc92ecec2.jpg, 0, 1
24a200ea-e903-4bcd-aee1-fb26e7bfd757_135_jpg.rf.bbfbf816b4c47e0606567f77e814b74d.jpg, 0, 1
223d92bc-5ef8-450a-86d6-ab5d6e8c5b3e_45_jpg.rf.bbf6509d8a2115fdf6d9451df36ee189.jpg, 0, 1
9dd803f6-3218-4e96-ad6e-55b3d36e8470_jpg.rf.bbf82feed5d5e481408800ff9e02f617.jpg, 0, 1
d2936fba-871f-4fbe-97da-b6e6e347e889_225_jpg.rf.bbf25f214e9310017703499adade4d86.jpg, 1, 0
b4b3a28f-aee8-402c-856a-b09db5dbeb4a_180_jpg.rf.bbfad1631740ecba159de5f65c84db6b.jpg, 1, 0
2be59dd5-7793-413c-96cb-c40098eba6f6_225_jpg.rf.bbf2f1939d4f79ec4abe02d6bdc98512.jpg, 0, 1
2a99660b-f767-40aa-937f-c4cd68d2ceac_270_jpg.rf.bc0177728b119b017f20d5c475b84142.jpg, 0, 1
94a26150-c197-425f-961b-0a4ae35825cf_jpg.rf.bbfe0682ec5fa8229fbabbe6fe55d863.jpg, 0, 1
ac755961-63a0-4e01-b87e-eacd0b5d7899_180_jpg.rf.bc098e8e11740189126b661fba4d0b1d.jpg, 0, 1
226b7023-757d-4c11-9b59-a0e8f02e5274_135_jpg.rf.bc0abcd402313b33fcbdbcb18bee712f.jpg, 0, 1
WIN_20221229_22_30_35_Pro_jpg.rf.bc0737ae5cdc15dadedc742925922a98.jpg, 1, 0
9eaca121-9239-49f4-9d05-34ef9f10bcaa_90_jpg.rf.bc1a3ab3cfcfa873a00868d3e52e6f39.jpg, 0, 1
687d8151-bfed-420b-9a07-5213500e2964_90_jpg.rf.bc1e247cce370e04410bdc8099f11d26.jpg, 0, 1
01c27009-f681-4495-8d82-599547aba120_270_jpg.rf.bc2d4a1edb1aacce4eaa019b31befa5a.jpg, 1, 0
1b05898a-3be4-4b9e-b4a0-6d23dfdaabf0_jpg.rf.bc3384a9afdd9600df36631bd4b32fa5.jpg, 0, 1
WIN_20221229_23_35_54_Pro_jpg.rf.bc3185229d1f598602b598a6724caf05.jpg, 0, 1
805c86e2-7416-44fc-b8aa-f663db39cf8a_180_jpg.rf.bc35584592f0ad7da6f1b26c5be2995e.jpg, 0, 1
0fbac742-48ee-4857-ab82-3318c8fbdcb8_270_jpg.rf.bc3aebbdd6b99f975915a594e415fc8e.jpg, 0, 1
84c8c90b-b9c3-4290-bdff-f1946a11050a_180_jpg.rf.bc464a7c43aee660fa2027f64f83c2b7.jpg, 0, 1
687de30d-714c-4d10-9b23-998af950a13a_225_jpg.rf.bc49d413a33e4301cddc34669885942d.jpg, 1, 0
WIN_20221229_23_23_14_Pro_jpg.rf.bc53182655213b4cab907c187b4bed20.jpg, 0, 1
52eb9c86-9714-4fb7-bc45-cbbe25a2b444_225_jpg.rf.bc55d90c784900386c898d4c9a5b10cf.jpg, 0, 1
4fac26f2-1588-4362-9e73-ffe2e8791cbb_45_jpg.rf.bc53a9a4e9b6c8707e3e2783c1919a57.jpg, 1, 0
764af58e-c590-444a-aefd-b4bc11f74c40_270_jpg.rf.bc584282c5ce613958c878b32db84785.jpg, 1, 0
215be899-dd62-42e0-b42e-8331622f5b9a_225_jpg.rf.bc58805e5b257aa8ed0293f27b8bddec.jpg, 0, 1
6f8a29a3-8b83-47d6-8a5b-7baf97fd4469_jpg.rf.bc61aba0271652cd5102fb1659d799e8.jpg, 0, 1
70f70f97-4a9e-4d42-a08b-3b7d1b9abef8_270_jpg.rf.bc640f17a94a04d745cc3bbfe2e9ed1e.jpg, 0, 1
0d2a4a7e-7b37-49eb-9ad6-8faaf457ad82_jpg.rf.bc732be3a249e7d134f24a5eada9987d.jpg, 0, 1
9dd803f6-3218-4e96-ad6e-55b3d36e8470_jpg.rf.bc8b92c962e68c98612c752c4962521d.jpg, 0, 1
d141258d-4b06-4d47-9e08-82edbd725dd1_270_jpg.rf.bc916066e1f17e2f5dbcfc60a94af642.jpg, 0, 1
ac755961-63a0-4e01-b87e-eacd0b5d7899_90_jpg.rf.bc9c0b072355d749a936f8fe0e77ae62.jpg, 0, 1
6e3c83a7-c5c6-46b5-8562-ffa8d99f4bb2_jpg.rf.bc8dc1e3decb66061665fdffa480ae6b.jpg, 0, 1
8efe1e18-4032-4f20-996f-60a19c62f547_270_jpg.rf.bca086fd17c6de8e11b3932e18e21f75.jpg, 0, 1
33e3e3fe-8e37-4b4a-aa04-ad3864731632_45_jpg.rf.bcb6d605508fc165f60ac0972706aaa4.jpg, 0, 1
WIN_20221229_23_04_54_Pro_jpg.rf.bcbda83b7b7d0aa3aa72a6be15c6038a.jpg, 1, 0
d141258d-4b06-4d47-9e08-82edbd725dd1_jpg.rf.bcc7382aa37f855b663f24c84ce74e65.jpg, 0, 1
9dd803f6-3218-4e96-ad6e-55b3d36e8470_jpg.rf.bcc23807ac910e27a4d774e68e6c8c9a.jpg, 0, 1
b4b3a28f-aee8-402c-856a-b09db5dbeb4a_270_jpg.rf.bcca544dce1dfc66fa269c32dce0122d.jpg, 1, 0
69fc95bf-f644-4c92-8057-f05146da07f7_90_jpg.rf.bcd2cbf46a45e8ac36d614eeff48ea1d.jpg, 0, 1
507e6cd8-2041-47e5-b174-28a6d9328985_90_jpg.rf.bcdc947ac9a1a258041cd9a8e3c22e79.jpg, 0, 1
87cc591e-7e25-4d08-a519-6b5ec6d98cfa_225_jpg.rf.bcda7f7befb20a559c6ab55a0db58c6e.jpg, 0, 1
69fc95bf-f644-4c92-8057-f05146da07f7_jpg.rf.bd006c19353bc4bc1ea9a21971c81758.jpg, 0, 1
11037d07-18b3-4fc4-8025-f06dcbc0500d_45_jpg.rf.bcc3f3ab0c27ad3f9d39e926de3ed00c.jpg, 1, 0
0d2a4a7e-7b37-49eb-9ad6-8faaf457ad82_90_jpg.rf.bce7bc51ef5021257146c84b4f4780eb.jpg, 0, 1
WIN_20221229_22_08_20_Pro_jpg.rf.bd02217d56f14513a4b6a3d5f1f29071.jpg, 1, 0
4dcbce83-654c-4125-9939-c4398187533a_225_jpg.rf.bd05c599073ddd26480fe444b454fa70.jpg, 1, 0
01aff576-d811-4858-bc7b-e66af9db530f_45_jpg.rf.bd10b4a27b1684b3b17d8b2c605bf5fe.jpg, 1, 0
91e77c81-f2eb-4358-81d6-eea2509ae443_180_jpg.rf.bd0663242d30f543be38596635682c33.jpg, 0, 1
91b94861-b751-4b86-b7a3-f6b2e3dbbd89_90_jpg.rf.bd1664aa1ddd1d768564e3efb0af0d0e.jpg, 0, 1
c01c35d2-7769-4a57-abff-c52f7def3900_180_jpg.rf.bd19557c05095bf2876aea4719861a98.jpg, 1, 0
9a5fc62c-6820-4cb6-ba66-1063e612d144_225_jpg.rf.bd1b06e4ab6697ffb78ab60745df15e7.jpg, 0, 1
5671fc02-681e-4da8-826f-c1a0b2dc5870_90_jpg.rf.bd1bb3fe2754705cf3c95d32692c4d54.jpg, 0, 1
0b521929-1734-47b8-86c9-093445af0697_270_jpg.rf.bd1c1935fc9b3d335dc7d9af5e09afd1.jpg, 0, 1
7d0322d1-3583-4a2b-ad25-e76d31603cee_180_jpg.rf.bd1e87805c92f597990f8c7b1cdcf588.jpg, 0, 1
WIN_20221229_23_08_02_Pro_jpg.rf.bd20d7e980431d5f528c9cdc809bf07a.jpg, 1, 0
5671fc02-681e-4da8-826f-c1a0b2dc5870_45_jpg.rf.bd2b1bd11b00a03d1425cbec648a92ea.jpg, 0, 1
0aa414bb-510b-40c9-85e1-f7a7163b3e2c_90_jpg.rf.bd2de70c0e5128fdfd36a877f1a6844c.jpg, 0, 1
3bde05ec-782e-445d-a221-38a8ecbc5dab_90_jpg.rf.bd2deb74ce05588db8e20af2f5d7be1c.jpg, 0, 1
WIN_20221229_22_04_44_Pro_jpg.rf.bd3d794d0f3f5f5e902c4afa603ce661.jpg, 1, 0
9ec72020-824e-4c15-b633-cba42d080364_225_jpg.rf.bd31fbd0bd4d14e0eb18aab63c1cc1ff.jpg, 1, 0
6bb51206-67ec-431b-8484-93739b1fddad_jpg.rf.bd3ea4495d05cda925a69870b48d6263.jpg, 1, 0
0327f441-9a02-40a9-b280-251440ad4cec_225_jpg.rf.bd4a6e7ab35ecede58416b6c01954992.jpg, 0, 1
cfed691e-4738-45c4-a2bd-65fc9d5c2da8_135_jpg.rf.bd4cf4a55860faa5b27934d1daf67fdc.jpg, 1, 0
b84b2bd1-353d-4da0-80e6-da6df7b611b8_180_jpg.rf.bd61555df94f46f410a403bc36f3786c.jpg, 0, 1
76a872d2-5c22-4f33-82b4-18c0f78e1a1b_45_jpg.rf.bd52f51757f9bfe9ef6ccd7270efdb29.jpg, 0, 1
66ba2553-31f1-473c-9602-d2df0c1bb3f0_225_jpg.rf.bd6daa47289a15582007ce6a8a72f77f.jpg, 0, 1
a1690e8a-68f2-42fa-b0a0-6c59cc895c84_225_jpg.rf.bd46d44aa883a7395818a21e4ce985c6.jpg, 0, 1
a1690e8a-68f2-42fa-b0a0-6c59cc895c84_180_jpg.rf.bd5f01adc35eeb659d83b11eff4b4092.jpg, 0, 1
764af58e-c590-444a-aefd-b4bc11f74c40_jpg.rf.bd889927691aa600d9cb363c70fcb0e1.jpg, 1, 0
75f27827-8267-4ad8-8c7f-938a7c0c0a72_45_jpg.rf.bd88df394871ee8fa6ba8c5f853d04af.jpg, 0, 1
dc2d0160-f922-429c-8c3c-5a6f0f68c023_135_jpg.rf.bd882fa5bfacaa2000ca70b1111aee26.jpg, 0, 1
8140aed5-a61c-4048-81dc-c9e2149f60b2_180_jpg.rf.bd992b4fb42417ec1b50d828af8514e5.jpg, 0, 1
8e753e61-dd28-45b8-aa64-e6c1e71bd812_90_jpg.rf.bda15725a1d855e99ea968ce32a9884c.jpg, 0, 1
0aa414bb-510b-40c9-85e1-f7a7163b3e2c_180_jpg.rf.bdcf3bec132ef2b1fc35039dcccabbe0.jpg, 0, 1
80c4e3b8-9502-4216-aad1-1b5f6f3d6b72_90_jpg.rf.bda5dcac4dc1b46d7eeb44010dfb02ad.jpg, 0, 1
WIN_20221229_22_08_02_Pro_jpg.rf.bdcf764871df035f870d54cfe8fe3cd3.jpg, 1, 0
WIN_20221229_22_29_00_Pro_jpg.rf.bdd20b810635ffa0e03288acf75c635f.jpg, 1, 0
217ac982-fddf-49ae-a311-27cf800d10f0_90_jpg.rf.bdd3faedcd87009bffd80cfdbeebad5c.jpg, 0, 1
52c230c2-20b1-4769-978c-d0a859364b3e_270_jpg.rf.bdd5999b0d42c3192e5331af4f9fc253.jpg, 0, 1
0fbac742-48ee-4857-ab82-3318c8fbdcb8_jpg.rf.bdd6e7d098ea7e6ee9437514da2ac660.jpg, 0, 1
4d510781-6fad-4149-909f-5b3615711984_135_jpg.rf.bde32775da3afe8c79a7bd9b9a7dfa87.jpg, 1, 0
afd3edfe-e4fe-4715-8429-5af060c5f0d9_135_jpg.rf.bdebffea8c059fc11aca61e9386bd6ea.jpg, 0, 1
7d0322d1-3583-4a2b-ad25-e76d31603cee_225_jpg.rf.bdeffccc4581c944747c324201f9a8d8.jpg, 0, 1
220fcc53-6ef7-45d1-8122-fa1c19ca9ec5_270_jpg.rf.bdfab5f11f257a73f13a636877cb2d76.jpg, 0, 1
69ab59e3-c1ad-4509-a8b8-bd8e4fac2ae6_45_jpg.rf.bdff9b475803123bacc323ff019d1acb.jpg, 0, 1
5c99f964-3704-402c-aa2d-42bd2fbacf4f_135_jpg.rf.be0e1f6051c28663be7c6f595a8a3d09.jpg, 0, 1
0b521929-1734-47b8-86c9-093445af0697_225_jpg.rf.be12430c3bad2419de16cbfe6d83bf8e.jpg, 0, 1
589950d7-088b-4c4b-abc1-9b824671ec8f_135_jpg.rf.be1404dcb858375772b17c77631cff7f.jpg, 1, 0
WIN_20221229_22_43_58_Pro_jpg.rf.be1707868199b84b5157975c49879362.jpg, 1, 0
WIN_20221229_22_44_11_Pro_jpg.rf.be1fe33543dd28c3f0435fff05a468cc.jpg, 1, 0
51ba5ef7-fd64-4d52-9c3f-9d70e0ff040f_jpg.rf.be1c8b214f3abb5c0ed74f1564d5c51d.jpg, 0, 1
72a74631-171a-4cf4-b978-58f358afa95c_225_jpg.rf.be2272d88f404e8078bbbbed9746e941.jpg, 0, 1
8ddce3ce-bc64-4942-93aa-940868007f64_jpg.rf.bdffee2cc7348bf479b2c1ed23cf5e54.jpg, 0, 1
WIN_20221229_23_33_31_Pro_jpg.rf.be229faa88b5e2c5ca08379769df32fc.jpg, 0, 1
06b95f3f-e2f5-4f58-95b1-6f9024e8e5d7_jpg.rf.be232dc5478c806c4beacb73fd500fc4.jpg, 0, 1
WIN_20221229_22_48_25_Pro_jpg.rf.be2b0e536d04d080502509f399083418.jpg, 1, 0
d141258d-4b06-4d47-9e08-82edbd725dd1_180_jpg.rf.be2b6450670bc7e3f77654e4a6d7149f.jpg, 0, 1
WIN_20221229_22_05_25_Pro_jpg.rf.be38e510f385f757b5ea838dc1ceaed2.jpg, 1, 0
488cb81f-a17e-44b8-bd1b-0e709bee4a92_45_jpg.rf.be430963f6aa202bfcf9c7af542a32df.jpg, 0, 1
82dbf814-a3a3-4cba-9277-08c10de5c8a4_225_jpg.rf.be4323beeddb930840cd3e8a1d6f35a4.jpg, 0, 1
868aed84-639d-46d3-9f59-3d71ba702ea0_180_jpg.rf.be45de520aeb7d0dc3d6110fb922c6a5.jpg, 1, 0
5064456d-d977-4c88-a2f7-613db1f3f19b_270_jpg.rf.be37c8b4a5e0dcc5ab6626b9ba0cfa25.jpg, 0, 1
0fbac742-48ee-4857-ab82-3318c8fbdcb8_jpg.rf.be4c46e4303cd5a88ca1d5f1531cbec0.jpg, 0, 1
6b30113e-141c-4956-964b-7b64918f694b_135_jpg.rf.be5871a11481d93a5d9b2cd68e858540.jpg, 1, 0
69ab59e3-c1ad-4509-a8b8-bd8e4fac2ae6_270_jpg.rf.be666e64fa109442ed005765aee056db.jpg, 0, 1
WIN_20221229_22_24_12_Pro_jpg.rf.be68da097ebb9a466dd489711db3b904.jpg, 1, 0
0c4d65e5-1985-47b2-8252-616ed898bd7c_225_jpg.rf.be746ec89a1197c4f5e63fb4d695453c.jpg, 0, 1
b4b3a28f-aee8-402c-856a-b09db5dbeb4a_90_jpg.rf.be7456fa839ed67172be62bef0d3399a.jpg, 1, 0
0c279d03-a83d-4404-b852-2b90d79e1ed3_45_jpg.rf.be7ca4b3008fb97ead19e0f14367db7b.jpg, 0, 1
25365714-d0ec-4a39-aba3-ea056e686ce9_180_jpg.rf.be7fe8807b3e2005ba3d03154fd657bd.jpg, 0, 1
7e2e4fb2-dc94-46c6-a203-0db83ca84e81_90_jpg.rf.be80dc782c51dd663f48c67df7be2fad.jpg, 0, 1
9eaca121-9239-49f4-9d05-34ef9f10bcaa_270_jpg.rf.be9d6e436ba30b2c1916c63ee475de5e.jpg, 0, 1
01b9d47e-ecba-48fd-a83f-ece6e05995fc_45_jpg.rf.be93361bd3cc059a3ee8e315e2e379f3.jpg, 1, 0
a36b24dc-58f1-4270-b642-3bb7ec46de0f_225_jpg.rf.bea07ed0b16e1ea5072634cbb9ba67b8.jpg, 1, 0
60f07eaa-f4a0-4939-9882-acce7b2ee256_90_jpg.rf.bea5c2798bbfff785cee603e8234144a.jpg, 0, 1
8c678484-e530-433f-9265-cadfa51b5d6a_270_jpg.rf.bebca279c32fc7a6e4f88bbdde531585.jpg, 0, 1
8d331829-b225-451b-8aaa-89058c62faf5_270_jpg.rf.bec257db20c445608c5cab0d8d9b1a15.jpg, 0, 1
WIN_20221229_22_56_04_Pro_jpg.rf.bed15960ff2b218c8eea0e7d6acb91d1.jpg, 1, 0
4dcbce83-654c-4125-9939-c4398187533a_jpg.rf.bed317c84c96bd4a4c307c003241e554.jpg, 1, 0
a4b1b05e-8f9a-4f68-98fe-52dd9e2a9663_225_jpg.rf.bede0ba6487128c891de408bba097eec.jpg, 1, 0
82dbf814-a3a3-4cba-9277-08c10de5c8a4_45_jpg.rf.bee095afa0966b493979fb1e3ed05622.jpg, 0, 1
84c8c90b-b9c3-4290-bdff-f1946a11050a_90_jpg.rf.bef9137473cc6fbbeb15ec576e57f91f.jpg, 0, 1
84f05969-c971-4d44-8df4-3a80a71a545d_135_jpg.rf.bf04c27138e1af1e6aa1ad14d723af2c.jpg, 0, 1
27f3e57e-469f-4627-8144-2ce3e9d048b7_270_jpg.rf.bee174edc371dfa11eb3a682b9849143.jpg, 0, 1
76a872d2-5c22-4f33-82b4-18c0f78e1a1b_270_jpg.rf.bf07a81dc4caaaf8fa65b08bfd9c3461.jpg, 0, 1
5522f66d-ad72-48d5-9767-5e7b23f6a206_jpg.rf.bf14c676b868919a87a3bdf37f98a1d6.jpg, 1, 0
3bde05ec-782e-445d-a221-38a8ecbc5dab_jpg.rf.bf1ba2b849f0ef8ab377fd8012b36167.jpg, 0, 1
97e4c08e-3475-4d77-8b54-a2231e38f6a2_180_jpg.rf.bf203804901adbdead861c4f29698dc7.jpg, 0, 1
a936c90a-8f24-4289-b10b-4830ac9f3019_135_jpg.rf.bf2212cfe46ede7b67d1ee4929e17559.jpg, 0, 1
96d467c2-fa44-474b-9e64-88f1f265aeaf_225_jpg.rf.bf2aacad8a614a52c9de7554e996f854.jpg, 0, 1
8a28aff5-8859-462a-bccf-e8d61dde3eff_225_jpg.rf.bf2d30599529f3b82adf13029ccda1fa.jpg, 1, 0
52e703e1-69d2-44c7-a214-269fa0e09054_jpg.rf.bf2be6af56c2c28a8e50b6a962ed79ac.jpg, 0, 1
5c99f964-3704-402c-aa2d-42bd2fbacf4f_jpg.rf.bf2f215f511e34b25aa3429acf0e726c.jpg, 0, 1
1af687ed-553d-491e-a213-8ddfbfea61ec_45_jpg.rf.bf3c844dd96cb2ba204c1f0f56bf57a6.jpg, 1, 0
WIN_20221229_23_30_59_Pro_jpg.rf.bf44c995beb0e8bc27a1dbc34b23286b.jpg, 0, 1
fbe4f519-6225-4168-bcf9-4ccc4d0d82bf_225_jpg.rf.bf44dbfd1ef413cb20580ccf3d8a9e88.jpg, 1, 0
75f27827-8267-4ad8-8c7f-938a7c0c0a72_45_jpg.rf.bf4d54f07ca9b156305635e7705d5808.jpg, 0, 1
345b8a93-c7d2-4b34-9e0c-90f2561ada84_180_jpg.rf.bf4e3d1916aad3a1bab8ce6169403971.jpg, 0, 1
898d6980-0ea3-4451-82f1-3bdabc8c6d9d_jpg.rf.bf5895e20e685bb0864bcebf61fc3bcc.jpg, 0, 1
764af58e-c590-444a-aefd-b4bc11f74c40_jpg.rf.bf59d0f4f71d9cd53ee7d66c3d923ce2.jpg, 1, 0
1ab90226-8889-4bcd-ad0c-ea01fedaaffd_90_jpg.rf.bf61520499f02380cf74b5be57531231.jpg, 1, 0
a57c3779-84b6-494f-a396-47718417b914_jpg.rf.bf6445371eb129f26a02486ef86237b8.jpg, 0, 1
d2936fba-871f-4fbe-97da-b6e6e347e889_270_jpg.rf.bf6efc1356c8f929a103a19fc2ab34b6.jpg, 1, 0
87cc591e-7e25-4d08-a519-6b5ec6d98cfa_180_jpg.rf.bf6795783909648c7a951e0e04862de5.jpg, 0, 1
87ad76a7-bd79-4c43-86bb-4db4498e10f1_225_jpg.rf.bf7dc46269b1c7ba139facdda7908b56.jpg, 0, 1
60f07eaa-f4a0-4939-9882-acce7b2ee256_180_jpg.rf.bf75f1d173b7d902640f7cb40453c610.jpg, 0, 1
22ada72b-340c-4d68-9534-2729e3347cab_90_jpg.rf.bf81372c9d222c9b47bd67a86b752bb5.jpg, 0, 1
57ab1fc0-e755-40c3-82cb-cce0684f11f4_45_jpg.rf.bf8a7c07e11a99cd4703b70709bc1c62.jpg, 0, 1
0d2a4a7e-7b37-49eb-9ad6-8faaf457ad82_45_jpg.rf.bf8ac7fedb3027914ca943fd3d647371.jpg, 0, 1
93bde728-be7b-4af0-a18e-67f00d6fdcac_90_jpg.rf.bf6b94f04bde00faa9d1b2530ced60bc.jpg, 0, 1
680cc473-598d-49e7-847e-6b8c099e14fc_90_jpg.rf.bf98761d66fa9c2ca6627a49cb75ee2c.jpg, 0, 1
4737a7d7-5d10-4912-b3e7-c8254a88af02_225_jpg.rf.bf9aed3fa4e584c76e8dbe33938e4351.jpg, 0, 1
2c59ee70-dc1c-4de3-83ab-aa36a5fb92c9_45_jpg.rf.bf8b1a27062ab2d038b7574d575e5bc9.jpg, 0, 1
90ecbd63-5a3d-4c6b-bd34-594c7c6a2d40_270_jpg.rf.bfa64b4bbdf817dc28aa6a6cd20f9139.jpg, 0, 1
8ddce3ce-bc64-4942-93aa-940868007f64_90_jpg.rf.bfa6aa0794fee570d33a086be1fc9c0b.jpg, 0, 1
2d6fa448-2f18-4db5-a942-7097acff076a_45_jpg.rf.bfacf4afe736e8fac850a814eb974381.jpg, 1, 0
87cc591e-7e25-4d08-a519-6b5ec6d98cfa_45_jpg.rf.bfb1506c612905e7bf55189d888d38b4.jpg, 0, 1
WIN_20221229_22_40_07_Pro_jpg.rf.bfaa565d80783e0ae5fc354395fd275c.jpg, 1, 0
217ac982-fddf-49ae-a311-27cf800d10f0_90_jpg.rf.bfba6e23f50df6ef3ba3858faddfab57.jpg, 0, 1
1513532a-b352-4b17-b681-b02f3127b483_45_jpg.rf.bfbb266e4f247229e43a67c688622516.jpg, 0, 1
0dc01fa2-4d5e-46ae-ad61-19485b378972_270_jpg.rf.bfc4dfcf452c49341103cd88b2b58069.jpg, 0, 1
223d92bc-5ef8-450a-86d6-ab5d6e8c5b3e_45_jpg.rf.bfdbdb1d001d15d0a8a9dcb61c5a2525.jpg, 0, 1
0c279d03-a83d-4404-b852-2b90d79e1ed3_jpg.rf.bfdf2a4b1e1ca07b1a42d4e48c175d6e.jpg, 0, 1
80c4e3b8-9502-4216-aad1-1b5f6f3d6b72_270_jpg.rf.bfbb6571be4b91c203ba92b846123df0.jpg, 0, 1
488a316b-07fc-410e-a5fd-84f831acc653_180_jpg.rf.bfe72fb09db69b452d8182993c7ff1b5.jpg, 0, 1
8e753e61-dd28-45b8-aa64-e6c1e71bd812_225_jpg.rf.bff00891aa24d65d7db414e06040dc34.jpg, 0, 1
6bb51206-67ec-431b-8484-93739b1fddad_225_jpg.rf.c001a994421f9f98198a35279a8037d6.jpg, 1, 0
5d06dc79-9d5c-46d0-a720-e4898e65949c_45_jpg.rf.c002e8fa885b01b9b6df3b0ac5a046cb.jpg, 1, 0
40cbb123-b3d1-4546-aa26-2fdd1090b075_45_jpg.rf.c0065722da57f1861acda75d57b0929c.jpg, 0, 1
223d92bc-5ef8-450a-86d6-ab5d6e8c5b3e_225_jpg.rf.c00ec7cd5b638a921528791e74333be8.jpg, 0, 1
06b95f3f-e2f5-4f58-95b1-6f9024e8e5d7_jpg.rf.c01ceb2ee6cf946a2c9b01da98140f07.jpg, 0, 1
0516cd97-ef6c-4542-a884-e01aaa597ac3_180_jpg.rf.c017e4f9b0cf1b2d4479fdc80f81a828.jpg, 0, 1
d141258d-4b06-4d47-9e08-82edbd725dd1_90_jpg.rf.c01cf8051eb5b78a5015c3942f9cbed8.jpg, 0, 1
WIN_20221229_23_24_05_Pro_jpg.rf.c033da08c222aef10f2347b8c53f263a.jpg, 0, 1
ccd5cdb4-3df2-4b3b-833b-3bdc7d43ee4d_90_jpg.rf.c03a40006745d0e37973fc3bec637274.jpg, 0, 1
79eb3e80-65d5-431c-b388-ea52ce593c7d_90_jpg.rf.c04899eee064886b9da4109277282a49.jpg, 1, 0
4eddf419-3396-43d2-8b40-3ccecf2a2620_225_jpg.rf.c03fa39ac825dec1741e3a5c27e061d3.jpg, 1, 0
adcb9cef-245f-4674-bd16-4c8ad789d0a8_225_jpg.rf.c00e3967684863f699258809dc6d1db4.jpg, 0, 1
085c4ff0-ec11-44e6-b865-d4a8e163bcee_180_jpg.rf.c04b57eeae9c54f32db072e484d81bfa.jpg, 0, 1
WIN_20221229_23_22_35_Pro_jpg.rf.c04e7206522ed4ba154f369558e6ff24.jpg, 0, 1
0dab9689-2c2d-4dc6-bb71-db1b6d82cb17_225_jpg.rf.c04f07ed793b7398d45567f9b378d791.jpg, 0, 1
98cb62e4-f491-47c7-b871-9d1aeeac307e_225_jpg.rf.c0503974d97997cfac077631ec6e0494.jpg, 0, 1
79eb3e80-65d5-431c-b388-ea52ce593c7d_180_jpg.rf.c0519f511ca2de2cd5ac288bdaa61535.jpg, 1, 0
9dbe8a30-979a-4722-a1a9-712f4ecbb2a6_135_jpg.rf.c0509f93ca1cb8ff2961f768ab848239.jpg, 0, 1
4de4ad31-de11-418b-a60d-a7192ea0c98a_90_jpg.rf.c05e0a2a09cc50e4abd489da3f8ac186.jpg, 1, 0
a70cfd80-0fa8-48c8-ab56-7f7cc8b0bb9b_45_jpg.rf.c0634c0493c8e4d648a1e977117c17e4.jpg, 0, 1
afd3edfe-e4fe-4715-8429-5af060c5f0d9_135_jpg.rf.c06f0d422621d3ee68ce16def105f154.jpg, 0, 1
0df87bae-ddf0-49e3-97af-b371d8544547_45_jpg.rf.c06eedc874f5031f3b9a26f90fc157d7.jpg, 0, 1
WIN_20221229_22_56_04_Pro_jpg.rf.c0704a0668a7171cf955681f2683ba0e.jpg, 1, 0
93a64c9f-678d-4302-94ea-5758bbf7451c_jpg.rf.c073dbb2baa69f790caddfa81c7d7044.jpg, 0, 1
01c27009-f681-4495-8d82-599547aba120_270_jpg.rf.c0741af09cd7382285ef7778d2395f77.jpg, 1, 0
96f68346-9256-416a-a050-9ec4b750ccc6_225_jpg.rf.c07874a6eec871ed99e4e969134482b3.jpg, 0, 1
87cc591e-7e25-4d08-a519-6b5ec6d98cfa_jpg.rf.c07a720b31b6d27c8923480094cdf106.jpg, 0, 1
adcb9cef-245f-4674-bd16-4c8ad789d0a8_270_jpg.rf.c087fa64f0b17fbcb064852f9d6d870a.jpg, 0, 1
06b95f3f-e2f5-4f58-95b1-6f9024e8e5d7_270_jpg.rf.c088c5ac8043d7aabf5e7530163f62f1.jpg, 0, 1
680cc473-598d-49e7-847e-6b8c099e14fc_225_jpg.rf.c0943c0c6f454547672433a403fdfdcd.jpg, 0, 1
52c230c2-20b1-4769-978c-d0a859364b3e_135_jpg.rf.c07ebf5b10a412a95776004b13748375.jpg, 0, 1
9dd803f6-3218-4e96-ad6e-55b3d36e8470_90_jpg.rf.c0a327c9d992e6dfe74b535b7bb492df.jpg, 0, 1
aa8cc596-1881-4e18-a73f-fe60f6a6a031_180_jpg.rf.c0a3aeb622a4db35350ab4245182aeb7.jpg, 0, 1
87e64a68-c898-4474-bd57-1e570902862f_135_jpg.rf.c0a5e08a1c98bfb0483a3f4591006413.jpg, 0, 1
84f05969-c971-4d44-8df4-3a80a71a545d_225_jpg.rf.c0aa309b769750272300b5f4b75469f1.jpg, 0, 1
WIN_20221229_23_05_50_Pro_jpg.rf.c0c4d3ab49d5803bf679a97510873df7.jpg, 1, 0
92787dc3-1720-41c4-8acc-5c7f3fda0fa5_225_jpg.rf.c0d163cdc4d998b138056a5ac356f03d.jpg, 1, 0
9cb97279-36f3-438c-97d5-91da39c4e13a_180_jpg.rf.c0bb8ff79e2f2c3009897c43b4629d7a.jpg, 0, 1
9a5fc62c-6820-4cb6-ba66-1063e612d144_jpg.rf.c0deb1a24c4e5ec45869869c5cff6b7f.jpg, 0, 1
WIN_20221229_22_18_40_Pro_jpg.rf.c0d64f14781481c3d45d6a27ddd2f514.jpg, 1, 0
91fd5e6d-6fa7-45ec-b8dd-a390713a150f_90_jpg.rf.c0dec82692cd5968204f6447245a38b9.jpg, 0, 1
WIN_20221229_22_19_20_Pro_jpg.rf.c0df7ae724caa1eda232dacbfecabd29.jpg, 1, 0
90dec1cd-f163-48fd-bcc4-58066e5acb09_180_jpg.rf.c0df948ca19b2efff71088f6714c35b8.jpg, 0, 1
7ebb4762-7de4-4754-8cd2-2d4f743f512c_180_jpg.rf.c0e3c1ded0d7ca1c0edda5ec8822a29c.jpg, 0, 1
2b560df3-ff42-4546-a0bd-11ff2ca590e2_135_jpg.rf.c0f35d3bfee961676bdd04f6631e8f2b.jpg, 1, 0
507e6cd8-2041-47e5-b174-28a6d9328985_180_jpg.rf.c0dfd08c8c03925323c8176cb389980e.jpg, 0, 1
5a3117dc-7932-4c34-ae3f-e5867c98ee0a_jpg.rf.c0f777ca19e0b8ec2d10fa14d598d7e3.jpg, 0, 1
dc2d0160-f922-429c-8c3c-5a6f0f68c023_135_jpg.rf.c0fac97afe976702f252564d5d1697f0.jpg, 0, 1
764af58e-c590-444a-aefd-b4bc11f74c40_270_jpg.rf.c0f9f35fbda064bc0214af3683be7d8a.jpg, 1, 0
600d2167-2072-4825-9516-6c13af9fc382_225_jpg.rf.c0fde1a8e53c7edce5c0682a770f7778.jpg, 0, 1
WIN_20221229_23_02_13_Pro_jpg.rf.c0fe1629243efd3f913b36a761bb6e56.jpg, 1, 0
39c71820-6b5b-499e-b2c6-a957f48c62fa_jpg.rf.c10166b9c277f626a33e462a360c56ad.jpg, 0, 1
0b521929-1734-47b8-86c9-093445af0697_225_jpg.rf.c107eca7cae4f14537abdcb1fd318264.jpg, 0, 1
52fd332d-b13d-4675-8292-bfb533d39432_135_jpg.rf.c108595dfcc4f7d57b17c66a915c9a6e.jpg, 0, 1
92009a81-ec1a-4dc0-99aa-c0898383287c_270_jpg.rf.c106dc93898cc09eb3e2f0f474cf1fe1.jpg, 0, 1
72a2b8f8-c7ca-4222-b2a1-9b82ac7990f4_45_jpg.rf.c109e3d0ec20c9e895376d2d5b03afbb.jpg, 0, 1
8dfde29c-73a0-4bd6-a788-0a31baf572a0_180_jpg.rf.c1218f05d64e563e422834f28acd2c82.jpg, 0, 1
1acf8679-d50f-446c-b806-def7d073e244_90_jpg.rf.c10d0fdffaa1dc92363a4f79c260c113.jpg, 1, 0
54619429-78f2-42b3-b007-8ea9c0984c4b_90_jpg.rf.c12f518a47c722106358dac6777ac2f0.jpg, 0, 1
1f4613ea-1b60-4092-876c-1a474a8c51b9_225_jpg.rf.c13cac14d0706f2fa4fd8b0449db347c.jpg, 1, 0
8efe1e18-4032-4f20-996f-60a19c62f547_90_jpg.rf.c130c784fbcfc697354539e3cd09183b.jpg, 0, 1
687de30d-714c-4d10-9b23-998af950a13a_270_jpg.rf.c13d965e8259c90095b248e9e53863a3.jpg, 1, 0
589950d7-088b-4c4b-abc1-9b824671ec8f_270_jpg.rf.c14194666623b6feab19f9367ab48b39.jpg, 1, 0
217fef04-2462-4dca-a170-f780b700b17e_270_jpg.rf.c140b47fc67dc460d863826fe0fd504d.jpg, 0, 1
5064456d-d977-4c88-a2f7-613db1f3f19b_180_jpg.rf.c14fb6ea56b96bb4a6012faa83889045.jpg, 0, 1
41ab7cda-4c88-47b8-98da-0c6ee6e07325_jpg.rf.c1548767c2d9f08ab210d59f774a8044.jpg, 0, 1
61e87bb2-b69a-4d10-afa1-6c1a3d0291df_180_jpg.rf.c144bf5224147cc0938129a3b50273e0.jpg, 1, 0
WIN_20221229_23_33_19_Pro_jpg.rf.c170aa8f716c8b4e5a0a26da9669b6d8.jpg, 0, 1
b4b3a28f-aee8-402c-856a-b09db5dbeb4a_270_jpg.rf.c17404bab4ee05925a9da0bb9529ab34.jpg, 1, 0
41cfc0a3-c4ad-4285-9951-7a37d79f1c17_90_jpg.rf.c165174622e92a9e22af7457a7398e60.jpg, 0, 1
1513532a-b352-4b17-b681-b02f3127b483_225_jpg.rf.c1755d51a8a68edee3ff7959cfed897e.jpg, 0, 1
8ddce3ce-bc64-4942-93aa-940868007f64_270_jpg.rf.c17945c023e112d41301240b507f89dd.jpg, 0, 1
93a64c9f-678d-4302-94ea-5758bbf7451c_180_jpg.rf.c17b48dbe779067230bce36560a01e63.jpg, 0, 1
d6faa4f5-e419-4c2d-b0be-316f48d5464a_180_jpg.rf.c1906111fb39dc1370ffdae0718fc344.jpg, 0, 1
9765b374-f3eb-4a26-903c-90d85bc9fe0a_45_jpg.rf.c1a289fef669f881f638f2e3c1002a4c.jpg, 0, 1
92a893f4-8dd5-4f4a-9864-08811d4ed00a_jpg.rf.c1a5eceedd28ddb5089fdbbd115b545e.jpg, 0, 1
3c5c4ffd-e4d4-45b7-a07c-64e2f6788de2_90_jpg.rf.c1b1cd2afa9ae5d7d97bde8389d8e1e0.jpg, 1, 0
1b05898a-3be4-4b9e-b4a0-6d23dfdaabf0_135_jpg.rf.c1c5ae9e5a0c73dbed3e1722746090af.jpg, 0, 1
8e753e61-dd28-45b8-aa64-e6c1e71bd812_45_jpg.rf.c1db2dd042fe1a1067cbe6a2b252b03f.jpg, 0, 1
0dab9689-2c2d-4dc6-bb71-db1b6d82cb17_135_jpg.rf.c1d5ed4359ebca6990a81bb705b4fde9.jpg, 0, 1
WIN_20221229_23_33_25_Pro_jpg.rf.c1d9a668e41914e76884c60efa600deb.jpg, 0, 1
5064456d-d977-4c88-a2f7-613db1f3f19b_270_jpg.rf.c1dc5ce163cb45b07efff60881e6a9ac.jpg, 0, 1
215be899-dd62-42e0-b42e-8331622f5b9a_jpg.rf.c1b40275b2cc0364c42ed2636f3a195b.jpg, 0, 1
52e703e1-69d2-44c7-a214-269fa0e09054_jpg.rf.c1e651b294c701b5bbe0e077db93ed4e.jpg, 0, 1
4f280435-14a2-4194-9f75-2e7ea72b39ba_45_jpg.rf.c1e388a503e0cb036fa5bef37d18d54f.jpg, 1, 0
805c86e2-7416-44fc-b8aa-f663db39cf8a_jpg.rf.c1e91e0b94e3500c935f3f68e57a3f19.jpg, 0, 1
233af445-c0e5-4bb1-ad5f-743becd76cab_90_jpg.rf.c1f050e9576c05e8e260a7d673898c78.jpg, 0, 1
0516cd97-ef6c-4542-a884-e01aaa597ac3_45_jpg.rf.c1f05d76c1a3dd144b016c7f2d29442b.jpg, 0, 1
70f70f97-4a9e-4d42-a08b-3b7d1b9abef8_135_jpg.rf.c1f3649c271bfae7eda3eabb2abfaa08.jpg, 0, 1
014bcc0a-10c7-41eb-80eb-e2f62bb652b3_225_jpg.rf.c1ffaf732408590a73b6496fc5512c3b.jpg, 0, 1
4fac26f2-1588-4362-9e73-ffe2e8791cbb_180_jpg.rf.c201021d86ffd86296d44704627849cb.jpg, 1, 0
52fd332d-b13d-4675-8292-bfb533d39432_225_jpg.rf.c20c3c4ce315aa110ebfa3eadffde5c8.jpg, 0, 1
ccd5cdb4-3df2-4b3b-833b-3bdc7d43ee4d_225_jpg.rf.c200cb6da9f9d7476dfa581d19cf2082.jpg, 0, 1
5a3117dc-7932-4c34-ae3f-e5867c98ee0a_jpg.rf.c211bc835d4e8b5816e4cef5c6f078a2.jpg, 0, 1
24522061-cd21-4507-92da-432712838d1d_270_jpg.rf.c218969407c083c0760e8a373233e26c.jpg, 0, 1
0c4d65e5-1985-47b2-8252-616ed898bd7c_90_jpg.rf.c21e6f3046b5878d3cf7600bd3402f6d.jpg, 0, 1
dc2bb2f5-03e1-46c1-9886-bda5f5bee11b_180_jpg.rf.c220e0f17cdc1bfc65072eb3be2cf32c.jpg, 0, 1
fbe4f519-6225-4168-bcf9-4ccc4d0d82bf_225_jpg.rf.c2229a5a6c258a7432da401586763a5d.jpg, 1, 0
69dc5c1e-a7ad-49aa-ba21-235545c312c6_135_jpg.rf.c2262257599a49a4c4c7b5c877bdb75d.jpg, 0, 1
2eae8682-54b6-40b7-9684-d956300a4077_225_jpg.rf.c2276fab167656b96b2764285ba24ea4.jpg, 0, 1
ef757b72-613c-4d8f-b8e0-a3564581cb0f_90_jpg.rf.c22c1870cd0fbffcef894026f816cc13.jpg, 1, 0
d6ed6d4c-2acb-4507-bc4c-70480968eacb_135_jpg.rf.c2309c28b92f6c7040a6c7bf6013bcdc.jpg, 0, 1
cfed691e-4738-45c4-a2bd-65fc9d5c2da8_90_jpg.rf.c237338361fc041d5329f13c925a3329.jpg, 1, 0
2c59ee70-dc1c-4de3-83ab-aa36a5fb92c9_180_jpg.rf.c25cd46a3a1a3c544041bb8dd9d38f8e.jpg, 0, 1
92810cd4-1652-4556-bc0b-b2e953449143_180_jpg.rf.c242fe42db803fa6b311ed7cb429c3a9.jpg, 0, 1
a1690e8a-68f2-42fa-b0a0-6c59cc895c84_45_jpg.rf.c25a5266733a833336a6275255ecc453.jpg, 0, 1
98cb62e4-f491-47c7-b871-9d1aeeac307e_135_jpg.rf.c26874cddef169b755d52438ac57826a.jpg, 0, 1
6343bade-4271-437b-84ea-e9756e715080_180_jpg.rf.c2668edfcbabac37e348e7120b7bd231.jpg, 0, 1
1ab90226-8889-4bcd-ad0c-ea01fedaaffd_90_jpg.rf.c273f50f58d08bf8c34e3cea323a4c71.jpg, 1, 0
6b316208-fce5-4562-a45b-736f29a3a697_jpg.rf.c28b8dda405fa9ee05d5e732cbf23923.jpg, 1, 0
0dab9689-2c2d-4dc6-bb71-db1b6d82cb17_135_jpg.rf.c27dd35484d2aa6eb193938589f65c43.jpg, 0, 1
6cdbe5d2-04bc-4a25-b1a0-be0a00a136ae_45_jpg.rf.c2832e07eeb0cb7c58dfdd88f95f58cd.jpg, 0, 1
24a200ea-e903-4bcd-aee1-fb26e7bfd757_225_jpg.rf.c29287154bb2268fd1d9120d6ef366a1.jpg, 0, 1
WIN_20221229_22_08_02_Pro_jpg.rf.c298ed452cb25ae93c71ec67f9b048ba.jpg, 1, 0
085c4ff0-ec11-44e6-b865-d4a8e163bcee_45_jpg.rf.c29beb3da9d4b60198d6a393d186c099.jpg, 0, 1
de7c5c69-6255-4087-9565-1732a07c986d_270_jpg.rf.c29e70e837c145280d5d3b0c6598a20c.jpg, 1, 0
1acf8679-d50f-446c-b806-def7d073e244_90_jpg.rf.c2944edc1e1679c7bd7f444efe642082.jpg, 1, 0
44c7fb6b-7175-4aa3-98c2-9bc78d8a6f92_225_jpg.rf.c2a0990e665bea282c89bf9e9522e4d8.jpg, 0, 1
4dcbce83-654c-4125-9939-c4398187533a_180_jpg.rf.c2a89862460b51745974ccab102807c5.jpg, 1, 0
52e703e1-69d2-44c7-a214-269fa0e09054_225_jpg.rf.c2ae8e52aec7a7ec6eecdae28b24ef54.jpg, 0, 1
1d4ead22-cc06-4fa2-9784-d9257f24ef86_225_jpg.rf.c2b6db19609428cea2be1dabcfa4128f.jpg, 0, 1
87595b49-d19a-4221-8418-57ee268de2d5_270_jpg.rf.c2bc6a033a3dda8895e44b2e4a069a4e.jpg, 0, 1
4dbf4259-4cc3-4ff3-8768-970703c6c8f9_135_jpg.rf.c2c31bcff9720ea12f14e825b0ebc973.jpg, 0, 1
WIN_20221229_23_21_06_Pro_jpg.rf.c2c99f1be14c4adffdd1e81105d05b49.jpg, 0, 1
WIN_20221229_23_33_03_Pro_jpg.rf.c2c9e77d190b87ab1805517460bf7bf4.jpg, 0, 1
9aa3d151-a2d6-4d13-ad4f-f133f4552c4f_90_jpg.rf.c2cbe78b238525b2718fa1d84db9a9eb.jpg, 0, 1
01aff576-d811-4858-bc7b-e66af9db530f_45_jpg.rf.c2ca6bcc93da19442aa71ad6aed19f79.jpg, 1, 0
01aff576-d811-4858-bc7b-e66af9db530f_90_jpg.rf.c2d3c8280dbc5515d6c1218e1da8744d.jpg, 1, 0
75fea9b7-7c08-4ea2-bb8d-50096fdf774b_90_jpg.rf.c2d2dd142a433f6be60944bf5b8c2d8a.jpg, 0, 1
3c5c4ffd-e4d4-45b7-a07c-64e2f6788de2_90_jpg.rf.c2dbd5fdf69c6f241dfb76ac2912fb24.jpg, 1, 0
a4b1b05e-8f9a-4f68-98fe-52dd9e2a9663_180_jpg.rf.c2dc1d21dc617f22a6bd20e0efae12c2.jpg, 1, 0
2abea0f5-7c2a-4519-88c1-d33080ac7db2_180_jpg.rf.c2e65cef3173e7f435e6cb88eb91c306.jpg, 1, 0
2be59dd5-7793-413c-96cb-c40098eba6f6_225_jpg.rf.c2eceb1c54d1211e7561ac3a0beec253.jpg, 0, 1
01aff576-d811-4858-bc7b-e66af9db530f_270_jpg.rf.c2f9b8618627b6bcc77884cd3482db25.jpg, 1, 0
764af58e-c590-444a-aefd-b4bc11f74c40_270_jpg.rf.c2ff29e82dea972a65bcf817067921f5.jpg, 1, 0
82743c35-e968-47ee-93f6-95270352fe13_180_jpg.rf.c30018a1b50f9adc108d51170134f981.jpg, 1, 0
a1690e8a-68f2-42fa-b0a0-6c59cc895c84_90_jpg.rf.c30908bc93a84fc5eb5535be2b13d75c.jpg, 0, 1
93bde728-be7b-4af0-a18e-67f00d6fdcac_jpg.rf.c31f883d86e50bcf7c1b773a4831ecb2.jpg, 0, 1
76a872d2-5c22-4f33-82b4-18c0f78e1a1b_225_jpg.rf.c314956e5b5d39deb6cf9ac6edaf72b2.jpg, 0, 1
33dd040e-50b6-44e7-afc7-230da49bcf12_270_jpg.rf.c31f95a26370ae1c98608631dde4a801.jpg, 0, 1
5522f66d-ad72-48d5-9767-5e7b23f6a206_90_jpg.rf.c3220522f5c4bb6aae547d8a69e93abc.jpg, 1, 0
8d331829-b225-451b-8aaa-89058c62faf5_180_jpg.rf.c3228233491aa911a0f1a036d65ac1ad.jpg, 0, 1
57ab1fc0-e755-40c3-82cb-cce0684f11f4_135_jpg.rf.c3244642b0a3989e62d20244cd48a376.jpg, 0, 1
4f08fc98-7d4d-43f7-921d-b2ccf8ca726d_225_jpg.rf.c3290310c6a429a03def0c3086370581.jpg, 1, 0
600d2167-2072-4825-9516-6c13af9fc382_jpg.rf.c32809d591469b215389ef45b812192d.jpg, 0, 1
8d331829-b225-451b-8aaa-89058c62faf5_90_jpg.rf.c32d25938eac7fb8d3c0df30568a95f7.jpg, 0, 1
5d5357ec-e4b0-4f32-a45c-2dca5338324d_135_jpg.rf.c332fb7ec913177f07457dddbde0eeb8.jpg, 0, 1
15fd3442-e84f-4c27-952b-ec415fe777d6_180_jpg.rf.c32f2d1685516e0c03fb8c03a6b356d8.jpg, 0, 1
5d06dc79-9d5c-46d0-a720-e4898e65949c_jpg.rf.c333249a8a7526720e245798b10ddbc2.jpg, 1, 0
40cbb123-b3d1-4546-aa26-2fdd1090b075_225_jpg.rf.c332f90b0918c5f6ef5058c86cf4bdfc.jpg, 0, 1
WIN_20221229_23_31_43_Pro_jpg.rf.c33efa834bd0de8bd58c94278f35301c.jpg, 0, 1
dc2d0160-f922-429c-8c3c-5a6f0f68c023_270_jpg.rf.c3407272de3bcf9798fdd23703efcb9f.jpg, 0, 1
7e2e4fb2-dc94-46c6-a203-0db83ca84e81_90_jpg.rf.c33ea870948132b1b0f9a4aec5b8ef29.jpg, 0, 1
085c4ff0-ec11-44e6-b865-d4a8e163bcee_225_jpg.rf.c340ba5aa67b9a5ef74052852941d45b.jpg, 0, 1
6b316208-fce5-4562-a45b-736f29a3a697_135_jpg.rf.c34132ddefc0fcd6bc2af6d31f9c2875.jpg, 1, 0
11037d07-18b3-4fc4-8025-f06dcbc0500d_45_jpg.rf.c34c403a3c060cb2d5a547c55663a152.jpg, 1, 0
61bd5e75-cfb1-47e8-b4be-24447913359a_jpg.rf.c36bb20977c7edc861ac6f6b2d1e65cf.jpg, 0, 1
82743c35-e968-47ee-93f6-95270352fe13_180_jpg.rf.c36cf9177abe91ed123e2b714ba3c8e8.jpg, 1, 0
cce642b7-d4aa-4dc6-951b-e1b655f68334_jpg.rf.c340bbd9adb99deff7a0b51551b0c47a.jpg, 1, 0
611513d3-0fb7-4068-8cd8-68a9bdb056c4_180_jpg.rf.c37578c1761be72806d02a45f6931a51.jpg, 1, 0
WIN_20221229_22_06_00_Pro_jpg.rf.c374a85719b49ff50216595c4e9fd977.jpg, 1, 0
01aff576-d811-4858-bc7b-e66af9db530f_180_jpg.rf.c37d08b69ae71ee45313af9f10ad20b7.jpg, 1, 0
7089d907-9aaf-459e-ae22-53962285fbc8_225_jpg.rf.c3825362ecfc2b00ef39bea628f0ff40.jpg, 0, 1
805c86e2-7416-44fc-b8aa-f663db39cf8a_135_jpg.rf.c3835cfac00cf198a61ea90a12089c49.jpg, 0, 1
764af58e-c590-444a-aefd-b4bc11f74c40_jpg.rf.c3828ac89ee6d4e7e17c92198816d89a.jpg, 1, 0
665aeca5-e68c-49d3-ad8d-5755fad74dcf_45_jpg.rf.c389c88cb5f4bd8bb2429be0aad098b2.jpg, 0, 1
4dcbce83-654c-4125-9939-c4398187533a_180_jpg.rf.c39224d84d943b1322eda9dd9a6eb2dd.jpg, 1, 0
5522f66d-ad72-48d5-9767-5e7b23f6a206_270_jpg.rf.c38a24bf47f3ebb05883b22741cddbbd.jpg, 1, 0
WIN_20221229_22_59_46_Pro_jpg.rf.c3975064193cf0d3d5073f95af73b619.jpg, 1, 0
cce642b7-d4aa-4dc6-951b-e1b655f68334_90_jpg.rf.c3a01dbd2881258deb6ca62749bb248a.jpg, 1, 0
1b05898a-3be4-4b9e-b4a0-6d23dfdaabf0_225_jpg.rf.c398b2b901382a5a46292d3c503b0b0d.jpg, 0, 1
69dc5c1e-a7ad-49aa-ba21-235545c312c6_180_jpg.rf.c3a2123f6583878d962e1548469ee639.jpg, 0, 1
79eb3e80-65d5-431c-b388-ea52ce593c7d_90_jpg.rf.c3a812fdfd0894c422e1998e3ed51e63.jpg, 1, 0
2be59dd5-7793-413c-96cb-c40098eba6f6_90_jpg.rf.c3b58ac3b179325fec7ed136b94d1dc3.jpg, 0, 1
5d105570-fd52-46cd-a90a-9dfa42ef878a_135_jpg.rf.c3baaf8d41da378467b65af09aaf48b4.jpg, 0, 1
120bdf6d-39ea-4df8-b8a7-1a4362423b28_45_jpg.rf.c3cf4544a88b24dbde2d4ea8525790d4.jpg, 0, 1
d02674ec-4a90-43c1-9aba-1cf70300a55a_270_jpg.rf.c3c44d3c5491d3e9069b903e018b3d53.jpg, 1, 0
4ded4873-2bd7-4d9b-80ae-7a8967c128ce_90_jpg.rf.c3e1b17a2eeba9098dec295ce9891dc5.jpg, 1, 0
WIN_20221229_23_07_36_Pro_jpg.rf.c3cf4a0a4ea5f23d15583f6ca860b3d4.jpg, 1, 0
0dab9689-2c2d-4dc6-bb71-db1b6d82cb17_135_jpg.rf.c3e73895fdc9f530aa6a4f3c16a8f024.jpg, 0, 1
98cb62e4-f491-47c7-b871-9d1aeeac307e_270_jpg.rf.c3e88580b0935e4164169ba4c2c4429a.jpg, 0, 1
220fcc53-6ef7-45d1-8122-fa1c19ca9ec5_180_jpg.rf.c3ecb9ad215549c2181aa0079db7d7a7.jpg, 0, 1
00137db3-94aa-4aa5-aa3b-e3e09d6a5ef5_135_jpg.rf.c3f473e07e89278340550917d6d67fd0.jpg, 0, 1
76a872d2-5c22-4f33-82b4-18c0f78e1a1b_180_jpg.rf.c401de203cb02ad841aa4deb425cbc3c.jpg, 0, 1
53f913e3-941b-4772-8446-2bad471e22b0_jpg.rf.c40ccf6ab68aa47d8d64de4d3e02198f.jpg, 0, 1
98cb62e4-f491-47c7-b871-9d1aeeac307e_270_jpg.rf.c40f1eb21f24d1f9c355e44748ac0d25.jpg, 0, 1
afd44643-9287-4080-934f-7a13c66d9bfd_270_jpg.rf.c4117217cc66832bd3b62f42b4350a78.jpg, 0, 1
44c7fb6b-7175-4aa3-98c2-9bc78d8a6f92_90_jpg.rf.c4131e5acceb594167303259ec342bca.jpg, 0, 1
66c7508a-f4ff-4af6-a91b-5f33d3c4d20d_90_jpg.rf.c417d9db2c047427167bb09b3bb1fa62.jpg, 0, 1
1d4ead22-cc06-4fa2-9784-d9257f24ef86_135_jpg.rf.c41f26cfa4d1518b57c4ffcbf2e45be2.jpg, 0, 1
8dfde29c-73a0-4bd6-a788-0a31baf572a0_225_jpg.rf.c42086b1059f4a00f23eba18d21e3c6b.jpg, 0, 1
41cfc0a3-c4ad-4285-9951-7a37d79f1c17_135_jpg.rf.c421c7190b8ecea6b0417b04324aa72f.jpg, 0, 1
aa8cc596-1881-4e18-a73f-fe60f6a6a031_180_jpg.rf.c43570cb8f18188f5ae5963d3a7dc1f1.jpg, 0, 1
d6ed6d4c-2acb-4507-bc4c-70480968eacb_270_jpg.rf.c43999cf4e0f881db541904c6218c1a7.jpg, 0, 1
8bfe69f8-33fd-4fea-8a42-c821ffd94be0_180_jpg.rf.c43b5119204791801589428a5bd05178.jpg, 1, 0
WIN_20221229_22_28_19_Pro_jpg.rf.c444d37be529d14997da120c69f9fe1f.jpg, 1, 0
09f44886-0cae-43b1-97fe-d8055d8d3616_225_jpg.rf.c44a5b15c22247e6693fcbfe3de6487e.jpg, 0, 1
d02674ec-4a90-43c1-9aba-1cf70300a55a_jpg.rf.c44d6787c43f0b3aa517d57fd3d21cfc.jpg, 1, 0
01aff576-d811-4858-bc7b-e66af9db530f_45_jpg.rf.c4580735e3caa24bdcbffa223a50cf84.jpg, 1, 0
WIN_20221229_21_59_55_Pro_jpg.rf.c45c8e1f26b3322b23559fad254b60e9.jpg, 1, 0
57ab1fc0-e755-40c3-82cb-cce0684f11f4_45_jpg.rf.c46df39ae92ed2c889e0ccc1ab7a6d0d.jpg, 0, 1
9765b374-f3eb-4a26-903c-90d85bc9fe0a_135_jpg.rf.c4768b40ba55234a7fcc4da4461b06f8.jpg, 0, 1
0aa414bb-510b-40c9-85e1-f7a7163b3e2c_225_jpg.rf.c47c5767362bcf00107dc45a2d07cf32.jpg, 0, 1
0516cd97-ef6c-4542-a884-e01aaa597ac3_135_jpg.rf.c47e3b7b32cc6c6f09c449dddc19ee33.jpg, 0, 1
d02674ec-4a90-43c1-9aba-1cf70300a55a_jpg.rf.c4795a750b37b0839a252c16abcb1071.jpg, 1, 0
afd44643-9287-4080-934f-7a13c66d9bfd_225_jpg.rf.c47f4ccdefa0da5009c50a3dd9541005.jpg, 0, 1
afd3edfe-e4fe-4715-8429-5af060c5f0d9_45_jpg.rf.c47fc95597fd73362cee7dbfdc5d227f.jpg, 0, 1
92787dc3-1720-41c4-8acc-5c7f3fda0fa5_jpg.rf.c49025552966d4cfa52697f4c2665e5f.jpg, 1, 0
WIN_20221229_23_02_35_Pro_jpg.rf.c49efb9af58372ae59c00d27a7bc419a.jpg, 1, 0
3c36fca1-acb0-4a53-95be-087e2c614c76_135_jpg.rf.c49e72fa163ff3f42cdad07aa8db7d49.jpg, 1, 0
2c59ee70-dc1c-4de3-83ab-aa36a5fb92c9_90_jpg.rf.c4a28a6131d37e1962ef4dd0c183cf64.jpg, 0, 1
75a3c3df-b678-4a55-aa92-02be5879a4cd_180_jpg.rf.c4b65590e076d847a86cf8fccc54b517.jpg, 0, 1
9fc543ac-91f3-43f6-8df6-28bb9709a3e6_90_jpg.rf.c4b6e3bbb1402ceec7a5c869dff59b1d.jpg, 0, 1
1ab90226-8889-4bcd-ad0c-ea01fedaaffd_225_jpg.rf.c4b78484e7e3ec6ce941952972fd92d9.jpg, 1, 0
220fcc53-6ef7-45d1-8122-fa1c19ca9ec5_225_jpg.rf.c4b9a2434e6955d79fa2e4be32bfef6d.jpg, 0, 1
706a501b-940f-4252-89a9-1afae476d3b1_180_jpg.rf.c4c89fd1e4635b4460b2756de2347d65.jpg, 0, 1
06b95f3f-e2f5-4f58-95b1-6f9024e8e5d7_270_jpg.rf.c4d05fa377ce4e95a9f5b31f5c028daf.jpg, 0, 1
WIN_20221229_22_58_25_Pro_jpg.rf.c4dc325936d0201f54137d4935629213.jpg, 1, 0
fbe4f519-6225-4168-bcf9-4ccc4d0d82bf_45_jpg.rf.c4ddb717e7a029be252d417b7a1f980a.jpg, 1, 0
6bb51206-67ec-431b-8484-93739b1fddad_180_jpg.rf.c4e5b9651e896fc4af3f29bf90f3213e.jpg, 1, 0
WIN_20221229_22_30_35_Pro_jpg.rf.c4f09d81378ea98fa0f6a3ba2c287702.jpg, 1, 0
39c71820-6b5b-499e-b2c6-a957f48c62fa_270_jpg.rf.c4f2b14d00c0630e2a968382724b75fa.jpg, 0, 1
5671fc02-681e-4da8-826f-c1a0b2dc5870_90_jpg.rf.c4f5fd0197c7c4e5e1b369a0ac0dd936.jpg, 0, 1
687de30d-714c-4d10-9b23-998af950a13a_225_jpg.rf.c503b6661f1729973f611142f1dadb44.jpg, 1, 0
72ab964e-0b95-46ec-a135-1890eb300c53_90_jpg.rf.c50ec3bea678d8d09e356880b5380197.jpg, 0, 1
3c5c4ffd-e4d4-45b7-a07c-64e2f6788de2_180_jpg.rf.c51cf9305bc7ce0133ab6f63625306fc.jpg, 1, 0
WIN_20221229_23_31_53_Pro_jpg.rf.c5162c4c1802e87465e772d3d9e08a0c.jpg, 0, 1
51ba5ef7-fd64-4d52-9c3f-9d70e0ff040f_225_jpg.rf.c5258a905a88b610370be558e2a4539c.jpg, 0, 1
a968e0be-061b-40ae-801e-5e286dcbb663_45_jpg.rf.c52618a47166de3dae288b0b4a680ba1.jpg, 0, 1
233af445-c0e5-4bb1-ad5f-743becd76cab_135_jpg.rf.c5305efbc2d98053986a58b2b5202b65.jpg, 0, 1
WIN_20221229_23_01_47_Pro_jpg.rf.c52f3bf6c9f44e1a1f3bff20a9ded7e3.jpg, 1, 0
8d331829-b225-451b-8aaa-89058c62faf5_45_jpg.rf.c5306cf09bd2f6b20bb56438c5d2e459.jpg, 0, 1
WIN_20221229_23_01_58_Pro_jpg.rf.c53c5db4477db873b6eb90cfbe9f7b83.jpg, 1, 0
4de4ad31-de11-418b-a60d-a7192ea0c98a_180_jpg.rf.c53fe357e0aee4793fd27d2b138e7100.jpg, 1, 0
ba25564d-c23a-450d-b0af-a191ed900fb1_90_jpg.rf.c540d27a9085c1996aaba621bfd04019.jpg, 1, 0
4eddf419-3396-43d2-8b40-3ccecf2a2620_90_jpg.rf.c549f0d1a454d0a45b9867733d2a86c9.jpg, 1, 0
96d467c2-fa44-474b-9e64-88f1f265aeaf_270_jpg.rf.c54b21f908287359ef300c215149178a.jpg, 0, 1
6343bade-4271-437b-84ea-e9756e715080_45_jpg.rf.c54ba9bfbf1559f6ee433365814cbfbc.jpg, 0, 1
92fe0088-90bc-4eaa-8567-a9b3ad0645e8_45_jpg.rf.c5366d024ffbfc1722df2a050894af5b.jpg, 0, 1
93bde728-be7b-4af0-a18e-67f00d6fdcac_135_jpg.rf.c553100c20a400f4d6e9cc18c7537ae9.jpg, 0, 1
d02674ec-4a90-43c1-9aba-1cf70300a55a_90_jpg.rf.c5552395869ee85ae879350b98cf1899.jpg, 1, 0
57ab1fc0-e755-40c3-82cb-cce0684f11f4_45_jpg.rf.c5585bc61d41247cefd304a4e762b3e8.jpg, 0, 1
WIN_20221229_22_41_15_Pro_jpg.rf.c55da14dd051ee71c2ec7fe09b949e72.jpg, 1, 0
df1a716e-d93a-4e13-8144-399bae44a249_135_jpg.rf.c5608e8c8ff119841f0e8e8649ab2655.jpg, 1, 0
ef757b72-613c-4d8f-b8e0-a3564581cb0f_jpg.rf.c56d45dd2942432a4ec753e16448991f.jpg, 1, 0
5d06dc79-9d5c-46d0-a720-e4898e65949c_180_jpg.rf.c56f6c1c9b5739d68680430bbe01884a.jpg, 1, 0
ef757b72-613c-4d8f-b8e0-a3564581cb0f_90_jpg.rf.c5736e2af91e19f5947b6b48c9092e97.jpg, 1, 0
ccd5cdb4-3df2-4b3b-833b-3bdc7d43ee4d_45_jpg.rf.c577146023d785da6e9d5c2d3d443f88.jpg, 0, 1
0aa414bb-510b-40c9-85e1-f7a7163b3e2c_225_jpg.rf.c572db17c837996a9415616be333e334.jpg, 0, 1
7a6523d6-ef65-4cca-8160-946936395ede_45_jpg.rf.c585dffb8eeb170ead6fc3f46904ef79.jpg, 0, 1
507e6cd8-2041-47e5-b174-28a6d9328985_225_jpg.rf.c58642ff206fee16be249c02e6b586a7.jpg, 0, 1
WIN_20221229_22_41_07_Pro_jpg.rf.c5940370425f11cc3891d2b16a095fd8.jpg, 1, 0
085c4ff0-ec11-44e6-b865-d4a8e163bcee_180_jpg.rf.c58d6e156834df281424c7986c31e9d5.jpg, 0, 1
7e2e4fb2-dc94-46c6-a203-0db83ca84e81_45_jpg.rf.c59742fe4296ecdcd46b03238d59ab95.jpg, 0, 1
0c4d65e5-1985-47b2-8252-616ed898bd7c_270_jpg.rf.c59abe532f861c7e00b53f80465ca45f.jpg, 0, 1
96d467c2-fa44-474b-9e64-88f1f265aeaf_180_jpg.rf.c59be6e4063c507129a37310466ded19.jpg, 0, 1
51ba5ef7-fd64-4d52-9c3f-9d70e0ff040f_90_jpg.rf.c58ce1207fa9c64c37d63f133f5e61dc.jpg, 0, 1
00137db3-94aa-4aa5-aa3b-e3e09d6a5ef5_225_jpg.rf.c59e849597b6a20a3bda58249ea19fd0.jpg, 0, 1
9ec72020-824e-4c15-b633-cba42d080364_45_jpg.rf.c5ab3aa897a47b4ccd6a9e1ff184651b.jpg, 1, 0
87e64a68-c898-4474-bd57-1e570902862f_225_jpg.rf.c5c76e0c34e4686bcb326e372bbd7e84.jpg, 0, 1
WIN_20221229_22_01_11_Pro_jpg.rf.c5c7da9bec57105c65dceff7c532a8d7.jpg, 1, 0
91e77c81-f2eb-4358-81d6-eea2509ae443_jpg.rf.c5d65e91a1d78a6ab9ab5f6d88aff877.jpg, 0, 1
5d06dc79-9d5c-46d0-a720-e4898e65949c_270_jpg.rf.c5db86b564af231704f342c98f673fd9.jpg, 1, 0
8140aed5-a61c-4048-81dc-c9e2149f60b2_270_jpg.rf.c5e0850b20cd53f6c7880a8f567dce0e.jpg, 0, 1
4737a7d7-5d10-4912-b3e7-c8254a88af02_225_jpg.rf.c5dd593ab5f627d45b9a8455f5f275d0.jpg, 0, 1
84c8c90b-b9c3-4290-bdff-f1946a11050a_180_jpg.rf.c5e22fd69749596d379c85517151993d.jpg, 0, 1
92787dc3-1720-41c4-8acc-5c7f3fda0fa5_270_jpg.rf.c600f0d135c102cab41f81bfbb1a6b8d.jpg, 1, 0
91fd5e6d-6fa7-45ec-b8dd-a390713a150f_180_jpg.rf.c5e6409853b00cdd046916eefd8ef085.jpg, 0, 1
WIN_20221229_22_45_17_Pro_jpg.rf.c60eaa9314d5554e84769934e89c363c.jpg, 1, 0
223d92bc-5ef8-450a-86d6-ab5d6e8c5b3e_270_jpg.rf.c611539574f36033c144ec54035da013.jpg, 0, 1
25365714-d0ec-4a39-aba3-ea056e686ce9_270_jpg.rf.c6159dddb7283e4666ba8d77173fa66c.jpg, 0, 1
878a59f0-76a6-4a7c-8e4a-45283cfb4465_90_jpg.rf.c62a1c6445fc6d88fe944449dc803f5d.jpg, 0, 1
79eb3e80-65d5-431c-b388-ea52ce593c7d_225_jpg.rf.c63fcd9582955e8b127fdd4e84386c94.jpg, 1, 0
66ffa488-289b-4188-afe1-7764a1a1bb1a_180_jpg.rf.c64d0d1604c8fe6f8f924c0e4fcb3699.jpg, 0, 1
a36b24dc-58f1-4270-b642-3bb7ec46de0f_270_jpg.rf.c6506643dc548b49ac1be2860845ca5b.jpg, 1, 0
0327f441-9a02-40a9-b280-251440ad4cec_90_jpg.rf.c65f0dc47877c8f92461e6f6255f6508.jpg, 0, 1
WIN_20221229_23_03_07_Pro_jpg.rf.c654a2e692115a901423b934b6655dd2.jpg, 1, 0
33e3e3fe-8e37-4b4a-aa04-ad3864731632_135_jpg.rf.c66ac5dacd39eaa1de6730d157f400e9.jpg, 0, 1
d2936fba-871f-4fbe-97da-b6e6e347e889_270_jpg.rf.c665f45b60b4153c0e35fc9083103ac0.jpg, 1, 0
afd3edfe-e4fe-4715-8429-5af060c5f0d9_135_jpg.rf.c66fb1438177592c30194b49115b6d90.jpg, 0, 1
69fc95bf-f644-4c92-8057-f05146da07f7_90_jpg.rf.c677246d61cb9b11d485b96777288639.jpg, 0, 1
ac755961-63a0-4e01-b87e-eacd0b5d7899_90_jpg.rf.c67cd68ffe10a4358b04ac4a28fcb270.jpg, 0, 1
3c5c4ffd-e4d4-45b7-a07c-64e2f6788de2_270_jpg.rf.c6819048864492c560f1d49b7bf63849.jpg, 1, 0
a70cfd80-0fa8-48c8-ab56-7f7cc8b0bb9b_135_jpg.rf.c68d9d16a6930de20f96036fda51c1c1.jpg, 0, 1
9cb97279-36f3-438c-97d5-91da39c4e13a_135_jpg.rf.c696d9f9c592ee64e8cdf73100168680.jpg, 0, 1
92fe0088-90bc-4eaa-8567-a9b3ad0645e8_90_jpg.rf.c69c47908b001e2ee7929216482bb1cd.jpg, 0, 1
ef757b72-613c-4d8f-b8e0-a3564581cb0f_90_jpg.rf.c69c239282f9e6634558da7d7581a475.jpg, 1, 0
afd44643-9287-4080-934f-7a13c66d9bfd_180_jpg.rf.c69f35ffe027f3b9213364ddf19176ac.jpg, 0, 1
01c27009-f681-4495-8d82-599547aba120_45_jpg.rf.c6a50c9332df9bd1ecf7fb7a223b95e9.jpg, 1, 0
b361e99e-9c59-43b5-92f6-80ad77c3287f_90_jpg.rf.c6afe24664861acd2e6c7f7ed4900421.jpg, 1, 0
3c5c4ffd-e4d4-45b7-a07c-64e2f6788de2_90_jpg.rf.c6b8c7869a804c63c9bd7ec07c3d5757.jpg, 1, 0
WIN_20221229_22_25_34_Pro_jpg.rf.c6ba8f19520591791b46207b1169eba5.jpg, 1, 0
WIN_20221229_22_04_05_Pro_jpg.rf.c6bd634919111e6738b6a7825efd7757.jpg, 1, 0
91e77c81-f2eb-4358-81d6-eea2509ae443_135_jpg.rf.c6bd7743cd1b41f09170f384cd5ac61c.jpg, 0, 1
233af445-c0e5-4bb1-ad5f-743becd76cab_45_jpg.rf.c6c30facfea275d2ecfa3b2e4c069569.jpg, 0, 1
01aff576-d811-4858-bc7b-e66af9db530f_135_jpg.rf.c6b0ed9a57129cbd8b4df8bea89e4516.jpg, 1, 0
ccd5cdb4-3df2-4b3b-833b-3bdc7d43ee4d_90_jpg.rf.c6ca8b2daa397efa3123e3b1399a4369.jpg, 0, 1
24a200ea-e903-4bcd-aee1-fb26e7bfd757_180_jpg.rf.c6cf1842b62b7a3e4bd882e21e691e05.jpg, 0, 1
2d6fa448-2f18-4db5-a942-7097acff076a_225_jpg.rf.c6d81ca1f821e9fcc279d0f32ea680ba.jpg, 1, 0
9fc543ac-91f3-43f6-8df6-28bb9709a3e6_jpg.rf.c6e5a1a1ed04025532ed34982c3480b5.jpg, 0, 1
085c4ff0-ec11-44e6-b865-d4a8e163bcee_90_jpg.rf.c6deebe11c6c2d26c28ad575464708c7.jpg, 0, 1
d02674ec-4a90-43c1-9aba-1cf70300a55a_90_jpg.rf.c6ebb4cd566f388f0cf4d36a6db00cd2.jpg, 1, 0
52e703e1-69d2-44c7-a214-269fa0e09054_90_jpg.rf.c6ed46b4c327a5ee600fa3de2fe3c8c4.jpg, 0, 1
7d0322d1-3583-4a2b-ad25-e76d31603cee_45_jpg.rf.c6eeaebba71c58b35de94b83f9b4b03c.jpg, 0, 1
53f913e3-941b-4772-8446-2bad471e22b0_180_jpg.rf.c6fb816efdb9a07542da58134eddd02d.jpg, 0, 1
0327f441-9a02-40a9-b280-251440ad4cec_90_jpg.rf.c6fca311ca2d244d2f95d0ab75dfe7d1.jpg, 0, 1
3c5c4ffd-e4d4-45b7-a07c-64e2f6788de2_45_jpg.rf.c6fe236686e32bc4403c5f7847dd8c1c.jpg, 1, 0
WIN_20221229_22_45_31_Pro_jpg.rf.c708504d8bc70d58e123f78ef2b3d2fd.jpg, 1, 0
00a9637f-e5c9-4522-8d19-d6b3e8bae3f3_135_jpg.rf.c716a79ffcfdfcca754bdf679405da52.jpg, 0, 1
642d6f5f-fa24-4c18-b7b2-6b24334629a3_225_jpg.rf.c7167c61ee4b447cd24699c4c08cd75b.jpg, 0, 1
878a59f0-76a6-4a7c-8e4a-45283cfb4465_jpg.rf.c7123da0903f9af583ce45ba9870b816.jpg, 0, 1
WIN_20221229_22_38_47_Pro_jpg.rf.c70398352d79b26ed8d4669e2ca61f91.jpg, 1, 0
223d92bc-5ef8-450a-86d6-ab5d6e8c5b3e_90_jpg.rf.c71be2f344bd41b9719636f071ba5d9e.jpg, 0, 1
a70cfd80-0fa8-48c8-ab56-7f7cc8b0bb9b_270_jpg.rf.c71c374a585c72fe22570d48a518162f.jpg, 0, 1
9cb97279-36f3-438c-97d5-91da39c4e13a_225_jpg.rf.c71ceaea321697427dd5b414db15b375.jpg, 0, 1
b4b3a28f-aee8-402c-856a-b09db5dbeb4a_225_jpg.rf.c7230c43b32aa05690032b6142cee610.jpg, 1, 0
1b05898a-3be4-4b9e-b4a0-6d23dfdaabf0_jpg.rf.c72fa17f3edf5c500649dc9a1169ef13.jpg, 0, 1
70be0397-922c-4185-bb84-728b59ab25f8_180_jpg.rf.c727b027a43082343daae2963acfa412.jpg, 0, 1
93a64c9f-678d-4302-94ea-5758bbf7451c_90_jpg.rf.c73285e4c4c322034cb69286a48ddf8a.jpg, 0, 1
WIN_20221229_23_27_05_Pro_jpg.rf.c73911e31be9d76f8b24fb10dbf23d63.jpg, 0, 1
WIN_20221229_22_44_11_Pro_jpg.rf.c732fb4124e43b61aa7076bd69f6aadc.jpg, 1, 0
0fbac742-48ee-4857-ab82-3318c8fbdcb8_jpg.rf.c73cba9fb1c19925ab3f73eed0443a96.jpg, 0, 1
6bb51206-67ec-431b-8484-93739b1fddad_135_jpg.rf.c73b768e389e44ee8f5c2dec510a9ec7.jpg, 1, 0
687de30d-714c-4d10-9b23-998af950a13a_135_jpg.rf.c741f2ef6bc1bc377269fb2832c3d7b2.jpg, 1, 0
217fef04-2462-4dca-a170-f780b700b17e_270_jpg.rf.c743328d79b341e6ab4b02ad00b4fbf5.jpg, 0, 1
WIN_20221229_22_41_07_Pro_jpg.rf.c74b6b0e37d31d1b79323bd2c360a8d9.jpg, 1, 0
ba25564d-c23a-450d-b0af-a191ed900fb1_jpg.rf.c74f0525ca5159198354961760508d68.jpg, 1, 0
488a316b-07fc-410e-a5fd-84f831acc653_180_jpg.rf.c74edf4ab92d0c082009789bfc055133.jpg, 0, 1
adcb9cef-245f-4674-bd16-4c8ad789d0a8_180_jpg.rf.c77eb77bac1c4a6979a327c8e68dd1ae.jpg, 0, 1
WIN_20221229_22_10_20_Pro_jpg.rf.c78d73d9a9a1f44ed9730156d0ab2c27.jpg, 1, 0
9ef0276c-3a70-4027-8d1d-2503df2e9f56_225_jpg.rf.c783c43a6186fadd8acc19ef477f4da4.jpg, 0, 1
87595b49-d19a-4221-8418-57ee268de2d5_180_jpg.rf.c7927355d6e272fab2b00df46ce94945.jpg, 0, 1
589950d7-088b-4c4b-abc1-9b824671ec8f_270_jpg.rf.c791af6fcf83821abc892edc8deb1cbb.jpg, 1, 0
708fb576-4b86-4d50-a652-cc0d64f5407a_jpg.rf.c792facb2e4dda11d48af46ec216f150.jpg, 0, 1
6b316208-fce5-4562-a45b-736f29a3a697_90_jpg.rf.c7aa14e589b7fbb9650e17895ae44bc1.jpg, 1, 0
ccd5cdb4-3df2-4b3b-833b-3bdc7d43ee4d_135_jpg.rf.c7b1bd17e92ec832806a500900e003ea.jpg, 0, 1
223d92bc-5ef8-450a-86d6-ab5d6e8c5b3e_270_jpg.rf.c7b355bde1ea11e49586a119adefdd2e.jpg, 0, 1
WIN_20221229_23_18_37_Pro_jpg.rf.c7aaa9f16d18265530fcc89dd7c21e4f.jpg, 1, 0
0fbac742-48ee-4857-ab82-3318c8fbdcb8_45_jpg.rf.c7b7dc1fe2b8229ba943ff488f8901a3.jpg, 0, 1
72a2b8f8-c7ca-4222-b2a1-9b82ac7990f4_180_jpg.rf.c7c376afcc5071e81bc075e8b993df12.jpg, 0, 1
69c9cfea-cfbd-4dfe-a8a2-2ed31daafd85_180_jpg.rf.c7c5e4bef07ee2962f6feb823515b055.jpg, 0, 1
01c27009-f681-4495-8d82-599547aba120_jpg.rf.c7cc6721913068e3fb6311f9424f1033.jpg, 1, 0
226b7023-757d-4c11-9b59-a0e8f02e5274_45_jpg.rf.c7cee2ebc0317a07d49b9b78c27fee6a.jpg, 0, 1
6bb51206-67ec-431b-8484-93739b1fddad_270_jpg.rf.c7d0f4cce6ad0492ee14b64a46b11cc7.jpg, 1, 0
687d8151-bfed-420b-9a07-5213500e2964_jpg.rf.c7d4d9acc5ffa9b6bc29a4a7abd00224.jpg, 0, 1
39c71820-6b5b-499e-b2c6-a957f48c62fa_180_jpg.rf.c7da0c3d9e40c91eec070f093060bdad.jpg, 0, 1
868aed84-639d-46d3-9f59-3d71ba702ea0_135_jpg.rf.c7d5b0784ec28c773dc091738c7945bd.jpg, 1, 0
ccd5cdb4-3df2-4b3b-833b-3bdc7d43ee4d_225_jpg.rf.c810cd8d6dac4dc137432955dc1cf804.jpg, 0, 1
73cca509-de66-4cbc-9421-8fcb263fefcc_225_jpg.rf.c8122c7574d7de4068e6d8575db7b86e.jpg, 0, 1
226b7023-757d-4c11-9b59-a0e8f02e5274_225_jpg.rf.c8074c88d2f09be7294607987bdec15c.jpg, 0, 1
66ffa488-289b-4188-afe1-7764a1a1bb1a_jpg.rf.c83bc6ef30727ba26dbc3e9b5c586b0e.jpg, 0, 1
ae88b11a-3c51-46c9-a74f-4f141d73ed73_90_jpg.rf.c8404adf8c471e3eb6e1e06c9f987247.jpg, 0, 1
33dd040e-50b6-44e7-afc7-230da49bcf12_135_jpg.rf.c83caa5209cc8968fffe539582046606.jpg, 0, 1
WIN_20221229_22_18_19_Pro_jpg.rf.c8450eff53a728ecae01a48bc716eed7.jpg, 1, 0
1f4613ea-1b60-4092-876c-1a474a8c51b9_135_jpg.rf.c8450c75a4b76004405b832de0201a64.jpg, 1, 0
75fea9b7-7c08-4ea2-bb8d-50096fdf774b_jpg.rf.c847cc2b9391691849031786efebfc13.jpg, 0, 1
5064456d-d977-4c88-a2f7-613db1f3f19b_jpg.rf.c847ea822ee2f7366a481dd15650d459.jpg, 0, 1
92810cd4-1652-4556-bc0b-b2e953449143_45_jpg.rf.c84a536410ba3f3839b0655e17933c4a.jpg, 0, 1
2d6fa448-2f18-4db5-a942-7097acff076a_jpg.rf.c84ca6425d3e595382e136f9aaea5450.jpg, 1, 0
499ce0e3-7fe4-4fd4-bd8a-5aa00aab3f43_90_jpg.rf.c84e2aa0cc40f2eaa07e0e74beb14e76.jpg, 0, 1
WIN_20221229_22_57_29_Pro_jpg.rf.c84d0de828481ca31451d6596d300438.jpg, 1, 0
303bf4f0-4e58-4f52-83e1-73f1a7ceabc5_225_jpg.rf.c852cb4f2268c1072aaa6fc60282bed1.jpg, 0, 1
217ac982-fddf-49ae-a311-27cf800d10f0_270_jpg.rf.c8509e3bfe35cdcb0113981604ba5a4c.jpg, 0, 1
5064456d-d977-4c88-a2f7-613db1f3f19b_225_jpg.rf.c867d2ab0029ead126460fb8c8b5b829.jpg, 0, 1
600d2167-2072-4825-9516-6c13af9fc382_jpg.rf.c869c5a43270a64de172b8879eea8e62.jpg, 0, 1
8ddce3ce-bc64-4942-93aa-940868007f64_45_jpg.rf.c874f990522595b3a939c3acf040e0b0.jpg, 0, 1
92a893f4-8dd5-4f4a-9864-08811d4ed00a_jpg.rf.c877b9de063374cd8b8965416fa38433.jpg, 0, 1
7d0322d1-3583-4a2b-ad25-e76d31603cee_270_jpg.rf.c87ee0810e9bf48b610c0d726ad4da35.jpg, 0, 1
b361e99e-9c59-43b5-92f6-80ad77c3287f_45_jpg.rf.c884771825089753fc68d333995640af.jpg, 1, 0
223d92bc-5ef8-450a-86d6-ab5d6e8c5b3e_jpg.rf.c888fe2ae2e68bae0911d0219dd38da5.jpg, 0, 1
90ecbd63-5a3d-4c6b-bd34-594c7c6a2d40_225_jpg.rf.c88a5a588844f87489fbdabfffe5a2da.jpg, 0, 1
2da43d43-ad7b-435c-920d-0fbfebb88959_90_jpg.rf.c8906bd0aaacebb2357083a46cd02f07.jpg, 1, 0
708fb576-4b86-4d50-a652-cc0d64f5407a_90_jpg.rf.c8974aab4524ac774ca0400f8f66aa38.jpg, 0, 1
4ded4873-2bd7-4d9b-80ae-7a8967c128ce_270_jpg.rf.c898905bf6de99db75c10766fec01a23.jpg, 1, 0
2be59dd5-7793-413c-96cb-c40098eba6f6_180_jpg.rf.c89fd3e95a7b6bee513d9b2859228e73.jpg, 0, 1
WIN_20221229_23_25_49_Pro_jpg.rf.c8ac7051667cfaaca93e75989cbbfa99.jpg, 0, 1
5c99f964-3704-402c-aa2d-42bd2fbacf4f_225_jpg.rf.c8a78f50d522b76650bb746eaf3d05b3.jpg, 0, 1
d6faa4f5-e419-4c2d-b0be-316f48d5464a_90_jpg.rf.c8bd4a1560ac5b6f34c6329c5e96571d.jpg, 0, 1
878a59f0-76a6-4a7c-8e4a-45283cfb4465_45_jpg.rf.c8ce534368e5f42635500bede06b59fe.jpg, 0, 1
878a59f0-76a6-4a7c-8e4a-45283cfb4465_45_jpg.rf.c8cc1853d1c307525e99253bc225b6fc.jpg, 0, 1
217fef04-2462-4dca-a170-f780b700b17e_45_jpg.rf.c8e27550b7767c59dae0496938281fb1.jpg, 0, 1
878a59f0-76a6-4a7c-8e4a-45283cfb4465_90_jpg.rf.c8f4483398ae457529a64764aa817ad9.jpg, 0, 1
WIN_20221229_22_55_27_Pro_jpg.rf.c8e235a698a43f40995937bcad235203.jpg, 1, 0
87595b49-d19a-4221-8418-57ee268de2d5_135_jpg.rf.c9048ced51722f80f020e1e34cbd7d5b.jpg, 0, 1
WIN_20221229_22_25_34_Pro_jpg.rf.c904777be845c8193281a93c66e106d7.jpg, 1, 0
805c86e2-7416-44fc-b8aa-f663db39cf8a_135_jpg.rf.c9069296555b1966ee4b78dbec9e6c99.jpg, 0, 1
98cb62e4-f491-47c7-b871-9d1aeeac307e_270_jpg.rf.c8c2e5a85c0e1ccc7c8d29e42a92f1d7.jpg, 0, 1
WIN_20221229_23_29_36_Pro_jpg.rf.c8fd3c3a42f6287f17fe29528924b867.jpg, 0, 1
aa8cc596-1881-4e18-a73f-fe60f6a6a031_jpg.rf.c90cb0b1b906bff791032fc5fedf7739.jpg, 0, 1
WIN_20221229_22_58_53_Pro_jpg.rf.c910984bd63f06f65b5c3d92bbd94317.jpg, 1, 0
d4ea5845-ed1c-4bcd-b615-557884bb64c2_135_jpg.rf.c9090a48ccfd74af2e1efb9d3360dc7e.jpg, 1, 0
52c230c2-20b1-4769-978c-d0a859364b3e_180_jpg.rf.c911da500ffd745b01cfba2d4418769e.jpg, 0, 1
8140aed5-a61c-4048-81dc-c9e2149f60b2_90_jpg.rf.c921f6aee5bffeb7eba122d2ba52b2e6.jpg, 0, 1
5671fc02-681e-4da8-826f-c1a0b2dc5870_90_jpg.rf.c92654456592b94c08a75ca74d57b0c5.jpg, 0, 1
6b316208-fce5-4562-a45b-736f29a3a697_45_jpg.rf.c92c35ec523cf1437e1e18e93a19171a.jpg, 1, 0
4d510781-6fad-4149-909f-5b3615711984_45_jpg.rf.c924af6a2afed014798511c8883360df.jpg, 1, 0
WIN_20221229_22_45_36_Pro_jpg.rf.c931287b9c2a2acefd818c19e06d9d9d.jpg, 1, 0
80c4e3b8-9502-4216-aad1-1b5f6f3d6b72_180_jpg.rf.c9400e2ff9e4afd9bf9dde0db4fb5cc8.jpg, 0, 1
8e753e61-dd28-45b8-aa64-e6c1e71bd812_jpg.rf.c94262da52292c566fc1f0086f6db270.jpg, 0, 1
d02674ec-4a90-43c1-9aba-1cf70300a55a_jpg.rf.c94bc2f5a08bdf1ef79f8f3120de889a.jpg, 1, 0
69dc5c1e-a7ad-49aa-ba21-235545c312c6_225_jpg.rf.c953dea701316a727cdf768e9d0a4794.jpg, 0, 1
7d0322d1-3583-4a2b-ad25-e76d31603cee_90_jpg.rf.c95a024142b1ae6accb0f44ea11b99ae.jpg, 0, 1
cce642b7-d4aa-4dc6-951b-e1b655f68334_90_jpg.rf.c95f1455258192eed58f79cd4cd57c6d.jpg, 1, 0
220fcc53-6ef7-45d1-8122-fa1c19ca9ec5_180_jpg.rf.c96591b374ca92b4de7ca648f041a4c9.jpg, 0, 1
b84b2bd1-353d-4da0-80e6-da6df7b611b8_180_jpg.rf.c9594a51f2518310b927826db4ab619c.jpg, 0, 1
75f27827-8267-4ad8-8c7f-938a7c0c0a72_45_jpg.rf.c96d79d969bef2328891d0a1a2918c60.jpg, 0, 1
97e4c08e-3475-4d77-8b54-a2231e38f6a2_135_jpg.rf.c97733d0edc5a2dc248bc0100dee1ca7.jpg, 0, 1
499ce0e3-7fe4-4fd4-bd8a-5aa00aab3f43_135_jpg.rf.c9720c1f8a2320f1425d3540163c6eed.jpg, 0, 1
d6ed6d4c-2acb-4507-bc4c-70480968eacb_jpg.rf.c96f63fa52c7a29ae67c17b0c01c477d.jpg, 0, 1
c6d5a9cd-56bd-4e1a-9ca8-c3562c8140f8_90_jpg.rf.c97c7718abf04a14189746265d091075.jpg, 0, 1
92810cd4-1652-4556-bc0b-b2e953449143_225_jpg.rf.c9a064e599ed99fd50b66e7bdfa2a092.jpg, 0, 1
WIN_20221229_23_28_02_Pro_jpg.rf.c99b63d4cfed2d99d8b918845861b8ba.jpg, 0, 1
96f68346-9256-416a-a050-9ec4b750ccc6_270_jpg.rf.c9a3c5260326801991a3e6abd94959c8.jpg, 0, 1
92fe0088-90bc-4eaa-8567-a9b3ad0645e8_45_jpg.rf.c9ab84eb9498957c44e1587f8014b57c.jpg, 0, 1
75a3c3df-b678-4a55-aa92-02be5879a4cd_225_jpg.rf.c9c5d40e0723012186d4562b40ae7a2e.jpg, 0, 1
4fac26f2-1588-4362-9e73-ffe2e8791cbb_270_jpg.rf.c9acce9b477da87b8173ce9bf16970f0.jpg, 1, 0
80de665e-2077-4a83-9a40-20d2bcaeac43_45_jpg.rf.c9c5ff9916e4eb2a6284f0c1e36eff6e.jpg, 0, 1
a57c3779-84b6-494f-a396-47718417b914_225_jpg.rf.c9d24940c5f327c57079d5542bd78da8.jpg, 0, 1
adcb9cef-245f-4674-bd16-4c8ad789d0a8_90_jpg.rf.c9d298bdce478e1a132c77640db32452.jpg, 0, 1
224748bb-08de-4a59-98e5-2bbef0629846_jpg.rf.c9dff2fc35970415e71c48f3435d5282.jpg, 1, 0
WIN_20221229_23_31_03_Pro_jpg.rf.c9e3c010183efab689b09ff9216590a7.jpg, 0, 1
75a3c3df-b678-4a55-aa92-02be5879a4cd_180_jpg.rf.c9d143523e08c056de12f568dc8a3192.jpg, 0, 1
0c279d03-a83d-4404-b852-2b90d79e1ed3_jpg.rf.c9e140e194331ee6028fb3dc77b01c44.jpg, 0, 1
de7c5c69-6255-4087-9565-1732a07c986d_45_jpg.rf.c9e8ec22beb760f42b0d7ce82c782c89.jpg, 1, 0
91c2e56d-2549-4574-9414-86aa17e84ef4_225_jpg.rf.c9eb790744edb082eb7a425e79e38c26.jpg, 0, 1
898d6980-0ea3-4451-82f1-3bdabc8c6d9d_90_jpg.rf.c9f02e98b75d961487764dfde0d52d5c.jpg, 0, 1
4461774a-c193-43e6-9849-19c25ad533fb_90_jpg.rf.c9fadafd9108bf1a88d1bbb18b7c67ea.jpg, 1, 0
WIN_20221229_22_26_35_Pro_jpg.rf.c9fb566e88258f1cbe31873957e25f39.jpg, 1, 0
6b316208-fce5-4562-a45b-736f29a3a697_225_jpg.rf.ca06dec68f31a1451896d2c0bdc10201.jpg, 1, 0
09e044e6-a2b6-4827-9853-beb7d392347f_135_jpg.rf.ca1048f276dddcee9706315bf10b5a63.jpg, 0, 1
1acf8679-d50f-446c-b806-def7d073e244_jpg.rf.ca1315d86b3af713c63bc2644b826b54.jpg, 1, 0
ccd5cdb4-3df2-4b3b-833b-3bdc7d43ee4d_135_jpg.rf.ca184e1682abf6c1d9d912311bd4ba53.jpg, 0, 1
a70cfd80-0fa8-48c8-ab56-7f7cc8b0bb9b_180_jpg.rf.ca1175e96b7b0bac7dc68d38ad39c4e8.jpg, 0, 1
75a3c3df-b678-4a55-aa92-02be5879a4cd_225_jpg.rf.ca1acf1f5a64d5b146cd158b8cdde02b.jpg, 0, 1
96d467c2-fa44-474b-9e64-88f1f265aeaf_135_jpg.rf.ca1a25ee6adea7b38c39f6720ee65364.jpg, 0, 1
57ab1fc0-e755-40c3-82cb-cce0684f11f4_45_jpg.rf.ca1ca0ebb85e212083ab8b8b1f7bd278.jpg, 0, 1
dc2d0160-f922-429c-8c3c-5a6f0f68c023_180_jpg.rf.ca1f7fcc586826b868fddc2e90b34ef6.jpg, 0, 1
WIN_20221229_22_10_20_Pro_jpg.rf.ca20100f1883c331e9b2a1fe74d62c53.jpg, 1, 0
94a26150-c197-425f-961b-0a4ae35825cf_jpg.rf.ca21f4bc1bef779c054fe146cc6d1468.jpg, 0, 1
WIN_20221229_22_06_46_Pro_jpg.rf.ca3f87e13a1b37a0423c5d11bbcef81e.jpg, 1, 0
805c86e2-7416-44fc-b8aa-f663db39cf8a_jpg.rf.ca44a334d7ea04285b85a4cc6133e91e.jpg, 0, 1
0dab9689-2c2d-4dc6-bb71-db1b6d82cb17_90_jpg.rf.ca4e72fcf543a2a8a0374bbbc863cdf8.jpg, 0, 1
WIN_20221229_22_08_50_Pro_jpg.rf.ca302a3dcccb66218645a6c209db5dee.jpg, 1, 0
79eb3e80-65d5-431c-b388-ea52ce593c7d_90_jpg.rf.ca55c2ed07ba5c4179ebfefc08045ed3.jpg, 1, 0
87ad76a7-bd79-4c43-86bb-4db4498e10f1_jpg.rf.ca65da631e9d0d91506168bd142065cf.jpg, 0, 1
a936c90a-8f24-4289-b10b-4830ac9f3019_270_jpg.rf.ca68d06a2b07e906e3fa892687a5f52c.jpg, 0, 1
WIN_20221229_22_55_27_Pro_jpg.rf.ca6e829f76ca1a5c33961d02f67c0ed6.jpg, 1, 0
aa8cc596-1881-4e18-a73f-fe60f6a6a031_225_jpg.rf.ca6cfcd44784c0b3f8129627c7b71d69.jpg, 0, 1
d6ed6d4c-2acb-4507-bc4c-70480968eacb_225_jpg.rf.ca713382da9af7a4bcce392e346831ac.jpg, 0, 1
3bde05ec-782e-445d-a221-38a8ecbc5dab_jpg.rf.ca74b57f82d7ea1d53d78be7949ece1a.jpg, 0, 1
2da43d43-ad7b-435c-920d-0fbfebb88959_225_jpg.rf.ca7f8786643fa9c9da01e807c4dafbe5.jpg, 1, 0
66ba2553-31f1-473c-9602-d2df0c1bb3f0_135_jpg.rf.ca78c60d695caa395f8217b427d167f4.jpg, 0, 1
0c04b448-fe60-4b89-bf5a-b18fe90a5870_225_jpg.rf.ca84e34909c201c2b8eabd6f285017b2.jpg, 0, 1
WIN_20221229_22_22_23_Pro_jpg.rf.ca970f19aa198283bd1e510643f298be.jpg, 1, 0
303bf4f0-4e58-4f52-83e1-73f1a7ceabc5_270_jpg.rf.caaa2366ac2a3a6d7c7b49aa9ae7c904.jpg, 0, 1
4de4ad31-de11-418b-a60d-a7192ea0c98a_135_jpg.rf.caa0e29842fba485325d8c5742b403b8.jpg, 1, 0
a36b24dc-58f1-4270-b642-3bb7ec46de0f_135_jpg.rf.ca857ba89c71c96e5660f2dbe84d6c5a.jpg, 1, 0
2b3188c7-77de-4b98-aaa5-012b0941ca45_jpg.rf.caa36ee8f021ccc3d4e25380de098608.jpg, 0, 1
224748bb-08de-4a59-98e5-2bbef0629846_225_jpg.rf.caaa8497acfdb4868d9a848fb57581f7.jpg, 1, 0
014bcc0a-10c7-41eb-80eb-e2f62bb652b3_jpg.rf.cab03f2f435ed0d1773c16412cc0bf5c.jpg, 0, 1
24522061-cd21-4507-92da-432712838d1d_45_jpg.rf.caba023f3776830a74634615a9b62e12.jpg, 0, 1
52c230c2-20b1-4769-978c-d0a859364b3e_225_jpg.rf.caba03f22d97173beb9ef4a07f2fb9d5.jpg, 0, 1
9fc543ac-91f3-43f6-8df6-28bb9709a3e6_45_jpg.rf.cabb883ed1d849cd5a4b1acb191e92c4.jpg, 0, 1
4dbf4259-4cc3-4ff3-8768-970703c6c8f9_45_jpg.rf.cac69f333db99e22ca414e0a736fd491.jpg, 0, 1
224748bb-08de-4a59-98e5-2bbef0629846_180_jpg.rf.cad71ae4c0466635abba8efbdbb1cd01.jpg, 1, 0
4eddf419-3396-43d2-8b40-3ccecf2a2620_90_jpg.rf.cac68b3124e29f3ba4e598a7a0e04c03.jpg, 1, 0
91c2e56d-2549-4574-9414-86aa17e84ef4_135_jpg.rf.cabf1c75e9491f55975c22d87639250a.jpg, 0, 1
6cdbe5d2-04bc-4a25-b1a0-be0a00a136ae_180_jpg.rf.cada1f89985faa47eef0886351a5c804.jpg, 0, 1
3c5c4ffd-e4d4-45b7-a07c-64e2f6788de2_180_jpg.rf.cadd41ef844902e71abc992c51f32233.jpg, 1, 0
3bde05ec-782e-445d-a221-38a8ecbc5dab_225_jpg.rf.cae269dc12719f360699c0e4850d781f.jpg, 0, 1
6b30113e-141c-4956-964b-7b64918f694b_180_jpg.rf.cad9124dc5b5acb0b8b56e5285e55457.jpg, 1, 0
207aff1c-09cf-47d1-ae76-474c6c31b0e4_135_jpg.rf.cae823340521df2c292cf11393f80bb0.jpg, 0, 1
57ab1fc0-e755-40c3-82cb-cce0684f11f4_270_jpg.rf.cb0f62846621a90c8a7e4b61b9d3a7b3.jpg, 0, 1
66c7508a-f4ff-4af6-a91b-5f33d3c4d20d_45_jpg.rf.cb1abb9047f05970809a337aff3b8b6c.jpg, 0, 1
01c27009-f681-4495-8d82-599547aba120_135_jpg.rf.caeca922dd1451091675ed718c025f2c.jpg, 1, 0
6343bade-4271-437b-84ea-e9756e715080_180_jpg.rf.cb2a33f52ed66776ee785bc6f8beab68.jpg, 0, 1
WIN_20221229_22_51_58_Pro_jpg.rf.cb2bfa108f70034cc99b9be040f58a43.jpg, 1, 0
6b316208-fce5-4562-a45b-736f29a3a697_90_jpg.rf.cb315238ce8ee682f472ef2842b47e89.jpg, 1, 0
WIN_20221229_22_18_19_Pro_jpg.rf.cb39f117b2383d1b59fe742240c64819.jpg, 1, 0
92009a81-ec1a-4dc0-99aa-c0898383287c_jpg.rf.cb46c75a2d3a46a4268f769c031fc07a.jpg, 0, 1
5522f66d-ad72-48d5-9767-5e7b23f6a206_135_jpg.rf.cb4bfbec1eddf038ef7d89ea7b2f511d.jpg, 1, 0
05693239-35bd-4086-b8c3-e7b6aa763b4f_135_jpg.rf.cb54416d07bd0cdd286caca7aa2b52f6.jpg, 0, 1
d2936fba-871f-4fbe-97da-b6e6e347e889_270_jpg.rf.cb54d35365072fbdb54404ec3a30abed.jpg, 1, 0
6b316208-fce5-4562-a45b-736f29a3a697_180_jpg.rf.cb567f77e148ba3b0c430486589191b9.jpg, 1, 0
WIN_20221229_22_58_13_Pro_jpg.rf.cb1fb5593cdf4799fd3255ff90c53b53.jpg, 1, 0
WIN_20221229_23_24_48_Pro_jpg.rf.cb62d2890bc19ed1ecd7112a20270189.jpg, 0, 1
8c678484-e530-433f-9265-cadfa51b5d6a_90_jpg.rf.cb645ee9372cd8c9ba2f9588f0b08e9b.jpg, 0, 1
11037d07-18b3-4fc4-8025-f06dcbc0500d_135_jpg.rf.cb5a69b7d65c3f3a62162ef1c7d8add8.jpg, 1, 0
ccd5cdb4-3df2-4b3b-833b-3bdc7d43ee4d_135_jpg.rf.cb59c077bc25d7b00b5f990d8d3fba44.jpg, 0, 1
d6faa4f5-e419-4c2d-b0be-316f48d5464a_90_jpg.rf.cb686b0059930db6db9a2c7758256f9c.jpg, 0, 1
6bb51206-67ec-431b-8484-93739b1fddad_jpg.rf.cb7129e76de8bc9dc3d8c899c65e373d.jpg, 1, 0
WIN_20221229_23_27_13_Pro_jpg.rf.cb9ef11c7b94a13febecc61ea8fe1680.jpg, 0, 1
WIN_20221229_23_31_36_Pro_jpg.rf.cbb11a5eff42bb59525f1a03b810a5f8.jpg, 0, 1
WIN_20221229_22_29_32_Pro_jpg.rf.cbbb7e59934ea83b7ae3d252415d2373.jpg, 1, 0
0df87bae-ddf0-49e3-97af-b371d8544547_45_jpg.rf.cbbada74afb6cf4ab055235628796904.jpg, 0, 1
24522061-cd21-4507-92da-432712838d1d_225_jpg.rf.cbd08b77c8d5a1781e4c366f97d3076a.jpg, 0, 1
41ab7cda-4c88-47b8-98da-0c6ee6e07325_270_jpg.rf.cbc6811c5a2d282b1dcb40f846fd4682.jpg, 0, 1
84f05969-c971-4d44-8df4-3a80a71a545d_270_jpg.rf.cbd0a5ecc9dc714c4397e8466b17bb8c.jpg, 0, 1
72a74631-171a-4cf4-b978-58f358afa95c_180_jpg.rf.cb9d94d2ce64d8697d05011332c1b305.jpg, 0, 1
84f05969-c971-4d44-8df4-3a80a71a545d_180_jpg.rf.cbd39d7a16df103465bf5d3e55c6c20f.jpg, 0, 1
40cbb123-b3d1-4546-aa26-2fdd1090b075_225_jpg.rf.cbd26122be7640821aa3f2c9e7f60c1d.jpg, 0, 1
8ddce3ce-bc64-4942-93aa-940868007f64_270_jpg.rf.cbdc6be5a8b769c390f7e53e5ab983be.jpg, 0, 1
a8ba45d9-69a1-4fc4-a6c3-74c50107e59c_225_jpg.rf.cbd8d025a518a390d5dbdbe01d36b15e.jpg, 0, 1
00137db3-94aa-4aa5-aa3b-e3e09d6a5ef5_90_jpg.rf.cbded818b6b7cb5c683361931b98893a.jpg, 0, 1
9fc543ac-91f3-43f6-8df6-28bb9709a3e6_180_jpg.rf.cbedff326640c89b9e60092a761b962d.jpg, 0, 1
92a893f4-8dd5-4f4a-9864-08811d4ed00a_45_jpg.rf.cc02f7a55e428666de6ed993e287eadd.jpg, 0, 1
27f3e57e-469f-4627-8144-2ce3e9d048b7_225_jpg.rf.cbfa024e165c01f08e65badd7be2dfeb.jpg, 0, 1
70f70f97-4a9e-4d42-a08b-3b7d1b9abef8_135_jpg.rf.cc10ba615c169f7abd8c96a38be5b5c7.jpg, 0, 1
8efe1e18-4032-4f20-996f-60a19c62f547_180_jpg.rf.cc1410e6b3fa99a17c1269ed2f57e474.jpg, 0, 1
4dcbce83-654c-4125-9939-c4398187533a_225_jpg.rf.cc1568576bfbd377fc57f0b6c32cbf9b.jpg, 1, 0
589950d7-088b-4c4b-abc1-9b824671ec8f_180_jpg.rf.cc1ae6e20b2e09abc38119fbdabee0c9.jpg, 1, 0
0fbac742-48ee-4857-ab82-3318c8fbdcb8_270_jpg.rf.cc224fe682a7cfbde3116cb4e9e28a83.jpg, 0, 1
00a9637f-e5c9-4522-8d19-d6b3e8bae3f3_180_jpg.rf.cc2580f1ce21d43eefe2c3f2d1e6e851.jpg, 0, 1
2da43d43-ad7b-435c-920d-0fbfebb88959_270_jpg.rf.cc23cc6177a59101df69ffca3b597fb4.jpg, 1, 0
52fd332d-b13d-4675-8292-bfb533d39432_jpg.rf.cc327ccd6c0ab17637ba6bcc77cbfe84.jpg, 0, 1
228a8b47-9459-4326-898b-1c5953d755b4_135_jpg.rf.cc28a86b058444bb1bc43332d0ee0e62.jpg, 0, 1
014bcc0a-10c7-41eb-80eb-e2f62bb652b3_90_jpg.rf.cc35eabff54897b952a17ebbf81de1d4.jpg, 0, 1
9fc543ac-91f3-43f6-8df6-28bb9709a3e6_jpg.rf.cc3b277cd7ef8803da32feed2fe337e2.jpg, 0, 1
9dd803f6-3218-4e96-ad6e-55b3d36e8470_jpg.rf.cc20c6d4d47109a65612304342fd6088.jpg, 0, 1
fbe4f519-6225-4168-bcf9-4ccc4d0d82bf_180_jpg.rf.cc3c2eaaf065eec8dfb77630b5a7eedd.jpg, 1, 0
d4ea5845-ed1c-4bcd-b615-557884bb64c2_270_jpg.rf.cc457218a3a3b7417c17eb6e7d8fc188.jpg, 1, 0
4fac26f2-1588-4362-9e73-ffe2e8791cbb_45_jpg.rf.cc47f3ba373d35922596e7a943eae764.jpg, 1, 0
f206736f-e48f-4e12-b367-144752c744e6_45_jpg.rf.cc59ef7710c0aa9d62b5e5f133f30e25.jpg, 1, 0
66ba2553-31f1-473c-9602-d2df0c1bb3f0_45_jpg.rf.cc5a365dfe2df89a5cd56bc936698e92.jpg, 0, 1
1513532a-b352-4b17-b681-b02f3127b483_45_jpg.rf.cc5ae09a880fdfdafb19ead4f3cf10e3.jpg, 0, 1
87cc591e-7e25-4d08-a519-6b5ec6d98cfa_45_jpg.rf.cc617bd79b9ca8cb1f5f3ff295b24fe9.jpg, 0, 1
87ad76a7-bd79-4c43-86bb-4db4498e10f1_jpg.rf.cc61471c8784ea9c0a919b59cbee24cb.jpg, 0, 1
00a9637f-e5c9-4522-8d19-d6b3e8bae3f3_45_jpg.rf.cc66fd1f565885d4969727efaa41e46f.jpg, 0, 1
98cb62e4-f491-47c7-b871-9d1aeeac307e_270_jpg.rf.cc716822ede5aa30874f486e3d713c2d.jpg, 0, 1
6343bade-4271-437b-84ea-e9756e715080_180_jpg.rf.cc768bdacb2dca132302e6265f6efbaa.jpg, 0, 1
0d2a4a7e-7b37-49eb-9ad6-8faaf457ad82_180_jpg.rf.cc7244f2f2d657e66802dbbdd76c9a39.jpg, 0, 1
8efe1e18-4032-4f20-996f-60a19c62f547_90_jpg.rf.cc7aefd0ec144039ba4fb2af66589ec4.jpg, 0, 1
6343bade-4271-437b-84ea-e9756e715080_270_jpg.rf.cc82d4419671a78498e8c4d4a18c01bd.jpg, 0, 1
805c86e2-7416-44fc-b8aa-f663db39cf8a_90_jpg.rf.cc84d647f96b3a1ac01c9c6d6e67819d.jpg, 0, 1
66ba2553-31f1-473c-9602-d2df0c1bb3f0_90_jpg.rf.cc890e30e7fe194f95da557af9a39e7f.jpg, 0, 1
8bfe69f8-33fd-4fea-8a42-c821ffd94be0_180_jpg.rf.cc93439e648a1dddf507bfeda06600cf.jpg, 1, 0
228a8b47-9459-4326-898b-1c5953d755b4_270_jpg.rf.cc9f36f7235d58857e411ec03c39f6b9.jpg, 0, 1
WIN_20221229_23_32_55_Pro_jpg.rf.cca1839352c1db1ea6d74b5e6882016e.jpg, 0, 1
WIN_20221229_23_24_59_Pro_jpg.rf.cc9422881dab39febdbc8349d5fde127.jpg, 0, 1
69fc95bf-f644-4c92-8057-f05146da07f7_45_jpg.rf.ccaa889d7cf0c1506f067dbe238a034c.jpg, 0, 1
8ddce3ce-bc64-4942-93aa-940868007f64_135_jpg.rf.cca587777d0780c02d7c9daf76d34e41.jpg, 0, 1
70be0397-922c-4185-bb84-728b59ab25f8_90_jpg.rf.ccaec2ebd393491172c1ffeaf3061461.jpg, 0, 1
9765b374-f3eb-4a26-903c-90d85bc9fe0a_180_jpg.rf.ccb14ab685fa1316d554b7b6d4da4704.jpg, 0, 1
9765b374-f3eb-4a26-903c-90d85bc9fe0a_270_jpg.rf.ccb4e2c7b6b7bb0a9808b2089a39b279.jpg, 0, 1
d6ed6d4c-2acb-4507-bc4c-70480968eacb_90_jpg.rf.ccb7765f7f12de63ad7dd5bfe67d1e7c.jpg, 0, 1
92787dc3-1720-41c4-8acc-5c7f3fda0fa5_225_jpg.rf.ccb9800404a0347ba63051a8aad7c416.jpg, 1, 0
1d4ead22-cc06-4fa2-9784-d9257f24ef86_90_jpg.rf.ccba1f1c796b0c36b341d6a7572c71d0.jpg, 0, 1
90dec1cd-f163-48fd-bcc4-58066e5acb09_45_jpg.rf.ccbd156e218c8ce5d1f51776537ae11e.jpg, 0, 1
ac755961-63a0-4e01-b87e-eacd0b5d7899_45_jpg.rf.ccc211691c694e6b37331e3a86a40143.jpg, 0, 1
6b316208-fce5-4562-a45b-736f29a3a697_90_jpg.rf.ccc40c3960653d78730a40621ffabf15.jpg, 1, 0
61bd5e75-cfb1-47e8-b4be-24447913359a_jpg.rf.cccfb74b31518e8d01ae4ef7543a5bc0.jpg, 0, 1
39c71820-6b5b-499e-b2c6-a957f48c62fa_180_jpg.rf.ccd153791bed35929df304b101ef25fa.jpg, 0, 1
708fb576-4b86-4d50-a652-cc0d64f5407a_270_jpg.rf.cce48b957842f45019cdc81e6378ef3a.jpg, 0, 1
51ba5ef7-fd64-4d52-9c3f-9d70e0ff040f_225_jpg.rf.ccecdbc97512825f365cf82b18b96f33.jpg, 0, 1
3c36fca1-acb0-4a53-95be-087e2c614c76_135_jpg.rf.ccdc7f1705ec1ad2021037cac3296632.jpg, 1, 0
WIN_20221229_22_41_07_Pro_jpg.rf.ccd84cc9c8ab2a98b958309412ec3b74.jpg, 1, 0
52e703e1-69d2-44c7-a214-269fa0e09054_135_jpg.rf.ccec20efb0cbbe7cbe7291d14c7d3f26.jpg, 0, 1
0516cd97-ef6c-4542-a884-e01aaa597ac3_270_jpg.rf.ccf935587fd5463fdb89d267a2fb0496.jpg, 0, 1
27f3e57e-469f-4627-8144-2ce3e9d048b7_225_jpg.rf.ccfeb581690279924e72388bc5531d67.jpg, 0, 1
WIN_20221229_22_08_50_Pro_jpg.rf.cd18fa8d75f17419414fae93c8e1b2d8.jpg, 1, 0
92810cd4-1652-4556-bc0b-b2e953449143_90_jpg.rf.cd04f92f9755d3a92f6ac3029ce9cbbf.jpg, 0, 1
75f27827-8267-4ad8-8c7f-938a7c0c0a72_180_jpg.rf.cd2d633a6b888dd59eda2d5dd604e9ca.jpg, 0, 1
61e87bb2-b69a-4d10-afa1-6c1a3d0291df_180_jpg.rf.cd21d9defcc555debe97ec5e4a073091.jpg, 1, 0
2d6fa448-2f18-4db5-a942-7097acff076a_270_jpg.rf.cd36e831782ec17f7764b5f73d6cc889.jpg, 1, 0
6343bade-4271-437b-84ea-e9756e715080_jpg.rf.cd3d314786136202cb35d137773f9d75.jpg, 0, 1
WIN_20221229_22_41_15_Pro_jpg.rf.cd3fdc4d1ef4f4e3fd2542a3b2ca70f5.jpg, 1, 0
WIN_20221229_22_48_59_Pro_jpg.rf.cd4cb27830de297742ec509e4501a561.jpg, 1, 0
66c7508a-f4ff-4af6-a91b-5f33d3c4d20d_225_jpg.rf.cd54f97f4de068470ac8083968036c0c.jpg, 0, 1
0dab9689-2c2d-4dc6-bb71-db1b6d82cb17_45_jpg.rf.cd69e4d852137ad0a3f2d01b7d200a40.jpg, 0, 1
217fef04-2462-4dca-a170-f780b700b17e_270_jpg.rf.cd701fed884482d9477e932c7df2aae5.jpg, 0, 1
220fcc53-6ef7-45d1-8122-fa1c19ca9ec5_45_jpg.rf.cd7ae158a531aba28f7f2cb74c80c1b5.jpg, 0, 1
52c230c2-20b1-4769-978c-d0a859364b3e_45_jpg.rf.cd7217b5462586ef4386d1243eaec2c5.jpg, 0, 1
11037d07-18b3-4fc4-8025-f06dcbc0500d_135_jpg.rf.cd994b86ddf919b289aace2e6d83d887.jpg, 1, 0
05693239-35bd-4086-b8c3-e7b6aa763b4f_45_jpg.rf.cd94447924a5cebd638d6c720eabd725.jpg, 0, 1
4fac26f2-1588-4362-9e73-ffe2e8791cbb_135_jpg.rf.cd771abfd3863b2a5da60439ffa07daa.jpg, 1, 0
16117db8-0d07-4950-b684-370b7d0813ec_225_jpg.rf.cd7eeeff252c6527d11cc31641085d17.jpg, 0, 1
9cc65155-05ca-40b0-b813-2892c3ff04a4_90_jpg.rf.cda86472fa8568f631bc8b60eb911102.jpg, 0, 1
6bb51206-67ec-431b-8484-93739b1fddad_270_jpg.rf.cdb41a93bc2d5de485733c0fcee4b3e9.jpg, 1, 0
87e64a68-c898-4474-bd57-1e570902862f_135_jpg.rf.cd9e1c6feb1a9f00c847cd2d589d0b09.jpg, 0, 1
642d6f5f-fa24-4c18-b7b2-6b24334629a3_225_jpg.rf.cdbe5452ffd952880a61d8d2e247a8c8.jpg, 0, 1
27f3e57e-469f-4627-8144-2ce3e9d048b7_180_jpg.rf.cdb71096244805a140dd57fbef0f5ec0.jpg, 0, 1
6b316208-fce5-4562-a45b-736f29a3a697_45_jpg.rf.cda58349b22e32ece0902a7f05d478f4.jpg, 1, 0
f206736f-e48f-4e12-b367-144752c744e6_90_jpg.rf.cdaedbc7b913f699cc2fb446491641b9.jpg, 1, 0
5671fc02-681e-4da8-826f-c1a0b2dc5870_270_jpg.rf.cdbf828f5c95a843b99b66f45a077704.jpg, 0, 1
6cdbe5d2-04bc-4a25-b1a0-be0a00a136ae_225_jpg.rf.cdcd1fadcadd763bb3c0f5180868f2f9.jpg, 0, 1
936d35a1-f617-4a9b-99c6-32cfd8284d34_180_jpg.rf.cdcd8dd64bd0fadd76c159216f8f8485.jpg, 0, 1
642d6f5f-fa24-4c18-b7b2-6b24334629a3_jpg.rf.cdd8c6b2d93a4f4e1eefa6a92be67bfa.jpg, 0, 1
52eb9c86-9714-4fb7-bc45-cbbe25a2b444_270_jpg.rf.cddf50f5eb4d97f493243ce4e0ccc8fa.jpg, 0, 1
488a316b-07fc-410e-a5fd-84f831acc653_180_jpg.rf.cdda388d0b8374bb5f97a40792a188c6.jpg, 0, 1
256d7e4e-e47b-466f-adb1-051bda40d918_180_jpg.rf.cdeaa97596f9085d6e999ceb9adf7842.jpg, 0, 1
a936c90a-8f24-4289-b10b-4830ac9f3019_45_jpg.rf.cddaef48ac9f4ee439ecc86ca5c61bf9.jpg, 0, 1
33e3e3fe-8e37-4b4a-aa04-ad3864731632_jpg.rf.cdd3216bbe84c8ac2a8c6f06b27fb0bc.jpg, 0, 1
5522f66d-ad72-48d5-9767-5e7b23f6a206_90_jpg.rf.cde90123b65eb9d3f3c93f788286b88d.jpg, 1, 0
WIN_20221229_22_29_32_Pro_jpg.rf.ce0659e6cc97552f55891076eecb72ae.jpg, 1, 0
73cca509-de66-4cbc-9421-8fcb263fefcc_135_jpg.rf.cdf5e0c5f023b73d5d797d41c1309988.jpg, 0, 1
9cb97279-36f3-438c-97d5-91da39c4e13a_180_jpg.rf.cdead99a719705f9ceef0a14973b2f37.jpg, 0, 1
60f07eaa-f4a0-4939-9882-acce7b2ee256_135_jpg.rf.ce0d256717c898ee7c1c70b27462e7c2.jpg, 0, 1
1ab90226-8889-4bcd-ad0c-ea01fedaaffd_135_jpg.rf.ce17d1fda685c8da7f57455e98fcc78f.jpg, 1, 0